session,chunk,elapsed_min,t_start_s,t_end_s,task_minutes,channel,row,in_core,in_inner,marked_bad,p2p_median_uv,p2p_p99_over_median,pct_windows_over_common,hf_20_45_uv_rms,rms_1_20_uv,hf_over_lf,pops_per_min,n_windows,rail_pct,wander_uv,wander_rate_uv_per_s,drift_uv_per_min,gaps_per_min,lost_samples,has_gap
gng_flex,1,4.471325728258914,238.02636541769607,298.53272197337355,1.0083333333333333,C3,C,True,True,False,16.182694326031648,19.230081282504067,4.132231404958678,1.6281780619730974,7.0337365722802145,0.23148123977086485,0.9917355371900827,121,0.0,14.252909755705696,2.2931632995609093,2.4095532591042907,0.0,0,False
gng_flex,1,4.471325728258914,238.02636541769607,298.53272197337355,1.0083333333333333,T7,,False,False,False,19.92986882237408,9.513653695574098,3.3057851239669422,2.045925619122688,4.713208565524129,0.4340834042626698,0.0,121,0.0,27.5796776771542,4.631705284118084,1.2143790566582586,0.0,0,False
gng_flex,1,4.471325728258914,238.02636541769607,298.53272197337355,1.0083333333333333,FC1,,False,True,False,20.255299767250158,1.902194321447791,0.0,1.9201395793164928,2.608837265688135,0.7360135507762368,0.0,121,0.0,8.253914833069228,2.73509979248054,-0.4663285634491646,0.0,0,False
gng_flex,1,4.471325728258914,238.02636541769607,298.53272197337355,1.0083333333333333,FC5,,False,False,False,20.254346264772092,9.875954125969582,2.479338842975207,1.9772931398321587,5.1569349784521705,0.38342409747148565,0.9917355371900827,121,0.09039256198347108,204.01115865707348,4.275001525878622,-235.91989425642925,0.0,0,False
gng_flex,1,4.471325728258914,238.02636541769607,298.53272197337355,1.0083333333333333,FT9,,False,False,False,29.222223475321666,6.018068976047283,3.3057851239669422,2.738979508496684,9.010515813579856,0.30397588386324514,0.9917355371900827,121,0.025826446280991736,37.11202454566964,8.713942527770811,-4.098172249561969,0.0,0,False
gng_flex,1,4.471325728258914,238.02636541769607,298.53272197337355,1.0083333333333333,F3,F,True,True,False,27.970081941662052,3.62194369439044,0.0,2.2582253199797697,8.390630590733132,0.26913654409643806,0.0,121,0.05165289256198347,22.41747179031358,6.97870826721266,-6.853242376278638,0.0,0,False
gng_flex,1,4.471325728258914,238.02636541769607,298.53272197337355,1.0083333333333333,F7,,False,False,False,25.639772366401132,3.4148174772134046,0.0,2.519227105954037,9.77704101330278,0.2576676422371903,0.0,121,0.06456611570247935,34.21975026130688,7.76752281188989,-20.20286592736744,0.0,0,False
gng_flex,1,4.471325728258914,238.02636541769607,298.53272197337355,1.0083333333333333,Fp1,,False,False,False,28.02421712789176,6.624484823244381,4.132231404958678,3.480960034294481,27.40689174278945,0.12701039092513275,0.0,121,1.7045454545454544,1232.0087113380434,26.055901527405013,-1614.700747806115,0.0,0,False
gng_flex,1,4.471325728258914,238.02636541769607,298.53272197337355,1.0083333333333333,Pz,P,True,True,False,17.92056871989728,1.615510242845609,0.0,1.9601136550844682,4.29351857023753,0.4565285145549118,0.0,121,0.0,6.321416282653466,2.5799331665040643,-0.12699272837001307,0.0,0,False
gng_flex,1,4.471325728258914,238.02636541769607,298.53272197337355,1.0083333333333333,Cz,C,True,True,False,19.313836313594194,3.086808548778474,0.0,1.6127723851556186,2.9578052763956064,0.5452598242440589,0.0,121,0.0,8.79173927307086,2.3647069931033187,0.031748612951154186,0.0,0,False
gng_flex,1,4.471325728258914,238.02636541769607,298.53272197337355,1.0083333333333333,O1,,False,False,True,36.9526063569161,3.097263056360488,0.0,5.418672506234577,6.7746571638540996,0.7998445345907211,0.0,121,0.3357438016528926,27.070483922957596,3.759255409241195,31.355130212325477,0.0,0,False
gng_flex,1,4.471325728258914,238.02636541769607,298.53272197337355,1.0083333333333333,PO9,,False,False,True,39.46937244934911,11.32227637012142,10.743801652892563,3.3871505034398393,11.902699301267816,0.28456994650608847,1.9834710743801653,121,0.1678719008264463,166.68035764694235,6.779464721679668,176.10050735595644,0.0,0,False
gng_flex,1,4.471325728258914,238.02636541769607,298.53272197337355,1.0083333333333333,P3,P,True,True,False,19.36511994148762,1.7269788094253204,0.0,2.586154949645555,4.058363147130036,0.6372408914353594,0.0,121,0.012913223140495868,9.381848430633466,2.874830245971342,0.948952438703766,0.0,0,False
gng_flex,1,4.471325728258914,238.02636541769607,298.53272197337355,1.0083333333333333,P7,,False,False,False,25.41136604803571,1.7812178418989781,0.0,3.124493464614686,5.291323404407969,0.5904937622999584,0.0,121,0.0,8.945461606978839,2.1176710128789082,1.460593137443011,0.0,0,False
gng_flex,1,4.471325728258914,238.02636541769607,298.53272197337355,1.0083333333333333,CP1,,False,True,False,16.80698712509858,1.7428642234075344,0.0,1.9594243921677301,2.8312869503034404,0.6920613934796439,0.0,121,0.0,8.110658121109118,2.4164037704467347,0.5111966819090744,0.0,0,False
gng_flex,1,4.471325728258914,238.02636541769607,298.53272197337355,1.0083333333333333,CP5,,False,False,False,15.551571651564728,1.8359081464362892,0.0,1.9411492708980993,3.556570930178088,0.5457923682688651,0.0,121,0.0,7.303145408630137,2.344611644745168,-0.3072195629379433,0.0,0,False
gng_flex,1,4.471325728258914,238.02636541769607,298.53272197337355,1.0083333333333333,C4,C,True,True,False,16.085333008319786,1.6166091477748912,0.0,1.8881344907638542,3.2870246584894467,0.5744205434806647,0.0,121,0.012913223140495868,10.146430873871333,3.498237609862737,-1.8886652110326394,0.0,0,False
gng_flex,1,4.471325728258914,238.02636541769607,298.53272197337355,1.0083333333333333,T8,,False,False,False,28.186364777625705,2.402515326725032,0.0,3.0190536691807384,6.24300184971519,0.48359006482089534,0.0,121,0.09039256198347108,28.684645652771252,6.819235801696891,-27.010051621905014,0.0,0,False
gng_flex,1,4.471325728258914,238.02636541769607,298.53272197337355,1.0083333333333333,FC2,,False,True,False,17.58358851650918,2.0293105996702447,0.0,1.9585800238538924,2.9689410900107114,0.6596897562042318,0.0,121,0.0,15.905865240097391,3.416502952575291,-1.8004882376259361,0.0,0,False
gng_flex,1,4.471325728258914,238.02636541769607,298.53272197337355,1.0083333333333333,FC6,,False,False,False,20.799398630889918,2.9281187506756976,0.0,2.570491712844359,5.50569720222081,0.46687851119155455,0.0,121,0.05165289256198347,28.003303718567636,7.074029922485593,-2.9746983478597144,0.0,0,False
gng_flex,1,4.471325728258914,238.02636541769607,298.53272197337355,1.0083333333333333,FT10,,False,False,False,29.90318400737784,6.3410003175995175,2.479338842975207,3.0767050383342727,9.411919126916247,0.3268945468874141,0.9917355371900827,121,0.09039256198347108,39.92427501678461,10.178250312804359,-22.721550581423195,0.0,0,False
gng_flex,1,4.471325728258914,238.02636541769607,298.53272197337355,1.0083333333333333,F4,F,True,True,False,25.920034576928607,3.7951734366139767,0.0,2.692082394860526,8.893765420916765,0.30269320894490465,0.0,121,0.05165289256198347,31.03691163063091,7.584314346313498,-11.3358572234145,0.0,0,False
gng_flex,1,4.471325728258914,238.02636541769607,298.53272197337355,1.0083333333333333,F8,,False,False,False,24.163703761778116,2.2937732243824063,0.0,2.7507104056047207,10.443690192802336,0.26338491039311723,0.0,121,0.10330578512396695,46.92096996307427,8.042284011839968,-41.02192147095351,0.0,0,False
gng_flex,1,4.471325728258914,238.02636541769607,298.53272197337355,1.0083333333333333,Fp2,,False,False,False,22.591846917744075,5.26197547094968,1.6528925619834711,3.6355291415713857,24.868531009999142,0.14618994343130326,0.0,121,1.5883264462809916,737.8334370136263,11.83779048919655,-912.3114841909312,0.0,0,False
gng_flex,1,4.471325728258914,238.02636541769607,298.53272197337355,1.0083333333333333,Oz,,False,False,False,38.21898198464196,2.007450424803381,0.0,3.9002358954841587,7.844044897179312,0.49722253589938886,0.0,121,0.05165289256198347,15.806979560851971,6.364966392516834,-1.2948785821788245,0.0,0,False
gng_flex,1,4.471325728258914,238.02636541769607,298.53272197337355,1.0083333333333333,Fz,F,True,True,False,22.17929472401335,3.7429451646661698,0.0,2.00534142953404,7.4300991664295974,0.26989430216416227,0.0,121,0.012913223140495868,15.493634843825998,2.9643192291261187,-3.8819620616191433,0.0,0,False
gng_flex,1,4.471325728258914,238.02636541769607,298.53272197337355,1.0083333333333333,O2,,False,False,False,24.855132229785212,2.398703369446675,0.0,3.4269885099658244,6.120949528150013,0.559878576715138,0.0,121,0.012913223140495868,9.971719551085876,3.398552894592168,2.015700664365668,0.0,0,False
gng_flex,1,4.471325728258914,238.02636541769607,298.53272197337355,1.0083333333333333,PO10,,False,False,True,32.62004116206545,6.550568598438496,4.958677685950414,3.046783210824691,8.509854690286963,0.3580299924865051,0.9917355371900827,121,0.025826446280991736,31.7929539680478,7.068597793579677,-6.636249844612042,0.0,0,False
gng_flex,1,4.471325728258914,238.02636541769607,298.53272197337355,1.0083333333333333,P4,P,True,True,False,18.49111449834173,3.8933698076149357,0.0,2.3877028793227915,4.979512663692432,0.4795053332693506,0.0,121,0.0,13.642167282103665,3.6420040130628735,1.462522108930013,0.0,0,False
gng_flex,1,4.471325728258914,238.02636541769607,298.53272197337355,1.0083333333333333,P8,,False,False,False,22.82540590247152,3.153542112971149,0.0,3.324160521743805,5.56443186531928,0.5973944154949355,0.0,121,0.09039256198347108,16.901759481429444,4.183652877807589,-13.166348321952723,0.0,0,False
gng_flex,1,4.471325728258914,238.02636541769607,298.53272197337355,1.0083333333333333,CP2,,False,True,False,32.22720501362676,1.5228917310621803,0.0,2.934525197501398,3.357741521636435,0.8739580395310544,0.0,121,0.025826446280991736,11.607222318649242,2.948347568512556,-0.9143844931428537,0.0,0,False
gng_flex,1,4.471325728258914,238.02636541769607,298.53272197337355,1.0083333333333333,CP6,,False,False,False,20.062818504050355,1.5562353909224251,0.0,3.045800013767961,4.3899790601062465,0.6938074127611548,0.0,121,0.038739669421487606,12.762211894989193,3.7949104309082387,-10.17952277551738,0.0,0,False
gng_flex,2,5.471434680683887,298.0327462427085,358.539415439358,0.994921875,C3,C,True,True,False,14.068133848236796,1.7739122605354973,0.0,1.4630119202047305,1.9284738820665415,0.7586371450553302,0.0,121,0.038739669421487606,6.789348125457286,1.3326826095582218,-2.2991866206099423,1.0051040439733019,7,True
gng_flex,2,5.471434680683887,298.0327462427085,358.539415439358,0.994921875,T7,,False,False,False,16.487033089238246,1.8877256404977094,0.0,1.8629282939320557,4.072526133246143,0.4574380207714337,0.0,121,0.025826446280991736,11.498456954955001,3.157462596892791,1.6222601404269987,1.0051040439733019,7,True
gng_flex,2,5.471434680683887,298.0327462427085,358.539415439358,0.994921875,FC1,,False,True,False,21.53245022760633,3.196511205391504,0.0,2.512586555003411,2.7392294322119506,0.9172603526585491,0.0,121,0.06456611570247935,10.859269714355364,2.431420326232463,1.8041947695322709,1.0051040439733019,7,True
gng_flex,2,5.471434680683887,298.0327462427085,358.539415439358,0.994921875,FC5,,False,False,False,14.92997347510644,1.6088457181954237,0.0,1.9156435838422228,3.346874629656938,0.5723678941743272,0.0,121,0.025826446280991736,14.853688812255598,2.683190822601347,8.208201504884155,1.0051040439733019,7,True
gng_flex,2,5.471434680683887,298.0327462427085,358.539415439358,0.994921875,FT9,,False,False,False,24.425165835734052,3.4444664882800873,0.0,2.262355128841186,6.683260596447495,0.3385106859432875,0.0,121,0.012913223140495868,26.66976089477463,7.700638771056361,10.326770779864262,1.0051040439733019,7,True
gng_flex,2,5.471434680683887,298.0327462427085,358.539415439358,0.994921875,F3,F,True,True,False,18.501847243336464,2.749131202081477,0.0,2.099894028064403,4.316013529315987,0.48653555272733345,0.0,121,0.025826446280991736,17.115786361694596,2.4451675415036895,8.075888820631896,1.0051040439733019,7,True
gng_flex,2,5.471434680683887,298.0327462427085,358.539415439358,0.994921875,F7,,False,False,False,17.53159444793947,2.5406562049497685,0.0,2.240207914834788,6.428858648060177,0.34846121799718544,0.0,121,0.05165289256198347,25.065528106689314,4.4623510837554505,10.959561735577246,1.0051040439733019,7,True
gng_flex,2,5.471434680683887,298.0327462427085,358.539415439358,0.994921875,Fp1,,False,False,False,20.73387867130328,2.1759863843434855,0.0,2.9907951959864656,10.54087401687726,0.28373313173061626,0.0,121,0.14204545454545456,180.81161174774206,5.302405357360726,-73.36664637444824,1.0051040439733019,7,True
gng_flex,2,5.471434680683887,298.0327462427085,358.539415439358,0.994921875,Pz,P,True,True,False,18.093860424725698,4.295552642107967,0.8264462809917356,2.1155858186588232,3.092074774363086,0.6841962025625973,0.0,121,0.0,18.853698730469205,1.8070242404935772,0.30358651764646993,1.0051040439733019,7,True
gng_flex,2,5.471434680683887,298.0327462427085,358.539415439358,0.994921875,Cz,C,True,True,False,17.219000175474918,1.589677053982975,0.0,1.5386254935677028,1.8697264317548346,0.8229147684047144,0.0,121,0.025826446280991736,5.390234756470502,1.489072799683406,-0.9754727977345264,1.0051040439733019,7,True
gng_flex,2,5.471434680683887,298.0327462427085,358.539415439358,0.994921875,O1,,False,False,True,35.188871031790995,1.624936820464769,0.0,5.396887791447668,5.094079303715911,1.0594432221561354,0.0,121,0.2066115702479339,13.610349273682061,2.155286312103101,6.687882454891516,1.0051040439733019,7,True
gng_flex,2,5.471434680683887,298.0327462427085,358.539415439358,0.994921875,PO9,,False,False,True,36.92292328290065,2.0113805186947915,0.0,3.155061119401323,5.931688255626736,0.5318993486227914,0.0,121,0.0,17.07976036071703,4.513278961181605,8.219810853476897,1.0051040439733019,7,True
gng_flex,2,5.471434680683887,298.0327462427085,358.539415439358,0.994921875,P3,P,True,True,False,19.238210858702857,1.5645878352316138,0.0,2.774293454076845,3.1980154070462765,0.8675047180711409,0.0,121,0.012913223140495868,9.416548156737534,2.3906378746031134,-5.678853579684992,1.0051040439733019,7,True
gng_flex,2,5.471434680683887,298.0327462427085,358.539415439358,0.994921875,P7,,False,False,False,25.180582119039794,1.5564584203577276,0.0,3.1527524340680855,4.082783868039944,0.7722065472894243,0.0,121,0.012913223140495868,7.707761225569653,2.209537744521672,-2.314133900588703,1.0051040439733019,7,True
gng_flex,2,5.471434680683887,298.0327462427085,358.539415439358,0.994921875,CP1,,False,True,False,15.715130772654092,1.4884537344096895,0.0,2.030610884629779,2.2478995686090015,0.9033370142449555,0.0,121,0.012913223140495868,5.70637855529818,1.6810474395749058,-2.1580629897667007,1.0051040439733019,7,True
gng_flex,2,5.471434680683887,298.0327462427085,358.539415439358,0.994921875,CP5,,False,False,False,15.490895240313865,1.4485889958509524,0.0,2.0742807707659376,2.822073775089985,0.7350200370646925,0.0,121,0.012913223140495868,6.844602584838664,1.6535279750827634,-3.9419841128283637,1.0051040439733019,7,True
gng_flex,2,5.471434680683887,298.0327462427085,358.539415439358,0.994921875,C4,C,True,True,False,15.385648290367993,1.8800331126711793,0.0,1.856768371007143,2.7662354783821206,0.6712257092780494,0.0,121,0.025826446280991736,10.740483856201669,2.7152891159063053,-0.91068851378048,1.0051040439733019,7,True
gng_flex,2,5.471434680683887,298.0327462427085,358.539415439358,0.994921875,T8,,False,False,False,25.341420540990093,1.7512009209466008,0.0,2.9177626581365015,5.165652639209813,0.5648391136464085,0.0,121,0.09039256198347108,16.695648956299436,4.019350528717766,-3.168803699489379,1.0051040439733019,7,True
gng_flex,2,5.471434680683887,298.0327462427085,358.539415439358,0.994921875,FC2,,False,True,False,14.825692039853475,4.969928895186305,0.0,1.8000020836661956,2.8306343289914833,0.6359006054687085,0.0,121,0.0,10.36933686492709,1.7236614227299132,4.243033760647764,1.0051040439733019,7,True
gng_flex,2,5.471434680683887,298.0327462427085,358.539415439358,0.994921875,FC6,,False,False,False,19.741879509949506,3.2253291221416056,0.0,2.5840003139577843,4.765337434818375,0.5422491794762632,0.0,121,0.025826446280991736,32.2138631820669,6.287236213684668,8.561580456267528,1.0051040439733019,7,True
gng_flex,2,5.471434680683887,298.0327462427085,358.539415439358,0.994921875,FT10,,False,False,False,24.496082453409002,3.1184371219609455,0.0,2.655884462298477,6.02958005444762,0.44047586039419245,0.0,121,0.05165289256198347,14.49856433868382,5.228538513184006,-1.1312427720728715,1.0051040439733019,7,True
gng_flex,2,5.471434680683887,298.0327462427085,358.539415439358,0.994921875,F4,F,True,True,False,18.6055426524198,2.3564592425902426,0.0,2.7150093865028366,4.716468430754458,0.5756445582884008,0.0,121,0.038739669421487606,15.518369674683193,3.260911941528793,-3.4351659601604805,1.0051040439733019,7,True
gng_flex,2,5.471434680683887,298.0327462427085,358.539415439358,0.994921875,F8,,False,False,False,18.85936165822041,1.8373071810819805,0.0,2.460860561205477,7.192591088890124,0.34213825460015246,0.0,121,0.07747933884297521,27.281110954284372,5.031159400939671,-7.3777984064135245,1.0051040439733019,7,True
gng_flex,2,5.471434680683887,298.0327462427085,358.539415439358,0.994921875,Fp2,,False,False,False,15.882094283522907,1.8851550407293127,0.0,3.4196035799052806,10.668635361723515,0.3205286771890238,0.0,121,0.2066115702479339,152.40594711303743,8.172277450561523,-132.1985900729457,1.0051040439733019,7,True
gng_flex,2,5.471434680683887,298.0327462427085,358.539415439358,0.994921875,Oz,,False,False,False,40.24101194761164,1.7103569267195144,0.0,3.9767856798407233,6.285357409400997,0.6327063714614944,0.0,121,0.0,21.438664627074758,4.989354610442788,-2.103894566659395,1.0051040439733019,7,True
gng_flex,2,5.471434680683887,298.0327462427085,358.539415439358,0.994921875,Fz,F,True,True,False,16.39674727561917,2.9282040664292657,0.0,1.8442962086640813,3.725936537722038,0.49498862634725566,0.0,121,0.025826446280991736,6.895170211792639,2.124128341675167,-1.62717940693458,1.0051040439733019,7,True
gng_flex,2,5.471434680683887,298.0327462427085,358.539415439358,0.994921875,O2,,False,False,False,25.138597202547047,2.226533190825759,0.0,3.4922153005853236,4.559860199754688,0.765860168426479,0.0,121,0.0,9.50622787475519,2.2013339996339276,5.418533656121843,1.0051040439733019,7,True
gng_flex,2,5.471434680683887,298.0327462427085,358.539415439358,0.994921875,PO10,,False,False,True,23.185641990970126,2.5268194911465374,0.0,2.9329676420589292,4.698143406247949,0.6242822724735149,0.0,121,0.0,19.25508117675806,4.552336692810243,-7.131311300680818,1.0051040439733019,7,True
gng_flex,2,5.471434680683887,298.0327462427085,358.539415439358,0.994921875,P4,P,True,True,False,16.50852541550281,1.945378998193721,0.0,2.3584489223902954,3.180188386613176,0.7416066709500775,0.0,121,0.0,8.498498153685357,2.4855365753168925,-3.985562366502568,1.0051040439733019,7,True
gng_flex,2,5.471434680683887,298.0327462427085,358.539415439358,0.994921875,P8,,False,False,False,23.089733176125204,1.5911948088247423,0.0,4.032715679278704,4.316214020781257,0.9343178210956188,0.0,121,0.06456611570247935,9.907711982727026,2.1925806999201924,2.6089174652288603,1.0051040439733019,7,True
gng_flex,2,5.471434680683887,298.0327462427085,358.539415439358,0.994921875,CP2,,False,True,False,19.426425208801017,2.055069968308336,0.0,2.847614337437259,2.458502409423155,1.158271932751696,0.0,121,0.09039256198347108,11.971850235964322,2.059966564178289,-5.304265834000828,1.0051040439733019,7,True
gng_flex,2,5.471434680683887,298.0327462427085,358.539415439358,0.994921875,CP6,,False,False,False,20.04570995362993,1.7082390238390288,0.0,3.344482893162202,3.629128721088699,0.9215663455880103,0.0,121,0.025826446280991736,11.623675537110119,3.061231613159208,-3.4350365193274737,1.0051040439733019,7,True
gng_flex,3,6.471551128710416,358.03995942894835,418.5461760163016,1.0083333333333333,C3,C,True,True,False,14.03852478420307,2.1113018203808207,0.0,1.5556462203974801,2.4333845923558304,0.6392931989806896,0.0,121,0.0,6.927304220197982,2.243159770967104,1.2675607094833774,0.0,0,False
gng_flex,3,6.471551128710416,358.03995942894835,418.5461760163016,1.0083333333333333,T7,,False,False,False,17.69099416985549,2.5120225058118915,0.0,2.0185290136908294,5.18926880131376,0.38898139429196676,0.0,121,0.0,26.256479978559867,5.835191726684473,1.8497316674632933,0.0,0,False
gng_flex,3,6.471551128710416,358.03995942894835,418.5461760163016,1.0083333333333333,FC1,,False,True,False,31.762819454686113,1.7335224115151975,0.0,3.10873061970287,3.221861861686595,0.9648863772438392,0.0,121,0.1678719008264463,13.449881553649542,2.8311505317691443,-1.9768557371302669,0.0,0,False
gng_flex,3,6.471551128710416,358.03995942894835,418.5461760163016,1.0083333333333333,FC5,,False,False,False,15.684271991431189,2.2008573065781656,0.0,2.000355079730231,4.484446540018638,0.44606509674701517,0.0,121,0.0,19.791434812545475,4.336696624755888,0.26045954021014717,0.0,0,False
gng_flex,3,6.471551128710416,358.03995942894835,418.5461760163016,1.0083333333333333,FT9,,False,False,False,27.717177882196378,6.4940461084971774,3.3057851239669422,2.663058312747777,10.133395450284882,0.2628001962237554,0.9917355371900827,121,0.012913223140495868,52.2966093540164,8.942903518676403,-2.2474149417458538,0.0,0,False
gng_flex,3,6.471551128710416,358.03995942894835,418.5461760163016,1.0083333333333333,F3,F,True,True,False,18.508090065711446,3.21496812732487,0.0,2.2942049986356774,7.289604338504831,0.31472284257148603,0.0,121,0.025826446280991736,17.279261922836533,3.5981140136722374,-11.54631324532864,0.0,0,False
gng_flex,3,6.471551128710416,358.03995942894835,418.5461760163016,1.0083333333333333,F7,,False,False,False,20.51498217583427,2.3176465800534505,0.0,2.7280795561959796,10.010933034060098,0.2725100194871209,0.0,121,0.038739669421487606,43.46308722495934,8.594478607177962,-13.944785718124251,0.0,0,False
gng_flex,3,6.471551128710416,358.03995942894835,418.5461760163016,1.0083333333333333,Fp1,,False,False,False,23.548645069226552,2.375289132981265,0.0,3.6515994194871473,22.79418132331567,0.16019875281732562,0.0,121,0.9039256198347106,661.7039646148686,9.526694297790414,-898.3945863547893,0.0,0,False
gng_flex,3,6.471551128710416,358.03995942894835,418.5461760163016,1.0083333333333333,Pz,P,True,True,False,18.932548616576256,1.5911387302350377,0.0,2.0643852793638326,3.825551598689921,0.5396307502611627,0.0,121,0.0,6.8493056297302966,2.221441745759205,0.9366597579256719,0.0,0,False
gng_flex,3,6.471551128710416,358.03995942894835,418.5461760163016,1.0083333333333333,Cz,C,True,True,False,18.461328360967748,2.01315143342987,0.0,1.4828523208608986,2.390108690471662,0.6204120870203077,0.0,121,0.0,6.117270040511668,1.713098526001808,1.8615808082535554,0.0,0,False
gng_flex,3,6.471551128710416,358.03995942894835,418.5461760163016,1.0083333333333333,O1,,False,False,True,35.7479811364044,2.042383970897295,0.0,5.198131020463455,6.039461311651591,0.8606944812172229,0.0,121,0.10330578512396695,16.817691326141187,2.512397766113338,15.466302793286511,0.0,0,False
gng_flex,3,6.471551128710416,358.03995942894835,418.5461760163016,1.0083333333333333,PO9,,False,False,True,38.51392992228881,12.049248792402485,5.785123966942149,3.5096506878143883,9.630080876741717,0.3644466472021841,0.9917355371900827,121,0.2066115702479339,26.74809107780456,4.048631668090593,13.087353497592394,0.0,0,False
gng_flex,3,6.471551128710416,358.03995942894835,418.5461760163016,1.0083333333333333,P3,P,True,True,False,18.661306577806197,1.6029092350611178,0.0,2.650102042345326,3.4856204892605387,0.7602956347400674,0.0,121,0.0,7.6754028320313346,2.846870422363434,0.5430926397532515,0.0,0,False
gng_flex,3,6.471551128710416,358.03995942894835,418.5461760163016,1.0083333333333333,P7,,False,False,False,25.127072536281606,1.8353767218861852,0.0,3.1860890785377913,4.828652070137088,0.6598299136610472,0.0,121,0.0,9.07805495262059,2.8507294654843527,-0.5665341988662165,0.0,0,False
gng_flex,3,6.471551128710416,358.03995942894835,418.5461760163016,1.0083333333333333,CP1,,False,True,False,16.556496420398204,1.7770857910987297,0.0,2.0735702737067836,2.504791226757388,0.8278415588316925,0.0,121,0.0,4.391393899916622,1.671236991882214,0.5393794550734503,0.0,0,False
gng_flex,3,6.471551128710416,358.03995942894835,418.5461760163016,1.0083333333333333,CP5,,False,False,False,14.77812327873686,1.6824547335776954,0.0,2.029208489496469,3.284821165800734,0.6177531095522556,0.0,121,0.0,10.48967361450109,2.450184345245095,0.9764270645978428,0.0,0,False
gng_flex,3,6.471551128710416,358.03995942894835,418.5461760163016,1.0083333333333333,C4,C,True,True,False,17.098650210560905,4.1725259849841345,0.0,1.94298995090377,3.6491894594729266,0.5324442516570261,0.0,121,0.0,21.62839365005489,5.729417324065228,3.1499880507584486,0.0,0,False
gng_flex,3,6.471551128710416,358.03995942894835,418.5461760163016,1.0083333333333333,T8,,False,False,False,27.15820986753761,2.3820366561141295,0.0,3.0349255547943654,6.210221408766372,0.48869844648537863,0.0,121,0.07747933884297521,25.545378351211696,5.9307975769042685,-12.402836624745389,0.0,0,False
gng_flex,3,6.471551128710416,358.03995942894835,418.5461760163016,1.0083333333333333,FC2,,False,True,False,15.450362695022347,3.472923212120022,0.0,1.951260588624769,3.1318819710021373,0.6230313296258754,0.0,121,0.012913223140495868,16.3811320781712,4.028210163116653,-1.1482877383663896,0.0,0,False
gng_flex,3,6.471551128710416,358.03995942894835,418.5461760163016,1.0083333333333333,FC6,,False,False,False,22.108177838804785,2.9613144455909253,0.0,2.6887958840923014,5.972637574236828,0.45018567603875925,0.0,121,0.025826446280991736,33.16086773872494,7.817615509033985,-8.043391349679059,0.0,0,False
gng_flex,3,6.471551128710416,358.03995942894835,418.5461760163016,1.0083333333333333,FT10,,False,False,False,29.82963663344119,2.9968121998359156,0.0,3.037109714226773,8.770161360521096,0.3463003232640998,0.0,121,0.11621900826446281,44.73915324211121,8.120217323303144,-33.93706697166603,0.0,0,False
gng_flex,3,6.471551128710416,358.03995942894835,418.5461760163016,1.0083333333333333,F4,F,True,True,False,21.046244220203928,2.7732035003747595,0.0,2.827604829867145,8.225263677188277,0.34377072162551425,0.0,121,0.05165289256198347,33.34310173988344,5.428499221800806,-24.679744840643927,0.0,0,False
gng_flex,3,6.471551128710416,358.03995942894835,418.5461760163016,1.0083333333333333,F8,,False,False,False,21.32019502491263,1.6592489475671381,0.0,2.890993726960418,11.153091616412503,0.25921007612867913,0.0,121,0.1678719008264463,86.58323588371347,12.676210403441804,-69.10012673839853,0.0,0,False
gng_flex,3,6.471551128710416,358.03995942894835,418.5461760163016,1.0083333333333333,Fp2,,False,False,False,17.14991567971709,2.6287047465066173,0.0,3.8502537043283422,21.040143680947086,0.18299559939863633,0.0,121,0.8910123966942148,549.4269661903384,13.066713333129485,-726.6470508358882,0.0,0,False
gng_flex,3,6.471551128710416,358.03995942894835,418.5461760163016,1.0083333333333333,Oz,,False,False,False,40.31286861989491,2.410512012321718,0.0,3.8808767615023076,7.373627571640508,0.5263185214870946,0.0,121,0.0,16.720790576934775,4.8409595489501385,-0.33094769106978006,0.0,0,False
gng_flex,3,6.471551128710416,358.03995942894835,418.5461760163016,1.0083333333333333,Fz,F,True,True,False,17.483057114777413,3.430414890612387,0.0,1.9510909845218427,6.595444743888431,0.2958240210153821,0.0,121,0.025826446280991736,16.80422830581561,2.8922972679133423,-17.267213926247,0.0,0,False
gng_flex,3,6.471551128710416,358.03995942894835,418.5461760163016,1.0083333333333333,O2,,False,False,False,24.409337342452286,2.174642524526503,0.0,3.3435782937471044,5.575522182323563,0.5996888155781114,0.0,121,0.0,8.802918577193733,2.944640636444671,-0.03935111529342196,0.0,0,False
gng_flex,3,6.471551128710416,358.03995942894835,418.5461760163016,1.0083333333333333,PO10,,False,False,True,27.202812003895538,10.409200899600311,4.132231404958678,3.1349576167060094,7.86861251504375,0.3984130125498471,0.9917355371900827,121,0.07747933884297521,29.775937080383144,5.540286064147409,-24.637845027663282,0.0,0,False
gng_flex,3,6.471551128710416,358.03995942894835,418.5461760163016,1.0083333333333333,P4,P,True,True,False,17.330746853329533,2.370508689154877,0.0,2.4122445044956864,4.042293456828449,0.5967514556422913,0.0,121,0.0,6.933043622969738,2.639469146728228,0.8574105909692391,0.0,0,False
gng_flex,3,6.471551128710416,358.03995942894835,418.5461760163016,1.0083333333333333,P8,,False,False,False,25.39315727970844,1.6373120767814533,0.0,3.9520244281341412,5.166451930717012,0.7649397461026353,0.0,121,0.07747933884297521,15.20435814857483,3.3109731674193625,-11.98665539215325,0.0,0,False
gng_flex,3,6.471551128710416,358.03995942894835,418.5461760163016,1.0083333333333333,CP2,,False,True,False,24.920085302572204,1.8056587660198227,0.0,2.8865800774076837,2.8138382801149935,1.0258514491777109,0.0,121,0.06456611570247935,8.587964820862247,2.6373977661124215,4.371629533830816,0.0,0,False
gng_flex,3,6.471551128710416,358.03995942894835,418.5461760163016,1.0083333333333333,CP6,,False,False,False,20.640965039148476,1.5822887226869082,0.0,3.3088271804034273,4.1952347709844435,0.7887108495782671,0.0,121,0.025826446280991736,12.56256914138821,3.872985363006851,0.05874233941821033,0.0,0,False
gng_flex,4,7.471656639640666,418.04611978374305,478.55267697313684,0.994921875,C3,C,True,True,False,13.640048178080091,1.8312181395200429,0.0,1.5372298422279302,2.1606223356539886,0.7114754933617926,0.0,121,0.0,8.99193286895822,1.8210620880129387,7.551838085493581,1.0051040439733019,7,True
gng_flex,4,7.471656639640666,418.04611978374305,478.55267697313684,0.994921875,T7,,False,False,False,19.019835558615345,1.7499947059370815,0.0,1.9498036838494792,4.953447165494892,0.393625614386598,0.0,121,0.0,19.184121322631384,5.87105131149292,8.75710409297948,1.0051040439733019,7,True
gng_flex,4,7.471656639640666,418.04611978374305,478.55267697313684,0.994921875,FC1,,False,True,False,37.826551474052046,1.494883756939533,0.0,3.029661971273208,2.8976700061612144,1.0455510685589953,0.0,121,0.21952479338842976,9.606682872772426,2.167491912841716,4.44245609336509,1.0051040439733019,7,True
gng_flex,4,7.471656639640666,418.04611978374305,478.55267697313684,0.994921875,FC5,,False,False,False,16.14333305296699,1.853204979404142,0.0,2.0510699150805127,4.108573139373376,0.4992170871742919,0.0,121,0.0,16.05384478569019,5.747472763061381,8.952310844477948,1.0051040439733019,7,True
gng_flex,4,7.471656639640666,418.04611978374305,478.55267697313684,0.994921875,FT9,,False,False,False,30.685833430007854,2.034202772320295,0.0,2.5700541156372454,8.301343738964338,0.3095949519080969,0.0,121,0.0,29.502584743499167,9.568841457366716,9.661868138512684,1.0051040439733019,7,True
gng_flex,4,7.471656639640666,418.04611978374305,478.55267697313684,0.994921875,F3,F,True,True,False,19.607124712682698,12.807933498986515,3.3057851239669422,2.3377109921983488,8.07267566706124,0.28958316778869975,1.0051040439733019,121,0.05165289256198347,21.695922088623135,5.938730239868256,6.091883601947193,1.0051040439733019,7,True
gng_flex,4,7.471656639640666,418.04611978374305,478.55267697313684,0.994921875,F7,,False,False,False,21.391535958879466,2.6341103016246006,0.0,2.7546453721274244,9.25564646973967,0.2976178250901693,0.0,121,0.06456611570247935,32.456443405151134,10.37554216384882,1.9316918730702761,1.0051040439733019,7,True
gng_flex,4,7.471656639640666,418.04611978374305,478.55267697313684,0.994921875,Fp1,,False,False,False,22.27739372364675,2.8532796746844546,0.0,4.093629041020444,19.132201071780358,0.21396539925865984,0.0,121,0.8006198347107437,438.0121722221387,11.054594516753745,-483.4474653936292,1.0051040439733019,7,True
gng_flex,4,7.471656639640666,418.04611978374305,478.55267697313684,0.994921875,Pz,P,True,True,False,18.691224266762198,1.6206567251502308,0.0,2.2513809405135543,3.8033949508577245,0.5919398247099826,0.0,121,0.0,7.744336080551711,2.5142064094536254,5.7170865751654905,1.0051040439733019,7,True
gng_flex,4,7.471656639640666,418.04611978374305,478.55267697313684,0.994921875,Cz,C,True,True,False,18.14483176312867,1.6563227865789008,0.0,1.6138565517109709,2.521612586362403,0.6400097145926243,0.0,121,0.0,8.767366600036748,1.3147001266483684,8.913462286055093,1.0051040439733019,7,True
gng_flex,4,7.471656639640666,418.04611978374305,478.55267697313684,0.994921875,O1,,False,False,True,37.60328329424921,2.7127886585943797,0.0,5.202397172181753,6.22380838713896,0.8358864618859607,0.0,121,0.14204545454545456,23.468612957000452,3.990711212158139,16.07210261630951,1.0051040439733019,7,True
gng_flex,4,7.471656639640666,418.04611978374305,478.55267697313684,0.994921875,PO9,,False,False,True,40.143115612406795,8.20567907522974,6.6115702479338845,3.3822118329474895,9.389086440793394,0.3602280002719505,1.0051040439733019,121,0.11621900826446281,50.47259721756026,5.747022628783185,39.051821819797965,1.0051040439733019,7,True
gng_flex,4,7.471656639640666,418.04611978374305,478.55267697313684,0.994921875,P3,P,True,True,False,18.720590096047804,1.7772898413662974,0.0,2.716955509532433,3.5040283646544337,0.775380569671952,0.0,121,0.0,11.184626770019324,2.838966369628796,5.1417453166501845,1.0051040439733019,7,True
gng_flex,4,7.471656639640666,418.04611978374305,478.55267697313684,0.994921875,P7,,False,False,False,25.75282623888984,1.7572285580254206,0.0,3.0816036467463466,4.6774048278258045,0.6588276534059949,0.0,121,0.0,10.15278596878034,2.631622791290056,6.117254861052127,1.0051040439733019,7,True
gng_flex,4,7.471656639640666,418.04611978374305,478.55267697313684,0.994921875,CP1,,False,True,False,18.17572541943123,1.6216984210098988,0.0,2.1742989821121226,2.6281377880112697,0.8273154444301148,0.0,121,0.0,8.00172615051272,2.0096874237048077,6.314169922287865,1.0051040439733019,7,True
gng_flex,4,7.471656639640666,418.04611978374305,478.55267697313684,0.994921875,CP5,,False,False,False,14.739930190686096,1.620472599684004,0.0,2.0610914969033436,3.2152105823720754,0.6410440137898336,0.0,121,0.0,9.8992931842799,2.322966575622586,6.967057806197563,1.0051040439733019,7,True
gng_flex,4,7.471656639640666,418.04611978374305,478.55267697313684,0.994921875,C4,C,True,True,False,16.89261191843694,1.5069272891807663,0.0,1.9989857864630192,3.412862937650512,0.5857210860741932,0.0,121,0.025826446280991736,10.58037309646565,3.189382553100546,6.452178489124111,1.0051040439733019,7,True
gng_flex,4,7.471656639640666,418.04611978374305,478.55267697313684,0.994921875,T8,,False,False,False,27.822643405696702,2.712867634142847,0.0,3.080383113754238,6.107944309323442,0.504324034037475,0.0,121,0.11621900826446281,23.31614093780476,7.5318279266350885,-13.472786453713814,1.0051040439733019,7,True
gng_flex,4,7.471656639640666,418.04611978374305,478.55267697313684,0.994921875,FC2,,False,True,False,16.304296962728504,2.122762566110566,0.0,2.0351614881691065,2.894999472029826,0.7029920066763103,0.0,121,0.0,9.60135159492535,2.944450378418807,7.829129353925394,1.0051040439733019,7,True
gng_flex,4,7.471656639640666,418.04611978374305,478.55267697313684,0.994921875,FC6,,False,False,False,21.101336988012715,3.480501963270331,0.0,2.7447929365253865,5.8703052267339135,0.46757243967917467,0.0,121,0.06456611570247935,27.586249351501394,8.341630935670054,-3.7554564791089846,1.0051040439733019,7,True
gng_flex,4,7.471656639640666,418.04611978374305,478.55267697313684,0.994921875,FT10,,False,False,False,30.433815326579712,2.5310924115978053,0.0,2.9186146954529764,8.072122033727052,0.361567216558221,0.0,121,0.07747933884297521,36.81692967414839,12.488798618316514,-5.930300001570713,1.0051040439733019,7,True
gng_flex,4,7.471656639640666,418.04611978374305,478.55267697313684,0.994921875,F4,F,True,True,False,21.08495665416307,3.124063665836883,0.0,2.918009643177316,7.091902472741877,0.4114565385512349,0.0,121,0.06456611570247935,18.39537162780809,8.763585090636965,5.546030017354646,1.0051040439733019,7,True
gng_flex,4,7.471656639640666,418.04611978374305,478.55267697313684,0.994921875,F8,,False,False,False,21.110307775207488,1.7746988348405839,0.0,2.856211054924593,9.900712468844288,0.2884854058647356,0.0,121,0.21952479338842976,66.75684647560142,14.28981447219882,-63.21992258013375,1.0051040439733019,7,True
gng_flex,4,7.471656639640666,418.04611978374305,478.55267697313684,0.994921875,Fp2,,False,False,False,16.204768781817915,2.970884492782077,0.0,3.9995944468223903,17.384661363084795,0.23006455882513022,0.0,121,0.5681818181818182,314.18083314895637,9.05046653747533,-316.17431775638516,1.0051040439733019,7,True
gng_flex,4,7.471656639640666,418.04611978374305,478.55267697313684,0.994921875,Oz,,False,False,False,40.60992228349569,4.0132293803244306,3.3057851239669422,3.9394602389909217,8.33494726294522,0.4726436910410495,1.0051040439733019,121,0.07747933884297521,96.93233246803248,4.8290338516232225,-67.90224047943893,1.0051040439733019,7,True
gng_flex,4,7.471656639640666,418.04611978374305,478.55267697313684,0.994921875,Fz,F,True,True,False,18.394807058626537,3.4657950589918993,0.0,1.903938613979529,5.42706634295473,0.350822800692527,0.0,121,0.0,12.650432157515844,3.3014230728150693,7.901970560348514,1.0051040439733019,7,True
gng_flex,4,7.471656639640666,418.04611978374305,478.55267697313684,0.994921875,O2,,False,False,False,25.689416279869313,2.5955760714375544,0.0,3.3315239115585156,5.520063486157393,0.6035299992315205,0.0,121,0.012913223140495868,14.789869737624699,2.7992534637450994,5.9883489064765225,1.0051040439733019,7,True
gng_flex,4,7.471656639640666,418.04611978374305,478.55267697313684,0.994921875,PO10,,False,False,True,27.231782230988387,6.084309979500686,5.785123966942149,3.0897360585370004,6.66764890109479,0.46339213482426816,0.0,121,0.038739669421487606,28.537363862990553,6.662120342255058,-2.3790730155867124,1.0051040439733019,7,True
gng_flex,4,7.471656639640666,418.04611978374305,478.55267697313684,0.994921875,P4,P,True,True,False,17.93803935078041,5.130908536271314,0.0,2.3696709722642693,4.213808967737736,0.5623584245055305,0.0,121,0.0,13.645362567902218,3.727386951446455,7.055664326127668,1.0051040439733019,7,True
gng_flex,4,7.471656639640666,418.04611978374305,478.55267697313684,0.994921875,P8,,False,False,False,24.035666682655535,1.727569345698713,0.0,3.847100476358429,4.917712968545958,0.7822946359343779,0.0,121,0.15495867768595042,13.845037174225169,3.8385114669803215,-9.963165317196163,1.0051040439733019,7,True
gng_flex,4,7.471656639640666,418.04611978374305,478.55267697313684,0.994921875,CP2,,False,True,False,33.606214482403885,1.285826122424412,0.0,2.897008744806707,2.8923094359925505,1.0016247600466524,0.0,121,0.09039256198347108,7.673708057403484,2.2712030410771895,4.314011231605609,1.0051040439733019,7,True
gng_flex,4,7.471656639640666,418.04611978374305,478.55267697313684,0.994921875,CP6,,False,False,False,21.25711142483699,1.3411337809763495,0.0,3.336023790897665,4.055280330336385,0.8226370359508396,0.0,121,0.07747933884297521,12.033613252640052,3.8907356262207458,2.7746155555501226,1.0051040439733019,7,True
gng_flex,5,8.471771195775364,478.05296742441715,538.5595760686265,1.0084635416666667,C3,C,True,True,False,12.978340458685919,1.684434078100554,0.0,1.631080172072923,2.0656504311403094,0.7896206189991747,0.0,122,0.0,8.10645260810892,1.758835315704074,0.8940713029965501,0.0,0,False
gng_flex,5,8.471771195775364,478.05296742441715,538.5595760686265,1.0084635416666667,T7,,False,False,False,16.617313560751146,1.4352110159317009,0.0,1.7500380172978913,3.6331688328548446,0.48168364802435,0.0,122,0.0,12.07931046485849,3.4843912124627865,1.1450564272635666,0.0,0,False
gng_flex,5,8.471771195775364,478.05296742441715,538.5595760686265,1.0084635416666667,FC1,,False,True,False,27.130430825043003,2.002580476533265,0.0,2.992953911242109,2.6876870301898683,1.1135797723556657,0.0,122,0.14202711426726922,8.879586505890206,2.456315040588307,0.11971033462949118,0.0,0,False
gng_flex,5,8.471771195775364,478.05296742441715,538.5595760686265,1.0084635416666667,FC5,,False,False,False,15.114767258155108,1.6714895095973956,0.0,1.7614066331305533,3.254884514430305,0.5411579505575326,0.0,122,0.0,10.344159507751812,4.0481991767885575,0.1443339883923249,0.0,0,False
gng_flex,5,8.471771195775364,478.05296742441715,538.5595760686265,1.0084635416666667,FT9,,False,False,False,24.173826341771317,1.9213808464432984,0.0,2.2712857662240546,5.697403332202117,0.39865279563175576,0.0,122,0.0,30.40448961257757,7.956859588621523,1.7064234157743372,0.0,0,False
gng_flex,5,8.471771195775364,478.05296742441715,538.5595760686265,1.0084635416666667,F3,F,True,True,False,18.58801762842038,2.2302754895691814,0.0,2.239444035428552,4.384317781986052,0.5107850632154921,0.0,122,0.0,8.319544649124808,3.8510923385623883,2.015486095912406,0.0,0,False
gng_flex,5,8.471771195775364,478.05296742441715,538.5595760686265,1.0084635416666667,F7,,False,False,False,16.473813298182808,2.7426165187429308,0.0,2.271940435580223,6.270674347806681,0.36231197947233357,0.0,122,0.01291155584247902,29.99042110443109,7.616023540496897,-4.834774084355069,0.0,0,False
gng_flex,5,8.471771195775364,478.05296742441715,538.5595760686265,1.0084635416666667,Fp1,,False,False,False,19.85472401592208,2.0450165817117334,0.0,3.3978930005063,12.623810016065852,0.2691654101401977,0.0,122,0.2711426726920594,190.4715711593621,5.4425616264340135,-86.34636004991899,0.0,0,False
gng_flex,5,8.471771195775364,478.05296742441715,538.5595760686265,1.0084635416666667,Pz,P,True,True,False,19.578244583026816,1.4075675487242285,0.0,1.9718988998603177,3.0008472104708037,0.6571140619821647,0.0,122,0.0,4.424032640457981,1.7152571678159694,0.024869597299576357,0.0,0,False
gng_flex,5,8.471771195775364,478.05296742441715,538.5595760686265,1.0084635416666667,Cz,C,True,True,False,16.329637021490598,2.13503661108115,0.0,1.4385281963895402,2.254472521478785,0.6380775026905011,0.0,122,0.0,4.313509464264333,1.4105663299558806,0.6879975118001715,0.0,0,False
gng_flex,5,8.471771195775364,478.05296742441715,538.5595760686265,1.0084635416666667,O1,,False,False,True,34.25509245109089,1.5450079132600645,0.0,5.0494056804246545,4.872230474078317,1.0363642909113107,0.0,122,0.14202711426726922,16.715079879760914,2.814949035644595,0.0653491974885089,0.0,0,False
gng_flex,5,8.471771195775364,478.05296742441715,538.5595760686265,1.0084635416666667,PO9,,False,False,True,37.726536371327796,1.3872858129409509,0.0,3.1976170684270393,5.780238176173034,0.5531981504859216,0.0,122,0.0,9.812990331649814,3.4109282493591877,-0.5829506454399349,0.0,0,False
gng_flex,5,8.471771195775364,478.05296742441715,538.5595760686265,1.0084635416666667,P3,P,True,True,False,18.761550471789388,1.398027622730849,0.0,2.6156428462598273,2.918775268153574,0.8961439665461092,0.0,122,0.0,6.042621183395607,2.55793333053575,0.8311904045874254,0.0,0,False
gng_flex,5,8.471771195775364,478.05296742441715,538.5595760686265,1.0084635416666667,P7,,False,False,False,25.536102549694668,1.5020372428928437,0.0,3.041000722786887,3.940153445150422,0.7717975365984235,0.0,122,0.0,6.813354206085428,1.9980421066288407,-0.11798042860212524,0.0,0,False
gng_flex,5,8.471771195775364,478.05296742441715,538.5595760686265,1.0084635416666667,CP1,,False,True,False,15.911602896712726,1.5178359204060146,0.0,2.0308446187796276,2.2353717659856254,0.9085041914198925,0.0,122,0.0,4.959543609618784,1.6675076484683018,0.5882171158636353,0.0,0,False
gng_flex,5,8.471771195775364,478.05296742441715,538.5595760686265,1.0084635416666667,CP5,,False,False,False,16.160599970047535,1.605693344050028,0.0,1.9604031248795917,2.660465339989197,0.7368647489643868,0.0,122,0.0,7.055771684646629,2.3070297241217697,1.1941917321168591,0.0,0,False
gng_flex,5,8.471771195775364,478.05296742441715,538.5595760686265,1.0084635416666667,C4,C,True,True,False,15.202416038334965,1.4699817633626762,0.0,1.923917686453698,2.903201333143578,0.6626883449280059,0.0,122,0.0,10.170665073393838,2.279148578643677,1.5620997345471497,0.0,0,False
gng_flex,5,8.471771195775364,478.05296742441715,538.5595760686265,1.0084635416666667,T8,,False,False,False,25.2764168769852,1.5737324560181856,0.0,2.883879426081963,4.916590581229234,0.5865608247089271,0.0,122,0.03873466752743705,12.581542062759553,2.480247497558622,-5.164821396525331,0.0,0,False
gng_flex,5,8.471771195775364,478.05296742441715,538.5595760686265,1.0084635416666667,FC2,,False,True,False,14.413049041162243,1.3636320795596715,0.0,2.0015822203130518,2.6050640567927736,0.7683428033540569,0.0,122,0.0,6.069565105438466,1.7451791763306552,0.41381409999954993,0.0,0,False
gng_flex,5,8.471771195775364,478.05296742441715,538.5595760686265,1.0084635416666667,FC6,,False,False,False,20.612706308967113,3.5729835645293972,0.0,2.6829392356351827,5.075351388389241,0.5286213762012376,0.0,122,0.01291155584247902,26.58741650581372,5.179771423340284,1.4755927280685808,0.0,0,False
gng_flex,5,8.471771195775364,478.05296742441715,538.5595760686265,1.0084635416666667,FT10,,False,False,False,24.626496601290317,1.76738404682946,0.0,2.65828948506369,5.551182840899368,0.4788690196759959,0.0,122,0.0,18.244709920882862,3.717364311218205,0.8333703463432196,0.0,0,False
gng_flex,5,8.471771195775364,478.05296742441715,538.5595760686265,1.0084635416666667,F4,F,True,True,False,19.963512649287132,1.9368781327923266,0.0,2.7828027470243994,5.280110741994321,0.5270349208572324,0.0,122,0.0,15.693290615081516,2.9443693161006124,0.06496009321501507,0.0,0,False
gng_flex,5,8.471771195775364,478.05296742441715,538.5595760686265,1.0084635416666667,F8,,False,False,False,19.009892660690163,1.817710299664774,0.0,2.4825587187001874,7.329040579949371,0.33872901802343913,0.0,122,0.02582311168495804,33.916162586212,6.313291549682635,-6.071912760524441,0.0,0,False
gng_flex,5,8.471771195775364,478.05296742441715,538.5595760686265,1.0084635416666667,Fp2,,False,False,False,15.29344446001684,2.442152605754652,0.0,3.595190376678982,12.467916324029552,0.2883553501036843,0.0,122,0.2711426726920594,110.10187230110128,5.062017440795955,-82.18413234000045,0.0,0,False
gng_flex,5,8.471771195775364,478.05296742441715,538.5595760686265,1.0084635416666667,Oz,,False,False,False,41.9511040293803,1.9934282681602977,0.819672131147541,3.804557664841288,6.404148290232681,0.5940770719884529,0.0,122,0.0,15.195332622528042,3.3589181900023704,0.2212595679734433,0.0,0,False
gng_flex,5,8.471771195775364,478.05296742441715,538.5595760686265,1.0084635416666667,Fz,F,True,True,False,16.423076560202965,1.9949752890341028,0.0,1.940070078051322,4.1376276483161405,0.46888464669866026,0.0,122,0.0,5.84927473068279,2.069816589355895,-0.08476651012255151,0.0,0,False
gng_flex,5,8.471771195775364,478.05296742441715,538.5595760686265,1.0084635416666667,O2,,False,False,False,24.53885422897551,1.495709701254823,0.0,3.243800968139256,4.297920492240808,0.7547373140092768,0.0,122,0.0,6.68380713462804,1.932563781738498,0.596967582854321,0.0,0,False
gng_flex,5,8.471771195775364,478.05296742441715,538.5595760686265,1.0084635416666667,PO10,,False,False,True,23.707518868389048,1.5577877761722239,0.0,3.0003077381634857,4.415356090529774,0.67951659541088,0.0,122,0.0,10.3927836894985,2.924329280851886,-0.7229739626640077,0.0,0,False
gng_flex,5,8.471771195775364,478.05296742441715,538.5595760686265,1.0084635416666667,P4,P,True,True,False,17.25029711116165,1.5713310125541857,0.0,2.384616206499349,3.1400533662386114,0.7594190061030138,0.0,122,0.0,5.698741626738435,2.1494417190547104,1.956199627893977,0.0,0,False
gng_flex,5,8.471771195775364,478.05296742441715,538.5595760686265,1.0084635416666667,P8,,False,False,False,22.04594668104517,3.757300675037113,0.0,3.42271883377545,4.052830517909759,0.8445255281833774,0.0,122,0.05164622336991608,12.162468957901062,2.4702711105345276,-7.5505713549409865,0.0,0,False
gng_flex,5,8.471771195775364,478.05296742441715,538.5595760686265,1.0084635416666667,CP2,,False,True,False,18.232504469185763,2.453630951078296,0.0,2.9311524758853222,2.550400607533704,1.149291004411975,0.0,122,0.05164622336991608,8.4574823379523,1.64362907409744,-7.754947443215492,0.0,0,False
gng_flex,5,8.471771195775364,478.05296742441715,538.5595760686265,1.0084635416666667,CP6,,False,False,False,19.525861181130068,1.468365512591946,0.0,3.046660769873466,3.5285558625225635,0.8634299380754055,0.0,122,0.01291155584247902,13.167728900909314,2.526056766510127,-10.388912406748892,0.0,0,False
gng_flex,6,9.684403313367026,538.0594428587065,624.0689547453367,1.0010416666666666,C3,C,True,True,False,13.128415023985157,2.1961405002250225,0.0,1.9020897455114916,5.179333414203732,0.36724605145041,0.0,121,0.0,416.90730738986497,3.5043029785154545,311.9434065451298,1.9979188345473466,15,True
gng_flex,6,9.684403313367026,538.0594428587065,624.0689547453367,1.0010416666666666,T7,,False,False,False,19.649113823587374,32.14088090380693,3.3057851239669422,1.6493264228288982,5.635462575261992,0.29266921762003206,4.994797086368367,121,0.17775520568816658,51.691169786453834,3.3169999122618226,32.22318745538968,1.9979188345473466,15,True
gng_flex,6,9.684403313367026,538.0594428587065,624.0689547453367,1.0010416666666666,FC1,,False,True,False,40.00965149341397,1.6158976395261841,0.0,3.2244101469065507,6.532490089993455,0.4935958727049185,0.0,121,0.13966480446927373,588.2725667476662,4.391026020050313,430.31354436852627,1.9979188345473466,15,True
gng_flex,6,9.684403313367026,538.0594428587065,624.0689547453367,1.0010416666666666,FC5,,False,False,False,15.809151866456784,1.831245803831417,0.0,1.8811190914372546,5.145586058835611,0.36557917211531993,0.0,121,0.0,408.0087953567511,4.187367439269622,302.418194539576,1.9979188345473466,15,True
gng_flex,6,9.684403313367026,538.0594428587065,624.0689547453367,1.0010416666666666,FT9,,False,False,False,28.205167050926107,2.779862795032222,0.0,1.9153894196602717,5.675531482741297,0.33748194781136753,0.9989594172736733,121,0.012696800406297611,73.554071044919,5.795257568359716,-51.810572011712516,1.9979188345473466,15,True
gng_flex,6,9.684403313367026,538.0594428587065,624.0689547453367,1.0010416666666666,F3,F,True,True,False,20.464357239118215,3.3287977586081086,0.0,2.2699577238415327,7.719883639745264,0.2940404065360285,0.0,121,0.0,477.9248610496529,5.958526611327784,368.1478017872088,1.9979188345473466,15,True
gng_flex,6,9.684403313367026,538.0594428587065,624.0689547453367,1.0010416666666666,F7,,False,False,False,19.45449441331928,6.388266030482702,1.6528925619834711,2.2298337360134415,8.29363565921343,0.2688608262573376,0.9989594172736733,121,0.038090401218892844,300.0305326938619,5.831310272217252,-247.73988167593836,1.9979188345473466,15,True
gng_flex,6,9.684403313367026,538.0594428587065,624.0689547453367,1.0010416666666666,Fp1,,False,False,False,22.12269172887882,4.336742973765874,0.0,3.415288362294228,18.95901939162245,0.18014055957996247,0.9989594172736733,121,0.85068562722194,571.4320603847485,9.691848754882699,-479.6172523733484,1.9979188345473466,15,True
gng_flex,6,9.684403313367026,538.0594428587065,624.0689547453367,1.0010416666666666,Pz,P,True,True,False,18.543370845153817,3.3472186753142603,0.0,2.793519228021651,6.209447520022414,0.44988208999495133,1.9979188345473466,121,0.0,838.3641307353977,3.4843673706052414,602.1099400519656,1.9979188345473466,15,True
gng_flex,6,9.684403313367026,538.0594428587065,624.0689547453367,1.0010416666666666,Cz,C,True,True,False,16.623310611409828,3.413938749757084,0.0,2.141791892996666,6.126383163495589,0.34960136116830853,0.0,121,0.0,430.02443548376044,3.3215474695772382,319.44478439662123,1.9979188345473466,15,True
gng_flex,6,9.684403313367026,538.0594428587065,624.0689547453367,1.0010416666666666,O1,,False,False,True,38.16609091997044,1.9695474795635302,0.0,6.924268087103048,7.418111782991113,0.9334273046383053,8.99063475546306,121,1.2061960385982733,2518.8873700141903,5.317139148711888,-1901.8967349468262,1.9979188345473466,15,True
gng_flex,6,9.684403313367026,538.0594428587065,624.0689547453367,1.0010416666666666,PO9,,False,False,True,38.21313594589133,2.9747536371862973,0.8264462809917356,3.3397456008725936,7.449337791538802,0.44832785065351505,8.99063475546306,121,0.025393600812595223,3202.9762825965877,4.478708267211914,-2437.001075028842,1.9979188345473466,15,True
gng_flex,6,9.684403313367026,538.0594428587065,624.0689547453367,1.0010416666666666,P3,P,True,True,False,18.322018259395996,1.6670075454075506,0.0,3.0153925460975395,5.624997935469365,0.5360699827254118,2.9968782518210197,121,0.0,218.93315448761,3.849235534668537,167.22097377029206,1.9979188345473466,15,True
gng_flex,6,9.684403313367026,538.0594428587065,624.0689547453367,1.0010416666666666,P7,,False,False,False,24.851432081386122,2.410097749185892,0.0,3.3838184853569695,5.803479297608297,0.5830672105182649,4.994797086368367,121,0.012696800406297611,1293.3638958930962,3.647613525390625,-1020.6803005268994,1.9979188345473466,15,True
gng_flex,6,9.684403313367026,538.0594428587065,624.0689547453367,1.0010416666666666,CP1,,False,True,False,16.431362915813434,2.1039206445000764,0.0,2.476324230207837,5.705447456805439,0.43402804932575195,2.9968782518210197,121,0.0,1302.4903732299776,4.07993030548009,-997.8548342486572,1.9979188345473466,15,True
gng_flex,6,9.684403313367026,538.0594428587065,624.0689547453367,1.0010416666666666,CP5,,False,False,False,15.86291143849919,1.9653755633474017,0.0,2.2684606737192627,5.0020875416950625,0.4535027935457817,4.994797086368367,121,0.0,323.36477886633554,4.137723922729513,246.91455793916788,1.9979188345473466,15,True
gng_flex,6,9.684403313367026,538.0594428587065,624.0689547453367,1.0010416666666666,C4,C,True,True,False,15.759978147456073,3.37418176451927,0.0,2.3134089779637943,6.355467925767668,0.3640029349505939,0.0,121,0.0,309.66200222969076,5.815109252930483,231.27368262941044,1.9979188345473466,15,True
gng_flex,6,9.684403313367026,538.0594428587065,624.0689547453367,1.0010416666666666,T8,,False,False,False,28.50726635316693,4.273193987512447,1.6528925619834711,2.960826527398818,8.039249221107445,0.3682963975821302,7.991675338189387,121,0.038090401218892844,659.4627911567695,7.773281097411939,505.273590301145,1.9979188345473466,15,True
gng_flex,6,9.684403313367026,538.0594428587065,624.0689547453367,1.0010416666666666,FC2,,False,True,False,15.038551293794189,1.7301874253607954,0.0,2.1834358804072065,6.063156419316128,0.36011538040667596,0.9989594172736733,121,0.0,588.5455852985386,3.5001678466792328,441.71883127647527,1.9979188345473466,15,True
gng_flex,6,9.684403313367026,538.0594428587065,624.0689547453367,1.0010416666666666,FC6,,False,False,False,21.04383961844284,3.532668614706527,0.0,2.8311721891246364,7.886541518863476,0.3589877999567844,0.0,121,0.038090401218892844,514.039369297029,9.631639480591176,388.17303287445975,1.9979188345473466,15,True
gng_flex,6,9.684403313367026,538.0594428587065,624.0689547453367,1.0010416666666666,FT10,,False,False,False,29.272217474133406,4.909135139571044,7.43801652892562,2.7892951777104646,9.816387757435805,0.28414680090419253,4.994797086368367,121,0.07618080243778569,898.944514131545,11.11644792556745,-711.1560137265035,1.9979188345473466,15,True
gng_flex,6,9.684403313367026,538.0594428587065,624.0689547453367,1.0010416666666666,F4,F,True,True,False,20.189059208418886,3.48804241784514,0.0,2.920900545340429,8.7669322817284,0.33317247715349907,0.0,121,0.025393600812595223,380.74273705482545,6.801120281219212,293.9658903423665,1.9979188345473466,15,True
gng_flex,6,9.684403313367026,538.0594428587065,624.0689547453367,1.0010416666666666,F8,,False,False,False,20.86248158788544,3.8427716903791866,0.0,2.6315692397349477,11.19243163801604,0.23512042108853276,0.0,121,0.038090401218892844,617.7661457061764,10.741798400878606,-496.74170945315717,1.9979188345473466,15,True
gng_flex,6,9.684403313367026,538.0594428587065,624.0689547453367,1.0010416666666666,Fp2,,False,False,False,16.272262048308953,5.732568469489465,0.0,3.597334348315184,17.28360287266309,0.20813567488321374,0.0,121,0.5332656170644997,198.70919756889305,8.681620121001231,-150.51671720070436,1.9979188345473466,15,True
gng_flex,6,9.684403313367026,538.0594428587065,624.0689547453367,1.0010416666666666,Oz,,False,False,False,43.81241761935314,5.836357708194556,4.132231404958678,4.960246155542665,12.866306455638567,0.3855221521922379,11.987513007284079,121,0.30472320975114275,1557.7002019882198,4.035909652709137,-1193.5147523940777,1.9979188345473466,15,True
gng_flex,6,9.684403313367026,538.0594428587065,624.0689547453367,1.0010416666666666,Fz,F,True,True,False,16.9353978968182,3.443497670469976,0.0,2.113947313926907,7.626365686018304,0.27718934561484304,0.0,121,0.012696800406297611,579.6272021770492,3.2549967765805263,434.51582107165547,1.9979188345473466,15,True
gng_flex,6,9.684403313367026,538.0594428587065,624.0689547453367,1.0010416666666666,O2,,False,False,False,26.719921667437063,2.06759680928207,0.0,4.717012128108229,6.876957524355614,0.6859155537026853,5.9937565036420395,121,0.11427120365667852,1112.7028517723077,3.323158264160611,831.3320875353699,1.9979188345473466,15,True
gng_flex,6,9.684403313367026,538.0594428587065,624.0689547453367,1.0010416666666666,PO10,,False,False,True,27.475146473600844,10.279322764845602,4.132231404958678,2.92429333012878,8.489584088021882,0.34445660703858527,7.991675338189387,121,0.025393600812595223,273.6308815956091,6.334292784603633,-222.9173204938017,1.9979188345473466,15,True
gng_flex,6,9.684403313367026,538.0594428587065,624.0689547453367,1.0010416666666666,P4,P,True,True,False,16.224054389726355,5.73321005712354,0.0,2.7837211586610704,6.190296059013386,0.4496911185060092,7.991675338189387,121,0.0,2320.5216602802243,3.8251037597660797,-1778.023125546335,1.9979188345473466,15,True
gng_flex,6,9.684403313367026,538.0594428587065,624.0689547453367,1.0010416666666666,P8,,False,False,False,22.634555262768878,1.9068997394876928,0.0,3.509548445954769,6.459008815874903,0.543357122741345,6.992715920915713,121,0.012696800406297611,1635.7168508052823,4.221426010131836,-1259.2618229436082,1.9979188345473466,15,True
gng_flex,6,9.684403313367026,538.0594428587065,624.0689547453367,1.0010416666666666,CP2,,False,True,False,24.30000036582242,1.6782633029485687,0.0,2.9809541915597473,6.023986292276252,0.49484743937445946,3.9958376690946933,121,0.10157440325038089,509.7236244201654,4.657870292663816,-417.3164366601872,1.9979188345473466,15,True
gng_flex,6,9.684403313367026,538.0594428587065,624.0689547453367,1.0010416666666666,CP6,,False,False,False,20.619258434937663,2.004834502482441,0.0,3.2871123894473246,6.438335856201783,0.510553109198394,0.9989594172736733,121,0.025393600812595223,1046.454506540298,6.022480010986783,-830.4638289130148,1.9979188345473466,15,True
gng_flex,7,10.897041346941357,623.5691236578568,684.075837975106,1.0083333333333333,C3,C,True,True,False,12.839248440891268,1.6784104865664793,0.0,1.7991395921365876,3.569322864231486,0.5040562763783382,0.0,121,0.0,8.829154205321174,3.006134033203921,1.128582188013192,0.0,0,False
gng_flex,7,10.897041346941357,623.5691236578568,684.075837975106,1.0083333333333333,T7,,False,False,False,18.478721642023146,6.058824988749713,0.8264462809917356,1.9547447347879754,2.7256690332285314,0.7171614421845623,0.0,121,0.0,33.91040267944459,2.8109893798823578,-9.441198237981459,0.0,0,False
gng_flex,7,10.897041346941357,623.5691236578568,684.075837975106,1.0083333333333333,FC1,,False,True,False,36.49734683945245,6.902413163827719,4.132231404958678,3.3317943808719064,5.964353439099656,0.558617864432738,0.9917355371900827,121,0.025826446280991736,26.10985946655262,4.337017059326513,-3.489901591968686,0.0,0,False
gng_flex,7,10.897041346941357,623.5691236578568,684.075837975106,1.0083333333333333,FC5,,False,False,False,15.698200264301867,1.6108785757641533,0.0,2.103159522817502,3.5430248774497795,0.5936056323520165,0.0,121,0.0,7.983883666992398,2.3169097900393467,-1.952228605710684,0.0,0,False
gng_flex,7,10.897041346941357,623.5691236578568,684.075837975106,1.0083333333333333,FT9,,False,False,False,25.734891508034234,2.266026392302425,0.0,1.8516573391521374,2.872816094120061,0.6445443350662157,0.0,121,0.0,7.94482421875027,2.1994857788089206,1.3621807363117968,0.0,0,False
gng_flex,7,10.897041346941357,623.5691236578568,684.075837975106,1.0083333333333333,F3,F,True,True,False,21.289015485876085,2.3295384423322116,0.0,2.2430194128010204,5.945792838859628,0.37724479705068564,0.0,121,0.0,10.488546371459677,3.2632331848143394,-1.4348507401193695,0.0,0,False
gng_flex,7,10.897041346941357,623.5691236578568,684.075837975106,1.0083333333333333,F7,,False,False,False,19.02032071308987,2.0162608688242907,0.0,2.296675023911025,5.123198447531782,0.44828929572648135,0.0,121,0.0,8.808626556396973,2.7313804626471665,-1.5460658011956792,0.0,0,False
gng_flex,7,10.897041346941357,623.5691236578568,684.075837975106,1.0083333333333333,Fp1,,False,False,False,18.770450056738277,2.3050972887727887,0.0,2.7428810805812462,11.003832487136677,0.24926597926564542,0.0,121,0.1678719008264463,18.744738769531182,6.309204101562045,-1.940630485563441,0.0,0,False
gng_flex,7,10.897041346941357,623.5691236578568,684.075837975106,1.0083333333333333,Pz,P,True,True,False,13.710575443563481,2.415912631046458,0.0,2.146736395209043,3.733768063569263,0.5749517266899778,0.0,121,0.025826446280991736,12.0640602111813,2.444503784180256,-6.8415378690054816,0.0,0,False
gng_flex,7,10.897041346941357,623.5691236578568,684.075837975106,1.0083333333333333,Cz,C,True,True,False,15.473675320834609,1.7749271380013065,0.0,2.060482407596175,4.5464656706806625,0.45320531525924734,0.0,121,0.0,9.606001281739225,2.805145263672216,-3.1259508755105623,0.0,0,False
gng_flex,7,10.897041346941357,623.5691236578568,684.075837975106,1.0083333333333333,O1,,False,False,True,41.95153623515613,1.2755929417392153,0.0,7.1888301258974,4.900992241890728,1.4668111621258269,0.0,121,1.8853305785123966,51.98972949981635,4.066012382507324,56.25363302607873,0.0,0,False
gng_flex,7,10.897041346941357,623.5691236578568,684.075837975106,1.0083333333333333,PO9,,False,False,True,38.413263140940494,1.4424013890306198,0.0,3.4035336691839753,4.48799130637279,0.758364586034531,0.0,121,0.0,14.870494079589662,3.952535629272461,-7.133168556159846,0.0,0,False
gng_flex,7,10.897041346941357,623.5691236578568,684.075837975106,1.0083333333333333,P3,P,True,True,False,16.567633081496787,1.4399386232097677,0.0,1.851657340376073,2.8870680784360587,0.6413625484644361,0.0,121,0.0,7.94482421875027,2.1994857788089206,-1.3621807363117968,0.0,0,False
gng_flex,7,10.897041346941357,623.5691236578568,684.075837975106,1.0083333333333333,P7,,False,False,False,22.536567940049842,1.3636390540473398,0.0,2.3746153760816,2.907081817010682,0.816838164714397,0.0,121,0.0,6.974977111816543,1.9542884826657883,-2.2085689986073804,0.0,0,False
gng_flex,7,10.897041346941357,623.5691236578568,684.075837975106,1.0083333333333333,CP1,,False,True,False,14.313902402857254,1.9032317687277485,0.0,1.9406850842784145,3.808265278962486,0.5095981876575388,0.0,121,0.0,9.111729431152526,2.74334716796875,-1.7182747704164334,0.0,0,False
gng_flex,7,10.897041346941357,623.5691236578568,684.075837975106,1.0083333333333333,CP5,,False,False,False,14.591827634483481,1.5823898541207237,0.0,1.7678139069668883,2.6526170422003443,0.6664414345692689,0.0,121,0.0,6.683642959595517,2.263065338134794,-1.9076934538486672,0.0,0,False
gng_flex,7,10.897041346941357,623.5691236578568,684.075837975106,1.0083333333333333,C4,C,True,True,False,14.928188655852166,1.9232751138047597,0.0,2.4320183126032937,4.8305798277905945,0.5034630208596818,0.0,121,0.012913223140495868,12.971656799317486,3.161651611327841,-6.471894469841768,0.0,0,False
gng_flex,7,10.897041346941357,623.5691236578568,684.075837975106,1.0083333333333333,T8,,False,False,False,26.762542341839993,1.6791729030160958,0.0,3.095392932150232,5.324374635290432,0.5813627222310185,0.0,121,0.038739669421487606,12.074725341798057,3.577983856200831,-7.947186249207509,0.0,0,False
gng_flex,7,10.897041346941357,623.5691236578568,684.075837975106,1.0083333333333333,FC2,,False,True,False,14.201981289993451,1.7156682070329874,0.0,2.326550013705724,4.664252722143256,0.4988044499948661,0.0,121,0.0,9.443685913087279,2.8527145385743324,-1.4951421665058804,0.0,0,False
gng_flex,7,10.897041346941357,623.5691236578568,684.075837975106,1.0083333333333333,FC6,,False,False,False,20.55778404500741,3.4835791985859434,0.0,3.0106561335844675,6.367160122794489,0.47284127861121195,0.0,121,0.025826446280991736,30.276329803466467,6.002365112305142,-5.895513631594911,0.0,0,False
gng_flex,7,10.897041346941357,623.5691236578568,684.075837975106,1.0083333333333333,FT10,,False,False,False,31.864930871653264,5.258338802103999,5.785123966942149,3.287540865620217,8.870893476219354,0.3705986183278259,1.9834710743801653,121,0.2840909090909091,63.84267282485939,8.20782852172897,-57.37805552548036,0.0,0,False
gng_flex,7,10.897041346941357,623.5691236578568,684.075837975106,1.0083333333333333,F4,F,True,True,False,18.801647834945673,1.8325244554527182,0.0,3.1258316016062313,6.768231036897745,0.4618387854323266,0.0,121,0.012913223140495868,9.471562385559253,3.2752685546880116,-2.5060628184729765,0.0,0,False
gng_flex,7,10.897041346941357,623.5691236578568,684.075837975106,1.0083333333333333,F8,,False,False,False,19.36045604498737,1.492082229743043,0.0,2.800666247465967,8.220664173313677,0.34068612808167337,0.0,121,0.025826446280991736,12.72911529541068,3.9924240112304688,-3.357874082004334,0.0,0,False
gng_flex,7,10.897041346941357,623.5691236578568,684.075837975106,1.0083333333333333,Fp2,,False,False,False,15.04996142871763,2.146416893633962,0.0,3.4992383512668757,10.940613153270833,0.31983932730687353,0.0,121,0.21952479338842976,20.00976181030296,4.090011596681165,-15.45509696554161,0.0,0,False
gng_flex,7,10.897041346941357,623.5691236578568,684.075837975106,1.0083333333333333,Oz,,False,False,False,45.97923829713141,1.749769834724824,0.0,4.701484257209391,6.282670316700088,0.7483257946405821,0.0,121,0.1291322314049587,22.14597511291481,4.8628396987912765,12.42077488377669,0.0,0,False
gng_flex,7,10.897041346941357,623.5691236578568,684.075837975106,1.0083333333333333,Fz,F,True,True,False,16.09078798511698,2.4957797343214003,0.0,2.2504117320783026,5.989742088748039,0.37571095695518975,0.0,121,0.0,9.045730209351461,3.492198944092877,-2.4306371184864095,0.0,0,False
gng_flex,7,10.897041346941357,623.5691236578568,684.075837975106,1.0083333333333333,O2,,False,False,False,26.28338585927688,1.682798135580154,0.0,4.763804827145236,4.112716586115149,1.1583109916273375,0.0,121,0.1291322314049587,19.461106872559753,3.358833312988054,-21.430632500559355,0.0,0,False
gng_flex,7,10.897041346941357,623.5691236578568,684.075837975106,1.0083333333333333,PO10,,False,False,True,24.464501277240004,2.124187180117078,0.0,3.1536913534069257,3.9339372362658462,0.8016628542860176,0.0,121,0.0,15.525931549072823,4.566207885742131,-1.6270240605079334,0.0,0,False
gng_flex,7,10.897041346941357,623.5691236578568,684.075837975106,1.0083333333333333,P4,P,True,True,False,14.135112743800907,1.5560679896103549,0.0,2.570215829689779,3.795216847201438,0.6772250264395393,0.0,121,0.012913223140495868,11.91744918823224,2.8528900146484375,-6.068732470961414,0.0,0,False
gng_flex,7,10.897041346941357,623.5691236578568,684.075837975106,1.0083333333333333,P8,,False,False,False,22.105030248650607,1.408200001070504,0.0,3.945374337116755,4.001562937559219,0.9859583364502229,0.0,121,0.025826446280991736,14.855847167969387,2.6357650756835938,-11.126258791834573,0.0,0,False
gng_flex,7,10.897041346941357,623.5691236578568,684.075837975106,1.0083333333333333,CP2,,False,True,False,20.78724818960506,1.6912345515674947,0.0,2.8139520337786323,4.146179482494946,0.6786855334312127,0.0,121,0.012913223140495868,10.736392974854652,3.1097564697258804,-5.55299480266448,0.0,0,False
gng_flex,7,10.897041346941357,623.5691236578568,684.075837975106,1.0083333333333333,CP6,,False,False,False,20.452148972729205,1.5913243371475059,0.0,3.6952536482696483,4.5173098719402764,0.818020847146902,0.0,121,0.038739669421487606,11.05192680358914,2.378711700439908,-7.792116994861704,0.0,0,False
gng_flex,8,11.89715196140387,683.5758193919028,744.0824159765616,0.994921875,C3,C,True,True,False,14.122171459980619,1.7415125644929386,0.0,1.8993566574353375,5.6556336139246595,0.33583445942448553,0.0,121,0.025826446280991736,22.0864334106451,8.404212951660924,10.078570122273248,1.0051040439733019,7,True
gng_flex,8,11.89715196140387,683.5758193919028,744.0824159765616,0.994921875,T7,,False,False,False,19.756248069151443,3.2288064375443817,0.0,1.9781300331523464,3.93653093328963,0.5025059034654372,0.0,121,0.012913223140495868,19.706770324707577,4.79615783691429,1.1807332468138876,1.0051040439733019,7,True
gng_flex,8,11.89715196140387,683.5758193919028,744.0824159765616,0.994921875,FC1,,False,True,False,29.636193291366208,1.770291939805814,0.0,3.3413546416650113,6.793262436105148,0.49186302944903526,0.0,121,0.09039256198347108,29.124669647217218,8.90909576416027,21.355655514774593,1.0051040439733019,7,True
gng_flex,8,11.89715196140387,683.5758193919028,744.0824159765616,0.994921875,FC5,,False,False,False,16.164287861577137,1.7718873618908204,0.0,2.0616812289232067,5.501022811888004,0.37478143600273817,0.0,121,0.038739669421487606,23.644555664063404,5.773323059081548,22.17349006650818,1.0051040439733019,7,True
gng_flex,8,11.89715196140387,683.5758193919028,744.0824159765616,0.994921875,FT9,,False,False,False,37.967307233453354,3.614637529700207,3.3057851239669422,2.1684360597682777,5.161947425750128,0.42008100449670177,1.0051040439733019,121,0.0,19.427494812011588,7.4994964599612,4.794466948886774,1.0051040439733019,7,True
gng_flex,8,11.89715196140387,683.5758193919028,744.0824159765616,0.994921875,F3,F,True,True,False,20.159274430930694,3.0375497008054104,0.0,2.427255066678855,9.68199662444789,0.250697780719095,0.0,121,0.038739669421487606,24.456092071533078,8.084325790405217,11.759473030617487,1.0051040439733019,7,True
gng_flex,8,11.89715196140387,683.5758193919028,744.0824159765616,0.994921875,F7,,False,False,False,23.903222934419077,2.2042300218114925,0.0,2.600111916678654,9.653084253458482,0.26935556019280493,0.0,121,0.10330578512396695,25.14973449707003,13.697364807129617,-11.39077637683641,1.0051040439733019,7,True
gng_flex,8,11.89715196140387,683.5758193919028,744.0824159765616,0.994921875,Fp1,,False,False,False,21.665851858683666,2.428795170024767,0.0,3.431502338098389,24.707078308793896,0.1388874190307248,0.0,121,1.1234504132231407,433.0657958984373,23.0247344970702,-474.53643885111217,1.0051040439733019,7,True
gng_flex,8,11.89715196140387,683.5758193919028,744.0824159765616,0.994921875,Pz,P,True,True,False,17.338365720342466,1.9784602431253764,0.0,2.366423621206313,6.129699518610224,0.3860586663378319,0.0,121,0.06456611570247935,31.270991516113327,11.631385803223282,-20.538923305659086,1.0051040439733019,7,True
gng_flex,8,11.89715196140387,683.5758193919028,744.0824159765616,0.994921875,Cz,C,True,True,False,17.47428576314716,1.5643956123650313,0.0,2.259450450644143,7.040397717082973,0.3209265358918238,0.0,121,0.025826446280991736,25.053425598145452,10.353404998779979,4.1177509413306135,1.0051040439733019,7,True
gng_flex,8,11.89715196140387,683.5758193919028,744.0824159765616,0.994921875,O1,,False,False,True,47.11955124988896,2.1492268401663233,0.8264462809917356,7.1989858615745295,7.3850843646529505,0.9748007613874881,0.0,121,2.53099173553719,31.472201538085756,9.280616760253906,-4.247849969874396,1.0051040439733019,7,True
gng_flex,8,11.89715196140387,683.5758193919028,744.0824159765616,0.994921875,PO9,,False,False,True,42.387166044162946,9.640267890183626,9.917355371900827,3.8764097659279155,8.840756627115946,0.43847036282374036,0.0,121,0.2453512396694215,102.12363510131809,11.354443550109863,-88.62052647225602,1.0051040439733019,7,True
gng_flex,8,11.89715196140387,683.5758193919028,744.0824159765616,0.994921875,P3,P,True,True,False,19.228900531494563,1.4771554976097732,0.0,2.1690356579348062,5.162760619701636,0.42013097598551025,0.0,121,0.038739669421487606,19.427494812011588,7.4994964599612,-4.794466948886774,1.0051040439733019,7,True
gng_flex,8,11.89715196140387,683.5758193919028,744.0824159765616,0.994921875,P7,,False,False,False,25.932756662030435,2.0570405543576666,0.0,2.775071308269345,4.759862060216636,0.5830150691684209,0.0,121,0.07747933884297521,30.6972908020025,6.424880981445995,-29.173283255729505,1.0051040439733019,7,True
gng_flex,8,11.89715196140387,683.5758193919028,744.0824159765616,0.994921875,CP1,,False,True,False,16.680866178603694,1.6677419559937237,0.0,2.1766335810381126,5.957863679879764,0.3653379294979168,0.0,121,0.038739669421487606,24.638481140136946,9.236652374267578,-7.490721283132925,1.0051040439733019,7,True
gng_flex,8,11.89715196140387,683.5758193919028,744.0824159765616,0.994921875,CP5,,False,False,False,16.592253504011765,1.988133676454014,0.0,1.890214981451121,4.388895496685188,0.4306812460854328,0.0,121,0.025826446280991736,15.997987365723532,7.12607383728087,-2.060683107975741,1.0051040439733019,7,True
gng_flex,8,11.89715196140387,683.5758193919028,744.0824159765616,0.994921875,C4,C,True,True,False,15.375756585373573,4.584559785976188,0.0,2.6533531948481115,7.8133242775810805,0.3395933792817774,0.0,121,0.038739669421487606,31.07633209228578,11.257751464844134,-14.650090449724663,1.0051040439733019,7,True
gng_flex,8,11.89715196140387,683.5758193919028,744.0824159765616,0.994921875,T8,,False,False,False,28.71482891258919,3.2170070721592436,0.0,3.3501338061601436,8.663635029471266,0.38668916624072047,0.0,121,0.11621900826446281,46.46184234619233,16.942579269408583,31.642144624434128,1.0051040439733019,7,True
gng_flex,8,11.89715196140387,683.5758193919028,744.0824159765616,0.994921875,FC2,,False,True,False,14.806288960488757,1.9126038967752446,0.0,2.507532722439963,7.71556333975487,0.3249967127506764,0.0,121,0.025826446280991736,30.033041381836313,9.69592666626022,5.721003973687497,1.0051040439733019,7,True
gng_flex,8,11.89715196140387,683.5758193919028,744.0824159765616,0.994921875,FC6,,False,False,False,20.672200736039308,3.7320393933209988,0.0,3.2586034041255574,10.100004470258359,0.32263385761077806,0.0,121,0.06456611570247935,46.9300567626961,17.027305603027514,-13.589364361991642,1.0051040439733019,7,True
gng_flex,8,11.89715196140387,683.5758193919028,744.0824159765616,0.994921875,FT10,,False,False,False,32.07180113031168,9.079722257089697,3.3057851239669422,3.475277512986987,10.290796774799173,0.3377073310297499,1.0051040439733019,121,0.06456611570247935,47.72724189758276,17.685699462891137,-28.61073330915162,1.0051040439733019,7,True
gng_flex,8,11.89715196140387,683.5758193919028,744.0824159765616,0.994921875,F4,F,True,True,False,19.628686471912168,2.8572604573799483,0.0,3.199831391171354,12.10468313513624,0.2643465636769301,0.0,121,0.06456611570247935,43.30191497802801,13.738170623779865,20.59111299691606,1.0051040439733019,7,True
gng_flex,8,11.89715196140387,683.5758193919028,744.0824159765616,0.994921875,F8,,False,False,False,22.794195694786776,1.68227691188863,0.0,3.431286854628339,15.219576579608317,0.2254521889410306,0.0,121,0.23243801652892562,71.60214233398494,21.328319549560945,-35.89899723933998,1.0051040439733019,7,True
gng_flex,8,11.89715196140387,683.5758193919028,744.0824159765616,0.994921875,Fp2,,False,False,False,16.313394794710156,2.4575097115139233,0.0,3.8829580849922105,23.343500257639278,0.16634001080114338,0.0,121,0.8006198347107437,377.1166030883785,21.281528472900618,-403.90395226569103,1.0051040439733019,7,True
gng_flex,8,11.89715196140387,683.5758193919028,744.0824159765616,0.994921875,Oz,,False,False,False,42.28457737112613,3.358768838646806,3.3057851239669422,4.796037998326437,8.028642663838333,0.597365980669209,0.0,121,0.18078512396694216,38.679205513000625,11.217011451721305,-33.34513971195862,1.0051040439733019,7,True
gng_flex,8,11.89715196140387,683.5758193919028,744.0824159765616,0.994921875,Fz,F,True,True,False,17.41671435349003,3.284944395251501,0.0,2.395568903333732,10.183868980791482,0.2352317088772631,0.0,121,0.038739669421487606,32.18785934448272,12.05774307251113,13.398109270253759,1.0051040439733019,7,True
gng_flex,8,11.89715196140387,683.5758193919028,744.0824159765616,0.994921875,O2,,False,False,False,28.692763815519637,2.834886334277042,0.0,4.382186223767674,6.031708293171611,0.7265248932427101,0.0,121,0.15495867768595042,33.254516601562045,10.836620330810149,-23.64760392638214,1.0051040439733019,7,True
gng_flex,8,11.89715196140387,683.5758193919028,744.0824159765616,0.994921875,PO10,,False,False,True,26.878788716360035,15.177351450725125,10.743801652892563,3.4148489355480667,10.088810218785548,0.33847885543426676,1.0051040439733019,121,0.09039256198347108,33.5727111816426,11.20102310180738,5.67923072250015,1.0051040439733019,7,True
gng_flex,8,11.89715196140387,683.5758193919028,744.0824159765616,0.994921875,P4,P,True,True,False,16.567599868920464,1.78379699252421,0.0,2.68325680888356,6.152533981660465,0.43612222490470415,0.0,121,0.05165289256198347,34.13498382568332,10.161064147949219,-22.52696522509723,1.0051040439733019,7,True
gng_flex,8,11.89715196140387,683.5758193919028,744.0824159765616,0.994921875,P8,,False,False,False,26.055745370654403,1.8064520180970534,0.0,4.597713866142016,6.587032231417312,0.6979947424900849,0.0,121,0.19369834710743802,61.22358245849614,10.957041740417708,-60.681214968849716,1.0051040439733019,7,True
gng_flex,8,11.89715196140387,683.5758193919028,744.0824159765616,0.994921875,CP2,,False,True,False,25.242971604292727,1.9024318806263363,0.0,3.036286888753263,6.651668353063174,0.45646997528898386,0.0,121,0.09039256198347108,26.99062805175822,9.758720397950128,5.105888626837145,1.0051040439733019,7,True
gng_flex,8,11.89715196140387,683.5758193919028,744.0824159765616,0.994921875,CP6,,False,False,False,22.57741994842437,1.3897015842397502,0.0,3.919516337846885,7.287904720054174,0.5378111389219355,0.0,121,0.09039256198347108,28.38631591796866,11.034736633301009,-5.014279161921758,1.0051040439733019,7,True
gng_flex,9,12.897262706703865,743.5824116609001,804.0891131435637,0.994921875,C3,C,True,True,False,13.753277665142363,1.6660016386052503,0.0,1.8870618640678583,5.204346825693196,0.3625934103299332,0.0,121,0.09039256198347108,23.61395874023259,5.197813034057049,-16.164136657562384,1.0051040439733019,7,True
gng_flex,9,12.897262706703865,743.5824116609001,804.0891131435637,0.994921875,T7,,False,False,False,19.357434216237777,2.0820460402710337,0.0,2.1033416361445947,3.2142925485735616,0.654371562127416,0.0,121,0.025826446280991736,10.74983367919981,2.9902687072757317,-4.777238477466862,1.0051040439733019,7,True
gng_flex,9,12.897262706703865,743.5824116609001,804.0891131435637,0.994921875,FC1,,False,True,False,33.10619784532141,1.469153052790618,0.0,3.2859964420396324,6.619239499014687,0.4964311145606338,0.0,121,0.09039256198347108,24.946121215821222,6.154838562011832,-5.695039442680525,1.0051040439733019,7,True
gng_flex,9,12.897262706703865,743.5824116609001,804.0891131435637,0.994921875,FC5,,False,False,False,16.492219879360682,1.6771546877661319,0.0,2.00926947314808,5.319895648431176,0.37768964016063145,0.0,121,0.038739669421487606,15.252630615235148,5.045249938964616,-9.019150825703584,1.0051040439733019,7,True
gng_flex,9,12.897262706703865,743.5824116609001,804.0891131435637,0.994921875,FT9,,False,False,False,33.70962685799041,2.824232371643731,0.0,2.0660282936566823,4.623046385177805,0.4468975912248438,0.0,121,0.0,18.938575744629844,5.2594528198244745,-0.00770744621946561,1.0051040439733019,7,True
gng_flex,9,12.897262706703865,743.5824116609001,804.0891131435637,0.994921875,F3,F,True,True,False,19.674405476418247,2.2748690506199334,0.0,2.3977082593089456,9.872419762130578,0.2428693589900085,0.0,121,0.10330578512396695,33.17147369384895,8.297437667847078,-21.30676519287016,1.0051040439733019,7,True
gng_flex,9,12.897262706703865,743.5824116609001,804.0891131435637,0.994921875,F7,,False,False,False,23.9649997367916,1.6452440902990073,0.0,2.5818126415308336,10.027252270048198,0.25747957386519643,0.0,121,0.14204545454545456,22.754737091065124,7.030420303344556,-11.301722258392413,1.0051040439733019,7,True
gng_flex,9,12.897262706703865,743.5824116609001,804.0891131435637,0.994921875,Fp1,,False,False,False,20.133488656387755,2.4908502989953893,0.0,3.5732492254204162,25.86654112290989,0.13814174877272647,0.0,121,0.9039256198347106,376.50664367675836,18.385890960693587,-382.9358601421824,1.0051040439733019,7,True
gng_flex,9,12.897262706703865,743.5824116609001,804.0891131435637,0.994921875,Pz,P,True,True,False,18.03226314678685,1.8598143725744767,0.0,2.3479424594067337,5.534856554276761,0.4242101735396355,0.0,121,0.1291322314049587,24.046447753906932,6.941802978515568,-3.6135795497249843,1.0051040439733019,7,True
gng_flex,9,12.897262706703865,743.5824116609001,804.0891131435637,0.994921875,Cz,C,True,True,False,16.91502692070501,1.8529758785052866,0.0,2.2187891586525064,6.6419452899174445,0.33405712661028025,0.0,121,0.1291322314049587,31.15894927978576,6.248538970947806,-13.03331132686765,1.0051040439733019,7,True
gng_flex,9,12.897262706703865,743.5824116609001,804.0891131435637,0.994921875,O1,,False,False,True,46.1818439338044,1.5161670528756088,0.0,7.143298049779201,6.241355971190575,1.144510597176622,0.0,121,2.53099173553719,177.39402198791504,8.77459383010887,199.25725034261515,1.0051040439733019,7,True
gng_flex,9,12.897262706703865,743.5824116609001,804.0891131435637,0.994921875,PO9,,False,False,True,40.77930415839869,4.5012465583637855,2.479338842975207,3.6890027389955353,7.202822022568687,0.5121607513606111,0.0,121,0.2840909090909091,22.924557495117824,7.996665954590071,-2.5313989788854387,1.0051040439733019,7,True
gng_flex,9,12.897262706703865,743.5824116609001,804.0891131435637,0.994921875,P3,P,True,True,False,19.830008948591466,1.441181500112643,0.0,2.0716134127107924,4.625983001887715,0.44782123320933814,0.0,121,0.11621900826446281,18.93857574462983,5.2594528198244745,0.00770744621946561,1.0051040439733019,7,True
gng_flex,9,12.897262706703865,743.5824116609001,804.0891131435637,0.994921875,P7,,False,False,False,24.404424298009637,1.8835912996829662,0.0,2.4256344558873146,4.251495512279476,0.5705367555678754,0.0,121,0.10330578512396695,16.892560577392715,5.492500305176009,-2.782736174532033,1.0051040439733019,7,True
gng_flex,9,12.897262706703865,743.5824116609001,804.0891131435637,0.994921875,CP1,,False,True,False,17.34963512515135,1.4521727187734559,0.0,2.1583280190975795,5.445235869440948,0.39636997750827846,0.0,121,0.14204545454545456,25.683258056640625,5.908790588378906,-16.685556922181693,1.0051040439733019,7,True
gng_flex,9,12.897262706703865,743.5824116609001,804.0891131435637,0.994921875,CP5,,False,False,False,14.811655529262225,1.8591909154402364,0.0,1.8465223585985844,3.660826314123612,0.5044004277052502,0.0,121,0.025826446280991736,17.30740737915059,5.30520629882821,-10.054472660582991,1.0051040439733019,7,True
gng_flex,9,12.897262706703865,743.5824116609001,804.0891131435637,0.994921875,C4,C,True,True,False,16.33918926371557,6.031622705256267,0.0,2.5277204958258173,7.936746265963478,0.3184832185786105,0.0,121,0.1678719008264463,39.972035217285736,9.76869583130005,-20.43027856960692,1.0051040439733019,7,True
gng_flex,9,12.897262706703865,743.5824116609001,804.0891131435637,0.994921875,T8,,False,False,False,27.095951749885806,2.2684754552991366,0.0,3.1631679336038405,8.735467829104246,0.36210629991275445,0.0,121,0.2453512396694215,40.78970184326306,8.630096435546477,-27.261780090658466,1.0051040439733019,7,True
gng_flex,9,12.897262706703865,743.5824116609001,804.0891131435637,0.994921875,FC2,,False,True,False,14.840510161450759,6.395127054612874,0.0,2.4192653322066717,7.720115159450106,0.31337166379510234,0.0,121,0.05165289256198347,35.18838043213066,7.187744140625483,-12.470160420077232,1.0051040439733019,7,True
gng_flex,9,12.897262706703865,743.5824116609001,804.0891131435637,0.994921875,FC6,,False,False,False,21.334242558451134,3.320367325618367,0.0,3.1945023236276313,10.152525801258472,0.31465099288215076,0.0,121,0.18078512396694216,52.145149230958225,12.512959289550508,-18.990373265284628,1.0051040439733019,7,True
gng_flex,9,12.897262706703865,743.5824116609001,804.0891131435637,0.994921875,FT10,,False,False,False,30.164980602218108,2.184799513920895,0.0,3.187118340607724,8.876398760703617,0.35905533612542284,0.0,121,0.038739669421487606,41.41717624664341,8.442856311798096,-13.659509243170046,1.0051040439733019,7,True
gng_flex,9,12.897262706703865,743.5824116609001,804.0891131435637,0.994921875,F4,F,True,True,False,20.716412447329702,3.15143215772915,0.0,3.075424526224521,12.267145566980593,0.25070416825431857,0.0,121,0.19369834710743802,54.728630828858826,13.680362701415405,-34.562127921967594,1.0051040439733019,7,True
gng_flex,9,12.897262706703865,743.5824116609001,804.0891131435637,0.994921875,F8,,False,False,False,22.028523583479267,1.6422220780000951,0.0,3.1883155496220517,15.359438321338091,0.20758021764329013,0.0,121,0.297004132231405,72.18024749755932,17.73059082031307,-57.11967302997031,1.0051040439733019,7,True
gng_flex,9,12.897262706703865,743.5824116609001,804.0891131435637,0.994921875,Fp2,,False,False,False,16.415774260882156,2.5854821047994574,0.0,3.8850729306057845,25.383818388133083,0.15305313295268663,0.0,121,0.9426652892561983,333.65915832519613,21.01262283325184,-325.5934298575364,1.0051040439733019,7,True
gng_flex,9,12.897262706703865,743.5824116609001,804.0891131435637,0.994921875,Oz,,False,False,False,42.30515856054074,2.4717365074875275,0.0,4.685266960779313,7.029331626278445,0.66653093208235,0.0,121,0.1678719008264463,27.089452362060683,5.8242959976190605,13.98639073125144,1.0051040439733019,7,True
gng_flex,9,12.897262706703865,743.5824116609001,804.0891131435637,0.994921875,Fz,F,True,True,False,17.289459387078455,3.0859305540209414,0.0,2.345821620793799,10.374560581332942,0.22611286544652898,0.0,121,0.1291322314049587,41.995291137695745,9.401115417480696,-25.10697672172164,1.0051040439733019,7,True
gng_flex,9,12.897262706703865,743.5824116609001,804.0891131435637,0.994921875,O2,,False,False,False,26.407289540531174,2.67336644199794,0.0,4.140631285180928,5.500132802086841,0.7528238742907997,0.0,121,0.2453512396694215,21.736790466309344,6.715778350830078,12.630107031332141,1.0051040439733019,7,True
gng_flex,9,12.897262706703865,743.5824116609001,804.0891131435637,0.994921875,PO10,,False,False,True,24.80597532496772,5.198359566534981,3.3057851239669422,3.399807233342147,7.024050805657578,0.484023724686579,0.0,121,0.18078512396694216,26.601341247559503,6.261337280274546,-1.075798760787293,1.0051040439733019,7,True
gng_flex,9,12.897262706703865,743.5824116609001,804.0891131435637,0.994921875,P4,P,True,True,False,17.331968346672433,1.664647254844828,0.0,2.6018724918737206,5.7237407812168675,0.4545755287192727,0.0,121,0.11621900826446281,20.156626892089207,5.255413055419922,-2.9236755096528126,1.0051040439733019,7,True
gng_flex,9,12.897262706703865,743.5824116609001,804.0891131435637,0.994921875,P8,,False,False,False,22.768143301843015,3.9663931572553057,0.0,3.7143219120430273,6.4455158315331404,0.5762644928853635,0.0,121,0.14204545454545456,28.629100550775547,6.8191976547243485,8.688357500849813,1.0051040439733019,7,True
gng_flex,9,12.897262706703865,743.5824116609001,804.0891131435637,0.994921875,CP2,,False,True,False,27.6578241331671,1.4830192750948141,0.0,3.019378824272554,6.325495614278521,0.47733474313963953,0.0,121,0.14204545454545456,31.201675415039745,6.262504577637458,-13.275940855814401,1.0051040439733019,7,True
gng_flex,9,12.897262706703865,743.5824116609001,804.0891131435637,0.994921875,CP6,,False,False,False,20.485301720286706,1.7863545965510528,0.0,3.5080565963804538,6.958721543516436,0.5041237207787072,0.0,121,0.15495867768595042,31.419863128662882,5.483493804931641,-20.079305231066222,1.0051040439733019,7,True
gng_flex,10,13.897375434282488,803.5892174520704,864.0958346618281,0.994921875,C3,C,True,True,False,14.064201581755219,2.0753246213999343,0.0,1.8968294038826978,4.459710279955493,0.42532570162867794,0.0,121,0.05165289256198347,20.48071517944254,6.020240783691634,1.3612273221700508,1.0051040439733019,7,True
gng_flex,10,13.897375434282488,803.5892174520704,864.0958346618281,0.994921875,T7,,False,False,False,19.044292768439195,1.931468955461783,0.0,2.0639163368420363,3.1543243803668015,0.6543132816929986,0.0,121,0.038739669421487606,11.451008510590668,2.7333831787104828,0.995144275691838,1.0051040439733019,7,True
gng_flex,10,13.897375434282488,803.5892174520704,864.0958346618281,0.994921875,FC1,,False,True,False,25.92530395684763,2.250431146830818,0.0,3.2102463037509277,5.613156145978948,0.571914662671664,0.0,121,0.05165289256198347,29.58145370483294,6.283283233641612,3.1673586792289887,1.0051040439733019,7,True
gng_flex,10,13.897375434282488,803.5892174520704,864.0958346618281,0.994921875,FC5,,False,False,False,16.556284336086897,2.2036579471360307,0.0,1.9881309393248956,4.417167561933587,0.4500918091625675,0.0,121,0.05165289256198347,15.525601196288846,4.028160095214503,-7.679540046546401,1.0051040439733019,7,True
gng_flex,10,13.897375434282488,803.5892174520704,864.0958346618281,0.994921875,FT9,,False,False,False,31.13814238894048,3.241324829011057,0.0,2.0669409998159036,4.298282544039608,0.4808760193491963,0.0,121,0.025826446280991736,21.16131057739274,6.645919799803849,0.22902180553171964,1.0051040439733019,7,True
gng_flex,10,13.897375434282488,803.5892174520704,864.0958346618281,0.994921875,F3,F,True,True,False,18.84419862240391,3.5271589245160797,0.0,2.45674338338008,7.851360241065183,0.31290672035789524,0.0,121,0.038739669421487606,20.93793706893962,4.819076538086733,-0.5613842511740597,1.0051040439733019,7,True
gng_flex,10,13.897375434282488,803.5892174520704,864.0958346618281,0.994921875,F7,,False,False,False,21.507193001044293,4.875423044644256,0.0,2.599237215033718,9.580467334050708,0.2713058898281048,0.0,121,0.14204545454545456,85.41922750472986,14.36579513549816,-54.06924261146774,1.0051040439733019,7,True
gng_flex,10,13.897375434282488,803.5892174520704,864.0958346618281,0.994921875,Fp1,,False,False,False,23.12727624251211,2.032982628212375,0.0,3.6825556482934516,20.462721529324636,0.17996411880091656,0.0,121,0.7618801652892562,392.43022460937436,9.267486572265625,-554.4837804251194,1.0051040439733019,7,True
gng_flex,10,13.897375434282488,803.5892174520704,864.0958346618281,0.994921875,Pz,P,True,True,False,17.28719192106933,2.129342519202817,0.0,2.3936197642801313,5.310399595767782,0.4507419302659953,0.0,121,0.05165289256198347,25.828463745117006,10.426963806152344,1.7629803643123845,1.0051040439733019,7,True
gng_flex,10,13.897375434282488,803.5892174520704,864.0958346618281,0.994921875,Cz,C,True,True,False,16.44532292687717,2.0165101413431077,0.0,2.2070941624146876,6.072200142587674,0.36347520018899315,0.0,121,0.06456611570247935,29.44585266113296,9.291488647459175,-0.8794385063858143,1.0051040439733019,7,True
gng_flex,10,13.897375434282488,803.5892174520704,864.0958346618281,0.994921875,O1,,False,False,True,45.07199488291623,1.4292231184341013,0.0,6.933163505072983,6.501018130923659,1.0664734916049103,0.0,121,1.7174586776859502,36.97826051712036,8.775409698486328,26.077517138453487,1.0051040439733019,7,True
gng_flex,10,13.897375434282488,803.5892174520704,864.0958346618281,0.994921875,PO9,,False,False,True,41.50631339545131,7.434874513104633,7.43801652892562,3.936395570036913,9.786333112563426,0.4022339649345756,2.0102080879466038,121,0.3228305785123967,48.67433300018274,10.733831405639194,1.7180538252870208,1.0051040439733019,7,True
gng_flex,10,13.897375434282488,803.5892174520704,864.0958346618281,0.994921875,P3,P,True,True,False,19.200751737355752,1.9101107985577435,0.0,2.0785258505549566,4.319809404606985,0.481161471693231,0.0,121,0.05165289256198347,21.161310577392754,6.645919799803849,-0.2349975174112652,1.0051040439733019,7,True
gng_flex,10,13.897375434282488,803.5892174520704,864.0958346618281,0.994921875,P7,,False,False,False,25.35266242857419,1.7608161668864577,0.0,2.353036178888047,4.27844559473399,0.5499745472477712,0.0,121,0.038739669421487606,19.539046096801712,6.5025177001953125,3.3889802382430387,1.0051040439733019,7,True
gng_flex,10,13.897375434282488,803.5892174520704,864.0958346618281,0.994921875,CP1,,False,True,False,16.138823494623598,1.4781109728905242,0.0,2.172341457027069,4.91068579573711,0.44237028133888034,0.0,121,0.06456611570247935,23.846834468841053,8.004638671874773,-2.414828270342931,1.0051040439733019,7,True
gng_flex,10,13.897375434282488,803.5892174520704,864.0958346618281,0.994921875,CP5,,False,False,False,16.285744853574563,1.6544671725245654,0.0,1.812712109458846,3.4992037588894114,0.5180355973423424,0.0,121,0.05165289256198347,16.88415451049707,5.0641670227047655,0.9193013999866211,1.0051040439733019,7,True
gng_flex,10,13.897375434282488,803.5892174520704,864.0958346618281,0.994921875,C4,C,True,True,False,15.913269523583487,1.7082025918397596,0.0,2.5862018129076425,7.200534897989066,0.35916801314717683,0.0,121,0.09039256198347108,34.905246734618714,12.801719665526093,-3.6446986641655994,1.0051040439733019,7,True
gng_flex,10,13.897375434282488,803.5892174520704,864.0958346618281,0.994921875,T8,,False,False,False,27.0038986548941,2.2405125576829654,0.0,3.2304941085129064,8.233470315668526,0.39236117756630334,0.0,121,0.21952479338842976,56.856378555297994,15.116592407226904,-26.90797501123395,1.0051040439733019,7,True
gng_flex,10,13.897375434282488,803.5892174520704,864.0958346618281,0.994921875,FC2,,False,True,False,15.378539260982238,2.0167221027847444,0.0,2.475044539312056,6.683361666976569,0.3703292837707107,0.0,121,0.038739669421487606,30.718771648406175,11.642257690429574,-1.143394088087242,1.0051040439733019,7,True
gng_flex,10,13.897375434282488,803.5892174520704,864.0958346618281,0.994921875,FC6,,False,False,False,21.773362969010698,3.2225529613066235,0.0,3.1232469242289325,9.627161202350086,0.3244203414259353,0.0,121,0.09039256198347108,46.29029693603516,18.642898559569403,1.4739493451911023,1.0051040439733019,7,True
gng_flex,10,13.897375434282488,803.5892174520704,864.0958346618281,0.994921875,FT10,,False,False,False,32.62190266350952,17.26025756318216,3.3057851239669422,3.2334716846456453,13.871508513903747,0.23310166168334603,1.0051040439733019,121,0.2066115702479339,80.56873197555524,20.220741271972656,-13.551313873298776,1.0051040439733019,7,True
gng_flex,10,13.897375434282488,803.5892174520704,864.0958346618281,0.994921875,F4,F,True,True,False,19.065988882628147,3.129819168284477,0.0,2.9107159823294895,10.711153641059685,0.27174626374246685,0.0,121,0.07747933884297521,47.34838705062799,16.22438812255845,-7.222928936630413,1.0051040439733019,7,True
gng_flex,10,13.897375434282488,803.5892174520704,864.0958346618281,0.994921875,F8,,False,False,False,21.08297724564058,3.894924299084705,0.0,3.2257514479381384,14.78257243866972,0.21821313315535648,0.0,121,0.2066115702479339,88.9039389610291,28.16552734374943,-44.92584165194965,1.0051040439733019,7,True
gng_flex,10,13.897375434282488,803.5892174520704,864.0958346618281,0.994921875,Fp2,,False,False,False,17.22629249097041,2.7489695836171704,0.0,3.641722656571191,20.652989020371596,0.1763290850045524,0.0,121,0.7102272727272727,299.5726066589357,20.21470642089821,-400.3170452535021,1.0051040439733019,7,True
gng_flex,10,13.897375434282488,803.5892174520704,864.0958346618281,0.994921875,Oz,,False,False,False,47.99979637983493,3.31696117119632,2.479338842975207,4.484205561575202,9.0962392625577,0.49297357205996833,1.0051040439733019,121,0.09039256198347108,30.180652809142885,9.0206346511834,9.482214908258504,1.0051040439733019,7,True
gng_flex,10,13.897375434282488,803.5892174520704,864.0958346618281,0.994921875,Fz,F,True,True,False,17.40421646909021,3.725125593812914,0.0,2.3723686286203858,8.497695379596747,0.2791778856084348,0.0,121,0.038739669421487606,31.135643005370696,9.79956817626919,-3.812090866035567,1.0051040439733019,7,True
gng_flex,10,13.897375434282488,803.5892174520704,864.0958346618281,0.994921875,O2,,False,False,False,28.310769268309866,2.8024374752565433,0.0,4.248350625538513,5.601049128583777,0.7584919410647459,0.0,121,0.1291322314049587,25.378485870361942,8.253692626953466,-5.411547957043555,1.0051040439733019,7,True
gng_flex,10,13.897375434282488,803.5892174520704,864.0958346618281,0.994921875,PO10,,False,False,True,31.196778534796017,11.53412136878448,4.958677685950414,3.463668076799277,8.222054384813573,0.4212655274084291,1.0051040439733019,121,0.09039256198347108,43.286605834961506,12.835624694824787,-16.633917657031283,1.0051040439733019,7,True
gng_flex,10,13.897375434282488,803.5892174520704,864.0958346618281,0.994921875,P4,P,True,True,False,17.00046631458772,1.746094180475314,0.0,2.6231288690917154,5.493404732556745,0.4775051169169646,0.0,121,0.07747933884297521,27.40561513900775,9.303504943847656,1.0564093118376128,1.0051040439733019,7,True
gng_flex,10,13.897375434282488,803.5892174520704,864.0958346618281,0.994921875,P8,,False,False,False,22.36227634776459,4.040436640784898,0.0,3.210461896123601,6.9484954904428955,0.4620369834792779,0.0,121,0.14204545454545456,42.91641540527371,10.857439041137923,-16.595769643868657,1.0051040439733019,7,True
gng_flex,10,13.897375434282488,803.5892174520704,864.0958346618281,0.994921875,CP2,,False,True,False,21.524158160852267,1.8448862296998532,0.0,3.001185866742429,5.823212843438588,0.5153831651755731,0.0,121,0.10330578512396695,29.291001892090435,10.793624877930256,-8.657189926521733,1.0051040439733019,7,True
gng_flex,10,13.897375434282488,803.5892174520704,864.0958346618281,0.994921875,CP6,,False,False,False,20.003777393564775,2.0904627844472468,0.0,3.227258127205668,6.980531897293069,0.4623226674828524,0.0,121,0.09039256198347108,37.13474960327085,10.921119689942088,-11.69702724745542,1.0051040439733019,7,True
gng_flex,11,14.897489584570575,863.595873875136,924.1028762733331,1.0084635416666667,C3,C,True,True,False,13.369690366124933,1.7618022766612846,0.0,2.036230203546173,4.984878567793596,0.4084814054853593,0.0,122,0.0,28.40592441558863,7.347023010254247,-21.90458498227894,0.0,0,False
gng_flex,11,14.897489584570575,863.595873875136,924.1028762733331,1.0084635416666667,T7,,False,False,False,20.097246374901097,3.441837874539816,0.0,1.945299064434189,3.743362362673239,0.5196662454673495,0.0,122,0.0,24.692854976655326,3.9445533752442543,-21.602282115741083,0.0,0,False
gng_flex,11,14.897489584570575,863.595873875136,924.1028762733331,1.0084635416666667,FC1,,False,True,False,36.155523718167956,2.235080164791832,0.0,3.3278872755337914,6.1603575771839925,0.5402100825866389,0.0,122,0.09038089089735313,39.13851060867353,8.442752838134822,-27.979069565743934,0.0,0,False
gng_flex,11,14.897489584570575,863.595873875136,924.1028762733331,1.0084635416666667,FC5,,False,False,False,16.841597170045866,1.5689749960878012,0.0,1.8188764363541285,4.54330070462444,0.4003425162905833,0.0,122,0.0,25.527982234955346,5.193628311158591,-21.328259967974073,0.0,0,False
gng_flex,11,14.897489584570575,863.595873875136,924.1028762733331,1.0084635416666667,FT9,,False,False,False,33.31755932899601,2.0322196199844966,0.0,1.867913541359304,4.9269011540058925,0.37912543462345866,0.0,122,0.0,27.039693737031868,8.869232177734332,-19.09219430118069,0.0,0,False
gng_flex,11,14.897489584570575,863.595873875136,924.1028762733331,1.0084635416666667,F3,F,True,True,False,17.92654035656579,18.874747063250947,4.098360655737705,2.220907687565909,10.055477540656407,0.2208654614946245,0.9916074887023886,122,0.0,33.19646196365437,8.339210510254759,-20.791784781213646,0.0,0,False
gng_flex,11,14.897489584570575,863.595873875136,924.1028762733331,1.0084635416666667,F7,,False,False,False,22.597880138092187,2.6887860575201006,0.0,2.3154549669194777,8.720714639652467,0.26551206668215804,0.0,122,0.03873466752743705,31.034600543975785,9.42304992675804,-23.298953114945277,0.0,0,False
gng_flex,11,14.897489584570575,863.595873875136,924.1028762733331,1.0084635416666667,Fp1,,False,False,False,21.98769295722702,2.2691083124839877,0.0,3.3523420016528775,24.058674453946576,0.13934026199448243,0.0,122,0.7488702388637831,384.4294740676878,21.84239959716797,-338.947758943688,0.0,0,False
gng_flex,11,14.897489584570575,863.595873875136,924.1028762733331,1.0084635416666667,Pz,P,True,True,False,18.76983789873171,2.0140052867948337,0.0,2.689296350925698,5.844894248548193,0.4601103521408774,0.0,122,0.0,31.46345005035471,9.883247375488736,-19.897497491989135,0.0,0,False
gng_flex,11,14.897489584570575,863.595873875136,924.1028762733331,1.0084635416666667,Cz,C,True,True,False,18.713860094509915,1.5656777457392814,0.0,2.340439503439016,6.510711883784526,0.3594752071993966,0.0,122,0.0,34.79914102554437,10.494775772096034,-22.513238875040127,0.0,0,False
gng_flex,11,14.897489584570575,863.595873875136,924.1028762733331,1.0084635416666667,O1,,False,False,True,45.18848744357382,1.4801910198401302,0.0,7.53804645313207,7.21092216300528,1.0453651118029064,0.0,122,1.6397675919948353,45.67385168075543,7.544350624084927,45.05005159460655,0.0,0,False
gng_flex,11,14.897489584570575,863.595873875136,924.1028762733331,1.0084635416666667,PO9,,False,False,True,38.581959714896975,1.4590962441484585,0.0,3.6457287554441975,6.412415729716959,0.56854217023841,0.0,122,0.0,29.018887805938903,5.81712532043457,-21.098539672185982,0.0,0,False
gng_flex,11,14.897489584570575,863.595873875136,924.1028762733331,1.0084635416666667,P3,P,True,True,False,19.594316915829495,5.784170095603026,0.819672131147541,2.679878066077788,5.155914963342362,0.5197677008118334,0.9916074887023886,122,0.02582311168495804,93.17624225616336,7.827136039733574,73.04040449979337,0.0,0,False
gng_flex,11,14.897489584570575,863.595873875136,924.1028762733331,1.0084635416666667,P7,,False,False,False,23.6445751538321,1.6238173321608902,0.0,2.593488688255865,4.994226770254787,0.5192973422237201,0.0,122,0.0,26.73780479431184,4.667636871338118,-19.87180594428372,0.0,0,False
gng_flex,11,14.897489584570575,863.595873875136,924.1028762733331,1.0084635416666667,CP1,,False,True,False,17.577628207522274,1.4855605995579773,0.0,2.49276982166558,5.597251235858528,0.44535607151163176,0.0,122,0.0,31.718016242981548,8.717798233032227,-21.311356690950415,0.0,0,False
gng_flex,11,14.897489584570575,863.595873875136,924.1028762733331,1.0084635416666667,CP5,,False,False,False,15.52609141946516,1.7022946767704012,0.0,2.084314008954835,4.126171755708361,0.5051447521716192,0.0,122,0.0,26.088962841035254,4.679319381715544,-21.007188465486678,0.0,0,False
gng_flex,11,14.897489584570575,863.595873875136,924.1028762733331,1.0084635416666667,C4,C,True,True,False,16.855134378293986,1.8278409697459614,0.0,2.5645894472418758,7.179265111119226,0.3572217222163654,0.0,122,0.02582311168495804,41.37568531036405,11.881431579590043,-19.010495923216688,0.0,0,False
gng_flex,11,14.897489584570575,863.595873875136,924.1028762733331,1.0084635416666667,T8,,False,False,False,26.723738696583194,1.753042480689246,0.0,3.0733069612773485,7.984022338798834,0.384932159613636,0.0,122,0.12911555842479017,48.925309181214004,13.592830657959553,-34.3978778467406,0.0,0,False
gng_flex,11,14.897489584570575,863.595873875136,924.1028762733331,1.0084635416666667,FC2,,False,True,False,15.606951747067942,1.6574302324505632,0.0,2.383675436933492,6.942342565668811,0.3433531858138512,0.0,122,0.0,40.40322160720888,12.56881713867108,-21.097002969717515,0.0,0,False
gng_flex,11,14.897489584570575,863.595873875136,924.1028762733331,1.0084635416666667,FC6,,False,False,False,20.104131757513237,3.926894039237313,0.0,3.0452465474347226,9.162868569621823,0.3323464179690191,0.0,122,0.05164622336991608,51.361650371552,18.44185638427882,-23.738912528499643,0.0,0,False
gng_flex,11,14.897489584570575,863.595873875136,924.1028762733331,1.0084635416666667,FT10,,False,False,False,29.200871924733782,2.1463032004949176,0.0,2.9522451341536424,8.760103149059354,0.3370103164219761,0.0,122,0.02582311168495804,44.109607315063386,14.254001617431868,-21.914233443146415,0.0,0,False
gng_flex,11,14.897489584570575,863.595873875136,924.1028762733331,1.0084635416666667,F4,F,True,True,False,19.428490107622473,3.3039043821610994,0.0,2.6856830867227686,11.013147025435568,0.24386154843116245,0.0,122,0.03873466752743705,54.34067497253474,20.4078350067131,-28.570870674780338,0.0,0,False
gng_flex,11,14.897489584570575,863.595873875136,924.1028762733331,1.0084635416666667,F8,,False,False,False,21.67413380222294,1.99432698873082,0.0,3.045839855892215,13.716413797566053,0.2220580321390342,0.0,122,0.1549386701097482,81.19430379867617,26.187311172487057,-35.91235601034999,0.0,0,False
gng_flex,11,14.897489584570575,863.595873875136,924.1028762733331,1.0084635416666667,Fp2,,False,False,False,16.400310704586364,2.366745215319996,0.0,3.3919920974330964,23.730509192212786,0.14293802421004034,0.0,122,0.7488702388637831,212.9584950447088,29.84510803222679,-131.30134942349923,0.0,0,False
gng_flex,11,14.897489584570575,863.595873875136,924.1028762733331,1.0084635416666667,Oz,,False,False,False,54.160733504634365,1.4166051384159561,0.0,4.9515811054604715,9.109062243333225,0.5435884587444172,0.0,122,0.0774693350548741,19.935172557831265,5.004542350768588,7.9147374626812805,0.0,0,False
gng_flex,11,14.897489584570575,863.595873875136,924.1028762733331,1.0084635416666667,Fz,F,True,True,False,17.800894601914933,2.826107654939331,0.0,2.2756529894057604,9.326550219674129,0.2439972911533062,0.0,122,0.0,38.146988868714175,14.104682922362542,-20.44000619133405,0.0,0,False
gng_flex,11,14.897489584570575,863.595873875136,924.1028762733331,1.0084635416666667,O2,,False,False,False,27.083749755708325,3.7287692044223015,0.0,4.3665686718533205,6.469273183814528,0.6749705179830768,0.0,122,0.03873466752743705,31.749265766145186,7.387031555175895,-19.98249403737637,0.0,0,False
gng_flex,11,14.897489584570575,863.595873875136,924.1028762733331,1.0084635416666667,PO10,,False,False,True,24.616675449344893,1.6675936676517635,0.0,3.2375214867088733,6.001803300415742,0.5394247902933793,0.0,122,0.0,27.447141933442424,7.143898010253906,-18.809698669172647,0.0,0,False
gng_flex,11,14.897489584570575,863.595873875136,924.1028762733331,1.0084635416666667,P4,P,True,True,False,16.483604651863494,1.398384073219519,0.0,2.8192606462618257,6.035859443937223,0.4670852050893364,0.0,122,0.0,35.03482542038,8.273674011230014,-21.075255722590427,0.0,0,False
gng_flex,11,14.897489584570575,863.595873875136,924.1028762733331,1.0084635416666667,P8,,False,False,False,20.400868797915116,1.5379083832247031,0.0,3.090677832671497,6.4680691544976545,0.47783623811788634,0.0,122,0.05164622336991608,35.61158876419108,8.80144596099899,-29.831116090679885,0.0,0,False
gng_flex,11,14.897489584570575,863.595873875136,924.1028762733331,1.0084635416666667,CP2,,False,True,False,29.386648133457484,2.316799944740375,0.0,3.1715456528410972,6.438218648050326,0.49261229327797534,0.0,122,0.02582311168495804,37.15134820938238,10.140304565430824,-20.06459285638887,0.0,0,False
gng_flex,11,14.897489584570575,863.595873875136,924.1028762733331,1.0084635416666667,CP6,,False,False,False,19.84366620231399,1.576981114127233,0.0,3.324593121743484,6.878396606066353,0.48333838714845007,0.0,122,0.01291155584247902,37.78586778640852,12.17234802246162,-26.864865828359946,0.0,0,False
oddball_flex,1,50.14344879378623,241.02697775227716,301.53395251202164,1.0084635416666667,C3,C,True,True,False,14.519827580848208,1.925876769794018,0.0,2.3259792130413124,6.0799108826933805,0.3825679780376832,0.0,122,0.34861200774693346,29.468861198425188,7.9388084411622515,19.837935442543106,0.0,0,False
oddball_flex,1,50.14344879378623,241.02697775227716,301.53395251202164,1.0084635416666667,T7,,False,False,False,22.84487377440819,1.616590968652833,0.0,2.74741063230134,7.538378294675674,0.36445645534157195,0.0,122,0.0774693350548741,45.16168727874897,10.331312179564634,27.22418682629177,0.0,0,False
oddball_flex,1,50.14344879378623,241.02697775227716,301.53395251202164,1.0084635416666667,FC1,,False,True,False,21.994847817168054,2.9087936586339436,0.0,2.3733848859091706,7.753300056569359,0.3061128640182325,0.0,122,0.34861200774693346,35.32408103942886,10.544773101806506,25.527403394941985,0.0,0,False
oddball_flex,1,50.14344879378623,241.02697775227716,301.53395251202164,1.0084635416666667,FC5,,False,False,False,21.697304414423833,1.9612028974596416,0.0,3.0015151459236318,8.732289729933303,0.343726014453549,0.0,122,0.34861200774693346,49.77899570465031,10.998937606811623,34.86394303618461,0.0,0,False
oddball_flex,1,50.14344879378623,241.02697775227716,301.53395251202164,1.0084635416666667,FT9,,False,False,False,32.506463076524895,2.1626335069390232,0.0,2.9836650602538732,10.949757235020966,0.2724868685408951,0.0,122,0.20658489347966433,61.62852058410647,16.54102706909208,31.50123701722417,0.0,0,False
oddball_flex,1,50.14344879378623,241.02697775227716,301.53395251202164,1.0084635416666667,F3,F,True,True,False,21.125240982085472,3.3458165899578853,0.0,2.904671625194549,13.176381319833512,0.2204453221782785,0.0,122,0.8005164622336991,39.685619926452134,12.796007156372895,-9.56128168036363,0.0,0,False
oddball_flex,1,50.14344879378623,241.02697775227716,301.53395251202164,1.0084635416666667,F7,,False,False,False,24.323510842621285,2.999801359879169,0.0,3.060374944355567,16.808958816032916,0.18206808511164205,0.0,122,0.8005164622336991,72.19761543274058,19.60874366760231,-50.70006083973384,0.0,0,False
oddball_flex,1,50.14344879378623,241.02697775227716,301.53395251202164,1.0084635416666667,Fp1,,False,False,False,27.445003150011512,2.758161898171016,0.0,4.287022865858948,31.730677398144113,0.13510656618095682,0.0,122,3.4215622982569402,1237.5630938529976,23.091642379760742,-769.7511564597737,0.0,0,False
oddball_flex,1,50.14344879378623,241.02697775227716,301.53395251202164,1.0084635416666667,Pz,P,True,True,False,20.2002119662941,4.724119282299243,0.0,2.863429753480222,4.925551194302709,0.581341994128961,0.0,122,0.10329244673983216,30.940641403196352,5.3010349273682635,14.393963858618722,0.0,0,False
oddball_flex,1,50.14344879378623,241.02697775227716,301.53395251202164,1.0084635416666667,Cz,C,True,True,False,17.012134194683316,2.6650354337510116,0.0,2.450630201155505,5.786269457643734,0.423525074159516,0.0,122,0.5810200129115558,23.544541072847068,6.233446121215849,19.747669040366162,0.0,0,False
oddball_flex,1,50.14344879378623,241.02697775227716,301.53395251202164,1.0084635416666667,O1,,False,False,False,30.101322482632916,5.02617898135551,1.639344262295082,4.823674461280013,6.982285704122727,0.6908446124500246,0.9916074887023886,122,2.040025823111685,74.94421892166224,5.865704536439125,-34.971538188725916,0.0,0,False
oddball_flex,1,50.14344879378623,241.02697775227716,301.53395251202164,1.0084635416666667,PO9,,False,False,True,37.07150488231319,2.9745848773818704,0.819672131147541,3.934648492740328,7.569777467614728,0.5197839050848815,0.0,122,2.1562298256939965,57.436866092682294,4.485996246337891,-56.35097806741179,0.0,0,False
oddball_flex,1,50.14344879378623,241.02697775227716,301.53395251202164,1.0084635416666667,P3,P,True,True,False,17.57462182822137,1.60848119429622,0.0,2.550130644845046,4.86875605568138,0.523774577259685,0.0,122,0.3615235635894125,15.7532020568843,5.496349334716854,8.649025627412588,0.0,0,False
oddball_flex,1,50.14344879378623,241.02697775227716,301.53395251202164,1.0084635416666667,P7,,False,False,False,26.419220680649175,2.632722208215396,0.0,3.307100980270814,5.743991687433209,0.5757496111121015,0.0,122,0.11620400258231117,26.161110877989586,5.725328445433391,-3.4150823125964003,0.0,0,False
oddball_flex,1,50.14344879378623,241.02697775227716,301.53395251202164,1.0084635416666667,CP1,,False,True,False,23.41146868987429,1.5140820292738912,0.0,3.3305557468776277,4.829077665797986,0.6896877576573965,0.0,122,0.49063912201420273,21.833399105072772,5.5602722167967045,12.589053034416416,0.0,0,False
oddball_flex,1,50.14344879378623,241.02697775227716,301.53395251202164,1.0084635416666667,CP5,,False,False,False,16.531341189002294,1.8313102404041628,0.0,2.6078824496068003,5.460796546210689,0.4775644775516203,0.0,122,0.11620400258231117,30.206949615478024,6.233856201172387,18.11890233415521,0.0,0,False
oddball_flex,1,50.14344879378623,241.02697775227716,301.53395251202164,1.0084635416666667,C4,C,True,True,False,16.422514611847554,1.433398236989369,0.0,2.3878621553546067,4.6198791768382685,0.5168667975833949,0.0,122,0.6972240154938669,16.142469215393717,4.048244476318175,9.655349638992838,0.0,0,False
oddball_flex,1,50.14344879378623,241.02697775227716,301.53395251202164,1.0084635416666667,T8,,False,False,False,23.904597069102188,1.864337988219583,0.0,2.6117830713690338,5.031755739221239,0.5190599875528253,0.0,122,1.1233053582956747,80.47693939209165,5.201578140258732,-95.92316715536225,0.0,0,False
oddball_flex,1,50.14344879378623,241.02697775227716,301.53395251202164,1.0084635416666667,FC2,,False,True,False,17.44312218162312,1.8381832820591586,0.0,2.2652532754861374,6.144553019361719,0.3686603839771972,0.0,122,0.38734667527437056,24.15278100967348,4.010421752931094,23.39222785967116,0.0,0,False
oddball_flex,1,50.14344879378623,241.02697775227716,301.53395251202164,1.0084635416666667,FC6,,False,False,False,20.28166804420729,4.77039845274208,0.0,2.5406555097305192,7.092348933822582,0.3582248326241297,0.0,122,1.1362169141381537,38.02770824432389,7.096096992492335,23.4501550919795,0.0,0,False
oddball_flex,1,50.14344879378623,241.02697775227716,301.53395251202164,1.0084635416666667,FT10,,False,False,False,30.6302751461634,5.948665928923671,1.639344262295082,2.4170446920490325,7.8462155070792186,0.3080522947487566,0.9916074887023886,122,0.6197546804389928,28.72504673004133,7.315296173095895,-22.28754412949329,0.0,0,False
oddball_flex,1,50.14344879378623,241.02697775227716,301.53395251202164,1.0084635416666667,F4,F,True,True,False,24.295940564506925,2.694555725911385,0.0,2.757612549282941,11.432247452490993,0.24121351123151905,0.0,122,1.0716591349257585,56.479117202760705,7.610208511352283,-61.185589928264335,0.0,0,False
oddball_flex,1,50.14344879378623,241.02697775227716,301.53395251202164,1.0084635416666667,F8,,False,False,False,19.947018616628576,2.579890180196295,0.0,2.7487609870916807,11.69931104174825,0.23495067164920233,0.0,122,1.329890251775339,98.36786117553766,13.778270721435547,-113.32799633191559,0.0,0,False
oddball_flex,1,50.14344879378623,241.02697775227716,301.53395251202164,1.0084635416666667,Fp2,,False,False,False,15.89025978167775,2.17122778607182,0.0,3.9093156722381806,28.613452794484154,0.13662509380873403,0.0,122,3.1633311814073597,967.6319001197817,14.947330474852606,-710.9428373971667,0.0,0,False
oddball_flex,1,50.14344879378623,241.02697775227716,301.53395251202164,1.0084635416666667,Oz,,False,False,False,27.31456368986978,3.476005922530491,0.0,3.1997921143849433,6.537531015739708,0.48944962657632507,0.0,122,0.7876049063912202,32.216980361938724,6.689907073974595,-22.607022569260504,0.0,0,False
oddball_flex,1,50.14344879378623,241.02697775227716,301.53395251202164,1.0084635416666667,Fz,F,True,True,False,20.046428629979896,3.1701994682484025,0.0,2.1768477383500975,10.837239053081188,0.20086737292476606,0.0,122,0.5035506778566817,27.613451194762057,8.628183364868093,6.4632689971681145,0.0,0,False
oddball_flex,1,50.14344879378623,241.02697775227716,301.53395251202164,1.0084635416666667,O2,,False,False,False,28.115070005325805,2.985485975134737,0.0,3.3061179522728588,6.3009137651619325,0.5247045231046568,0.0,122,1.4073595868302131,78.4128520011908,5.791262626647608,-74.10718819548501,0.0,0,False
oddball_flex,1,50.14344879378623,241.02697775227716,301.53395251202164,1.0084635416666667,PO10,,False,False,True,25.499817025516304,2.891369006355878,0.0,2.8006137428344466,5.7042513700442905,0.4909695525589542,0.0,122,1.44609425435765,66.83481931686487,4.761219024658288,-81.6355006427014,0.0,0,False
oddball_flex,1,50.14344879378623,241.02697775227716,301.53395251202164,1.0084635416666667,P4,P,True,True,False,17.933944111333247,2.1703985377898127,0.0,2.0374023713385765,4.134783878609255,0.4927470047174175,0.0,122,0.4519044544867657,15.801151657106068,3.6519107818600887,9.08790720928037,0.0,0,False
oddball_flex,1,50.14344879378623,241.02697775227716,301.53395251202164,1.0084635416666667,P8,,False,False,False,25.151051142143444,1.9127658813621486,0.0,3.111181799026331,4.717462741381685,0.659503205342774,0.0,122,1.4848289218850872,92.0980751991276,5.271282196044808,-99.3925101654354,0.0,0,False
oddball_flex,1,50.14344879378623,241.02697775227716,301.53395251202164,1.0084635416666667,CP2,,False,True,False,35.28141509065185,1.2730069683778475,0.0,2.650623111801135,4.071538452682855,0.6510126682101116,0.0,122,0.9167204648160103,21.492837142942488,4.647790908813526,20.861941519520784,0.0,0,False
oddball_flex,1,50.14344879378623,241.02697775227716,301.53395251202164,1.0084635416666667,CP6,,False,False,False,21.15884729977398,4.114094421781517,0.0,2.9843658793884447,4.619998646346084,0.6459668298276999,0.0,122,1.0587475790832797,43.765459060667894,4.2060422897352225,-48.27946325794377,0.0,0,False
oddball_flex,2,51.143556367942075,301.0336177391582,361.540221423842,0.994921875,C3,C,True,True,False,16.178675381885157,3.313332897661384,0.0,3.3458463879779936,5.262305105269277,0.6358138346307047,0.0,121,0.9943181818181818,60.909321498873375,5.932749748230741,57.80162748935025,1.0051040439733019,7,True
oddball_flex,2,51.143556367942075,301.0336177391582,361.540221423842,0.994921875,T7,,False,False,False,27.273941135178564,8.438646627697826,6.6115702479338845,3.577117761416571,8.321361453905627,0.42987169602369,0.0,121,0.15495867768595042,48.266770267486905,9.849441528318536,-2.7685799544284295,1.0051040439733019,7,True
oddball_flex,2,51.143556367942075,301.0336177391582,361.540221423842,0.994921875,FC1,,False,True,False,29.34863001099337,9.214030780158968,6.6115702479338845,2.961728103981043,8.924248420106775,0.33187423349938605,1.0051040439733019,121,0.6456611570247934,67.66805763244824,9.437259674072692,22.582629691392647,1.0051040439733019,7,True
oddball_flex,2,51.143556367942075,301.0336177391582,361.540221423842,0.994921875,FC5,,False,False,False,25.130986852781504,4.399361740767035,0.8264462809917356,3.8270375154398644,8.213210709695733,0.46596119967091904,0.0,121,0.8135330578512397,56.356819915771815,12.789882659912116,-4.6272866786239,1.0051040439733019,7,True
oddball_flex,2,51.143556367942075,301.0336177391582,361.540221423842,0.994921875,FT9,,False,False,False,39.243965529170865,2.795399950854291,0.0,4.222340422156745,9.432575014429606,0.44763390863020586,0.0,121,0.19369834710743802,40.896018505098425,13.310237884520078,-3.3464112716425323,1.0051040439733019,7,True
oddball_flex,2,51.143556367942075,301.0336177391582,361.540221423842,0.994921875,F3,F,True,True,False,24.614267393650522,3.985664518306349,0.0,3.8144511906371177,12.064380930929724,0.3161746311290556,0.0,121,1.4721074380165289,65.522171401978,12.216259002686726,-16.949174741068664,1.0051040439733019,7,True
oddball_flex,2,51.143556367942075,301.0336177391582,361.540221423842,0.994921875,F7,,False,False,False,31.583671123041505,3.324139228647676,0.0,4.162174054423509,15.013047271123998,0.2772371244330262,0.0,121,0.8522727272727272,122.71819496154689,15.789941787719954,-120.50126479593406,1.0051040439733019,7,True
oddball_flex,2,51.143556367942075,301.0336177391582,361.540221423842,0.994921875,Fp1,,False,False,False,32.546596932553136,2.716264357614374,0.0,4.922912923353487,29.83974955896681,0.16497835927293023,0.0,121,3.3961776859504136,1324.5302453041081,19.933544158935547,-1466.889856152995,1.0051040439733019,7,True
oddball_flex,2,51.143556367942075,301.0336177391582,361.540221423842,0.994921875,Pz,P,True,True,False,20.028628377504404,2.0069649746779987,0.0,3.0035479944457446,3.992357812886253,0.7523243494736626,0.0,121,0.14204545454545456,20.1916186332693,4.930805206300391,-15.612835298625,1.0051040439733019,7,True
oddball_flex,2,51.143556367942075,301.0336177391582,361.540221423842,0.994921875,Cz,C,True,True,False,19.046604350836887,1.8875039719039348,0.0,2.686298318873322,4.563059786346615,0.5887054837438563,0.0,121,0.59400826446281,25.749580383299445,5.013980865478317,-25.079218414028748,1.0051040439733019,7,True
oddball_flex,2,51.143556367942075,301.0336177391582,361.540221423842,0.994921875,O1,,False,False,False,28.75628425740516,2.519740958541299,0.0,4.023433280137147,5.859528370400334,0.6866479733184155,0.0,121,1.485020661157025,32.91884307861045,4.653770446777571,-35.75625005800297,1.0051040439733019,7,True
oddball_flex,2,51.143556367942075,301.0336177391582,361.540221423842,0.994921875,PO9,,False,False,True,43.019394767797635,7.038848425700312,10.743801652892563,4.376520000046718,9.36971057805491,0.4670923358398179,1.0051040439733019,121,2.2856404958677685,89.6849373817438,10.140369415284226,-118.43456500839024,1.0051040439733019,7,True
oddball_flex,2,51.143556367942075,301.0336177391582,361.540221423842,0.994921875,P3,P,True,True,False,18.773121651607653,1.721479042705128,0.0,2.6822345710731,4.194984260764747,0.6393908544925333,0.0,121,0.3744834710743802,14.925225448610075,4.084153175355208,4.852868322765608,1.0051040439733019,7,True
oddball_flex,2,51.143556367942075,301.0336177391582,361.540221423842,0.994921875,P7,,False,False,False,26.37561933977478,1.8634505868324316,0.0,3.6554822933746594,5.346184495026153,0.6837553580082307,0.0,121,0.15495867768595042,19.332422733307652,6.098310470583101,6.189984494388308,1.0051040439733019,7,True
oddball_flex,2,51.143556367942075,301.0336177391582,361.540221423842,0.994921875,CP1,,False,True,False,27.322401880835876,2.4243274642876917,0.0,3.69128338420873,4.3504306621835,0.8484868903429571,0.0,121,0.46487603305785125,18.16254787445169,5.644065856933679,1.1854388597645924,1.0051040439733019,7,True
oddball_flex,2,51.143556367942075,301.0336177391582,361.540221423842,0.994921875,CP5,,False,False,False,17.677480721880563,1.9662140073810612,0.0,3.046115413624651,4.716092288217759,0.6458981774455048,0.0,121,0.2066115702479339,22.180290508270332,5.892446517943398,4.31586125902967,1.0051040439733019,7,True
oddball_flex,2,51.143556367942075,301.0336177391582,361.540221423842,0.994921875,C4,C,True,True,False,17.49096810970563,3.4202744562684035,0.0,3.1551340445056995,4.579633947469201,0.6889489598288289,0.0,121,1.2138429752066116,56.459068775178224,5.928676605224666,45.517582135338095,1.0051040439733019,7,True
oddball_flex,2,51.143556367942075,301.0336177391582,361.540221423842,0.994921875,T8,,False,False,False,28.46641098356629,5.647476963902099,4.958677685950414,3.69229695799808,8.106447403887103,0.4554765822853049,0.0,121,1.3946280991735538,68.26878328323329,11.106515884399926,-55.608094498945164,1.0051040439733019,7,True
oddball_flex,2,51.143556367942075,301.0336177391582,361.540221423842,0.994921875,FC2,,False,True,False,18.784794161053657,2.309844061784295,0.0,2.973288250143604,5.462495687661939,0.5443094915130694,0.0,121,0.6973140495867769,49.59539184570282,4.874553680419801,35.19369613470073,1.0051040439733019,7,True
oddball_flex,2,51.143556367942075,301.0336177391582,361.540221423842,0.994921875,FC6,,False,False,False,23.559596047966473,3.354351609285455,0.0,3.5211528024594676,7.9829044847415975,0.4410866758070005,0.0,121,1.2913223140495869,65.42702121734479,13.325904846190923,-59.20827091832652,1.0051040439733019,7,True
oddball_flex,2,51.143556367942075,301.0336177391582,361.540221423842,0.994921875,FT10,,False,False,False,43.79484231627651,6.542552977328007,10.743801652892563,4.465594811185265,13.386270435897723,0.3335951438131684,3.015312131919906,121,1.2525826446280992,130.8166322708128,18.093021392822415,79.20830681706614,1.0051040439733019,7,True
oddball_flex,2,51.143556367942075,301.0336177391582,361.540221423842,0.994921875,F4,F,True,True,False,25.91996485203928,3.340099277521507,0.8264462809917356,4.026082195601996,10.84393867208871,0.3712748953445077,0.0,121,1.949896694214876,119.09781303405961,9.939268112183186,87.80272679081199,1.0051040439733019,7,True
oddball_flex,2,51.143556367942075,301.0336177391582,361.540221423842,0.994921875,F8,,False,False,False,24.381969507567714,2.865772071436289,0.0,4.145635019996303,12.87258415845448,0.322051498670803,0.0,121,1.4204545454545454,97.28422403335338,19.121047973634063,-108.50296618332675,1.0051040439733019,7,True
oddball_flex,2,51.143556367942075,301.0336177391582,361.540221423842,0.994921875,Fp2,,False,False,False,17.52645508806235,2.0529622111987886,0.0,4.497840037235615,27.077418390026878,0.16611037184003677,0.0,121,3.034607438016529,852.4101774215692,19.646862030028842,-951.0356266337019,1.0051040439733019,7,True
oddball_flex,2,51.143556367942075,301.0336177391582,361.540221423842,0.994921875,Oz,,False,False,False,28.769969143529813,2.8858786230278226,0.0,2.9521830526123987,6.2740879163717365,0.47053581205148726,0.0,121,0.23243801652892562,28.97122955322358,6.572452545168005,-1.7571304818389064,1.0051040439733019,7,True
oddball_flex,2,51.143556367942075,301.0336177391582,361.540221423842,0.994921875,Fz,F,True,True,False,23.18237173866233,2.9986724452737072,0.0,2.754113957247952,9.748006180378574,0.2825310023696551,0.0,121,0.6973140495867769,35.0846868515023,5.422511100768574,8.901886111176365,1.0051040439733019,7,True
oddball_flex,2,51.143556367942075,301.0336177391582,361.540221423842,0.994921875,O2,,False,False,False,35.5713246418544,5.92321071159849,4.132231404958678,3.347287885882698,8.402600007195073,0.3983633497984487,0.0,121,1.381714876033058,77.0392971038815,9.04842758178603,-18.17579953782767,1.0051040439733019,7,True
oddball_flex,2,51.143556367942075,301.0336177391582,361.540221423842,0.994921875,PO10,,False,False,True,32.67410507304913,3.226837753300464,0.8264462809917356,2.903876049190902,6.668689665272006,0.43544927038863146,0.0,121,1.162190082644628,67.211883735656,9.088409423827947,-71.10234993627665,1.0051040439733019,7,True
oddball_flex,2,51.143556367942075,301.0336177391582,361.540221423842,0.994921875,P4,P,True,True,False,18.554141545646786,2.0369007653526574,0.0,1.7315411058031267,3.3181276183922743,0.5218428297348331,0.0,121,0.4261363636363636,15.85450124740693,3.2949066162107457,7.29905820974802,1.0051040439733019,7,True
oddball_flex,2,51.143556367942075,301.0336177391582,361.540221423842,0.994921875,P8,,False,False,False,27.576098449040096,1.776603895139997,0.0,3.373157586375722,5.058676657255894,0.6668063240486909,0.0,121,1.4204545454545454,54.63482809066653,6.161403656005859,-72.84024969378937,1.0051040439733019,7,True
oddball_flex,2,51.143556367942075,301.0336177391582,361.540221423842,0.994921875,CP2,,False,True,False,38.59982770637936,1.3769818385099655,0.0,2.633653385480767,3.350981372568482,0.7859349523814594,0.0,121,0.9426652892561983,27.481377410887433,2.988719940184872,-23.90350270430523,1.0051040439733019,7,True
oddball_flex,2,51.143556367942075,301.0336177391582,361.540221423842,0.994921875,CP6,,False,False,False,24.562944930160125,1.7017077153957418,0.0,3.1793163347128908,4.602803554772471,0.6907347439184927,0.0,121,1.265495867768595,29.763028717042573,5.916989326476397,12.833267531326348,1.0051040439733019,7,True
oddball_flex,3,52.14366920465278,361.04034878569655,421.547030782589,0.994921875,C3,C,True,True,False,15.654327679530695,3.6949403605916147,0.0,2.2669790437292443,3.2232039831081414,0.7033309264973023,0.0,121,0.7489669421487604,44.3220252990734,3.141600608826689,55.542271516755584,1.0051040439733019,7,True
oddball_flex,3,52.14366920465278,361.04034878569655,421.547030782589,0.994921875,T7,,False,False,False,24.223073037483616,9.821212016515684,7.43801652892562,3.653033706497993,8.182011404752737,0.44647135353246176,1.0051040439733019,121,0.14204545454545456,59.913776206966666,8.64002513885454,75.61179536537836,1.0051040439733019,7,True
oddball_flex,3,52.14366920465278,361.04034878569655,421.547030782589,0.994921875,FC1,,False,True,False,24.851496277876535,1.9910875591444048,0.0,2.226048656725255,4.5140721030799895,0.4931353788536969,0.0,121,0.490702479338843,27.220449447630244,5.713653087615992,20.708483944224184,1.0051040439733019,7,True
oddball_flex,3,52.14366920465278,361.04034878569655,421.547030782589,0.994921875,FC5,,False,False,False,25.209320442889087,2.6408253846724175,0.0,3.7025427899340246,6.286400504554825,0.5889765991287604,0.0,121,0.8264462809917356,40.214311218260114,8.322340488433348,29.77025357029478,1.0051040439733019,7,True
oddball_flex,3,52.14366920465278,361.04034878569655,421.547030782589,0.994921875,FT9,,False,False,False,31.120230296024125,2.4287529092865356,0.0,3.889479593493441,8.497156320479053,0.457738971344964,0.0,121,0.19369834710743802,42.197164916990324,12.189192295073461,36.19723954065265,1.0051040439733019,7,True
oddball_flex,3,52.14366920465278,361.04034878569655,421.547030782589,0.994921875,F3,F,True,True,False,22.547737772696657,2.9595636853109575,0.0,3.2667480667214748,7.628231937257716,0.4282444599994481,0.0,121,1.18801652892562,41.17952384948685,8.060587882996053,4.814807736893947,1.0051040439733019,7,True
oddball_flex,3,52.14366920465278,361.04034878569655,421.547030782589,0.994921875,F7,,False,False,False,25.25381057712258,4.098513253185117,0.8264462809917356,4.004127367540784,12.005347081918272,0.3335286635378963,0.0,121,0.7747933884297521,75.63209247588884,14.958966255187704,-38.22187294468761,1.0051040439733019,7,True
oddball_flex,3,52.14366920465278,361.04034878569655,421.547030782589,0.994921875,Fp1,,False,False,False,30.081285763579615,2.615621027702968,0.0,5.270768155623182,19.121639602976636,0.2756441531720266,0.0,121,2.3372933884297518,581.8945394515999,14.88344669342041,-684.1134582023803,1.0051040439733019,7,True
oddball_flex,3,52.14366920465278,361.04034878569655,421.547030782589,0.994921875,Pz,P,True,True,False,18.541526691518143,2.591927454441432,0.0,2.5623655302067374,3.6696542683559654,0.6982580218257721,0.0,121,0.1291322314049587,49.338460159302244,2.7273268699646565,-57.60466216479377,1.0051040439733019,7,True
oddball_flex,3,52.14366920465278,361.04034878569655,421.547030782589,0.994921875,Cz,C,True,True,False,18.029652116075347,1.8402844127728804,0.0,2.1578424975237294,3.3653173464328607,0.6412003016033481,0.0,121,0.581095041322314,24.670139884947645,3.2770233154292825,13.840190847282663,1.0051040439733019,7,True
oddball_flex,3,52.14366920465278,361.04034878569655,421.547030782589,0.994921875,O1,,False,False,False,27.697453891593334,1.4888069488944826,0.0,3.566872708473396,5.231808887575785,0.6817666289271023,0.0,121,1.265495867768595,43.307476234435455,3.8778090476993157,-41.01897878220524,1.0051040439733019,7,True
oddball_flex,3,52.14366920465278,361.04034878569655,421.547030782589,0.994921875,PO9,,False,False,True,37.83971951719053,1.5368051072767006,0.0,3.92272003416492,6.3247454667707075,0.6202178498366963,0.0,121,1.5366735537190084,167.9766927719126,7.32924175262454,-223.72395234976076,1.0051040439733019,7,True
oddball_flex,3,52.14366920465278,361.04034878569655,421.547030782589,0.994921875,P3,P,True,True,False,16.22946439747353,1.5537245847682393,0.0,1.7868059018278966,2.99109377720686,0.5973754201369272,0.0,121,0.3744834710743802,19.226293563841967,2.1993904113762355,12.514454520711647,1.0051040439733019,7,True
oddball_flex,3,52.14366920465278,361.04034878569655,421.547030782589,0.994921875,P7,,False,False,False,23.985496127411952,1.4330531781182096,0.0,3.110325668802228,4.6262481078541215,0.6723214138735304,0.0,121,0.11621900826446281,32.9429058074931,3.4943304061884675,40.10172095117911,1.0051040439733019,7,True
oddball_flex,3,52.14366920465278,361.04034878569655,421.547030782589,0.994921875,CP1,,False,True,False,25.780148452789263,1.4450149375458903,0.0,2.725971623253897,3.03963744183043,0.8968081474915484,0.0,121,0.5552685950413223,29.971492767332208,3.1276750564580738,26.637450329703185,1.0051040439733019,7,True
oddball_flex,3,52.14366920465278,361.04034878569655,421.547030782589,0.994921875,CP5,,False,False,False,16.44989089321021,2.662752476468104,0.0,2.3519049854955334,3.441699435455406,0.6833557170236538,0.0,121,0.2582644628099174,42.135779190062266,4.067039012908481,52.83224292705623,1.0051040439733019,7,True
oddball_flex,3,52.14366920465278,361.04034878569655,421.547030782589,0.994921875,C4,C,True,True,False,16.934572444984564,5.162620857297555,0.0,3.4585143282803723,4.793472587198044,0.7215049768965086,0.0,121,1.949896694214876,31.69583930969354,4.33304595947245,-22.77989301841321,1.0051040439733019,7,True
oddball_flex,3,52.14366920465278,361.04034878569655,421.547030782589,0.994921875,T8,,False,False,False,25.592478154720546,6.176547619737923,5.785123966942149,4.141895103862677,7.664055701854516,0.5404312370616563,0.0,121,1.265495867768595,51.33616809844847,8.658901214599155,33.44809742655712,1.0051040439733019,7,True
oddball_flex,3,52.14366920465278,361.04034878569655,421.547030782589,0.994921875,FC2,,False,True,False,17.611649978063763,2.8210667076769353,0.0,2.8172821638598173,4.101163200253894,0.6869470992242898,0.0,121,0.8006198347107437,14.217253494264318,3.4496154785153923,-9.03589475277232,1.0051040439733019,7,True
oddball_flex,3,52.14366920465278,361.04034878569655,421.547030782589,0.994921875,FC6,,False,False,False,23.27218753589813,3.876019684633722,0.0,3.891206941787546,7.503503554788528,0.5185853399515331,0.0,121,1.2913223140495869,49.09477043151736,10.94343376159685,-15.893774762604606,1.0051040439733019,7,True
oddball_flex,3,52.14366920465278,361.04034878569655,421.547030782589,0.994921875,FT10,,False,False,False,33.50406152138681,2.7468144423500847,0.0,4.03642471579065,9.307132594659372,0.43369154513892233,0.0,121,0.6714876033057852,51.85207557678316,12.404041767121036,-44.29137852912692,1.0051040439733019,7,True
oddball_flex,3,52.14366920465278,361.04034878569655,421.547030782589,0.994921875,F4,F,True,True,False,26.51041234027731,3.2739009695555943,0.0,4.076514395158779,7.906053892110868,0.5156193533194313,0.0,121,2.0402892561983474,46.39033393859893,8.034551620484208,-34.05807466894479,1.0051040439733019,7,True
oddball_flex,3,52.14366920465278,361.04034878569655,421.547030782589,0.994921875,F8,,False,False,False,20.897801650902327,2.865294846253222,0.0,4.5960153823804575,11.296498491200449,0.40685309575888334,0.0,121,1.5495867768595042,59.387095069886016,11.526675701141386,-66.53345888112221,1.0051040439733019,7,True
oddball_flex,3,52.14366920465278,361.04034878569655,421.547030782589,0.994921875,Fp2,,False,False,False,16.08811586692694,2.158140980674474,0.0,4.883512550510036,16.58577433853203,0.2944398284236071,0.0,121,2.2469008264462813,303.28223361969276,15.398646354674838,-357.05419638044947,1.0051040439733019,7,True
oddball_flex,3,52.14366920465278,361.04034878569655,421.547030782589,0.994921875,Oz,,False,False,False,26.93711381184952,2.6972063795264534,0.0,2.8936309134802305,5.491045278796704,0.5269726921855459,0.0,121,0.11621900826446281,69.82764739990327,4.458578109740699,-78.96370418852301,1.0051040439733019,7,True
oddball_flex,3,52.14366920465278,361.04034878569655,421.547030782589,0.994921875,Fz,F,True,True,False,20.731473614557636,2.0906418734750503,0.0,2.410521584300912,6.031892234985554,0.3996294181649426,0.0,121,0.581095041322314,25.069219779969707,5.657891273498245,-1.0909226841730375,1.0051040439733019,7,True
oddball_flex,3,52.14366920465278,361.04034878569655,421.547030782589,0.994921875,O2,,False,False,False,26.220500410305842,1.7588741382647353,0.0,3.386044847481073,5.178231030260522,0.6538999182720353,0.0,121,0.9039256198347106,42.9439725875867,5.093890190124256,-39.16815983241043,1.0051040439733019,7,True
oddball_flex,3,52.14366920465278,361.04034878569655,421.547030782589,0.994921875,PO10,,False,False,True,25.930895857784726,2.6293768046829635,0.0,3.1304345115254737,5.678828160687212,0.5512465640704737,0.0,121,0.7360537190082644,34.61719207763761,7.904624938964652,-28.602165667793503,1.0051040439733019,7,True
oddball_flex,3,52.14366920465278,361.04034878569655,421.547030782589,0.994921875,P4,P,True,True,False,16.823161223018577,1.8330041141584017,0.0,2.079425095000224,3.464979014612684,0.6001263171380744,0.0,121,0.2453512396694215,28.05155944824213,2.669566154479777,-34.419237990894594,1.0051040439733019,7,True
oddball_flex,3,52.14366920465278,361.04034878569655,421.547030782589,0.994921875,P8,,False,False,False,25.222671457182916,1.6988670308817286,0.0,3.4731279507036343,5.269678716385293,0.6590777422358696,0.0,121,1.2913223140495869,42.95900974273616,4.332413196563579,-28.12253688607944,1.0051040439733019,7,True
oddball_flex,3,52.14366920465278,361.04034878569655,421.547030782589,0.994921875,CP2,,False,True,False,41.373998734047035,1.1916433144734537,0.0,3.7052406471357693,3.4563876560638453,1.0719979978621146,0.0,121,1.0072314049586777,21.583098793029755,2.281111717223787,-0.2551474860129007,1.0051040439733019,7,True
oddball_flex,3,52.14366920465278,361.04034878569655,421.547030782589,0.994921875,CP6,,False,False,False,22.575489868496746,1.9233341449509724,0.0,3.5679710015590103,4.979450393728992,0.7165391196691975,0.0,121,1.0201446280991737,31.809245872496803,4.139650344849358,-20.773573840024774,1.0051040439733019,7,True
oddball_flex,4,53.143779739845435,421.04704271495575,481.5536010764481,1.0002604166666667,C3,C,True,True,False,16.252079833876053,2.466933872695147,0.0,2.201563680536626,2.963674837250863,0.7428492670197315,0.0,121,0.2453512396694215,15.645088195803032,2.462293624876855,13.835201698953039,0.0,0,False
oddball_flex,4,53.143779739845435,421.04704271495575,481.5536010764481,1.0002604166666667,T7,,False,False,False,24.52923584437289,8.59423342617229,5.785123966942149,3.4143122026244983,7.745655726552835,0.44080350626996184,0.0,121,0.05165289256198347,70.4034440994277,8.107136726378947,41.124964165108274,0.0,0,False
oddball_flex,4,53.143779739845435,421.04704271495575,481.5536010764481,1.0002604166666667,FC1,,False,True,False,22.051678480579053,2.1931987920514753,0.0,2.149124618241712,3.5992728776738554,0.5970996618713311,0.0,121,0.09039256198347108,18.260829353331363,4.321034431457159,13.767918610780978,0.0,0,False
oddball_flex,4,53.143779739845435,421.04704271495575,481.5536010764481,1.0002604166666667,FC5,,False,False,False,24.541890827032994,2.0454137919488553,0.0,3.6188704106659055,5.288367903280122,0.6843076118855674,0.0,121,0.4132231404958678,22.200197029113802,6.092144489287934,7.643682140138963,0.0,0,False
oddball_flex,4,53.143779739845435,421.04704271495575,481.5536010764481,1.0002604166666667,FT9,,False,False,False,32.84689408303001,1.867664627663918,0.0,3.8833604958803987,8.8010643065773,0.4412376004318303,0.0,121,0.06456611570247935,48.476911354066004,11.364387512207305,42.32873585602828,0.0,0,False
oddball_flex,4,53.143779739845435,421.04704271495575,481.5536010764481,1.0002604166666667,F3,F,True,True,False,24.051656867553213,2.075036797931553,0.0,3.6121878836124814,6.545905185250012,0.5518240459320858,0.0,121,0.8006198347107437,32.40007324218835,5.916724681853907,-37.09803312578128,0.0,0,False
oddball_flex,4,53.143779739845435,421.04704271495575,481.5536010764481,1.0002604166666667,F7,,False,False,False,27.32339280875126,2.920122583171474,0.0,4.178975129044577,11.883824171254368,0.35165238637180846,0.0,121,0.46487603305785125,52.66184635162472,13.416310787201354,-37.896920507928264,0.0,0,False
oddball_flex,4,53.143779739845435,421.04704271495575,481.5536010764481,1.0002604166666667,Fp1,,False,False,False,29.217639455689863,6.819735721348041,2.479338842975207,4.889369904570512,17.102567549849283,0.28588513919441294,0.0,121,1.6141528925619832,558.2604997634892,7.708878993986673,-777.2711911379764,0.0,0,False
oddball_flex,4,53.143779739845435,421.04704271495575,481.5536010764481,1.0002604166666667,Pz,P,True,True,False,18.19566257221172,6.130091457462021,0.0,2.6110784557988023,4.539146903303526,0.5752355038120702,0.0,121,0.012913223140495868,37.85524024963361,4.513196945189833,39.87818808449556,0.0,0,False
oddball_flex,4,53.143779739845435,421.04704271495575,481.5536010764481,1.0002604166666667,Cz,C,True,True,False,17.804526028365583,1.6310385614381342,0.0,2.263764865512229,3.3859222421981365,0.6685814686761961,0.0,121,0.2582644628099174,12.71421165466326,2.41555690765356,0.9673396640525646,0.0,0,False
oddball_flex,4,53.143779739845435,421.04704271495575,481.5536010764481,1.0002604166666667,O1,,False,False,False,24.924415180849017,1.7935602600614342,0.0,3.1661451639488467,5.673604607889549,0.5580482572835791,0.0,121,0.4132231404958678,28.54560356140132,3.530297279357825,-34.81523388645757,0.0,0,False
oddball_flex,4,53.143779739845435,421.04704271495575,481.5536010764481,1.0002604166666667,PO9,,False,False,True,34.45585702929171,1.5554052257151323,0.0,3.6956289000854143,6.461072446822185,0.571983820101425,0.0,121,0.7747933884297521,60.79303188323945,4.11389589309735,-73.53428855646528,0.0,0,False
oddball_flex,4,53.143779739845435,421.04704271495575,481.5536010764481,1.0002604166666667,P3,P,True,True,False,16.124412008748763,1.7123642825849361,0.0,1.9300067624473394,3.7375262212773137,0.5163861463927742,0.0,121,0.10330578512396695,19.601893806457678,2.615786075591547,21.832034935692658,0.0,0,False
oddball_flex,4,53.143779739845435,421.04704271495575,481.5536010764481,1.0002604166666667,P7,,False,False,False,25.22313344611726,1.3775231840833027,0.0,3.0492227946308645,5.029351639109338,0.6062854644959484,0.0,121,0.025826446280991736,32.23079414367546,3.1486625671385298,39.70498070750371,0.0,0,False
oddball_flex,4,53.143779739845435,421.04704271495575,481.5536010764481,1.0002604166666667,CP1,,False,True,False,26.402001294493758,1.3652033223996642,0.0,2.8760114415046902,3.3465262987354962,0.8594020141396789,0.0,121,0.18078512396694216,10.135780525206727,2.3270220756527493,3.618002997352208,0.0,0,False
oddball_flex,4,53.143779739845435,421.04704271495575,481.5536010764481,1.0002604166666667,CP5,,False,False,False,16.105282021934947,1.9491934460605418,0.0,2.3321869192467797,3.541627296268823,0.6585071562170832,0.0,121,0.038739669421487606,33.99602546691999,3.2642383575441656,43.58721849035615,0.0,0,False
oddball_flex,4,53.143779739845435,421.04704271495575,481.5536010764481,1.0002604166666667,C4,C,True,True,False,20.142767665973075,3.404370097325711,0.0,3.3135181108344716,4.637146495286848,0.7145597220623287,0.0,121,0.8522727272727272,49.71726245880026,4.688655376434248,-56.71652563195019,0.0,0,False
oddball_flex,4,53.143779739845435,421.04704271495575,481.5536010764481,1.0002604166666667,T8,,False,False,False,26.81464499599204,4.345603941230486,1.6528925619834711,3.6118596932895075,6.8904120790407415,0.5241863116251151,0.0,121,0.8135330578512397,137.9469400405883,6.050431728362469,-156.56555924891848,0.0,0,False
oddball_flex,4,53.143779739845435,421.04704271495575,481.5536010764481,1.0002604166666667,FC2,,False,True,False,18.987359270771073,2.294265318304491,0.0,3.014983081918128,3.8536880648949565,0.7823630328004532,0.0,121,0.297004132231405,15.745189666747592,3.463394165039336,8.499424801149829,0.0,0,False
oddball_flex,4,53.143779739845435,421.04704271495575,481.5536010764481,1.0002604166666667,FC6,,False,False,False,25.530902396227397,3.5687756906526062,0.0,4.1954817364568635,7.4147160037215665,0.5658317505823666,0.0,121,0.7877066115702479,98.92125530242947,7.741670608519643,-114.60212505286994,0.0,0,False
oddball_flex,4,53.143779739845435,421.04704271495575,481.5536010764481,1.0002604166666667,FT10,,False,False,False,33.16171819028399,2.6916393724155605,0.0,3.4032171922436136,8.31922276319513,0.4090787431849648,0.0,121,0.47778925619834706,40.984798431396044,8.435931205749622,-42.35097642601409,0.0,0,False
oddball_flex,4,53.143779739845435,421.04704271495575,481.5536010764481,1.0002604166666667,F4,F,True,True,False,27.925335456645392,1.9099815369212036,0.0,4.404751284178118,7.244786880801664,0.6079890763730396,0.0,121,1.1492768595041323,46.04675807952927,8.314393520354933,-50.38375877296876,0.0,0,False
oddball_flex,4,53.143779739845435,421.04704271495575,481.5536010764481,1.0002604166666667,F8,,False,False,False,21.77255139678235,2.0279774801824675,0.0,4.332340498544904,11.670202878281808,0.37123094977272153,0.0,121,1.0588842975206612,134.17285251617247,12.930146217346305,-179.5082269648437,0.0,0,False
oddball_flex,4,53.143779739845435,421.04704271495575,481.5536010764481,1.0002604166666667,Fp2,,False,False,False,15.832953781518363,3.4018195443533243,0.0,4.37543792598899,15.093465355042442,0.289889553065906,0.0,121,1.3946280991735538,399.15949420929087,11.704094886779217,-562.5167640203822,0.0,0,False
oddball_flex,4,53.143779739845435,421.04704271495575,481.5536010764481,1.0002604166666667,Oz,,False,False,False,26.346983566445065,1.9162441698806458,0.0,3.1335357550161187,5.717419150220543,0.5480682232113848,0.0,121,0.012913223140495868,40.086882781982894,3.5112729072569238,46.91903156287446,0.0,0,False
oddball_flex,4,53.143779739845435,421.04704271495575,481.5536010764481,1.0002604166666667,Fz,F,True,True,False,20.124602429323247,2.344632941080948,0.0,2.3126332641400147,5.167182889131313,0.44756172052752824,0.0,121,0.21952479338842976,12.91821460723834,3.389763832092128,2.8219710526536024,0.0,0,False
oddball_flex,4,53.143779739845435,421.04704271495575,481.5536010764481,1.0002604166666667,O2,,False,False,False,23.95788225173644,1.466392772311171,0.0,3.602073356345541,5.437361066705284,0.6624671990981431,0.0,121,0.5681818181818182,49.356920242310025,4.330045223236198,-62.07452207171397,0.0,0,False
oddball_flex,4,53.143779739845435,421.04704271495575,481.5536010764481,1.0002604166666667,PO10,,False,False,True,25.3640448386986,3.538050870696915,0.0,3.2222555136866027,5.979771615704758,0.5388592944292301,0.0,121,0.40030991735537186,45.85387744903558,4.9734334945680345,-53.468814172507976,0.0,0,False
oddball_flex,4,53.143779739845435,421.04704271495575,481.5536010764481,1.0002604166666667,P4,P,True,True,False,16.05671605495966,1.6595509535436808,0.0,2.606149815206774,4.2198509538657385,0.6175928590130231,0.0,121,0.18078512396694216,16.439474678037282,3.1287837028508747,16.439231576793045,0.0,0,False
oddball_flex,4,53.143779739845435,421.04704271495575,481.5536010764481,1.0002604166666667,P8,,False,False,False,23.859922825748516,1.476344499229764,0.0,3.5750697628138033,5.475551999963942,0.6529149504629571,0.0,121,0.981404958677686,149.16980571746794,4.453538417816503,-188.34089728582347,0.0,0,False
oddball_flex,4,53.143779739845435,421.04704271495575,481.5536010764481,1.0002604166666667,CP2,,False,True,False,43.00835716202606,1.1451480306245216,0.0,4.165981536595734,4.010392014634109,1.03879658681592,0.0,121,0.7877066115702479,34.36451568603576,2.7105116844177033,-37.87631859115813,0.0,0,False
oddball_flex,4,53.143779739845435,421.04704271495575,481.5536010764481,1.0002604166666667,CP6,,False,False,False,22.97724073093589,2.0962507650927678,0.0,3.7744454100505296,5.1673650601402725,0.7304390857084266,0.0,121,0.8264462809917356,23.24062633514447,4.103928565979075,-20.16608199502594,0.0,0,False
oddball_flex,5,55.310690240646366,481.0539740672684,681.5759298202465,0.9678385416666667,C3,C,True,True,False,15.411629708568405,1.7741619659573928,0.0,2.1809687224809498,3.570089086552563,0.6109003639981965,0.0,121,0.15187950892292115,18.943388938905507,3.4127373695382808,-6.33053283952746,2.06646037938921,14,True
oddball_flex,5,55.310690240646366,481.0539740672684,681.5759298202465,0.9678385416666667,T7,,False,False,False,27.230963552706037,1.7779295876375059,0.0,3.0548262833506143,6.182840819686426,0.4940813409952135,0.0,121,0.012656625743576764,140.98392094884355,7.302724838255116,24.310353008648633,2.06646037938921,14,True
oddball_flex,5,55.310690240646366,481.0539740672684,681.5759298202465,0.9678385416666667,FC1,,False,True,False,31.116274958985016,5.869170228910012,2.479338842975207,2.2433547188195173,5.589082951607691,0.40138153937654836,3.0996905690838155,121,0.18984938615365143,43.84411931037793,7.56229114532556,-12.47403085233414,2.06646037938921,14,True
oddball_flex,5,55.310690240646366,481.0539740672684,681.5759298202465,0.9678385416666667,FC5,,False,False,False,23.0564486843274,1.7502946065389906,0.0,3.349267504377702,5.595298675906249,0.5985860091436913,0.0,121,0.1392228831793444,39.36073684692356,6.109876155853904,10.776209386900938,2.06646037938921,14,True
oddball_flex,5,55.310690240646366,481.0539740672684,681.5759298202465,0.9678385416666667,FT9,,False,False,False,33.984704140719586,2.0867180195989654,0.0,3.2898716546909497,9.314957021422641,0.3531816246843508,0.0,121,0.025313251487153528,131.49581391470846,10.10213899612505,32.41788967517987,2.06646037938921,14,True
oddball_flex,5,55.310690240646366,481.0539740672684,681.5759298202465,0.9678385416666667,F3,F,True,True,False,26.726087115346502,8.65984979554298,3.3057851239669422,3.0595967881938417,8.33727686705338,0.3669779517919724,1.033230189694605,121,0.31641564358941904,229.89018344879213,7.448341369629986,-65.75480953917207,2.06646037938921,14,True
oddball_flex,5,55.310690240646366,481.0539740672684,681.5759298202465,0.9678385416666667,F7,,False,False,False,27.00840268045483,2.2997867746642524,0.0,3.296546688197626,11.005004352869246,0.29954978503376456,0.0,121,0.2784457663586888,212.27144145965596,10.584068298340775,-36.9618843242631,2.06646037938921,14,True
oddball_flex,5,55.310690240646366,481.0539740672684,681.5759298202465,0.9678385416666667,Fp1,,False,False,False,30.39691672777364,1.900412710952252,0.0,5.920228562065432,15.809416403849932,0.3744748326461772,0.0,121,1.6200480951778258,1836.3979179859177,8.683753967284929,-208.30271975035117,2.06646037938921,14,True
oddball_flex,5,55.310690240646366,481.0539740672684,681.5759298202465,0.9678385416666667,Pz,P,True,True,False,21.466224664219432,4.64515455148159,0.0,2.741431052835768,5.223784487153006,0.5247978854368597,0.0,121,0.1392228831793444,205.21257209777878,3.362608432769619,15.470639639695925,2.06646037938921,14,True
oddball_flex,5,55.310690240646366,481.0539740672684,681.5759298202465,0.9678385416666667,Cz,C,True,True,False,19.531601646240127,12.15472835243461,4.958677685950414,2.229517502472587,5.519856179553577,0.40390862188240945,6.199381138167631,121,0.4682951525123403,158.71395635604807,4.226979255677492,-42.566782547000706,2.06646037938921,14,True
oddball_flex,5,55.310690240646366,481.0539740672684,681.5759298202465,0.9678385416666667,O1,,False,False,False,46.31004634395092,3.2736397123789924,4.958677685950414,7.679174065945667,9.19057902849424,0.8355484504444551,1.033230189694605,121,3.5438552082014936,588.7067716121676,7.156009674071555,55.27471337498751,2.06646037938921,14,True
oddball_flex,5,55.310690240646366,481.0539740672684,681.5759298202465,0.9678385416666667,PO9,,False,False,True,40.03077214545563,3.6265157977910576,4.958677685950414,3.9886202425403647,9.375576614989411,0.42542665974948884,4.13292075877842,121,0.696114415896722,380.16520309448134,8.335439682006125,-48.9038564021382,2.06646037938921,14,True
oddball_flex,5,55.310690240646366,481.0539740672684,681.5759298202465,0.9678385416666667,P3,P,True,True,False,20.175856973018995,2.191133551001801,0.0,2.8843374516963753,4.676443359152529,0.6167801532442978,0.0,121,0.25313251487153526,12.581847190856685,3.107704162596235,-3.191133297354619,2.06646037938921,14,True
oddball_flex,5,55.310690240646366,481.0539740672684,681.5759298202465,0.9678385416666667,P7,,False,False,False,25.724217499904736,3.0428324403408173,0.0,3.29697069491145,5.991083375054481,0.5503129381639541,0.0,121,0.17719276041007467,142.48924398422372,5.366707324981363,9.595758571509373,2.06646037938921,14,True
oddball_flex,5,55.310690240646366,481.0539740672684,681.5759298202465,0.9678385416666667,CP1,,False,True,False,26.218093158455503,6.174630331344547,2.479338842975207,2.9910836746070553,4.837441315779488,0.6183193716170349,1.033230189694605,121,0.34172889507657256,252.54629826545758,4.550247192383949,10.422127376647829,2.06646037938921,14,True
oddball_flex,5,55.310690240646366,481.0539740672684,681.5759298202465,0.9678385416666667,CP5,,False,False,False,16.54095173076675,1.992311946642216,0.0,2.4530405563685362,4.277296057783949,0.5735026341944278,0.0,121,0.08859638020503734,129.15911017145453,4.940551757811193,18.1486104011452,2.06646037938921,14,True
oddball_flex,5,55.310690240646366,481.0539740672684,681.5759298202465,0.9678385416666667,C4,C,True,True,False,15.93324810109299,7.202976592094188,0.0,2.4113830282448796,5.036757608843019,0.47875701304569873,0.0,121,0.4682951525123403,44.712027072906224,5.745529174805483,-11.703119547457758,2.06646037938921,14,True
oddball_flex,5,55.310690240646366,481.0539740672684,681.5759298202465,0.9678385416666667,T8,,False,False,False,26.548646244186205,3.7677448247278083,0.8264462809917356,3.3539639884489687,7.911158124668426,0.42395360269575455,0.0,121,0.48095177825591695,149.1070387363437,6.779304504393956,-33.62477118178826,2.06646037938921,14,True
oddball_flex,5,55.310690240646366,481.0539740672684,681.5759298202465,0.9678385416666667,FC2,,False,True,False,17.14940651207897,3.27914656109186,0.0,2.380794678234995,3.5583074731414697,0.6690806503388249,0.0,121,0.21516263764080495,61.037720203399566,3.123905181886016,0.7371312308790535,2.06646037938921,14,True
oddball_flex,5,55.310690240646366,481.0539740672684,681.5759298202465,0.9678385416666667,FC6,,False,False,False,22.55899710460423,4.151905665874334,0.0,3.0038239992303017,6.755443208287308,0.4446523946119968,0.0,121,0.3037590178458423,81.26807141303962,8.422478675843355,-13.899146429675802,2.06646037938921,14,True
oddball_flex,5,55.310690240646366,481.0539740672684,681.5759298202465,0.9678385416666667,FT10,,False,False,False,47.16569887907583,3.772322211474802,3.3057851239669422,3.8000961126265014,11.319915182990028,0.33570005174038314,5.1661509484730255,121,0.531578281230224,140.3855812549593,15.355630874633759,53.28428589920284,2.06646037938921,14,True
oddball_flex,5,55.310690240646366,481.0539740672684,681.5759298202465,0.9678385416666667,F4,F,True,True,False,25.26449171779262,3.111202435285721,0.0,3.3819527709267168,6.831185109496832,0.4950755566885558,0.0,121,0.48095177825591695,106.23521089553705,7.5366926193233645,-26.532606328195545,2.06646037938921,14,True
oddball_flex,5,55.310690240646366,481.0539740672684,681.5759298202465,0.9678385416666667,F8,,False,False,False,21.348578844015876,2.549544714170817,0.0,3.736540759394768,12.525307186046973,0.29831929100766685,0.0,121,0.6328312871788381,191.90121650695716,13.539342880248938,-53.26496652490896,2.06646037938921,14,True
oddball_flex,5,55.310690240646366,481.0539740672684,681.5759298202465,0.9678385416666667,Fp2,,False,False,False,18.053162196302274,2.319059340529973,0.0,5.1022562236603175,14.474036980388785,0.3525109290914128,0.0,121,1.2656625743576762,1625.1256933212296,8.656260013579868,-145.92618403987186,2.06646037938921,14,True
oddball_flex,5,55.310690240646366,481.0539740672684,681.5759298202465,0.9678385416666667,Oz,,False,False,False,32.77501105033371,4.2149857889298366,4.132231404958678,3.8275939041457074,7.618343525894226,0.502418129497046,2.06646037938921,121,0.2911023921022655,233.57032418251043,5.777042865753032,17.955501910668005,2.06646037938921,14,True
oddball_flex,5,55.310690240646366,481.0539740672684,681.5759298202465,0.9678385416666667,Fz,F,True,True,False,21.03043470615915,3.3009188606419406,0.0,2.1335276537833776,4.884826635653374,0.43676629958803154,1.033230189694605,121,0.1645361346664979,23.301655292509707,3.5956578254695373,-9.4946231026282,2.06646037938921,14,True
oddball_flex,5,55.310690240646366,481.0539740672684,681.5759298202465,0.9678385416666667,O2,,False,False,False,33.86996636388969,7.970091284003842,10.743801652892563,3.8537220799744927,10.56786824717188,0.36466409211770845,8.26584151755684,121,0.746740918871029,255.30855679512047,7.502603054047086,29.15989615163534,2.06646037938921,14,True
oddball_flex,5,55.310690240646366,481.0539740672684,681.5759298202465,0.9678385416666667,PO10,,False,False,True,37.84425816209114,5.706049646403865,3.3057851239669422,3.3464790223883587,8.47365380542545,0.3949275128806536,7.2326113278622355,121,0.48095177825591695,149.95743918418896,11.801774501800779,36.89767192027257,2.06646037938921,14,True
oddball_flex,5,55.310690240646366,481.0539740672684,681.5759298202465,0.9678385416666667,P4,P,True,True,False,18.98101025558065,3.5245536000193973,0.0,2.2778754479687686,4.944431432171763,0.46069512323447226,0.0,121,0.1392228831793444,22.11763003894221,4.0482039451600675,5.043094534884656,2.06646037938921,14,True
oddball_flex,5,55.310690240646366,481.0539740672684,681.5759298202465,0.9678385416666667,P8,,False,False,False,25.439205755149665,1.8997026136734922,0.0,3.6584210008943248,5.840562907503897,0.6263815763706648,0.0,121,0.6075180356916846,308.7961492538448,4.869400024412833,-37.543780397919285,2.06646037938921,14,True
oddball_flex,5,55.310690240646366,481.0539740672684,681.5759298202465,0.9678385416666667,CP2,,False,True,False,40.02988021552213,4.083405556355024,2.479338842975207,3.6652897186012137,4.559293752953448,0.8039161144698976,2.06646037938921,121,0.6201746614352613,86.34070777893132,4.897016048431794,10.88631117682822,2.06646037938921,14,True
oddball_flex,5,55.310690240646366,481.0539740672684,681.5759298202465,0.9678385416666667,CP6,,False,False,False,20.679850412356114,2.9930522083548943,0.0,3.057803752112118,4.922061965981948,0.6212444648697324,0.0,121,0.39235539805087966,172.5909485816949,5.040320873259368,-28.16696624986229,2.06646037938921,14,True
oddball_flex,6,57.477595448667365,681.0759423361742,741.5825865138613,1.0083333333333333,C3,C,True,True,False,14.989414290674116,1.7418894403061753,0.0,2.15182160878975,3.873850529362899,0.5554735766079346,0.0,121,0.46487603305785125,16.505669498443655,2.934284210204474,6.053302582811898,0.0,0,False
oddball_flex,6,57.477595448667365,681.0759423361742,741.5825865138613,1.0083333333333333,T7,,False,False,False,25.369308469496012,1.8167828563636015,0.0,2.896074288372486,6.399950976406978,0.45251507379489064,0.0,121,0.3228305785123967,32.96347618102956,5.257244110107905,35.83827500471494,0.0,0,False
oddball_flex,6,57.477595448667365,681.0759423361742,741.5825865138613,1.0083333333333333,FC1,,False,True,False,25.300889079478303,2.2677872430831436,0.0,2.245979938671928,5.214268654730693,0.4307372878906502,0.0,121,0.4519628099173553,21.473286247252755,6.488777160644538,14.143402782562898,0.0,0,False
oddball_flex,6,57.477595448667365,681.0759423361742,741.5825865138613,1.0083333333333333,FC5,,False,False,False,22.15905270148101,1.946336621806564,0.0,3.1587007979352126,5.5752478332476745,0.5665579167796774,0.0,121,0.490702479338843,68.40544033050512,5.335514068602947,69.70377593206322,0.0,0,False
oddball_flex,6,57.477595448667365,681.0759423361742,741.5825865138613,1.0083333333333333,FT9,,False,False,False,32.81581335889565,1.8784931801546336,0.0,3.109235090384091,9.02102492496792,0.34466539182022576,0.0,121,0.3357438016528926,64.97695884704572,5.950332641600724,69.39107873830056,0.0,0,False
oddball_flex,6,57.477595448667365,681.0759423361742,741.5825865138613,1.0083333333333333,F3,F,True,True,False,21.412644622342242,2.485584138159458,0.0,2.7964448512509623,6.549443451280618,0.42697442493440735,0.0,121,0.5552685950413223,26.24955902099478,3.3809661865230396,22.87513124687086,0.0,0,False
oddball_flex,6,57.477595448667365,681.0759423361742,741.5825865138613,1.0083333333333333,F7,,False,False,False,25.520713023859614,1.8920261494577555,0.0,2.9809741967304784,10.30129764560573,0.28937851320140096,0.0,121,0.6973140495867769,41.17007865905694,7.855152130126179,-34.1776502459006,0.0,0,False
oddball_flex,6,57.477595448667365,681.0759423361742,741.5825865138613,1.0083333333333333,Fp1,,False,False,False,31.105762804044794,2.3338740059494127,0.0,5.3786712511930865,17.748624510447137,0.3030472163083461,0.0,121,2.9829545454545454,541.9582996368413,11.056941986085803,-704.2388529617692,0.0,0,False
oddball_flex,6,57.477595448667365,681.0759423361742,741.5825865138613,1.0083333333333333,Pz,P,True,True,False,21.26835507931574,2.303187247467746,0.0,2.7677859565109535,5.108209506896604,0.541830939544308,0.0,121,0.297004132231405,50.484372234346424,3.436176300048544,49.094257880234686,0.0,0,False
oddball_flex,6,57.477595448667365,681.0759423361742,741.5825865138613,1.0083333333333333,Cz,C,True,True,False,20.58280521698758,2.658858610969511,0.0,2.1840949067309046,4.507573112582873,0.4845389863192706,0.0,121,0.5294421487603306,22.725386810303206,3.5245170593261435,-23.211650118082254,0.0,0,False
oddball_flex,6,57.477595448667365,681.0759423361742,741.5825865138613,1.0083333333333333,O1,,False,False,False,53.21464354299129,2.0057370546670343,0.8264462809917356,8.346293169795237,8.226985053048185,1.0145020461296264,0.0,121,5.733471074380166,271.39145102500964,8.486810684204272,326.4152998380791,0.0,0,False
oddball_flex,6,57.477595448667365,681.0759423361742,741.5825865138613,1.0083333333333333,PO9,,False,False,True,46.15347907672741,7.460152713657036,14.049586776859504,4.262165161591333,12.467683709742234,0.3418570169742822,1.9834710743801653,121,1.4721074380165289,188.74705829620387,10.438957214355185,-222.43738752656168,0.0,0,False
oddball_flex,6,57.477595448667365,681.0759423361742,741.5825865138613,1.0083333333333333,P3,P,True,True,False,22.249225722626253,1.670373886216107,0.0,3.0390368876311644,4.727510963049755,0.6428407911444921,0.0,121,0.5552685950413223,34.46179695129371,4.396713256835959,31.522673767273957,0.0,0,False
oddball_flex,6,57.477595448667365,681.0759423361742,741.5825865138613,1.0083333333333333,P7,,False,False,False,27.78934746626055,3.6809073942685298,0.0,3.560249788524025,6.708403114018222,0.5307149448255942,0.0,121,0.3228305785123967,43.003079032897446,4.071712493897607,46.68278565454389,0.0,0,False
oddball_flex,6,57.477595448667365,681.0759423361742,741.5825865138613,1.0083333333333333,CP1,,False,True,False,27.035106980948306,3.8394187993161064,0.0,2.9614056410543537,4.751937435389922,0.623199627797994,0.0,121,0.5036157024793388,41.27942104339739,5.374866485595987,17.163195760980635,0.0,0,False
oddball_flex,6,57.477595448667365,681.0759423361742,741.5825865138613,1.0083333333333333,CP5,,False,False,False,17.95744997701425,2.1544612831328966,0.0,2.5047403030694797,4.3830946552463095,0.5714547597258597,0.0,121,0.3357438016528926,33.67247047424482,3.6915674209597853,37.83888612914023,0.0,0,False
oddball_flex,6,57.477595448667365,681.0759423361742,741.5825865138613,1.0083333333333333,C4,C,True,True,False,17.443648615367458,1.9333968172875153,0.0,2.2132398017072803,4.775288294735751,0.4634777347677924,0.0,121,0.7102272727272727,55.46358871460079,4.0559158325194815,-63.164185644855195,0.0,0,False
oddball_flex,6,57.477595448667365,681.0759423361742,741.5825865138613,1.0083333333333333,T8,,False,False,False,27.9473048498598,2.446637205937076,0.0,3.5459452986899676,7.176257792210524,0.4941217834368934,0.0,121,1.162190082644628,75.59931716918967,6.574279785156222,-76.54318269258127,0.0,0,False
oddball_flex,6,57.477595448667365,681.0759423361742,741.5825865138613,1.0083333333333333,FC2,,False,True,False,15.470816142409902,1.8373601659750156,0.0,2.2082315776629935,3.9971024392963073,0.5524580896284845,0.0,121,0.47778925619834706,16.000871467589818,3.2510185241690124,14.049674706353894,0.0,0,False
oddball_flex,6,57.477595448667365,681.0759423361742,741.5825865138613,1.0083333333333333,FC6,,False,False,False,22.660830672175656,3.8109812649646386,0.0,2.901740170797226,7.898706051219047,0.3673690541186029,0.0,121,0.9168388429752067,81.73584613800114,7.265197753906278,-77.29516385743581,0.0,0,False
oddball_flex,6,57.477595448667365,681.0759423361742,741.5825865138613,1.0083333333333333,FT10,,False,False,False,42.42544438973768,7.5351803874546075,3.3057851239669422,3.47138477447177,12.492559609471428,0.27787618254307833,1.9834710743801653,121,0.7618801652892562,53.376903247834335,13.4076375961302,-9.695657878998073,0.0,0,False
oddball_flex,6,57.477595448667365,681.0759423361742,741.5825865138613,1.0083333333333333,F4,F,True,True,False,21.88426421454448,2.2014271641107794,0.0,3.023731635107287,7.336526410697885,0.41214758399808654,0.0,121,0.8651859504132232,33.18075180053629,5.114002227782677,-22.14287451201444,0.0,0,False
oddball_flex,6,57.477595448667365,681.0759423361742,741.5825865138613,1.0083333333333333,F8,,False,False,False,21.46599151914703,2.3494269497309284,0.0,3.331458118753559,12.086725623295791,0.2756294982267614,0.0,121,1.1492768595041323,62.16256217956486,9.184196472168253,-55.60578649002164,0.0,0,False
oddball_flex,6,57.477595448667365,681.0759423361742,741.5825865138613,1.0083333333333333,Fp2,,False,False,False,15.544270094680673,2.283157233992261,0.0,4.550853283440156,16.454002200877984,0.2765803254357972,0.0,121,2.1823347107438016,343.777473258971,11.189693450930008,-451.5715860883014,0.0,0,False
oddball_flex,6,57.477595448667365,681.0759423361742,741.5825865138613,1.0083333333333333,Oz,,False,False,False,34.75433751370517,5.328541766676175,5.785123966942149,4.034437944544428,7.653265301678866,0.5271525009931917,0.0,121,0.2582644628099174,108.0165341377269,8.199781417846651,105.04529171402058,0.0,0,False
oddball_flex,6,57.477595448667365,681.0759423361742,741.5825865138613,1.0083333333333333,Fz,F,True,True,False,20.76334606186316,2.4503669457380237,0.0,2.0892495897918004,5.413103460094295,0.3859615108401062,0.0,121,0.5423553719008265,16.39503154754592,4.456539154050962,3.989000296260807,0.0,0,False
oddball_flex,6,57.477595448667365,681.0759423361742,741.5825865138613,1.0083333333333333,O2,,False,False,False,40.836154602045966,8.066707984602898,10.743801652892563,4.251297849464547,10.740504021766784,0.39581921303216644,0.9917355371900827,121,1.3429752066115703,180.13019695282003,9.102147102357094,105.37646615815044,0.0,0,False
oddball_flex,6,57.477595448667365,681.0759423361742,741.5825865138613,1.0083333333333333,PO10,,False,False,True,57.57927228065641,6.647948055959875,21.487603305785125,3.7262354475591186,13.927531264300487,0.2675445760520624,2.9752066115702482,121,1.1234504132231407,196.99753112792808,17.61899566650382,42.56496106052636,0.0,0,False
oddball_flex,6,57.477595448667365,681.0759423361742,741.5825865138613,1.0083333333333333,P4,P,True,True,False,19.678856272317965,3.3652233680988712,0.0,2.192793995654481,4.977475988813963,0.4405433598439079,0.0,121,0.4261363636363636,20.491675853730015,3.8548622131342754,2.1176247037987572,0.0,0,False
oddball_flex,6,57.477595448667365,681.0759423361742,741.5825865138613,1.0083333333333333,P8,,False,False,False,30.671544023227444,3.46549572050409,0.0,4.174229887033498,7.103827782192315,0.5876029114187347,0.0,121,1.5754132231404958,68.42624883651821,4.848907470703807,-78.36463340769707,0.0,0,False
oddball_flex,6,57.477595448667365,681.0759423361742,741.5825865138613,1.0083333333333333,CP2,,False,True,False,39.2627378573667,1.2187639724347261,0.0,3.5300921661605504,4.4800507210141305,0.7879580803856296,0.0,121,0.9039256198347106,20.73508567809886,3.3888702392568177,-19.323431336350517,0.0,0,False
oddball_flex,6,57.477595448667365,681.0759423361742,741.5825865138613,1.0083333333333333,CP6,,False,False,False,23.49156964762771,1.6974406602238714,0.0,3.158946092133227,5.300783695948107,0.5959394446802102,0.0,121,0.8264462809917356,36.473097610473516,4.151788711548001,-35.547055055970276,0.0,0,False
oddball_flex,7,58.477705815453376,741.0826167530322,801.589156111324,0.994921875,C3,C,True,True,False,14.855772795002212,1.7783187238880307,0.0,2.0552609109098765,3.3453949317866583,0.6143552414041094,0.0,121,0.07747933884297521,9.60290088653556,2.1833858489983875,0.579481307744692,1.0051040439733019,7,True
oddball_flex,7,58.477705815453376,741.0826167530322,801.589156111324,0.994921875,T7,,False,False,False,24.78149476758601,1.986853065299852,0.0,3.104388304886859,5.550328025607375,0.5593161864603748,0.0,121,0.025826446280991736,14.949147796631664,4.77526378631579,4.8722252213316395,1.0051040439733019,7,True
oddball_flex,7,58.477705815453376,741.0826167530322,801.589156111324,0.994921875,FC1,,False,True,False,25.389902408883547,2.2880908492859287,0.0,2.270891483883919,5.275241733612896,0.4304810278956896,0.0,121,0.06456611570247935,19.490826034545986,5.356445312498909,2.973697193685647,1.0051040439733019,7,True
oddball_flex,7,58.477705815453376,741.0826167530322,801.589156111324,0.994921875,FC5,,False,False,False,20.83972912950246,2.7213454439901175,0.0,3.513398984097558,5.306619599252294,0.6620785451801742,0.0,121,0.14204545454545456,16.425952911377294,4.864014148712286,7.1709041199517625,1.0051040439733019,7,True
oddball_flex,7,58.477705815453376,741.0826167530322,801.589156111324,0.994921875,FT9,,False,False,False,33.116404256659834,1.54331290801978,0.0,3.2180558848080616,8.017646351025633,0.4013716424891205,0.0,121,0.025826446280991736,24.166115570068527,12.195083618164446,4.672254733795879,1.0051040439733019,7,True
oddball_flex,7,58.477705815453376,741.0826167530322,801.589156111324,0.994921875,F3,F,True,True,False,21.902041437908956,2.053922327488939,0.0,3.1033023298017532,6.257725971282452,0.49591534433486323,0.0,121,0.11621900826446281,21.429128265381138,6.516281127929979,-18.84966288298088,1.0051040439733019,7,True
oddball_flex,7,58.477705815453376,741.0826167530322,801.589156111324,0.994921875,F7,,False,False,False,27.4634302978202,1.8208560782254164,0.0,3.4052909411909025,9.623509776507507,0.35385124765018167,0.0,121,0.1291322314049587,26.8879928588879,9.772685050964588,-3.4968360194465062,1.0051040439733019,7,True
oddball_flex,7,58.477705815453376,741.0826167530322,801.589156111324,0.994921875,Fp1,,False,False,False,31.396635435684075,1.8958459570103374,0.0,6.28223296468408,16.69297134582644,0.3763400076916059,0.0,121,1.459194214876033,402.6587112426771,14.163276672363509,-490.30933023053746,1.0051040439733019,7,True
oddball_flex,7,58.477705815453376,741.0826167530322,801.589156111324,0.994921875,Pz,P,True,True,False,20.60622097792372,1.879015650601677,0.0,2.5184075243361668,4.379083221635584,0.5750992609351561,0.0,121,0.038739669421487606,9.772043609617754,2.1976776123040196,0.6344133994948831,1.0051040439733019,7,True
oddball_flex,7,58.477705815453376,741.0826167530322,801.589156111324,0.994921875,Cz,C,True,True,False,18.718449363490805,1.7074781262901986,0.0,2.134533577338663,3.7116778035184472,0.5750859019377311,0.0,121,0.09039256198347108,10.866130065918327,3.3366718292244,0.7704297503676284,1.0051040439733019,7,True
oddball_flex,7,58.477705815453376,741.0826167530322,801.589156111324,0.994921875,O1,,False,False,False,47.4784182163683,1.5813016522757348,0.0,7.384682988730745,7.046089877289331,1.0480540437800479,0.0,121,3.0733471074380168,135.4585939407349,7.1170847415922935,168.44555706311004,1.0051040439733019,7,True
oddball_flex,7,58.477705815453376,741.0826167530322,801.589156111324,0.994921875,PO9,,False,False,True,39.86705356324585,4.509236610417055,2.479338842975207,3.9060306640314404,7.636053244168088,0.5115248072706419,0.0,121,0.14204545454545456,21.838495635986476,7.391895294189339,-5.510774604591258,1.0051040439733019,7,True
oddball_flex,7,58.477705815453376,741.0826167530322,801.589156111324,0.994921875,P3,P,True,True,False,20.35720077710583,1.7618445324224723,0.0,2.5595159521262194,3.807454657562976,0.6722380651446759,0.0,121,0.10330578512396695,8.499411773681814,2.374572753906758,-0.8636185626460463,1.0051040439733019,7,True
oddball_flex,7,58.477705815453376,741.0826167530322,801.589156111324,0.994921875,P7,,False,False,False,26.307758946481975,1.9116491799051767,0.0,3.110803681801783,5.196108302394752,0.5986795310575213,0.0,121,0.05165289256198347,9.8234115600592,4.01653671264593,2.0726500506023418,1.0051040439733019,7,True
oddball_flex,7,58.477705815453376,741.0826167530322,801.589156111324,0.994921875,CP1,,False,True,False,25.89608753397537,2.6287614606195295,0.0,2.8811154306636073,3.698931239399754,0.7789048360712814,0.0,121,0.05165289256198347,8.047780609128921,2.949267387391018,-0.1463596697344572,1.0051040439733019,7,True
oddball_flex,7,58.477705815453376,741.0826167530322,801.589156111324,0.994921875,CP5,,False,False,False,16.30090158981656,2.1597726248278453,0.0,2.3009804305385524,3.8302218342196697,0.6007433851432082,0.0,121,0.038739669421487606,7.889182281494229,2.3431320190424856,2.8044277973580547,1.0051040439733019,7,True
oddball_flex,7,58.477705815453376,741.0826167530322,801.589156111324,0.994921875,C4,C,True,True,False,15.896921080115355,8.42258450342207,1.6528925619834711,2.3447921151224396,5.253705283921726,0.4463120766020826,0.0,121,0.07747933884297521,16.64019927978535,3.877740859985412,0.6157720911803979,1.0051040439733019,7,True
oddball_flex,7,58.477705815453376,741.0826167530322,801.589156111324,0.994921875,T8,,False,False,False,24.76689560537857,2.018213135842209,0.0,3.379245161896961,6.868747962329207,0.49197396387667885,0.0,121,0.21952479338842976,23.049441909788754,7.003526687622106,-14.929776287414985,1.0051040439733019,7,True
oddball_flex,7,58.477705815453376,741.0826167530322,801.589156111324,0.994921875,FC2,,False,True,False,15.95858916432025,1.6720588641148493,0.0,2.302617536298834,3.605164934677954,0.6386996373314401,0.0,121,0.025826446280991736,10.46544380188013,3.7934384346006755,0.45369434421920946,1.0051040439733019,7,True
oddball_flex,7,58.477705815453376,741.0826167530322,801.589156111324,0.994921875,FC6,,False,False,False,22.673817166194418,4.392700405421309,0.0,3.2102528121315004,7.629236579842973,0.42078296806435833,0.0,121,0.15495867768595042,25.994927978515804,9.375249862671545,-3.0525017373863848,1.0051040439733019,7,True
oddball_flex,7,58.477705815453376,741.0826167530322,801.589156111324,0.994921875,FT10,,False,False,False,43.21479477248448,2.8433219036901716,2.479338842975207,3.884089438800928,10.733536786827619,0.36186482759043126,0.0,121,0.297004132231405,35.71346282958875,12.183010101318946,-13.531562439060913,1.0051040439733019,7,True
oddball_flex,7,58.477705815453376,741.0826167530322,801.589156111324,0.994921875,F4,F,True,True,False,24.441300352578825,2.1250940015096837,0.0,3.4731409602598244,7.044299307551558,0.493042786602861,0.0,121,0.10330578512396695,20.768935585020962,8.21771621704065,-3.9803346743746113,1.0051040439733019,7,True
oddball_flex,7,58.477705815453376,741.0826167530322,801.589156111324,0.994921875,F8,,False,False,False,22.354553081820875,1.8866858544297311,0.0,3.5420858933761923,11.367113383223073,0.3116082134452904,0.0,121,0.3357438016528926,87.1819145202652,12.492904663086264,-99.70984761972467,1.0051040439733019,7,True
oddball_flex,7,58.477705815453376,741.0826167530322,801.589156111324,0.994921875,Fp2,,False,False,False,16.385607858388813,2.174220506385273,0.0,5.070543848036665,15.96105719869461,0.31768220518947604,0.0,121,1.0201446280991737,332.3622978210416,12.608671188354492,-408.9723314391088,1.0051040439733019,7,True
oddball_flex,7,58.477705815453376,741.0826167530322,801.589156111324,0.994921875,Oz,,False,False,False,32.50493440676455,2.1924991853746048,0.0,3.3609085907198084,6.317493465695373,0.5320003271819561,0.0,121,0.012913223140495868,19.32576484680132,5.356218338012582,4.183141996208665,1.0051040439733019,7,True
oddball_flex,7,58.477705815453376,741.0826167530322,801.589156111324,0.994921875,Fz,F,True,True,False,20.08181795159134,2.017077299246779,0.0,2.1038157081307665,5.096554917034933,0.4127917274272641,0.0,121,0.05165289256198347,14.1800262451169,3.3030261993407404,1.2462961297780888,1.0051040439733019,7,True
oddball_flex,7,58.477705815453376,741.0826167530322,801.589156111324,0.994921875,O2,,False,False,False,32.47510162784697,9.943644999783274,3.3057851239669422,3.731696686514616,10.246863826386695,0.36417939671503446,0.0,121,0.40030991735537186,657.8809764862053,5.6939411163331215,-479.5061700825863,1.0051040439733019,7,True
oddball_flex,7,58.477705815453376,741.0826167530322,801.589156111324,0.994921875,PO10,,False,False,True,39.72699979979836,8.569172332365387,13.223140495867769,3.275506529958987,10.832201735156852,0.30238603471795084,2.0102080879466038,121,0.2453512396694215,36.25074615478699,12.133617401122326,4.186153402477061,1.0051040439733019,7,True
oddball_flex,7,58.477705815453376,741.0826167530322,801.589156111324,0.994921875,P4,P,True,True,False,17.932809884756466,2.1442039533257087,0.0,1.8094190364994969,3.8414775070512936,0.47102164028767185,0.0,121,0.038739669421487606,10.04141254424985,3.0779142379764064,3.2106507838257072,1.0051040439733019,7,True
oddball_flex,7,58.477705815453376,741.0826167530322,801.589156111324,0.994921875,P8,,False,False,False,24.701657969748247,1.5400295858310755,0.0,3.256624302291893,5.49723949109868,0.5924108468559777,0.0,121,0.2840909090909091,34.118668746947975,4.889947891235622,-40.90414602216529,1.0051040439733019,7,True
oddball_flex,7,58.477705815453376,741.0826167530322,801.589156111324,0.994921875,CP2,,False,True,False,40.39351758056738,1.329267348736504,0.0,3.532576318409744,3.686043407567156,0.9583653603095513,0.0,121,0.38739669421487605,10.383610534667582,2.6655540466296266,-6.507131764822666,1.0051040439733019,7,True
oddball_flex,7,58.477705815453376,741.0826167530322,801.589156111324,0.994921875,CP6,,False,False,False,21.881687844006052,1.475762025653796,0.0,3.2668120278632107,4.87217305316983,0.6705041040645767,0.0,121,0.23243801652892562,19.391796875000182,3.7115011215212093,-16.19651599394733,1.0051040439733019,7,True
oddball_flex,8,59.4778250428067,801.089440001524,861.5966401452315,0.9950520833333333,C3,C,True,True,False,15.523276325410421,1.5260289042275026,0.0,2.2334757809705574,4.190432051107028,0.5329941528059183,0.0,122,0.14202711426726922,13.809790134430592,6.4497411251075185,6.5256790898639885,1.0049725202826485,7,True
oddball_flex,8,59.4778250428067,801.089440001524,861.5966401452315,0.9950520833333333,T7,,False,False,False,26.04479120145883,1.6581314806648135,0.0,3.2144556315789794,6.852609005867472,0.469084932297558,0.0,122,0.02582311168495804,40.691306495664975,9.533637285232999,36.346408735413426,1.0049725202826485,7,True
oddball_flex,8,59.4778250428067,801.089440001524,861.5966401452315,0.9950520833333333,FC1,,False,True,False,23.38776636769209,4.074862140303536,0.0,2.0320276584126926,5.559898184267123,0.36547929315733396,0.0,122,0.1549386701097482,20.425324726105178,4.698685407638451,9.477982007153262,1.0049725202826485,7,True
oddball_flex,8,59.4778250428067,801.089440001524,861.5966401452315,0.9950520833333333,FC5,,False,False,False,23.232544497271668,1.9183674508455348,0.0,3.574289522361288,6.768478366304328,0.5280787392562641,0.0,122,0.16785022595222726,29.25211296081578,8.146307706834115,18.558058336799842,1.0049725202826485,7,True
oddball_flex,8,59.4778250428067,801.089440001524,861.5966401452315,0.9950520833333333,FT9,,False,False,False,36.097247979483754,1.536350819383447,0.0,3.3458903413059793,10.121974350447283,0.3305570855510147,0.0,122,0.03873466752743705,47.38914308547939,15.498378753662365,37.59827463846379,1.0049725202826485,7,True
oddball_flex,8,59.4778250428067,801.089440001524,861.5966401452315,0.9950520833333333,F3,F,True,True,False,24.04068386430731,2.0042478676100868,0.0,3.1850879766466655,9.440879123634511,0.3373719687473854,0.0,122,0.3357004519044545,32.25764875412143,7.012593030930006,-11.810501683326631,1.0049725202826485,7,True
oddball_flex,8,59.4778250428067,801.089440001524,861.5966401452315,0.9950520833333333,F7,,False,False,False,27.21986980834047,1.721891576134437,0.0,3.640963643851139,13.684562036244285,0.26606358568201555,0.0,122,0.37443511943189156,84.32459983825701,15.017135143281052,-34.76473228292978,1.0049725202826485,7,True
oddball_flex,8,59.4778250428067,801.089440001524,861.5966401452315,0.9950520833333333,Fp1,,False,False,False,34.142320849471346,2.4470665705111263,0.0,6.933741591959633,25.512940945860024,0.27177351316233767,0.0,122,3.7314396384764366,713.5256328582782,20.461997747420924,-648.4364787122413,1.0049725202826485,7,True
oddball_flex,8,59.4778250428067,801.089440001524,861.5966401452315,0.9950520833333333,Pz,P,True,True,False,20.859727526095387,4.920917919826226,0.819672131147541,2.897166500463931,5.289107762236769,0.5477609136930718,0.0,122,0.02582311168495804,36.67197446822948,5.670930624008882,31.387274002286333,1.0049725202826485,7,True
oddball_flex,8,59.4778250428067,801.089440001524,861.5966401452315,0.9950520833333333,Cz,C,True,True,False,20.340143953782118,1.7463751591818664,0.0,2.2800584536897164,4.205576127428354,0.5421512735958813,0.0,122,0.18076178179470626,18.75845746994068,5.746491670607966,0.7839907236976809,1.0049725202826485,7,True
oddball_flex,8,59.4778250428067,801.089440001524,861.5966401452315,0.9950520833333333,O1,,False,False,False,41.19514456920025,3.1813806445072954,1.639344262295082,6.012142864954831,8.149495211407164,0.737731934186476,1.0049725202826485,122,1.5752098127824403,85.47869729995818,7.522438764572371,89.14520030244628,1.0049725202826485,7,True
oddball_flex,8,59.4778250428067,801.089440001524,861.5966401452315,0.9950520833333333,PO9,,False,False,True,52.72526070201704,15.006165924986734,18.0327868852459,4.021248859147185,16.28555818368661,0.24692115638844397,2.009945040565297,122,0.7746933505487411,340.69065570831214,17.236277818680293,-57.99245787601598,1.0049725202826485,7,True
oddball_flex,8,59.4778250428067,801.089440001524,861.5966401452315,0.9950520833333333,P3,P,True,True,False,18.66936814077506,1.7317607366044203,0.0,2.838280205601259,4.8068018959014225,0.5904716414507019,0.0,122,0.14202711426726922,25.300437927245017,5.585121870041064,24.2405742388192,1.0049725202826485,7,True
oddball_flex,8,59.4778250428067,801.089440001524,861.5966401452315,0.9950520833333333,P7,,False,False,False,27.871022715073337,1.9007796219196613,0.0,3.3684134046996,6.247193681374821,0.5391882461947799,0.0,122,0.06455777921239508,21.983019733427682,5.445671796798777,22.65391643615197,1.0049725202826485,7,True
oddball_flex,8,59.4778250428067,801.089440001524,861.5966401452315,0.9950520833333333,CP1,,False,True,False,27.025827322763416,3.9570093530810095,0.0,3.4758980543078835,4.892890363928451,0.7103976986553855,0.0,122,0.18076178179470626,21.68799486160225,5.792110443114851,9.729726248328364,1.0049725202826485,7,True
oddball_flex,8,59.4778250428067,801.089440001524,861.5966401452315,0.9950520833333333,CP5,,False,False,False,17.002632879846445,2.083713162420897,0.0,2.7574541075403762,4.878763139741455,0.5651953227814427,0.0,122,0.01291155584247902,30.52025260925177,5.480661153794145,30.899634438014722,1.0049725202826485,7,True
oddball_flex,8,59.4778250428067,801.089440001524,861.5966401452315,0.9950520833333333,C4,C,True,True,False,17.828531789548173,1.5855004525704095,0.0,2.4343183164177518,4.482757740766252,0.543040346409986,0.0,122,0.24531956100710137,27.176744174958607,5.91866421699568,-21.99894647639623,1.0049725202826485,7,True
oddball_flex,8,59.4778250428067,801.089440001524,861.5966401452315,0.9950520833333333,T8,,False,False,False,27.061474655532447,2.0067021491128094,0.0,3.3412757683986882,6.994691689156486,0.4776873544803265,0.0,122,0.5293737895416398,61.83178148269613,6.9794995784751706,-26.70934853819014,1.0049725202826485,7,True
oddball_flex,8,59.4778250428067,801.089440001524,861.5966401452315,0.9950520833333333,FC2,,False,True,False,18.095298326090994,1.4538769969334124,0.0,2.3156494946223405,3.989701412947709,0.5804067159280148,0.0,122,0.09038089089735313,16.1652028083803,3.9047589302052934,2.0066888653384765,1.0049725202826485,7,True
oddball_flex,8,59.4778250428067,801.089440001524,861.5966401452315,0.9950520833333333,FC6,,False,False,False,23.850513295461923,4.675664418618405,0.0,3.2218056661126875,7.224924356301874,0.44592932842300237,0.0,122,0.3357004519044545,65.76360015869196,11.418558597563539,-41.70739417234975,1.0049725202826485,7,True
oddball_flex,8,59.4778250428067,801.089440001524,861.5966401452315,0.9950520833333333,FT10,,False,False,False,47.094591491387845,5.5373863367098926,4.098360655737705,3.629286922545399,13.102350757301497,0.2769950972746566,1.0049725202826485,122,0.671400903808909,86.11693954467964,12.773956060409391,-55.89357165738944,1.0049725202826485,7,True
oddball_flex,8,59.4778250428067,801.089440001524,861.5966401452315,0.9950520833333333,F4,F,True,True,False,25.598962300221764,1.4973280650888203,0.0,3.3301615063817005,8.268159615588988,0.4027693780975071,0.0,122,0.3357004519044545,68.46810111999477,7.595545768737864,-62.57035358186786,1.0049725202826485,7,True
oddball_flex,8,59.4778250428067,801.089440001524,861.5966401452315,0.9950520833333333,F8,,False,False,False,22.992740863583002,1.7109706626298413,0.0,3.5988744107160455,12.623245513665903,0.2850989792458612,0.0,122,0.6197546804389928,128.07290344238376,15.900105476379053,-110.91303585978508,1.0049725202826485,7,True
oddball_flex,8,59.4778250428067,801.089440001524,861.5966401452315,0.9950520833333333,Fp2,,False,False,False,18.811946104529508,1.9475318595038054,0.0,5.705203960991216,21.942686850422863,0.2600048025058185,0.0,122,2.4790187217559714,437.19709949493677,17.078785419463998,-419.9311799566283,1.0049725202826485,7,True
oddball_flex,8,59.4778250428067,801.089440001524,861.5966401452315,0.9950520833333333,Oz,,False,False,False,33.210915887233284,4.49867449532689,2.459016393442623,3.526224555390922,7.87787144982319,0.44761133484477766,0.0,122,0.01291155584247902,51.20742321014288,9.715703964232901,49.04124572730353,1.0049725202826485,7,True
oddball_flex,8,59.4778250428067,801.089440001524,861.5966401452315,0.9950520833333333,Fz,F,True,True,False,23.15154530904791,1.953632188181381,0.0,2.328926930986152,7.071076505714988,0.3293596002113492,0.0,122,0.14202711426726922,33.74870758056674,6.5551631450656345,-25.057140607143996,1.0049725202826485,7,True
oddball_flex,8,59.4778250428067,801.089440001524,861.5966401452315,0.9950520833333333,O2,,False,False,False,33.0642722276823,3.7348986266158946,1.639344262295082,3.963866060445916,7.466188193904665,0.5309089400776134,0.0,122,0.40025823111684955,47.13971309661915,7.357805728911927,6.09517076788485,1.0049725202826485,7,True
oddball_flex,8,59.4778250428067,801.089440001524,861.5966401452315,0.9950520833333333,PO10,,False,False,True,55.74576661461907,5.118471180245181,22.950819672131146,3.100006022604835,12.267338856909593,0.25270403457215607,2.009945040565297,122,0.38734667527437056,119.06593332290556,19.15180683135955,55.162734243095116,1.0049725202826485,7,True
oddball_flex,8,59.4778250428067,801.089440001524,861.5966401452315,0.9950520833333333,P4,P,True,True,False,20.444827725223902,2.655567365730973,0.0,2.272439382838345,4.892638680870641,0.4644609036271541,0.0,122,0.10329244673983216,22.425079536438055,4.786067724227984,22.027918980546037,1.0049725202826485,7,True
oddball_flex,8,59.4778250428067,801.089440001524,861.5966401452315,0.9950520833333333,P8,,False,False,False,26.720773490999647,1.650094918260672,0.0,3.5115207404206017,6.077413766023941,0.5777985300345878,0.0,122,0.5551969012265978,21.041211605073897,5.569101810455052,-8.649806686649326,1.0049725202826485,7,True
oddball_flex,8,59.4778250428067,801.089440001524,861.5966401452315,0.9950520833333333,CP2,,False,True,False,40.40065838969352,1.4364185890001095,0.0,3.038156953952515,3.998985607600165,0.759731905055729,0.0,122,0.4777275661717237,19.257997512815606,4.4016046524050125,11.418088301451883,1.0049725202826485,7,True
oddball_flex,8,59.4778250428067,801.089440001524,861.5966401452315,0.9950520833333333,CP6,,False,False,False,24.82302257308593,1.9273448880467778,0.0,3.401275031261841,5.41504622473291,0.628115604207904,0.0,122,0.3615235635894125,21.310046672822512,8.026392698288188,-8.381535272753421,1.0049725202826485,7,True
oddball_flex,9,60.794629727924615,861.095902582485,959.6067397784209,1.026953125,C3,C,True,True,False,16.024375965848733,11.02569061003174,1.6528925619834711,1.9926165071089492,5.03761164596772,0.39554786020552196,0.9737542791936098,121,0.12679092177000129,90.93494348525876,3.824872016904024,-44.789797938605545,0.0,0,False
oddball_flex,9,60.794629727924615,861.095902582485,959.6067397784209,1.026953125,T7,,False,False,False,25.446678023899715,1.8231830186299447,0.0,3.4322041276143063,6.62906765595499,0.5177506560113482,0.0,121,0.05071636870800051,73.36400728225465,9.819409370422562,44.99367284254959,0.0,0,False
oddball_flex,9,60.794629727924615,861.095902582485,959.6067397784209,1.026953125,FC1,,False,True,False,22.725891971429903,3.068665157622196,0.0,1.8914400626700743,3.370882812569517,0.5611111889197624,0.0,121,0.06339546088500064,26.028505420683146,4.599891662597074,15.99232544793534,0.0,0,False
oddball_flex,9,60.794629727924615,861.095902582485,959.6067397784209,1.026953125,FC5,,False,False,False,23.07383418242826,1.5776068233434457,0.0,3.507277523321607,5.545366788841941,0.6324698900672799,0.0,121,0.07607455306200077,62.79605016708274,8.036527633666992,39.57121246564043,0.0,0,False
oddball_flex,9,60.794629727924615,861.095902582485,959.6067397784209,1.026953125,FT9,,False,False,False,32.66657068804339,1.724311164799918,0.0,3.3704082015731225,9.29569066547335,0.36257749131989825,0.0,121,0.05071636870800051,83.39657640457136,12.432897567747318,45.834190736156756,0.0,0,False
oddball_flex,9,60.794629727924615,861.095902582485,959.6067397784209,1.026953125,F3,F,True,True,False,23.329005274969905,1.720548241368464,0.0,3.021459342167301,5.58233675492812,0.5412535063385309,0.0,121,0.20286547483200204,29.418745803832877,5.125667572021456,-4.996528862675057,0.0,0,False
oddball_flex,9,60.794629727924615,861.095902582485,959.6067397784209,1.026953125,F7,,False,False,False,26.659020002684443,1.8413283849565925,0.0,3.7416677002638448,9.816672788439535,0.38115436674941094,0.0,121,0.21554456700900215,77.25098094940171,10.973104476928839,-42.344742148087484,0.0,0,False
oddball_flex,9,60.794629727924615,861.095902582485,959.6067397784209,1.026953125,Fp1,,False,False,False,32.28253565446306,2.3232360315377885,0.0,7.0003581241663175,14.670735363445965,0.47716477400366825,0.9737542791936098,121,2.7133257258780272,1193.9527745246892,13.417146682739258,-450.64887094648117,0.0,0,False
oddball_flex,9,60.794629727924615,861.095902582485,959.6067397784209,1.026953125,Pz,P,True,True,False,20.175891443254066,1.7812109848170303,0.0,2.89106766046988,5.666157906931276,0.5102342200758835,0.0,121,0.038037276531000384,67.46746311187653,5.3690013885500605,45.26073292037191,0.0,0,False
oddball_flex,9,60.794629727924615,861.095902582485,959.6067397784209,1.026953125,Cz,C,True,True,False,20.457288384128894,1.818595752170487,0.0,2.1410901198256056,3.7645327697272695,0.5687532160812407,0.0,121,0.1775072904780018,35.49306039810037,4.992498397826978,24.437392962452503,0.0,0,False
oddball_flex,9,60.794629727924615,861.095902582485,959.6067397784209,1.026953125,O1,,False,False,False,39.138473554468845,1.5780449691379437,0.0,5.974232566151217,8.195687526062802,0.7289483093581572,0.0,121,1.293267402054013,65.7204434871669,5.406601428984914,43.507840956504516,0.0,0,False
oddball_flex,9,60.794629727924615,861.095902582485,959.6067397784209,1.026953125,PO9,,False,False,True,43.14964073211386,2.8436071795016513,2.479338842975207,3.9856686503559837,9.731702140364227,0.40955514183121233,2.9212628375808296,121,0.46912641054900467,104.85900011062631,9.956981658935774,-61.454385846476626,0.0,0,False
oddball_flex,9,60.794629727924615,861.095902582485,959.6067397784209,1.026953125,P3,P,True,True,False,19.472460721082463,1.4427494802830672,0.0,2.8312442124427517,5.370461015322443,0.527188299917817,0.0,121,0.1775072904780018,47.57985477447411,5.608044624327675,30.44507667829391,0.0,0,False
oddball_flex,9,60.794629727924615,861.095902582485,959.6067397784209,1.026953125,P7,,False,False,False,27.386872743154683,1.4424432658109436,0.0,3.5765992768639028,6.67916684982017,0.5354858408665445,0.0,121,0.06339546088500064,62.92857589721635,6.028404235839673,40.46830262340865,0.0,0,False
oddball_flex,9,60.794629727924615,861.095902582485,959.6067397784209,1.026953125,CP1,,False,True,False,26.36976366331785,2.2722112389481057,0.0,3.298990375078572,4.746468908315368,0.6950409744176457,0.0,121,0.29161912007100294,34.539879703519716,6.139860153197617,18.932857695916454,0.0,0,False
oddball_flex,9,60.794629727924615,861.095902582485,959.6067397784209,1.026953125,CP5,,False,False,False,16.180034784191918,1.669110441480638,0.0,2.6999489947731443,5.009241858950487,0.5389935385030151,0.0,121,0.07607455306200077,63.087501621244826,5.247364044189737,43.00288421958138,0.0,0,False
oddball_flex,9,60.794629727924615,861.095902582485,959.6067397784209,1.026953125,C4,C,True,True,False,16.646857682862795,1.602815886880656,0.0,2.4063523498685813,4.4150302538456785,0.5450364349763054,0.0,121,0.34233548877900344,35.165618610381294,4.653157234190125,24.951283342531568,0.0,0,False
oddball_flex,9,60.794629727924615,861.095902582485,959.6067397784209,1.026953125,T8,,False,False,False,25.948517403193954,1.6989671109554396,0.0,3.4325912123966664,6.852495342231047,0.5009257271934281,0.0,121,0.4057309496640041,28.922351551056153,6.801321029662489,4.015410688255443,0.0,0,False
oddball_flex,9,60.794629727924615,861.095902582485,959.6067397784209,1.026953125,FC2,,False,True,False,16.37046037110095,1.7407551379149422,0.0,2.184619744664676,3.185356451985739,0.685832112542002,0.0,121,0.07607455306200077,39.11459388732874,4.532536506654338,27.11427570792953,0.0,0,False
oddball_flex,9,60.794629727924615,861.095902582485,959.6067397784209,1.026953125,FC6,,False,False,False,23.93040879246194,3.741371264907378,0.0,3.2044465062077028,7.002921563058364,0.45758709095239886,0.0,121,0.44376822619500444,46.95887556076073,9.781621932983228,-8.634688815417135,0.0,0,False
oddball_flex,9,60.794629727924615,861.095902582485,959.6067397784209,1.026953125,FT10,,False,False,False,52.42894611636862,3.536873318038524,4.958677685950414,3.7914588512250074,10.510519691282058,0.3607299127530135,1.9475085583872196,121,0.5325218714340053,101.5943572044372,16.78421020507806,18.44423618854619,0.0,0,False
oddball_flex,9,60.794629727924615,861.095902582485,959.6067397784209,1.026953125,F4,F,True,True,False,24.763639707293535,1.592377791316528,0.0,3.2368878217200745,5.927356048976682,0.5460930295015602,0.0,121,0.34233548877900344,44.63467102050643,8.58034420013459,-18.401650373060924,0.0,0,False
oddball_flex,9,60.794629727924615,861.095902582485,959.6067397784209,1.026953125,F8,,False,False,False,23.067246648928567,1.6309348571078506,0.0,3.6015541856631503,10.09570967558007,0.35674106144065754,0.0,121,0.595917332319006,177.8301630973831,14.493075370791416,-101.99617575253842,0.0,0,False
oddball_flex,9,60.794629727924615,861.095902582485,959.6067397784209,1.026953125,Fp2,,False,False,False,16.921378685332485,1.748749493871502,0.0,5.6534112326573,13.767444210427136,0.4106362187671362,0.0,121,1.4834537847090148,1027.5138481140127,12.937518119811102,-316.91425521007056,0.0,0,False
oddball_flex,9,60.794629727924615,861.095902582485,959.6067397784209,1.026953125,Oz,,False,False,False,32.185647663762616,2.1678737846366922,0.0,3.5633682072138546,7.934486479253872,0.4490987811915636,0.0,121,0.038037276531000384,82.80406608581549,7.271543502808754,46.664206138404865,0.0,0,False
oddball_flex,9,60.794629727924615,861.095902582485,959.6067397784209,1.026953125,Fz,F,True,True,False,21.110927295767357,1.7597759197499268,0.0,1.6978227551613638,3.838366549416707,0.44232949961992857,0.0,121,0.10143273741600102,17.730817222594286,2.8883485794060775,2.678188534449947,0.0,0,False
oddball_flex,9,60.794629727924615,861.095902582485,959.6067397784209,1.026953125,O2,,False,False,False,31.773279502087753,2.2889441209063692,0.0,3.788239040890969,7.676298260459985,0.49349815657944057,0.0,121,0.3550145809560036,51.33571729659883,6.621974945067933,31.630028213298196,0.0,0,False
oddball_flex,9,60.794629727924615,861.095902582485,959.6067397784209,1.026953125,PO10,,False,False,True,41.75336213510015,7.235986961829625,9.090909090909092,3.2621741441278296,13.816671708754809,0.2361041944754888,5.842525675161659,121,0.4564473183720046,71.82884082794232,14.272108078004166,12.706851206754337,0.0,0,False
oddball_flex,9,60.794629727924615,861.095902582485,959.6067397784209,1.026953125,P4,P,True,True,False,19.930692717356717,1.8763494463224724,0.0,2.473004701175188,5.779189636516126,0.4279154789365922,0.0,121,0.0887536452390009,53.267868328094636,5.616027832030625,34.70683733905558,0.0,0,False
oddball_flex,9,60.794629727924615,861.095902582485,959.6067397784209,1.026953125,P8,,False,False,False,28.804059867294384,2.71135517050248,0.0,3.544136463593721,7.661534446311193,0.4625883350691088,0.0,121,0.6593127932040066,30.35430297851582,6.252131462099015,-12.84898164717268,0.0,0,False
oddball_flex,9,60.794629727924615,861.095902582485,959.6067397784209,1.026953125,CP2,,False,True,False,41.99751575085028,1.1614517153684196,0.0,3.2889344523059663,4.382622837606878,0.7504488919475175,0.0,121,0.46912641054900467,62.721779823303656,4.5379114150986695,42.703245661002846,0.0,0,False
oddball_flex,9,60.794629727924615,861.095902582485,959.6067397784209,1.026953125,CP6,,False,False,False,22.440041394573658,1.4295230337305267,0.0,3.4690188718862527,5.779058172510505,0.6002740876337748,0.0,121,0.3676936731330037,27.67864589691365,4.711490631102798,5.496732578671976,0.0,0,False
oddball_flex,10,62.11144249095862,959.1067498011107,1019.613424123876,0.994921875,C3,C,True,True,False,16.16051308700115,1.5560936926734703,0.0,1.7528279781285134,3.9690723536855907,0.4416215734895528,0.0,121,0.06456611570247935,26.143011856076782,4.566305160522738,-21.30766438187717,1.0051040439733019,7,True
oddball_flex,10,62.11144249095862,959.1067498011107,1019.613424123876,0.994921875,T7,,False,False,False,25.13209674369202,1.7351302791612677,0.0,3.3537709731558927,6.813107584720476,0.492252754187719,0.0,121,0.025826446280991736,25.052517509458966,9.418787002562198,-20.198996716495373,1.0051040439733019,7,True
oddball_flex,10,62.11144249095862,959.1067498011107,1019.613424123876,0.994921875,FC1,,False,True,False,27.29101889404145,3.5029715330385423,0.0,1.6001721759049066,4.219553318837186,0.3792278601531875,0.0,121,0.012913223140495868,24.23191833495926,5.3569393157953655,-21.290967324193993,1.0051040439733019,7,True
oddball_flex,10,62.11144249095862,959.1067498011107,1019.613424123876,0.994921875,FC5,,False,False,False,25.17078506119835,2.2528025668204728,0.0,3.4036178305706075,5.453590028234568,0.6241059215946279,0.0,121,0.09039256198347108,26.847223854062918,6.2234191894525,-19.214106224756247,1.0051040439733019,7,True
oddball_flex,10,62.11144249095862,959.1067498011107,1019.613424123876,0.994921875,FT9,,False,False,False,33.785780504090205,2.0045001412658277,0.0,3.247215740054949,9.229906436277721,0.3518145890723136,0.0,121,0.012913223140495868,32.468821525572196,10.658077239988586,-23.894529069250297,1.0051040439733019,7,True
oddball_flex,10,62.11144249095862,959.1067498011107,1019.613424123876,0.994921875,F3,F,True,True,False,25.020395318509188,1.9283666678583857,0.0,2.9426227147089614,6.039127668543805,0.4872595639990016,0.0,121,0.30991735537190085,52.209928321837026,7.038441658020247,-61.938479543754525,1.0051040439733019,7,True
oddball_flex,10,62.11144249095862,959.1067498011107,1019.613424123876,0.994921875,F7,,False,False,False,27.370835788287692,1.7333707206799023,0.0,3.661592710523853,9.819560631928274,0.3728876319189063,0.0,121,0.2840909090909091,63.16097249984627,12.781963348388814,-64.23833603965393,1.0051040439733019,7,True
oddball_flex,10,62.11144249095862,959.1067498011107,1019.613424123876,0.994921875,Fp1,,False,False,False,33.56511045317461,2.8700216395678577,0.0,7.590928056482275,18.42458143403472,0.4120000274448552,0.0,121,3.3703512396694215,665.9962220191942,13.961189270018622,-745.5203839918709,1.0051040439733019,7,True
oddball_flex,10,62.11144249095862,959.1067498011107,1019.613424123876,0.994921875,Pz,P,True,True,False,19.869741307073827,1.9012334522688648,0.0,2.799440185110356,7.033923396174866,0.3979912813143126,0.0,121,0.0,26.193319988249243,6.749382972717541,-18.312473960974092,1.0051040439733019,7,True
oddball_flex,10,62.11144249095862,959.1067498011107,1019.613424123876,0.994921875,Cz,C,True,True,False,19.75764005031273,1.8138712840093514,0.0,2.0341957258810037,4.714488110416267,0.431477538650828,0.0,121,0.10330578512396695,35.57262630462537,6.106048583984972,-38.798376218504735,1.0051040439733019,7,True
oddball_flex,10,62.11144249095862,959.1067498011107,1019.613424123876,0.994921875,O1,,False,False,False,33.86474913042618,2.597918409800546,0.0,5.388938164806142,8.953829835832787,0.601858452038018,0.0,121,0.8135330578512397,43.70943698883002,8.06632041931141,-19.810481206834908,1.0051040439733019,7,True
oddball_flex,10,62.11144249095862,959.1067498011107,1019.613424123876,0.994921875,PO9,,False,False,True,40.987889131939,7.889841464060759,14.049586776859504,4.0292589750430485,14.678011361548599,0.27450986893213186,1.0051040439733019,121,0.4519628099173553,74.1578329086301,11.67209529876618,-23.325373137741078,1.0051040439733019,7,True
oddball_flex,10,62.11144249095862,959.1067498011107,1019.613424123876,0.994921875,P3,P,True,True,False,18.976097028615555,1.5844680769785764,0.0,2.6501222634876744,6.145312304419662,0.43124289412951833,0.0,121,0.038739669421487606,27.27263040542431,5.825173377990524,-22.593846004112525,1.0051040439733019,7,True
oddball_flex,10,62.11144249095862,959.1067498011107,1019.613424123876,0.994921875,P7,,False,False,False,26.207935712226917,2.0502293320084117,0.0,3.49853432825853,7.684969310982406,0.4552437604739499,0.0,121,0.0,29.623294258116715,7.365206718443375,-17.955443823441172,1.0051040439733019,7,True
oddball_flex,10,62.11144249095862,959.1067498011107,1019.613424123876,0.994921875,CP1,,False,True,False,27.441551828507336,3.4329234375626023,0.8264462809917356,3.0621282584572143,5.916143091071972,0.5175886065160019,0.0,121,0.05165289256198347,33.74446010589509,8.006587982177393,-20.631443018981198,1.0051040439733019,7,True
oddball_flex,10,62.11144249095862,959.1067498011107,1019.613424123876,0.994921875,CP5,,False,False,False,16.931366613232516,1.8352031101007815,0.0,2.565231922106147,5.626071415996353,0.45595438316203013,0.0,121,0.0,26.148706245421522,7.092060089110618,-18.593705818254357,1.0051040439733019,7,True
oddball_flex,10,62.11144249095862,959.1067498011107,1019.613424123876,0.994921875,C4,C,True,True,False,17.473235712767988,1.5734714854548182,0.0,2.3562019684483357,5.649130691725956,0.41709107064904083,0.0,121,0.11621900826446281,35.411695480346005,6.271373748778515,-33.32806196130243,1.0051040439733019,7,True
oddball_flex,10,62.11144249095862,959.1067498011107,1019.613424123876,0.994921875,T8,,False,False,False,26.567731534274976,2.590457649334493,0.0,3.5550085905660773,8.863372683393493,0.4010898241057581,0.0,121,0.5036157024793388,68.45567626953016,10.373391151427029,-84.02888684895296,1.0051040439733019,7,True
oddball_flex,10,62.11144249095862,959.1067498011107,1019.613424123876,0.994921875,FC2,,False,True,False,17.45300455540668,1.9166815023967492,0.0,2.003244881366443,4.123900727246248,0.4857645743339991,0.0,121,0.07747933884297521,25.04681167602495,3.7852134704591123,-23.140987627226274,1.0051040439733019,7,True
oddball_flex,10,62.11144249095862,959.1067498011107,1019.613424123876,0.994921875,FC6,,False,False,False,26.89457304084741,3.667793592304061,0.8264462809917356,3.3070933632734083,8.286512032208217,0.39909353301115325,0.0,121,0.30991735537190085,58.325636577606105,12.126276969909355,-51.220985379725576,1.0051040439733019,7,True
oddball_flex,10,62.11144249095862,959.1067498011107,1019.613424123876,0.994921875,FT10,,False,False,False,57.16062235343347,4.4344357996041275,6.6115702479338845,4.193759618801863,14.87844321313015,0.2818681738893819,1.0051040439733019,121,0.7489669421487604,93.78639192581184,18.21473693847713,-47.23287273007524,1.0051040439733019,7,True
oddball_flex,10,62.11144249095862,959.1067498011107,1019.613424123876,0.994921875,F4,F,True,True,False,26.88204557998993,3.077413366635363,0.0,3.2590506040809726,6.787562458422738,0.4801503667987308,0.0,121,0.3357438016528926,66.37526197433365,5.896854400634709,-79.79684382553098,1.0051040439733019,7,True
oddball_flex,10,62.11144249095862,959.1067498011107,1019.613424123876,0.994921875,F8,,False,False,False,24.214764065305594,1.8782238200622412,0.0,3.7627510413470406,11.334127860238892,0.3319841709697928,0.0,121,0.6327479338842975,93.77489242553645,16.861734390259016,-112.1335728355288,1.0051040439733019,7,True
oddball_flex,10,62.11144249095862,959.1067498011107,1019.613424123876,0.994921875,Fp2,,False,False,False,18.29910014862735,1.9839760687114556,0.0,5.95515610879869,16.568826990320012,0.35941929457516,0.0,121,2.0790289256198347,625.5344311714166,15.074836730957486,-779.7067764644474,1.0051040439733019,7,True
oddball_flex,10,62.11144249095862,959.1067498011107,1019.613424123876,0.994921875,Oz,,False,False,False,34.34524044668944,8.079510821462456,4.132231404958678,3.615466149833918,10.004359921058679,0.36138905220948137,0.0,121,0.012913223140495868,45.01748247146537,11.929315567017369,-10.734094137024151,1.0051040439733019,7,True
oddball_flex,10,62.11144249095862,959.1067498011107,1019.613424123876,0.994921875,Fz,F,True,True,False,22.58706876380257,2.4349551530493065,0.0,1.5429024442427959,4.397960068022978,0.35082229496830775,0.0,121,0.10330578512396695,28.087233066557737,3.7273836135866034,-28.066058729742643,1.0051040439733019,7,True
oddball_flex,10,62.11144249095862,959.1067498011107,1019.613424123876,0.994921875,O2,,False,False,False,33.017145874957116,4.84397197386907,4.132231404958678,3.7935041099040987,9.569136670858384,0.39643117664488414,0.0,121,0.297004132231405,44.788509654998364,9.169826507568587,-25.256351292664416,1.0051040439733019,7,True
oddball_flex,10,62.11144249095862,959.1067498011107,1019.613424123876,0.994921875,PO10,,False,False,True,43.27276706160772,6.738645186196553,14.87603305785124,3.583478624533535,14.673896383850222,0.24420770944501388,4.0204161758932075,121,0.3615702479338843,277.56745862960946,12.419240951538576,315.8875456548289,1.0051040439733019,7,True
oddball_flex,10,62.11144249095862,959.1067498011107,1019.613424123876,0.994921875,P4,P,True,True,False,19.40516333997016,2.241571923739701,0.0,2.5556056721050533,7.06745923318452,0.36160175641416825,0.0,121,0.025826446280991736,26.434364032745343,6.95656776428109,-20.226339072849434,1.0051040439733019,7,True
oddball_flex,10,62.11144249095862,959.1067498011107,1019.613424123876,0.994921875,P8,,False,False,False,28.805257102696356,1.688466754989645,0.0,3.8267065475017383,8.6822548454702,0.4407503137849321,0.0,121,0.490702479338843,61.98697185516215,7.634048461913636,-81.76441422874869,1.0051040439733019,7,True
oddball_flex,10,62.11144249095862,959.1067498011107,1019.613424123876,0.994921875,CP2,,False,True,False,41.60987954394235,1.1832826037546562,0.0,3.645200005888556,5.784957426632006,0.6301169977686053,0.0,121,0.38739669421487605,25.793947982786644,5.410683631897285,10.238809356665342,1.0051040439733019,7,True
oddball_flex,10,62.11144249095862,959.1067498011107,1019.613424123876,0.994921875,CP6,,False,False,False,22.57997513063056,1.4677499941976084,0.0,3.5569766340163156,7.21038740438633,0.4933128325188856,0.0,121,0.4132231404958678,46.18198204040354,7.79740715026859,-50.2920501016399,1.0051040439733019,7,True
oddball_flex,11,63.11155690234736,1019.1136421341507,1079.6202611574845,1.0083333333333333,C3,C,True,True,False,14.972142473409388,2.5152073644471167,0.0,1.5862846546374711,3.169215593503937,0.5005291081770958,0.0,121,0.07747933884297521,10.228111267089368,3.970499038696964,8.037799924108274,0.0,0,False
oddball_flex,11,63.11155690234736,1019.1136421341507,1079.6202611574845,1.0083333333333333,T7,,False,False,False,26.10460936460811,1.6777673667593462,0.0,3.479309269235267,6.615622825283254,0.5259231611479146,0.0,121,0.012913223140495868,32.48594818115143,10.512607574461583,25.821427647591545,0.0,0,False
oddball_flex,11,63.11155690234736,1019.1136421341507,1079.6202611574845,1.0083333333333333,FC1,,False,True,False,20.15018377965498,2.1604682642934216,0.0,1.7099475811618552,2.9619683197303512,0.5773011040568873,0.0,121,0.10330578512396695,15.136518573758634,3.5082187652587216,12.916641495561436,0.0,0,False
oddball_flex,11,63.11155690234736,1019.1136421341507,1079.6202611574845,1.0083333333333333,FC5,,False,False,False,24.220570068547026,2.068673640959302,0.0,3.5633418752199346,5.5276904040366395,0.6446348501388167,0.0,121,0.07747933884297521,30.619137954709515,8.408866882324702,26.808064532789253,0.0,0,False
oddball_flex,11,63.11155690234736,1019.1136421341507,1079.6202611574845,1.0083333333333333,FT9,,False,False,False,32.8711286875631,1.7674737763265997,0.0,3.3506064295344156,10.067843979370501,0.3328027764832242,0.0,121,0.05165289256198347,37.85545530319058,13.226469039918243,25.603504323516255,0.0,0,False
oddball_flex,11,63.11155690234736,1019.1136421341507,1079.6202611574845,1.0083333333333333,F3,F,True,True,False,22.890942290929416,2.21345382958722,0.0,3.1973161925165408,5.309898250277531,0.6021426479027969,0.0,121,0.1678719008264463,14.633007335663876,4.996462821960307,-1.7174816961095365,0.0,0,False
oddball_flex,11,63.11155690234736,1019.1136421341507,1079.6202611574845,1.0083333333333333,F7,,False,False,False,24.642274020122017,2.0461977667250717,0.0,3.8519241864832092,10.302048266588189,0.3738988681479825,0.0,121,0.27117768595041325,35.23895969390665,15.065050125120422,17.97677769305708,0.0,0,False
oddball_flex,11,63.11155690234736,1019.1136421341507,1079.6202611574845,1.0083333333333333,Fp1,,False,False,False,34.588283097230004,1.4960548403944496,0.0,7.883055508247785,14.373273461619897,0.5484523431142838,0.0,121,2.4018595041322315,211.66818513870385,7.400895118713379,-255.35491868965698,0.0,0,False
oddball_flex,11,63.11155690234736,1019.1136421341507,1079.6202611574845,1.0083333333333333,Pz,P,True,True,False,19.914559568792452,5.325031410260165,0.0,2.762240215720426,5.5921280581629045,0.4939515309718895,0.0,121,0.025826446280991736,26.106299209594738,4.294916152954102,19.54634967032832,0.0,0,False
oddball_flex,11,63.11155690234736,1019.1136421341507,1079.6202611574845,1.0083333333333333,Cz,C,True,True,False,18.753669224807027,1.5265539087232607,0.0,2.0256933575612113,3.5157125067667887,0.5761828800455963,0.0,121,0.11621900826446281,12.362250041962596,4.1116247177125445,-7.493940262116702,0.0,0,False
oddball_flex,11,63.11155690234736,1019.1136421341507,1079.6202611574845,1.0083333333333333,O1,,False,False,False,38.27347845181564,1.8483698094507566,0.0,5.726762553948936,7.848470695843569,0.7296660427083894,0.0,121,1.1234504132231407,39.738165426254795,5.466573715209847,-45.90381209130422,0.0,0,False
oddball_flex,11,63.11155690234736,1019.1136421341507,1079.6202611574845,1.0083333333333333,PO9,,False,False,True,42.72011373769376,5.748330057348334,13.223140495867769,4.218144299304263,13.245312422440154,0.31846317887963893,3.9669421487603307,121,0.6069214876033058,96.74958448410086,9.006410598754883,-61.85105866485608,0.0,0,False
oddball_flex,11,63.11155690234736,1019.1136421341507,1079.6202611574845,1.0083333333333333,P3,P,True,True,False,19.81440085482763,1.3884928690709697,0.0,2.697833583827636,4.97412084745213,0.5423739524160405,0.0,121,0.10330578512396695,16.04619245529348,3.0261573791505043,-10.950229518822681,0.0,0,False
oddball_flex,11,63.11155690234736,1019.1136421341507,1079.6202611574845,1.0083333333333333,P7,,False,False,False,26.536300811761638,1.6412125933546853,0.0,3.6200692725528403,6.532148362753102,0.5541927512232884,0.0,121,0.05165289256198347,14.454424381256445,5.418754577636832,-0.2127718171285828,0.0,0,False
oddball_flex,11,63.11155690234736,1019.1136421341507,1079.6202611574845,1.0083333333333333,CP1,,False,True,False,26.621365873665955,2.2864305772945315,0.0,3.3087659197983292,4.222502568234397,0.783603056796212,0.0,121,0.15495867768595042,13.574897766113992,2.9623842239376756,-3.8544935582034436,0.0,0,False
oddball_flex,11,63.11155690234736,1019.1136421341507,1079.6202611574845,1.0083333333333333,CP5,,False,False,False,17.108220821574662,1.7357151576026746,0.0,2.6461116227862895,4.796071223676399,0.551724838806278,0.0,121,0.05165289256198347,17.17359952926512,4.119905471802241,10.67634385758879,0.0,0,False
oddball_flex,11,63.11155690234736,1019.1136421341507,1079.6202611574845,1.0083333333333333,C4,C,True,True,False,16.329287195215326,1.63106992240454,0.0,2.502925586363734,4.467939348203914,0.5601968583951112,0.0,121,0.21952479338842976,15.836313915251992,6.5024814605719286,-1.6868154934474284,0.0,0,False
oddball_flex,11,63.11155690234736,1019.1136421341507,1079.6202611574845,1.0083333333333333,T8,,False,False,False,23.943310771234103,1.7684987065377524,0.0,3.6710205176048625,7.1076584278940125,0.5164880325703243,0.0,121,0.3357438016528926,25.331815242767846,7.67811775207565,-18.711222240908175,0.0,0,False
oddball_flex,11,63.11155690234736,1019.1136421341507,1079.6202611574845,1.0083333333333333,FC2,,False,True,False,16.236635848857738,1.8310951446859784,0.0,2.3111302135161123,3.243487052898814,0.7125449171904593,0.0,121,0.11621900826446281,14.69620895385706,3.725364685058821,12.832536610539186,0.0,0,False
oddball_flex,11,63.11155690234736,1019.1136421341507,1079.6202611574845,1.0083333333333333,FC6,,False,False,False,23.55822067921914,3.5071625043368417,0.0,3.440547510268747,7.637354017417946,0.4504894630289686,0.0,121,0.297004132231405,34.45208749771152,14.148439407349485,-4.1736667191155306,0.0,0,False
oddball_flex,11,63.11155690234736,1019.1136421341507,1079.6202611574845,1.0083333333333333,FT10,,False,False,False,46.183957894787724,5.80577783227032,4.132231404958678,4.107862146955193,12.10943844788119,0.33922812892070586,0.9917355371900827,121,0.40030991735537186,68.52462034225537,17.116965293885556,-53.39257546742826,0.0,0,False
oddball_flex,11,63.11155690234736,1019.1136421341507,1079.6202611574845,1.0083333333333333,F4,F,True,True,False,25.569055335597227,1.709999851299333,0.0,3.640818292124905,6.474961502943423,0.5622918824258402,0.0,121,0.27117768595041325,34.28577508926563,9.172085762023727,-26.426984201007166,0.0,0,False
oddball_flex,11,63.11155690234736,1019.1136421341507,1079.6202611574845,1.0083333333333333,F8,,False,False,False,20.41859470372587,1.8440272547284928,0.0,3.9150060282850543,11.570232618570788,0.3383688260511961,0.0,121,0.6069214876033058,76.98540487289563,22.16094779968364,-77.26095414226316,0.0,0,False
oddball_flex,11,63.11155690234736,1019.1136421341507,1079.6202611574845,1.0083333333333333,Fp2,,False,False,False,17.21172730516298,1.7738588101321375,0.0,6.498903689250387,14.279192682136044,0.45513103113881415,0.0,121,1.859504132231405,238.21360635757537,11.344858169556119,-316.2055162112226,0.0,0,False
oddball_flex,11,63.11155690234736,1019.1136421341507,1079.6202611574845,1.0083333333333333,Oz,,False,False,False,33.756212205393346,3.7983656395439946,3.3057851239669422,3.5073232278142763,8.18033607772621,0.42875050541800785,0.0,121,0.038739669421487606,36.72061653137098,9.128215789794638,15.87246627912417,0.0,0,False
oddball_flex,11,63.11155690234736,1019.1136421341507,1079.6202611574845,1.0083333333333333,Fz,F,True,True,False,20.51467740825306,2.5001684416231944,0.0,2.166073111658243,3.956905728215693,0.5474159003113276,0.0,121,0.1291322314049587,12.613838672638195,3.20127868652348,0.2861869793037672,0.0,0,False
oddball_flex,11,63.11155690234736,1019.1136421341507,1079.6202611574845,1.0083333333333333,O2,,False,False,False,32.17476718232287,3.6419102347374297,1.6528925619834711,4.010419030812524,7.89279924216468,0.5081111159382061,0.0,121,0.2066115702479339,20.680520725251426,4.906874656678326,-2.267192482700238,0.0,0,False
oddball_flex,11,63.11155690234736,1019.1136421341507,1079.6202611574845,1.0083333333333333,PO10,,False,False,True,57.02715875263934,4.468621880213421,13.223140495867769,3.459531227293459,12.50236411094946,0.27671016430113665,2.9752066115702482,121,0.3744834710743802,96.77843770980698,18.509522438050055,57.651849217102196,0.0,0,False
oddball_flex,11,63.11155690234736,1019.1136421341507,1079.6202611574845,1.0083333333333333,P4,P,True,True,False,18.83130328239731,2.523045020365114,0.0,2.441992141796451,5.277343354055462,0.4627313361977597,0.0,121,0.06456611570247935,19.856329822537553,4.171884536741771,13.423174285737263,0.0,0,False
oddball_flex,11,63.11155690234736,1019.1136421341507,1079.6202611574845,1.0083333333333333,P8,,False,False,False,28.233973710925255,1.9511770929275851,0.0,3.6792385446216396,6.863059305013114,0.536093071778375,0.0,121,0.4261363636363636,26.439619541168327,5.685743331909578,18.949847902231735,0.0,0,False
oddball_flex,11,63.11155690234736,1019.1136421341507,1079.6202611574845,1.0083333333333333,CP2,,False,True,False,40.67611453716735,1.2607105490353652,0.0,2.985967842324041,3.976510539560934,0.7509015285179494,0.0,121,0.46487603305785125,22.44595165253108,2.6676225662240665,-24.432209598795204,0.0,0,False
oddball_flex,11,63.11155690234736,1019.1136421341507,1079.6202611574845,1.0083333333333333,CP6,,False,False,False,22.648412569532567,1.5465335180714646,0.0,3.661731519643055,5.618745726277616,0.651699097632761,0.0,121,0.2840909090909091,21.358177852631925,6.309339523314691,0.36672197376248034,0.0,0,False
oddball_flex,12,64.11166971949109,1079.120517435309,1139.6269239135727,0.994921875,C3,C,True,True,False,15.403490901933967,1.5477887608878527,0.0,1.6132479663662633,2.4903061757337794,0.647811093304988,0.0,121,0.06456611570247935,18.03585672378358,2.605298995970493,-6.609424197456973,1.0051040439733019,7,True
oddball_flex,12,64.11166971949109,1079.120517435309,1139.6269239135727,0.994921875,T7,,False,False,False,25.31012188268303,1.9230464084946144,0.0,3.766781207952671,6.1227750560892105,0.6152081651614065,0.0,121,0.025826446280991736,54.87544841766544,7.618341445921544,-32.91292037777458,1.0051040439733019,7,True
oddball_flex,12,64.11166971949109,1079.120517435309,1139.6269239135727,0.994921875,FC1,,False,True,False,22.792904745480538,2.145124789252208,0.0,2.0752013681988157,3.2101997181512396,0.6464399571357287,0.0,121,0.06456611570247935,20.184244346618566,5.191525459289764,-7.637890112658187,1.0051040439733019,7,True
oddball_flex,12,64.11166971949109,1079.120517435309,1139.6269239135727,0.994921875,FC5,,False,False,False,24.971216005310218,1.904583680359471,0.0,4.035906817464818,5.365226492083506,0.7522341924278267,0.0,121,0.09039256198347108,38.07795677185078,5.225715637208253,-19.55158796070854,1.0051040439733019,7,True
oddball_flex,12,64.11166971949109,1079.120517435309,1139.6269239135727,0.994921875,FT9,,False,False,False,35.244438609767634,1.548725072784924,0.0,3.421208600824362,9.62682426047191,0.35538288725929784,0.0,121,0.025826446280991736,61.03456153869604,12.935331344605117,-37.78189916440569,1.0051040439733019,7,True
oddball_flex,12,64.11166971949109,1079.120517435309,1139.6269239135727,0.994921875,F3,F,True,True,False,26.923431104309284,1.9782982403449094,0.0,3.6054576966455465,5.8388442003634955,0.6174951022705983,0.0,121,0.19369834710743802,31.119770336151873,5.506352424621298,-22.473280637451893,1.0051040439733019,7,True
oddball_flex,12,64.11166971949109,1079.120517435309,1139.6269239135727,0.994921875,F7,,False,False,False,28.08955252767641,2.0046257531929235,0.0,4.116143467276746,10.61961723157844,0.38759810052635446,0.0,121,0.1678719008264463,70.43685188293628,11.973073959351211,-46.5742752194503,1.0051040439733019,7,True
oddball_flex,12,64.11166971949109,1079.120517435309,1139.6269239135727,0.994921875,Fp1,,False,False,False,38.16704909313217,1.7848042487377866,0.0,8.305497944572897,17.044973542777406,0.4872696295907275,0.0,121,3.9385330578512394,291.33053989410473,18.28022575378509,-392.5340348530419,1.0051040439733019,7,True
oddball_flex,12,64.11166971949109,1079.120517435309,1139.6269239135727,0.994921875,Pz,P,True,True,False,18.85933815430966,1.727917868131016,0.0,2.8862522702836775,4.812761059680511,0.5997081996161425,0.0,121,0.038739669421487606,24.418678951265235,4.546090126037541,-11.01550996314789,1.0051040439733019,7,True
oddball_flex,12,64.11166971949109,1079.120517435309,1139.6269239135727,0.994921875,Cz,C,True,True,False,18.585252477680957,1.8694623242971373,0.0,2.240928042721348,2.8417019117607194,0.7885865978577846,0.0,121,0.11621900826446281,18.113339805601214,2.769168853759936,5.660953674429629,1.0051040439733019,7,True
oddball_flex,12,64.11166971949109,1079.120517435309,1139.6269239135727,0.994921875,O1,,False,False,False,37.99806606392451,1.6134033466721849,0.0,5.754626929335061,7.171665716710007,0.8024114838379541,0.0,121,1.265495867768595,31.478628921509426,5.0996861457811065,-18.855221752253726,1.0051040439733019,7,True
oddball_flex,12,64.11166971949109,1079.120517435309,1139.6269239135727,0.994921875,PO9,,False,False,True,40.453480246056024,8.034823219701707,7.43801652892562,4.12844193444979,10.461781921587345,0.394621295434477,2.0102080879466038,121,0.6198347107438017,366.70618743896705,7.120044708251953,-100.35960016133969,1.0051040439733019,7,True
oddball_flex,12,64.11166971949109,1079.120517435309,1139.6269239135727,0.994921875,P3,P,True,True,False,19.007475283938945,1.4205873752936298,0.0,2.7483271891618832,4.452389054994048,0.6172702239664358,0.0,121,0.09039256198347108,18.346914958953903,3.765239715577252,0.6005319292571015,1.0051040439733019,7,True
oddball_flex,12,64.11166971949109,1079.120517435309,1139.6269239135727,0.994921875,P7,,False,False,False,27.197728913448096,2.6143238169703116,0.0,3.559717069758081,6.032733717955116,0.5900669971829454,0.0,121,0.05165289256198347,41.77386484146015,4.472262382507182,-18.008419484430995,1.0051040439733019,7,True
oddball_flex,12,64.11166971949109,1079.120517435309,1139.6269239135727,0.994921875,CP1,,False,True,False,25.45154764241892,2.543932235204011,0.0,3.5854669999407602,3.6510403821382305,0.9820398091135143,0.0,121,0.11621900826446281,16.64524974823175,2.966578483583021,-4.236750251501172,1.0051040439733019,7,True
oddball_flex,12,64.11166971949109,1079.120517435309,1139.6269239135727,0.994921875,CP5,,False,False,False,16.369970980810383,2.324035881606678,0.0,2.78380936967301,4.15674221376379,0.6697094085977404,0.0,121,0.012913223140495868,31.70572414398427,3.5080881118771288,-20.20642707740139,1.0051040439733019,7,True
oddball_flex,12,64.11166971949109,1079.120517435309,1139.6269239135727,0.994921875,C4,C,True,True,False,17.09392014333237,1.4885499065655117,0.0,2.694977306181602,3.967625865166765,0.6792417928922662,0.0,121,0.19369834710743802,27.28965244293235,3.548316955566733,-14.25113652266957,1.0051040439733019,7,True
oddball_flex,12,64.11166971949109,1079.120517435309,1139.6269239135727,0.994921875,T8,,False,False,False,27.2017054100904,2.073566527281131,0.0,3.927241862769757,6.699340877038316,0.5862131715420241,0.0,121,0.3357438016528926,69.25195846557784,4.770997047423748,-62.23848168724359,1.0051040439733019,7,True
oddball_flex,12,64.11166971949109,1079.120517435309,1139.6269239135727,0.994921875,FC2,,False,True,False,16.639368836317296,1.868783272269138,0.0,2.4978730517560357,2.9775566281609276,0.8389002674648824,0.0,121,0.038739669421487606,16.178503227235666,2.757200241088995,-5.645021541358163,1.0051040439733019,7,True
oddball_flex,12,64.11166971949109,1079.120517435309,1139.6269239135727,0.994921875,FC6,,False,False,False,24.209180254384727,3.2738674405194907,0.0,3.7875719960082006,7.169656992018554,0.5282779915726266,0.0,121,0.3228305785123967,50.60247335434124,7.078203201293832,-46.01374213459569,1.0051040439733019,7,True
oddball_flex,12,64.11166971949109,1079.120517435309,1139.6269239135727,0.994921875,FT10,,False,False,False,43.303690300967034,4.863271766875486,2.479338842975207,4.316113552643949,11.222892735424292,0.3845811997311916,1.0051040439733019,121,0.3228305785123967,131.790757083894,13.752078056336188,-129.27658760185602,1.0051040439733019,7,True
oddball_flex,12,64.11166971949109,1079.120517435309,1139.6269239135727,0.994921875,F4,F,True,True,False,25.679742948976504,4.244732197922294,0.8264462809917356,3.8163753920134553,6.482853112255306,0.5886876234784509,0.0,121,0.3357438016528926,32.400369262694625,7.899220466613599,-25.210494442769697,1.0051040439733019,7,True
oddball_flex,12,64.11166971949109,1079.120517435309,1139.6269239135727,0.994921875,F8,,False,False,False,23.39123640904254,2.0044949156592096,0.0,4.172729063429766,10.547525964649308,0.3956121158094256,0.0,121,0.5552685950413223,112.4517548561115,14.194396018983298,-130.2860813345671,1.0051040439733019,7,True
oddball_flex,12,64.11166971949109,1079.120517435309,1139.6269239135727,0.994921875,Fp2,,False,False,False,18.652049542364438,3.2332419066675784,0.0,7.049553153094267,15.624078278594617,0.4511980180457963,0.0,121,2.169421487603306,311.58038539886456,12.691913604736328,-381.7503424590976,1.0051040439733019,7,True
oddball_flex,12,64.11166971949109,1079.120517435309,1139.6269239135727,0.994921875,Oz,,False,False,False,31.315298567200113,3.097412349829295,0.0,3.480096414106274,7.266927902073818,0.47889513436800885,0.0,121,0.012913223140495868,62.90406074524094,7.028743743897564,-33.79520262481535,1.0051040439733019,7,True
oddball_flex,12,64.11166971949109,1079.120517435309,1139.6269239135727,0.994921875,Fz,F,True,True,False,22.19620399855789,2.2996472197731244,0.0,2.457919220307443,4.387181294738818,0.5602502051271556,0.0,121,0.07747933884297521,21.588644027713272,4.251617431642032,-8.831916110565132,1.0051040439733019,7,True
oddball_flex,12,64.11166971949109,1079.120517435309,1139.6269239135727,0.994921875,O2,,False,False,False,32.85262689132139,2.341037745435374,0.0,4.266523444542766,7.702193340516997,0.5539361654425028,0.0,121,0.4261363636363636,26.20697498321684,6.952735900878565,-10.700221532648902,1.0051040439733019,7,True
oddball_flex,12,64.11166971949109,1079.120517435309,1139.6269239135727,0.994921875,PO10,,False,False,True,38.2872649082863,8.086723792268565,7.43801652892562,3.2168002811987133,11.973653382180611,0.2686565393638343,3.015312131919906,121,0.2582644628099174,123.44380474090613,8.855376243592048,-95.40931619675854,1.0051040439733019,7,True
oddball_flex,12,64.11166971949109,1079.120517435309,1139.6269239135727,0.994921875,P4,P,True,True,False,20.6255621465054,20.06456128795947,5.785123966942149,2.5291287954366797,5.255560669968012,0.4812291122218314,0.0,121,0.10330578512396695,88.90970058441059,6.568505287170083,-11.953700319687531,1.0051040439733019,7,True
oddball_flex,12,64.11166971949109,1079.120517435309,1139.6269239135727,0.994921875,P8,,False,False,False,26.838011158994554,1.7791895465543217,0.0,3.7974298142964065,6.1227022357863765,0.6202212141072183,0.0,121,0.4519628099173553,73.97890701293983,4.581039428711847,-72.87841665536266,1.0051040439733019,7,True
oddball_flex,12,64.11166971949109,1079.120517435309,1139.6269239135727,0.994921875,CP2,,False,True,False,41.834890017579845,1.2547676454455012,0.0,2.76006018651432,3.3841305770513377,0.8155891516807892,0.0,121,0.34865702479338845,29.0816930770899,2.4886245727552083,20.93919552855259,1.0051040439733019,7,True
oddball_flex,12,64.11166971949109,1079.120517435309,1139.6269239135727,0.994921875,CP6,,False,False,False,23.411298146753694,1.4283770314009534,0.0,3.8441885019773414,5.230837893691619,0.7349087431314639,0.0,121,0.4132231404958678,36.76443414688076,4.127987861633301,-40.287803550418076,1.0051040439733019,7,True
