session,chunk,elapsed_min,channel,in_core,psd_seconds,total_uv2,delta_uv2,delta_db,delta_rel_pct,delta_cv,theta_uv2,theta_db,theta_rel_pct,theta_cv,alpha_uv2,alpha_db,alpha_rel_pct,alpha_cv,beta_uv2,beta_db,beta_rel_pct,beta_cv
gng_flex,1,4.471325728258914,C3,True,60.5,90.47468422550524,85.5133409319229,19.32033874273688,94.51631875142404,0.48639693565051884,1.9518479459791442,2.9044598198111427,2.157341539998334,0.42736435102159276,0.8271561032425703,-0.8241252142781385,0.9142403870467348,0.5657434716326384,1.7922588345627843,2.5340072982661095,1.9809506381869617,0.22466621071269563
gng_flex,1,4.471325728258914,T7,False,60.5,14.536306649680997,7.088282089637221,8.50540992673446,48.76260703947639,0.8230756386368097,2.3134465994513262,3.6425947927085027,15.914954569991103,0.4817846506995254,1.54745331831474,1.8961755662326651,10.645436668389898,0.6656468970815522,3.0536769057293176,4.848230846255085,21.00724055512637,0.2567717037422344
gng_flex,1,4.471325728258914,FC1,False,60.5,11.006020188702184,4.225515563316266,6.2587970562728525,38.39276587602311,0.7229529208420069,2.0009836927813565,3.012435493239024,18.180810669740467,0.845840510141784,1.0382077280020403,0.16284257268847602,9.433089438340058,0.3144150579088021,3.426998198611289,5.349138761446662,31.13748784623478,0.20598882017732031
gng_flex,1,4.471325728258914,FC5,False,60.5,27.19027288198974,19.605303743185566,12.923735751732078,72.10410806936662,1.2464693691943338,2.6550995875550054,4.240808152534493,9.764887609177645,1.3064700192575582,1.8093641546065786,2.575259822386829,6.654453827879982,0.4826879312961668,2.6716315365449894,4.2677656133358255,9.825688576721205,0.3870221993922875
gng_flex,1,4.471325728258914,FT9,False,60.5,69.87786131455205,54.000232621803434,17.323956306775614,77.27802712610767,0.8951053371711103,4.908037913445082,6.909079088912323,7.023738021047567,0.654071147353039,3.8454124852229183,5.849429320302829,5.503048337316689,0.7800029339699048,5.945535319703345,7.741909633999054,8.50846778629899,0.27037223070291644
gng_flex,1,4.471325728258914,F3,True,60.5,27.493414569041814,16.21510768130224,12.099198370817689,58.97815144271241,1.4551050567988248,4.594216965134059,6.622115012063059,16.710245115596692,0.3969241167615052,1.7850571794788725,2.516521321201579,6.492671817813732,0.5591900203044479,4.304503160264365,6.3392303100272605,15.656488027177714,0.47616545037931524
gng_flex,1,4.471325728258914,F7,False,60.5,27.124516407539243,16.544371876790102,12.186502833953988,60.99416346531289,1.6573347904011289,4.482116581168947,6.514831484730058,16.524226695238504,1.2595935089425898,1.9499923038093891,2.9003289730112836,7.189039887425938,0.7266785349276337,3.431858792826412,5.355294100747081,12.652239550610123,0.49710319217210425
gng_flex,1,4.471325728258914,Fp1,False,60.5,31.5374509044626,20.824018195388298,13.18564534574541,66.02949064739302,4.601867190614208,2.6657982485409066,4.258272782883043,8.452801897707248,0.8196496717920116,1.7252385924915312,2.368491644742923,5.470444005502699,0.7726809962063298,5.8166771731736,7.646749610306419,18.443713763659105,0.4928660929356405
gng_flex,1,4.471325728258914,Pz,True,60.5,9.434922032448588,3.056500534384236,4.852244760558186,32.39560988286197,0.9515372674862329,1.6026207209415921,2.0483075361306415,16.986051558559343,0.6976406402190977,1.203602798422934,0.8048318882063967,12.756891835284941,0.30154945302424874,3.302021033210729,5.187798353042017,34.99786242911618,0.21823771329305972
gng_flex,1,4.471325728258914,Cz,True,60.5,12.47103120885111,6.081696817250581,7.840247660420782,48.766591273817006,0.7098841231825455,2.423098826776128,3.8437112732292684,19.42981928436177,0.7285179116941601,0.892230313482649,-0.4952302570928732,7.154422906498728,0.40793079652055736,2.567808993179116,4.095627155442136,20.590189778024577,0.3120907548174992
gng_flex,1,4.471325728258914,O1,False,60.5,40.3087095160462,10.89441804747405,10.372040362783768,27.027454310183685,1.5056955060317099,3.512209740882511,5.455804430507023,8.713277559740188,0.6238905117059075,5.798326990494843,7.633027032858316,14.38479936497751,0.37953812136063325,19.12670153431574,12.816400809024358,47.450542981788416,0.1677688831573572
gng_flex,1,4.471325728258914,PO9,False,60.5,134.64257687278035,101.26350312536468,20.054529473615016,75.20912439238701,1.7667118716164196,9.902932174076598,9.957638045447597,7.354978197894694,0.8992469009452356,8.459624568123894,9.273510897990656,6.283023367947818,0.6386871250172482,13.089637989497087,11.16927635753366,9.721767284553003,0.27877391843020166
gng_flex,1,4.471325728258914,P3,True,60.5,11.170569880546232,3.9117701416714006,5.923733274201136,35.01853695471549,0.7727974039325587,1.5519621690711949,1.9088113060524228,13.89331238842136,0.7040631799800046,1.4072397205947442,1.4836808497104967,12.597743316976873,0.5190146560713416,3.9808939818426055,5.999806117177737,35.637340121522456,0.28724548278905593
gng_flex,1,4.471325728258914,P7,False,60.5,17.30005580962621,4.841539770779716,6.84983503711583,27.985688740297327,0.9979820923100032,2.4934521268959022,3.968010343853307,14.412971578441264,0.6035619151130776,2.6615912710256318,4.251413635477148,15.38487101032733,0.5891618566024487,6.747426715534726,8.291381763390817,39.002340742625115,0.5043241797394882
gng_flex,1,4.471325728258914,CP1,False,60.5,7.696796355086593,2.986704397394733,4.751922413744362,38.80451371720268,0.7096812080693531,1.2622673966179307,1.0115136487206535,16.39990638161726,0.4463416067933709,0.798244724130326,-0.9786394317831841,10.371129588257702,0.28794425266368096,2.43794147470406,3.870232757211821,31.674756122303975,0.4120392011286753
gng_flex,1,4.471325728258914,CP5,False,60.5,7.444228670441203,2.6544450104288075,4.2397373291142095,35.6577575453695,0.560178604079817,1.2116274265656215,0.8336909552190603,16.276064051828907,0.23860606686962718,0.9607307661541148,-0.17398301359318358,12.905712716334042,0.4074315825077448,2.3864770363466157,3.7775725976409764,32.0580834092671,0.2302640675965492
gng_flex,1,4.471325728258914,C4,True,60.5,8.081618690134441,2.895025959185188,4.616524623226384,35.822352800674246,0.5637974338630753,1.352468218043431,1.3112706831425405,16.735115450255574,0.4293124801862025,0.9641632496753125,-0.15849426231349176,11.930323449339495,0.48910899476640407,2.588276805629385,4.130107205008794,32.02671277709501,0.21563284694767074
gng_flex,1,4.471325728258914,T8,False,60.5,25.32386138249099,9.1636281586892,9.620674580920195,36.185746005642585,0.7758568433866359,4.615930463324714,6.642592577685948,18.22759331053749,0.6481878822594586,3.3367057498905526,5.233179097314028,13.176133368813822,0.3732474121525072,7.338347585601942,8.655982785474606,28.977996186141276,0.37591386300221
gng_flex,1,4.471325728258914,FC2,False,60.5,9.713538045444155,4.121764565585049,6.150831813327144,42.43319526110509,1.2957785270777304,1.6364187636868737,2.138944506105881,16.846783901303468,0.5462509011915986,0.9137170072945651,-0.39188291356763993,9.406634359383775,0.48209334213376154,2.78374730825188,4.446298101006773,28.658428012823954,0.3290501090845723
gng_flex,1,4.471325728258914,FC6,False,60.5,18.599083031505447,8.748764044378515,9.419467036943471,47.03868480805622,0.6910465089585434,2.846992278368793,4.543862892521985,15.307164732509673,0.4024299074829222,1.8164851670321616,2.5923185587207027,9.766530769044754,0.53304340813464,4.714081173442511,6.733970565240367,25.345771968742824,0.3323593918155087
gng_flex,1,4.471325728258914,FT10,False,60.5,63.560229740208655,41.864929570411164,16.218503649290604,65.86654853440078,1.609749862380892,8.21660761848832,9.146925478724707,12.92727803545121,0.5379364127290024,4.574292473642893,6.603239293193516,7.196784046155143,0.2783502581396774,7.434465899296345,8.712497737563982,11.696725971072519,0.3308073854463634
gng_flex,1,4.471325728258914,F4,True,60.5,24.701222258973512,13.707608498733931,11.369616921053966,55.49364462624599,2.3781096886064494,3.575385841877158,5.533229160548927,14.474530063297916,0.7977849107436419,1.7965869279480458,2.5444823540920187,7.273271375449358,0.41973068028182214,5.042815457238689,7.026730753633031,20.41524668038127,0.19054685795434925
gng_flex,1,4.471325728258914,F8,False,60.5,18.47767075017651,8.305891162567164,9.193862359712838,44.95096419275585,1.3166987861908048,3.140837171560584,4.9704542212733855,16.998014598407003,0.49126241228425716,2.161609031167332,3.347771461570191,11.698493064374379,0.2683742367565533,4.284628210116526,6.319131428753028,23.18814025883428,0.4546366956351147
gng_flex,1,4.471325728258914,Fp2,False,60.5,14.215947570214034,7.673615739508872,8.850000478738693,53.97892543995461,2.4278058236703255,1.7969981938022963,2.5454764059139445,12.640720465004085,0.918584695219049,1.158125768586362,0.637557248811747,8.146666009186227,0.4792576742150921,3.2656968716361643,5.139758702091619,22.972066093424655,0.31348660721664134
gng_flex,1,4.471325728258914,Oz,False,60.5,48.69195287990057,21.74017491269133,13.372630339228182,44.64839388618033,1.202685468407325,7.375591943702468,8.677968812694738,15.147455600917212,0.6864022686269059,5.458652967814322,7.370854850452936,11.21058541496204,0.4186812845641986,12.524155893846395,10.977484648388316,25.72120268976973,0.3209575604498049
gng_flex,1,4.471325728258914,Fz,True,60.5,20.723604495055014,11.992474522856579,10.789088045117472,57.8686710881699,1.1934835885574597,3.7836729488812946,5.779135900356181,18.25779366607841,0.6680862023644469,1.41579960322614,1.5100178628304028,6.831821190005689,0.3061346898487492,2.9773762136266955,4.7383371445157625,14.367076993469672,0.27741298225121
gng_flex,1,4.471325728258914,O2,False,60.5,20.817863885839177,7.444636092240428,8.718434734791199,35.76080683909386,0.7518783764443,3.0407712613989157,4.829837520584623,14.606547905557798,0.40740362817456155,2.733039092742511,4.366458437822807,13.128335874083561,0.484568583771126,7.053094683869157,8.483797140453515,33.88001152542286,0.19945625726983943
gng_flex,1,4.471325728258914,PO10,False,60.5,71.80797087543452,56.69399700600181,17.535370764381103,78.95223373509472,2.040517558960822,4.305450240140687,6.340185742761305,5.9957831806852795,1.075310478328853,3.0743173260267067,4.877486926463888,4.2813037167694565,0.8196147908865228,6.876021718801932,8.37337239792347,9.575568888765547,0.13033973920386382
gng_flex,1,4.471325728258914,P4,True,60.5,14.081359231749861,7.372530201681668,8.676165603214045,52.356665861193996,0.7807988135446476,1.7735147598474388,2.488348071827135,12.59476965724031,0.6164866643481197,1.2730734472617864,1.048534600718415,9.04084205444693,0.8249872937494237,3.3120357580349142,5.200950169514341,23.52071063258667,0.3502062780088431
gng_flex,1,4.471325728258914,P8,False,60.5,16.055345877420486,4.459684175948235,6.493041041158387,27.776942396614036,0.5159745213285625,2.0913071265967735,3.2041781741427218,13.025612419461444,0.4629344649110134,1.9587945187131457,2.9198888006337205,12.200263598605533,0.5042398086374964,7.133471447829542,8.533009272906822,44.430506214517216,0.24868074955732003
gng_flex,1,4.471325728258914,CP2,False,60.5,14.575689550598526,4.813124570337229,6.824271019661529,33.02159087313702,0.5611082869350775,1.3045507937448544,1.1546099337387754,8.950182351347387,0.28760436947335083,0.9641654358673638,-0.1584844149140171,6.614887292435315,0.5373229882016207,7.235808579375012,8.594870692407376,49.64299324746448,0.3596955874500009
gng_flex,1,4.471325728258914,CP6,False,60.5,12.063259605855826,2.6391291039298523,4.214606360528946,21.877412823386052,0.6679016357080743,1.6002853531948842,2.0419743032360627,13.265778947657425,0.4235316002713997,1.4673130196822657,1.6652277111627223,12.163487047646667,0.4842880636638147,6.084125300888449,7.8419814964855945,50.43516843436788,0.21104861390457144
gng_flex,2,5.471434680683887,C3,True,59.6953125,6.1151253134266135,2.1530339454483185,3.3305087710851913,35.208337280039565,0.767471097893259,1.4319631660873635,1.5593184690288222,23.41674279255223,0.29254104069045184,0.7048349584400389,-1.5191256390206211,11.526091818469771,0.2763094579185821,1.6240782423976137,2.106069481951792,26.558380395438874,0.2970166034955239
gng_flex,2,5.471434680683887,T7,False,59.6953125,9.540211720801,3.7691137487171518,5.762392442935273,39.50765306915741,0.6366506119538581,1.8084917744889346,2.5731653781304336,18.95651613837657,0.3233258978441567,1.1722910362097076,0.6903544421532571,12.28789329332915,0.40901490948624303,2.398378867466021,3.7991778887673218,25.13968177704815,0.2847387892529318
gng_flex,2,5.471434680683887,FC1,False,59.6953125,17.709237119424504,6.837159092823788,8.348756855504133,38.60786914036179,0.9112745058136291,2.083218740431973,3.1873487377634007,11.763458393964243,0.3724536014204411,1.1935768867477405,0.768504002298792,6.739854905655744,0.5263340839058887,7.311961807115822,8.640339142626779,41.28897116124581,0.6756392691279298
gng_flex,2,5.471434680683887,FC5,False,59.6953125,7.508464412430679,3.1828064086672114,5.028102238536656,42.38957839898527,0.8658944562740266,1.244986194991327,0.9516453579132997,16.581102694316343,0.1273250683198183,0.8181110521300003,-0.8718774027276132,10.895850432154571,0.3147342899288533,2.0447279124850266,3.1063552556191665,27.23230477193001,0.26429197854468556
gng_flex,2,5.471434680683887,FT9,False,59.6953125,29.516841598624733,18.70019788760647,12.718462023140821,63.35433222122845,1.192287348830224,3.603537666332262,5.5672906592501885,12.20841211716961,0.24891650544783112,2.442307467668186,3.8780033737545274,8.274284562281824,0.473042703779502,4.132036542597202,6.161641536457783,13.998911532559516,0.4324256658479462
gng_flex,2,5.471434680683887,F3,True,59.6953125,12.103615753718856,5.762109495347151,7.605815067686288,47.606513727740676,0.5840367537254683,2.04071639533801,3.0978265366371267,16.860386489970956,0.4944407638230127,0.994894524617103,-0.02222959259154198,8.219812532560116,0.7790584346727639,3.021995466717034,4.802938085201298,24.967708230398184,0.31526574952273506
gng_flex,2,5.471434680683887,F7,False,59.6953125,10.600188095113806,4.845800445472063,6.853655255227466,45.714287350294775,0.9924041634671303,1.9229435541779358,2.839665362047631,18.14065502351155,0.3797239955976072,1.1373354305370458,0.5588856859923447,10.729389142267246,0.3100026603410846,2.3866071231438806,3.777809324991037,22.514762018647534,0.46490618530867484
gng_flex,2,5.471434680683887,Fp1,False,59.6953125,13.528229879659564,5.436108755949812,7.352881367352923,40.183444577056605,0.9842016689177704,1.655167959857941,2.1884207082371603,12.234918940478508,0.537472702556679,1.0500395866950307,0.21205672364346034,7.761840211436848,0.5297062668201371,5.1481162217196035,7.116483427936839,38.05461813936263,0.22839004683742725
gng_flex,2,5.471434680683887,Pz,True,59.6953125,9.206943789814545,2.9283381315727786,4.66621222727089,31.805756594412355,0.7360021900466985,1.414142961138636,1.5049331617602355,15.359526390321548,0.4263114087213039,1.3007942004215065,1.142085919565182,14.128403845155965,0.24108783688799404,3.3339862482966507,5.229638041598934,36.211649863497286,0.461501372930125
gng_flex,2,5.471434680683887,Cz,True,59.6953125,8.537255151058764,3.1354963649942516,4.963063016306308,36.727218637777234,0.38179054028523857,1.8216411986466958,2.60462839819752,21.337551313794126,0.37454545052245586,0.7558213402452536,-1.215808501539648,8.853212500642188,0.3127793952008539,2.5662592088734644,4.09300520822196,30.059535101925643,0.5884082167680139
gng_flex,2,5.471434680683887,O1,False,59.6953125,33.556082293893,4.600273520920744,6.627836545283251,13.70920919978184,0.7437752010521762,3.797026886181275,5.7944367232516125,11.31546541376885,0.3054633289413732,5.06735423555129,7.047812648921868,15.101149744389314,0.3036184846097389,19.454141847287698,12.890120781514574,57.97500934973041,0.19807429982754374
gng_flex,2,5.471434680683887,PO9,False,59.6953125,33.119459945179564,9.223943081711216,9.64916614389092,27.85052382188295,0.5770060363725829,6.3118966851298755,8.001598816073832,19.057969832773654,0.29547444008297524,5.768867145621556,7.610905374695259,17.41836115434967,0.2735523346402375,11.050885934123905,10.433970962001558,33.36674557017446,0.3515901639311571
gng_flex,2,5.471434680683887,P3,True,59.6953125,10.703417543078087,2.955435615797421,4.706215026771334,27.612074404298138,0.5142545815632563,1.5462976799559942,1.8929310427664736,14.446765939314277,0.2004745765339523,1.6317916826273917,2.126647151653847,15.245520190723319,0.2619836181477992,4.2958681476053675,6.330509431649201,40.13548131067269,0.3199217709019193
gng_flex,2,5.471434680683887,P7,False,59.6953125,15.20410090035319,2.8249725023462138,4.51014224850174,18.58033250937311,0.3497709733189459,2.5821823099916617,4.119869015354621,16.98345944239082,0.5460639968432606,2.4622070389653703,3.9132456853832216,16.19436134436712,0.2301967477483216,7.00074708535461,8.451443882620108,46.045123820455466,0.1789787868260114
gng_flex,2,5.471434680683887,CP1,False,59.6953125,7.479678740733926,2.551415276144141,4.067811514595499,34.111294944384056,0.4823526955712821,1.3171178570772208,1.1962463782297803,17.609283803918853,0.719546417858141,0.7926856289660843,-1.0089901529884748,10.597856625167084,0.22814433414001808,2.624481965069392,4.190435927270376,35.08816429209192,0.4740725657939184
gng_flex,2,5.471434680683887,CP5,False,59.6953125,7.069469898295003,1.968744280530616,2.9418930945108475,27.848541812242996,0.6264578991581291,1.2086874714074203,0.8231402047254506,17.0972857766737,0.49936006298277225,1.0100051112873314,0.0432357160270852,14.286857795814676,0.3760914031097247,2.660168700727928,4.249091792897224,37.628969908613676,0.24990542596044688
gng_flex,2,5.471434680683887,C4,True,59.6953125,7.302943820166256,2.6244343063620827,4.190357061795946,35.936662953848874,0.9297467594622505,1.2303353093434812,0.9002348798584108,16.847114528610355,0.6819817430869823,0.8433832431749783,-0.7397503204884853,11.54853801347986,0.5152022390587523,2.378366799541315,3.7627883376977014,32.56723395534994,0.21988754426952223
gng_flex,2,5.471434680683887,T8,False,59.6953125,19.646369087086686,5.191489105522578,7.152919469722895,26.424674618043692,0.5766567401492001,3.3695884415452433,5.275768597790957,17.151201968205065,0.4687998495418993,2.6376952617247333,4.212246191875307,13.42586637781562,0.6141124979933291,7.873923742267522,8.961912043997543,40.07826437223433,0.1618247568160899
gng_flex,2,5.471434680683887,FC2,False,59.6953125,13.663749499265576,7.586377117300014,8.800344275958285,55.52192769420854,0.5760523230955683,2.2363680124947316,3.4954327177462563,16.367161975670996,0.49030599363864075,0.9392654687293623,-0.2721164382541386,6.874141455680578,0.2742157333117409,2.5902961558486606,4.133494210302475,18.957432994419932,0.22265187984293172
gng_flex,2,5.471434680683887,FC6,False,59.6953125,17.886528985843253,8.768263856267493,9.429136102092743,49.02160650178332,1.1459385704780527,2.2430936860578887,3.508474129000777,12.540687395711275,0.7156974244747798,1.3260494796874684,1.2255972946416713,7.413676967381452,0.6668891029113024,5.01388064797872,7.001739916602558,28.031602173608324,0.1847239711632396
gng_flex,2,5.471434680683887,FT10,False,59.6953125,20.817165685644056,8.385043384735347,9.235053140145453,40.279467009852574,0.6364540537328156,3.8094497570582293,5.8086225002446294,18.29956015426876,0.5842842333306987,2.5238753187345164,4.0206789664061535,12.12401033285253,0.267679409527469,5.612346479108151,7.491444744233041,26.960185473176786,0.23609958123595073
gng_flex,2,5.471434680683887,F4,True,59.6953125,11.452683779450897,3.4056715753768914,5.322027646252037,29.73688648845395,1.0143361046097028,1.774677067796635,2.491193374286439,15.495730974261848,0.4800375390987045,1.0701743759305256,0.2945454809104505,9.344310875418541,0.6099422508410528,4.94350858164958,6.940352924033211,43.16463002776278,0.21324079324138356
gng_flex,2,5.471434680683887,F8,False,59.6953125,10.728429518664083,3.396888877562682,5.310813400255485,31.662498892807818,0.4508451712752467,2.140579132903327,3.3053128746021603,19.952399642271914,0.2758666240150623,1.4706015811817108,1.674950285867094,13.70751961993438,0.24193371816074732,3.390990638732586,5.303265908537592,31.607521239090325,0.2384166714780481
gng_flex,2,5.471434680683887,Fp2,False,59.6953125,6.960298612145277,2.255181145219881,3.53181431894588,32.4006378301749,1.1156849530708661,1.0786895206745508,0.32896459639950354,15.497747737321305,0.524361848217019,0.7538132080640164,-1.227362572564525,10.830184882422436,0.345181096960684,2.6929344832303292,4.302257875304623,38.68992744839037,0.22721657596987951
gng_flex,2,5.471434680683887,Oz,False,59.6953125,41.57703243132785,14.631736162062897,11.652958613862614,35.191872306494965,0.7717242654520533,6.95904047420605,8.425493623856932,16.737703648523237,0.5630066961371615,5.0888942843959715,7.066234290261032,12.239676539688638,0.24899345718944377,13.93238962440989,11.44025611161247,33.509822153425226,0.2882228317449488
gng_flex,2,5.471434680683887,Fz,True,59.6953125,10.01034322133531,4.038121474192142,6.0617937918856155,40.339490713820744,0.7747013600564632,2.55007882024541,4.065536042255681,25.47443942591658,0.49273029209453556,1.115652011880178,0.4752875294611641,11.144992606271074,0.5768030731055441,2.0247683957810723,3.063753533843917,20.226762969182012,0.26802522243195426
gng_flex,2,5.471434680683887,O2,False,59.6953125,18.577263019887916,4.336170484521006,6.3710634895265175,23.341277344670804,0.8452372271518147,3.1955565520693594,5.045465077034884,17.20143892374432,0.3961538813800611,3.1858946809451054,5.032314148297084,17.14942980316552,0.33953069632858507,7.382897666479617,8.682268487568516,39.74157903979636,0.1297265454865199
gng_flex,2,5.471434680683887,PO10,False,59.6953125,16.881465687710403,5.707936115121316,7.564791037198425,33.81185153417488,0.8276010620141874,2.756086309388523,4.402928137813965,16.326107936202103,0.4269562368583065,2.086587305401567,3.194365608478227,12.360225966164709,0.27556168961450483,5.932044979735742,7.73204435407081,35.139395414310684,0.27961023753134123
gng_flex,2,5.471434680683887,P4,True,59.6953125,7.421849674765863,1.716279182300771,2.3458793471936152,23.124682626435902,0.3952098613368811,1.333894033524683,1.2512132996776981,17.972528304634025,0.4053878169990702,0.9792442117976252,-0.09108986838335828,13.194072296115555,0.3433573604654736,3.177585114265171,5.020971923214434,42.813924473152504,0.1734105940038504
gng_flex,2,5.471434680683887,P8,False,59.6953125,17.532939727964873,3.2161763669384995,5.0733985633511995,18.34362301382197,0.4674979025966716,1.9971313051716026,3.0040661932078745,11.390738439522478,0.4836973680380456,1.8587843150448187,2.6922899912089133,10.60166945124482,0.4647940611361602,10.067303246255857,10.029131505813941,57.41936835725616,0.3403829286057984
gng_flex,2,5.471434680683887,CP2,False,59.6953125,12.293916261765018,2.436061526929871,3.8668825295455225,19.815179110225444,0.8533906188049372,1.1457927514163484,0.5910607046217197,9.319998013813125,0.39028071976511675,0.9644926516138465,-0.1570107685961427,7.845284050075153,0.5364285215808784,7.555025144485007,8.7823591408774,61.45336427889695,0.7167356671626113
gng_flex,2,5.471434680683887,CP6,False,59.6953125,13.055257099673975,2.673526435907467,4.270844827741095,20.478542976945523,0.454909716264102,1.4037014851398102,1.472747594029613,10.752001851996193,0.32676010379529785,1.2632008759500397,1.014724181561409,9.675802370690848,0.3807929685510151,7.391086404454674,8.687082793666892,56.61387093356629,0.2567614933959828
gng_flex,3,6.471551128710416,C3,True,60.5,5.887636731487753,1.963962610193511,2.9313321545642608,33.35740127596553,0.9658001710753185,1.4665870720398706,1.663078523720611,24.909605312372545,0.5135090833385294,0.6557640585546561,-1.8325239004410752,11.137984363871418,0.37298725312955605,1.567913007053683,1.9532196293730673,26.630600333548188,0.24890696601618278
gng_flex,3,6.471551128710416,T7,False,60.5,11.280851730918368,4.364083946403166,6.398930959742844,38.685766380938766,0.24362781500065087,2.321013636227404,3.656776919944437,20.574808459418087,0.6290076446958143,1.461383168992805,1.6476410119200755,12.954546375141787,0.49038155383018406,2.7114457012406623,4.332009117817364,24.03582429692944,0.3099515526725452
gng_flex,3,6.471551128710416,FC1,False,60.5,19.77773724497105,4.054936177506623,6.079840230416693,20.50252830888268,0.551538845033598,2.1002979880502117,3.222809163457503,10.619505972981118,0.27248517555731494,1.3039111583701612,1.152480018682878,6.59282273912154,0.3647359494125716,11.966988672601016,10.779848799465906,60.507370101925595,0.4209458816036965
gng_flex,3,6.471551128710416,FC5,False,60.5,8.121494320719528,3.4269272644844015,5.3490488675601515,42.19577246691704,0.6472954174612492,1.5557218092362877,1.9193194000904104,19.15561038154439,0.5020954241776896,0.8589515657867829,-0.6603132429980865,10.576274905412772,0.5393553931449334,2.0176020893202256,3.048355189612502,24.842744569468284,0.31080687663410783
gng_flex,3,6.471551128710416,FT9,False,60.5,59.444843410778276,43.41948582437802,16.376846762128846,73.04163546085714,1.055657337609302,6.169280697243713,7.902345307384992,10.378159556435348,0.7091526928573149,3.366067319081375,5.271227973240631,5.662505149220486,0.5734197968996877,5.504291901073126,7.407014571431215,9.259494323228568,0.2522005621850679
gng_flex,3,6.471551128710416,F3,True,60.5,13.563007744779656,5.746612459623918,7.594119101453809,42.36974989441973,0.17013775289821295,2.4089847827767,3.8183405662890286,17.761434838846185,0.5459082712208725,1.2739083202519295,1.0513817412069713,9.392520775801012,0.31165459754084596,3.714951723379533,5.699531743802808,27.390323689886575,0.3245706551941693
gng_flex,3,6.471551128710416,F7,False,60.5,12.988865222251663,5.345521736346349,7.279900998456625,41.15464780702132,0.5492400640396935,2.3614244464575735,3.731740549258568,18.180375314174,0.4680949776621586,1.5159576210940047,1.8068706067447984,11.671209109914903,0.7685501308768158,3.353321256831718,5.25475161954285,25.816891617960824,0.4854831647951284
gng_flex,3,6.471551128710416,Fp1,False,60.5,17.93984178861236,8.09508129962538,9.082212147696126,45.123482107650915,1.0972666661957096,2.4889393727430895,3.960143179007549,13.873808933604916,0.3956340022691124,1.5162224933210224,1.8076293515591253,8.451704932445237,0.6151558780249963,5.375107185177316,7.303871289535816,29.96184274372622,0.24417133461302176
gng_flex,3,6.471551128710416,Pz,True,60.5,9.794099909831074,2.349388934894655,3.709549189897448,23.987798332916704,0.28972102737879685,1.69521372136307,2.292244589741801,17.308519792221606,0.3377824938762005,1.3713621800923166,1.3715216816880635,14.001921490669881,0.5745173420028965,4.0670869807826975,6.092834605457269,41.5258882207262,0.3569510030751583
gng_flex,3,6.471551128710416,Cz,True,60.5,9.675992791897759,3.978430933910653,5.997118230526601,41.116514030911766,0.6890714775916011,2.0259168339656175,3.066216131411637,20.93756038824284,0.4784253287538302,0.8089764973150142,-0.9206409548867682,8.360656262501712,0.2618002052197136,2.558087424736914,4.079153827665683,26.437467242420244,0.2685087218755018
gng_flex,3,6.471551128710416,O1,False,60.5,36.49820889092815,7.092761428789481,8.508153522209037,19.43317670734366,0.7183328294158725,3.891069561635596,5.900689948655394,10.660987702886278,0.6297824811748707,5.656290118566224,7.525316768958232,15.497445738966464,0.35678515345169926,18.80624662653886,12.743021271804967,51.52649184166752,0.1873723537190884
gng_flex,3,6.471551128710416,PO9,False,60.5,126.47193392746709,78.83370583977506,18.96711942495097,62.332964628331666,0.937413221118245,19.27845037777773,12.850721219201645,15.243263686340175,0.4770622719127581,11.470864165723185,10.595961370179056,9.069889112553494,0.2980027089794078,14.375727417387415,11.576298293870309,11.366733290907085,0.12149777469497737
gng_flex,3,6.471551128710416,P3,True,60.5,10.559606074996081,2.857931663454043,4.560518400813899,27.064756423265568,0.737606292125843,1.60523901812558,2.0553970747264634,15.201694142043795,0.4169275561454032,1.5995863223431592,2.040076819354228,15.148162829016828,0.5153061408663605,4.19329480702632,6.225553962848008,39.71071247587118,0.27235268009721947
gng_flex,3,6.471551128710416,P7,False,60.5,17.193514530756058,3.8914998995327474,5.9011702357256475,22.63353366510125,0.6375521810321488,2.702671301873523,4.3179323013716235,15.719132333525746,0.3253952672324972,2.795105984397243,4.463982800457801,16.256745992201353,0.3778405242471839,7.23354955019317,8.593514607490109,42.071384167871386,0.2717573858706363
gng_flex,3,6.471551128710416,CP1,False,60.5,7.893693062121018,2.720316525286397,4.346194397648979,34.4618989347358,0.4517181304110457,1.3368047224953685,1.2606797110889616,16.93509884378722,0.559273742940083,0.8272332806583408,-0.8237200167333868,10.479673761676072,0.22637643347973518,2.7537020142015405,4.399169422426888,34.88483771196478,0.30529181659597476
gng_flex,3,6.471551128710416,CP5,False,60.5,6.953676741087249,1.7773875141349451,2.497821249931932,25.560398912892808,0.3688117779251241,1.3396780406042514,1.2700043867119923,19.265750918337694,0.6415641134342367,0.9820066137485719,-0.07885587259041141,14.12212057466205,0.6244277905038128,2.640909660905184,4.2175354530332045,37.97860842884482,0.37503471456465887
gng_flex,3,6.471551128710416,C4,True,60.5,12.646899495219301,7.0058675596786815,8.454619230695421,55.39592974805401,0.4978128389699127,1.750107305083368,2.430646775873763,13.838232095897752,0.5156653733637488,0.9837219803171291,-0.07127624611997482,7.778364813359902,0.40887196621056876,2.628829810432305,4.197624709361049,20.78635804313965,0.2233616293374297
gng_flex,3,6.471551128710416,T8,False,60.5,23.99734991540547,7.788409862529236,8.91448798054861,32.45529148003691,0.5052743997460977,4.2440912428803035,6.27784712141053,17.685666366667192,0.6224781612407698,3.312373010931549,5.201392373723801,13.803078350768724,0.7395845174030516,7.842214276176564,8.944387045402818,32.679501294191375,0.19524732784820908
gng_flex,3,6.471551128710416,FC2,False,60.5,8.88377685298017,3.332607928196378,5.227842231605026,37.51341330774663,0.599009329484009,1.939445683044155,2.876776210670246,21.83131921411944,0.542155596901626,0.9718138509087546,-0.12416915387877954,10.93919699910909,0.5137559856115463,2.3737913110957507,3.754425358387274,26.720519328436687,0.23314961009961496
gng_flex,3,6.471551128710416,FC6,False,60.5,21.468534324854264,10.485378044521417,10.205840933316225,48.840679507321674,0.7737478290005482,3.374502757578852,5.282097873746636,15.718365802327586,0.4216310993339974,1.786533031746027,2.5201105041386156,8.321634838749778,0.6806454358583348,5.222652278031533,7.178911116575478,24.327009003056318,0.2972594386479358
gng_flex,3,6.471551128710416,FT10,False,60.5,35.54821465709982,18.53094270655154,12.678975133199444,52.129039067931004,0.8611032730769705,5.616886286247508,7.494956316818887,15.800754947690976,0.7058352509152744,3.6789668385131225,5.657258732033287,10.349230964200745,0.40072378993962376,6.7301143339806435,8.280224422618831,18.932355390839525,0.27060116162049613
gng_flex,3,6.471551128710416,F4,True,60.5,14.556430223906782,4.968592880917246,6.962334127618991,34.133319807744265,0.7479875201521806,2.581319531358127,4.118417674715466,17.733190704398748,0.45373283306722145,1.424472665593654,1.536541199175523,9.785865378272266,0.6046315693480311,5.163086145068857,7.129093712250142,35.469452782381026,0.24949612144533337
gng_flex,3,6.471551128710416,F8,False,60.5,12.930923818042762,3.873278503391633,5.880787255266462,29.953610104694718,0.7560063775724297,2.4614377888665615,3.9118886375557826,19.035281805868124,0.2488691499304817,2.009595221891434,3.031085894592463,15.541002716970679,0.5693535614821705,4.039882008939413,6.063686810475274,31.242021573914847,0.25337837691484494
gng_flex,3,6.471551128710416,Fp2,False,60.5,9.44220910153973,3.6764047208504844,5.654233151071416,38.93585368969405,0.45039065313046867,1.475649058116802,1.6898308496304795,15.62821837822009,0.36424395451314967,1.0262641085119506,0.11259140609125252,10.868898342280927,0.5192904379050682,2.979971042657286,4.742120439167741,31.560104321046502,0.29433478667341373
gng_flex,3,6.471551128710416,Oz,False,60.5,45.33402938330776,17.13452542865248,12.338720803695228,37.79616694509292,0.6556629962189596,8.059140511621589,9.062887277897635,17.777242881897916,0.336593346543112,5.45882402324277,7.370990941289202,12.041338697443779,0.17678189758351245,13.121028300638509,11.179678722189895,28.943000388731704,0.2183377732868652
gng_flex,3,6.471551128710416,Fz,True,60.5,12.649406273326534,5.791146744267889,7.627645698407034,45.781964932848474,0.6709654679815511,2.8358935352673442,4.526899225921956,22.419182956019977,0.49651681676835996,1.177947050669684,0.7112576912782219,9.312271463314367,0.6347192537528645,2.396613819657629,3.7959805927207158,18.946453041921067,0.31282499116459817
gng_flex,3,6.471551128710416,O2,False,60.5,18.655216178943384,4.474813791857466,6.507749679533054,23.98693078083063,0.4763995895429218,3.2063858491971224,5.060157831753703,17.187610255710954,0.4013476432764759,3.1394636763560464,4.968554626294718,16.828878562659803,0.39347948758551415,7.232916316700668,8.593134404316428,38.7715491866808,0.12638774318968093
gng_flex,3,6.471551128710416,PO10,False,60.5,61.20437066036145,39.5562382117689,15.972149835937019,64.62976056281418,0.9496243509046187,9.404669813500146,9.733435526038752,15.366010159125793,0.249127177204818,3.3300234059749103,5.224472860738944,5.440826153501444,0.5195240559852582,7.359594857543577,8.668539072755237,12.024623042664441,0.30322677704835577
gng_flex,3,6.471551128710416,P4,True,60.5,10.428748709307925,4.037204236310618,6.060807202944111,38.71225924455645,0.5914012689092639,1.582915962990833,1.9945785878014013,15.178388195105708,0.3164765178593695,1.134270409664535,0.5471660255118057,10.876380678845678,0.8839315028616146,3.447349486286666,5.374853136580043,33.05621395604075,0.31538109876511605
gng_flex,3,6.471551128710416,P8,False,60.5,20.12909045618744,3.765649457169153,5.758398892592935,18.70749930487613,0.45314413452493046,2.3574172257646087,3.724364526183664,11.711494023516432,0.5107144044510812,2.643578129112165,4.221921502020269,13.133122606141207,0.5359423672745138,10.8393136092403,10.350017817265837,53.84899845739639,0.3627810107202348
gng_flex,3,6.471551128710416,CP2,False,60.5,13.26895793455388,2.75476424356975,4.400844372720706,20.760969001160444,0.5398161429067082,1.2985993757005272,1.1347518975044326,9.786747249524593,0.4384944354216428,1.0172147160450487,0.07412634487283001,7.666123602638798,0.3566856991649152,7.944026291366993,9.000406728207476,59.86925522372667,0.40528666488887216
gng_flex,3,6.471551128710416,CP6,False,60.5,13.837651592831698,2.8530519731787467,4.553096831394265,20.618035900374235,0.6435673740700494,1.9292927293068587,2.853981276322075,13.942342140672828,0.5394043318554812,1.5149045136566432,1.8038525957171179,10.947699495782995,0.636872686506021,7.149399482154932,8.542695645228736,51.666277577465,0.1598407595292285
gng_flex,4,7.471656639640666,C3,True,58.1953125,6.014717201168647,2.164530084431694,3.353636263754993,35.98722952445928,0.5608944935832763,1.261200708924999,1.0078420619426907,20.968578683632046,0.3970998199545682,0.6855946355716172,-1.639325892044028,11.39861796724886,0.5847073593472405,1.6857818804002846,2.2680138151848657,28.02761666122458,0.2452089360493148
gng_flex,4,7.471656639640666,T7,False,58.1953125,12.353874755423353,4.546268217517145,6.576550543435093,36.800342463576726,0.580557468234303,2.2580676309745398,3.5373694525909514,18.278213723862205,0.3759987051920061,1.9548960348506401,2.9112366572611696,15.824152936247312,0.516596749230214,3.0323474852572434,4.817789668421988,24.545719827101554,0.466444543817211
gng_flex,4,7.471656639640666,FC1,False,58.1953125,19.81814936272802,5.139865316564314,7.109517390265458,25.93514269415516,0.5372134353510938,1.9112780862540375,2.8132388042980634,9.64407953170732,0.7470460460904415,1.1045885919239349,0.4320055356259159,5.573621288783573,0.5586522858700097,11.288601461891313,10.526401407730111,56.96092634724904,0.2868996877437059
gng_flex,4,7.471656639640666,FC5,False,58.1953125,7.975621560849672,2.9315362712892443,4.670952719894564,36.756210772078525,0.4719297940882634,1.5394646227495734,1.873697131669989,19.302127251202837,0.29902796781667007,0.8997767517301478,-0.45865232248187554,11.281587834444483,0.6005707954846271,2.363460925765301,3.735484266665229,29.633564076898267,0.4847494645112492
gng_flex,4,7.471656639640666,FT9,False,58.1953125,29.847183537374587,16.073194358229863,12.061021962586354,53.85162837258343,0.549098375023073,4.241372374495203,6.275064033460778,14.210293474371424,0.7078148019213616,2.901309061757115,4.625939944580716,9.720545518554879,0.3767422506038953,5.6608864655093445,7.528844447808582,18.966233307812086,0.3190611266204376
gng_flex,4,7.471656639640666,F3,True,58.1953125,14.1993907427811,6.202904819178374,7.925951171600078,43.6843025982076,1.2453102657108681,2.363341565615877,3.7352649325409044,16.643964578673124,0.7989102475931923,1.3276207772683757,1.2307404049944348,9.349843252558788,0.5440747827923472,3.9293681221290204,5.9432271751636465,27.67279380720396,0.34548836242550257
gng_flex,4,7.471656639640666,F7,False,58.1953125,15.501383754114219,7.089253748835418,8.506005215271955,45.73303816798846,1.5019793722129196,2.9095862545549447,4.638312363608431,18.76984855486022,0.630274045894119,1.6315989842139071,2.1261342626602273,10.525505400644409,0.4424240196042695,3.3637887521714736,5.268287140441377,21.699925668111348,0.2999964160723165
gng_flex,4,7.471656639640666,Fp1,False,58.1953125,17.574886942139592,6.997619639219681,8.449503323913264,39.81601510301255,1.4239382994358862,2.349267010374691,3.709323801416752,13.367181354332445,0.7574553228909727,1.510519609807928,1.7912636772654076,8.594761461515468,0.6631035017783506,6.3922360454084135,8.056528037473589,36.37142057558075,0.31168412322040473
gng_flex,4,7.471656639640666,Pz,True,58.1953125,10.735890750143849,2.68955520806375,4.296804634017867,25.051998671164878,0.945012522769795,2.154563578232832,3.3335931405134995,20.06879194634095,0.9533925601335349,1.472995113367496,1.682013060815638,13.72028784242015,0.5632374764050767,4.126292338596561,6.155599935212273,38.434559689807514,0.2557712048173191
gng_flex,4,7.471656639640666,Cz,True,58.1953125,10.247508162268668,4.703664099916602,6.724363001511234,45.9005645610071,0.9939480916961482,1.7279312297397091,2.375264539189812,16.861964902862464,0.5636787074927613,0.9440169369814182,-0.2502021378287973,9.212160869090978,0.5132918761817545,2.4806765794950727,3.9457014641791215,24.20760774437756,0.4062116222661046
gng_flex,4,7.471656639640666,O1,False,58.1953125,43.67134728251626,9.864330564728771,9.940676175244272,22.58764883280333,0.8662870798373646,5.242960287280219,7.195765681694965,12.005492419005877,0.5323878855214982,6.403406314651411,8.064110599394965,14.662717578248389,0.5675553580114382,20.993694046968663,13.220888636924313,48.072009116543676,0.17633200321481543
gng_flex,4,7.471656639640666,PO9,False,58.1953125,97.47962609377832,60.24722520924273,17.79937049519689,61.80494081017821,4.265018899426981,12.319015707436334,10.905760089723906,12.637528682747584,0.9347356598309196,9.253261118873166,9.66294817747887,9.492507808730464,0.39245468385576265,13.37261640329755,11.26216386943931,13.71837063719622,0.19366540450326228
gng_flex,4,7.471656639640666,P3,True,58.1953125,11.690510207952151,3.262966473614665,5.136126115142154,27.911240960168882,0.8957819225405701,1.841537785016167,2.651806342176322,15.752415867730999,0.5865205683010095,1.7506804992604879,2.432068941879357,14.975227497510204,0.3607446860729841,4.510923972576034,6.542655075302207,38.5862027604886,0.26950957863802466
gng_flex,4,7.471656639640666,P7,False,58.1953125,17.834238997423018,3.357208341924311,5.259782935686729,18.82451133692565,0.6056073957902308,3.1342353243721983,4.961316010156341,17.574258844602696,0.43130721331378313,3.2704537358119095,5.146080099352794,18.33806161442873,0.7127194138414771,7.396018177271502,8.689979698585535,41.47089302963922,0.3282608158295525
gng_flex,4,7.471656639640666,CP1,False,58.1953125,8.99309167370495,3.0758923174159114,4.879711273677999,34.20283512075791,0.6818488200973171,1.4083062214423958,1.4869709786216774,15.659867290802405,0.3825247978871927,1.0398942213439866,0.16989164853582178,11.56325609783953,0.44439786551141397,3.1601220824194205,4.997038606870571,35.139440329062296,0.2414282114607825
gng_flex,4,7.471656639640666,CP5,False,58.1953125,7.593686548027679,1.9018010128371063,2.791650743533893,25.04450244039984,0.5548288534927844,1.427310385407598,1.5451842582098438,18.796013983199185,0.3841110890245037,1.215111672255503,0.8461619267975979,16.00160428759212,0.4844567135408321,2.728774045310013,4.359675756340787,35.93477328898652,0.23832222165053218
gng_flex,4,7.471656639640666,C4,True,58.1953125,8.367319481442562,2.7076582620033443,4.325938504519339,32.35992444185401,0.7036974768506558,1.5330901417417488,1.8556769099925818,18.322356940498192,0.4728787755209379,1.184830403762694,0.7365619002442003,14.160214706638929,0.6852991152889266,2.611929309369101,4.169614187874291,31.215842960962124,0.25581212224151145
gng_flex,4,7.471656639640666,T8,False,58.1953125,24.212464691652713,8.656222187654686,9.373283953634592,35.751098857106165,0.6445406788812924,3.552490804952926,5.505329625000357,14.67215688363049,0.2725772984808213,3.570101321658547,5.526805418300577,14.74489015110199,0.560007177337678,7.629293465814611,8.82484320640901,31.50977631965251,0.24546200796505244
gng_flex,4,7.471656639640666,FC2,False,58.1953125,8.199364910901046,3.1849973795412767,5.031090793554409,38.84443995542662,0.40183918568985416,1.4971322226511123,1.752601577458174,18.25912419949351,0.7241188825677214,0.9053238429514954,-0.4319604173498315,11.041389824568832,0.6333862128306124,2.3242600777726565,3.662847226950106,28.346830553700027,0.30853523581819675
gng_flex,4,7.471656639640666,FC6,False,58.1953125,20.769320006036395,9.846044848559538,9.932618096448994,47.40667891725817,0.5788116277977134,2.9681101887425205,4.724800197453169,14.29083950692593,0.5122639606387244,1.9283690788312353,2.8519015900645095,9.284700116666189,0.44956987753356137,5.423369675573395,7.342692084534784,26.112408465935072,0.262162720265902
gng_flex,4,7.471656639640666,FT10,False,58.1953125,35.8071991486923,19.638349600600314,12.931049870420985,54.84469622728791,1.8844245078258866,4.9655843704495,6.959703654049266,13.867558727030026,0.7278112169949597,3.5610405905742537,5.515769240145927,9.945040872330573,0.2312556187746741,6.525042002954918,8.145833116567296,18.222709840719883,0.327614782021001
gng_flex,4,7.471656639640666,F4,True,58.1953125,17.593767746088243,7.036566032682852,8.473607675368735,39.99465114143811,0.9110478222568926,2.422007502654956,3.8417548412354883,13.766280978634946,0.6662754196042127,1.5207520950936215,1.8205842344958998,8.643697683412594,0.6818793656565497,6.198550056945254,7.922901127384346,35.231510080172704,0.21717987918348133
gng_flex,4,7.471656639640666,F8,False,58.1953125,14.109884325526657,4.886992072519173,6.89041634533805,34.635238388722684,0.758048994801484,2.727291702986142,4.357315912683882,19.32894444819869,0.43611094541163775,2.170090223004864,3.3647779031793243,15.379929225067295,0.23214894371368267,3.8404376934117805,5.843807235865325,27.218066461848434,0.2929489425795901
gng_flex,4,7.471656639640666,Fp2,False,58.1953125,8.906986201733657,3.2954693738733205,5.179172799210789,36.998703031917685,0.7657368158454406,1.4114937145563922,1.4967894855480992,15.847040543092552,0.7083863162568478,1.0369080019359092,0.15740225989843554,11.641513509183222,0.26512146828595323,2.9191085143698947,4.652502396663608,32.77324617165927,0.27282784650516484
gng_flex,4,7.471656639640666,Oz,False,58.1953125,70.13611698809643,32.45796267122978,15.113212564510622,46.27852818931874,1.0589296658132394,12.075501376839753,10.819051717775363,17.217236846586786,0.8142010793489051,7.75953666937556,8.89835789822497,11.063539018980073,0.43556375513611306,15.926247274294324,12.021134543908552,22.707626196353786,0.23243799321345682
gng_flex,4,7.471656639640666,Fz,True,58.1953125,13.730497280812049,7.122830980021456,8.52652638951487,51.8759869678966,0.8816023726111815,2.399652883182702,3.801484242861546,17.476809718582764,0.6871918772712883,1.3493102787339915,1.3011182872857194,9.82710422746022,0.8713975395901048,2.4146154788688254,3.8284798034569785,17.585783162006642,0.404700332753947
gng_flex,4,7.471656639640666,O2,False,58.1953125,22.066006571538285,7.674673655887717,8.85059917379133,34.78052828003256,0.8252123870986432,3.5326112620388503,5.480958491415634,16.009291262494997,0.43056821299233244,3.3434290255516985,5.2419210841272,15.151944302709497,0.6045659643795538,6.907715796528911,8.393344611278632,31.304784461719454,0.342714245931784
gng_flex,4,7.471656639640666,PO10,False,58.1953125,41.23518799516618,25.64429477718046,14.089907603879176,62.19031857011693,2.070197381651248,4.067195735221765,6.092950734818446,9.863410191554225,0.5216260565544487,2.7795736700714784,4.439781891072746,6.74078088451377,0.32041618760515117,7.884212909445551,8.967583436831088,19.120109044658125,0.33644020470943414
gng_flex,4,7.471656639640666,P4,True,58.1953125,14.485789063477178,7.341493645958753,8.657844272464914,50.68066098289917,1.2676145331454665,1.9866914242195015,2.9813041710190964,13.714761519125798,0.3613452511766113,1.3391863470777274,1.2684101306627737,9.244828439854889,0.6385163344730317,3.493853753886919,5.4330472228137765,24.11918148591522,0.21948224298292382
gng_flex,4,7.471656639640666,P8,False,58.1953125,19.44128578119752,4.5721504677173535,6.601205144231702,23.51773704257396,0.6949776738957951,2.1797043422138898,3.3839758936011606,11.211729341080789,0.4134336446909676,2.5923769724497507,4.136981550498906,13.33439054199258,0.35525150397594263,9.616067030711784,9.829974820054595,49.46209391156569,0.312440188338025
gng_flex,4,7.471656639640666,CP2,False,58.1953125,13.339071579976892,2.6767215892695897,4.276032017689818,20.066775811350933,0.7489880412964031,1.3254341811855574,1.2235816627685185,9.936480010911326,0.29177502352041995,1.0174212910961566,0.07500821666501757,7.627377100392764,0.5929522949143708,8.012039308676627,9.037430713628606,60.06444497009369,0.3211064654227858
gng_flex,4,7.471656639640666,CP6,False,58.1953125,13.408685662455204,2.6345018637490956,4.206985101457255,19.647726332535292,0.5561540996707407,1.6301421733270471,2.1222548317621177,12.15735989614182,0.40070323035618494,1.5026537520625294,1.7685892011309217,11.206570053842139,0.6197867395220432,7.320905378027182,8.64564793676784,54.5982325361387,0.5543256022420378
gng_flex,5,8.471771195775364,C3,True,60.5078125,5.556269071846668,2.050360167237245,3.1183015613117226,36.90174361112775,0.28747376883997916,1.2067315680043738,0.8161067399155792,21.718378868993604,0.5648749167106056,0.6019434854279931,-2.204442813649518,10.833591347798652,0.36311998098837117,1.477000040755464,1.6938050729561427,26.58258665404359,0.21352818631329995
gng_flex,5,8.471771195775364,T7,False,60.5078125,9.367570951258042,3.3391835780593597,5.2364029588772425,35.646205354984964,0.4949757769362524,2.100192357699744,3.222590738109207,22.419817993667753,0.6462153796553203,1.231078420382251,0.902857186132945,13.14191722473071,0.3480935784814286,2.343780689650598,3.699169717954825,25.020154123688105,0.247688039164284
gng_flex,5,8.471771195775364,FC1,False,60.5078125,18.000077916523285,4.410439458348281,6.4448186493880435,24.50233537211353,0.5857829335030185,1.8502444511822962,2.672291104495899,10.279091344842751,0.4364670728179832,0.9603225747070324,-0.17582861872996183,5.335102321004389,0.24271836733917215,10.50703916781711,10.21480351210143,58.37218714576845,0.2772387040829175
gng_flex,5,8.471771195775364,FC5,False,60.5078125,7.05250272876572,3.134353747518103,4.96148009977272,44.44314122323857,0.6771210971218186,1.1912981515934151,0.7602046793698879,16.891849566173907,0.3624725329981792,0.7882383654446792,-1.033424308058305,11.176718333331735,0.4619631332460845,1.728250884523534,2.3760678782763263,24.505497565769822,0.4110808138292389
gng_flex,5,8.471771195775364,FT9,False,60.5078125,20.978795033329053,9.929999124800112,9.969492102179895,47.33350561376048,0.8920604284879088,3.726536364086734,5.713053634960035,17.76334798145641,0.511664078883377,2.3859024493451084,3.776526830152947,11.372924162491795,0.21629870441816884,4.30012660283559,6.334812421152814,20.4974908997584,0.2753259997558531
gng_flex,5,8.471771195775364,F3,True,60.5078125,11.172168999483224,4.214701721025604,6.247668445606628,37.725008646222214,0.771749998260202,2.175520932056297,3.375632662694211,19.472681913037004,0.34007357546167843,0.9455988917723058,-0.24293045449129402,8.46387923254692,0.6423730719616842,3.5454358927072347,5.496696370254043,31.734535101207573,0.2564346691465798
gng_flex,5,8.471771195775364,F7,False,60.5078125,10.095266493324157,4.339465570587568,6.374362470156468,42.98515124347821,1.0192967663241665,1.8316747061031773,2.6284834821377885,18.14389652134924,0.7964882325741072,1.0895159763757127,0.37233603009021365,10.792344878623984,0.3134101344689649,2.506807422429552,3.991209719364321,24.831513106536267,0.1802477739843439
gng_flex,5,8.471771195775364,Fp1,False,60.5078125,13.60781903522533,4.20632048783231,6.23902359361839,30.911055452338022,0.8142793748468173,1.4793709992425965,1.7007710078446294,10.87147760719835,0.6930313991488817,1.122167868769972,0.5005782931515217,8.246493180612688,0.4594386010406924,6.5164657676236235,8.140121181594267,47.887657461897746,0.28873288595899255
gng_flex,5,8.471771195775364,Pz,True,60.5078125,9.672984775332154,2.098152633480825,3.2183707845587484,21.690850158593143,0.6252318621283198,1.9179957221880661,2.8284763420472334,19.828375281632816,0.5620375972316539,1.3113275704081786,1.1771119226266877,13.556597067663118,0.349530562499905,4.073147341072631,6.099301204364565,42.10848497828599,0.22031120250889152
gng_flex,5,8.471771195775364,Cz,True,60.5078125,8.527421231032005,3.5600413107159086,5.514550375548607,41.74815825633919,0.417682593918939,1.6828483093157474,2.260449707612345,19.734551205137148,0.5653742916018492,0.7700263278120777,-1.1349442570020056,9.030002235727338,0.47718357449332355,2.2037431213328844,3.4316096972174783,25.84301937980122,0.23441093427919688
gng_flex,5,8.471771195775364,O1,False,60.5078125,33.86208790897733,5.725069618543696,7.577807721936778,16.907018946772908,0.5283669012245673,3.9035053981251244,5.91454784283346,11.527657150432974,0.29542492202649817,4.737479354922228,6.755473304034869,13.990511653199784,0.3706990926751795,18.71581811039992,12.722088158515447,55.270715027108785,0.2845523251127448
gng_flex,5,8.471771195775364,PO9,False,60.5078125,34.48735668151581,8.680849223744305,9.385622130964771,25.171106338796267,0.4322967299907482,7.346063204545592,8.660546606370037,21.300742971939222,0.4741177618226315,6.373436650419327,8.0437367344165,18.48050202651599,0.21283740493088454,11.282172819104899,10.523927479163014,32.71393897564728,0.28235719947267757
gng_flex,5,8.471771195775364,P3,True,60.5078125,9.86367317944291,2.5506769143391526,4.066554514730263,25.859300768957677,0.7624289794534291,1.4417145558759858,1.5887928321337212,14.616406379731778,0.604933693781854,1.3758728600334778,1.38578304003427,13.948889374203551,0.263703855940813,4.200655973275284,6.233171149999832,42.58713662603866,0.26346798186525744
gng_flex,5,8.471771195775364,P7,False,60.5078125,15.962581068837842,3.138479849348778,4.967193446022382,19.661481033764144,0.15507640737678283,3.145622302160523,4.9770657526919395,19.706226008157344,0.590266732324135,2.4710050589961408,3.928736345529733,15.479984398137454,0.21749782664628678,6.710603406437252,8.267615729713562,42.03958856965616,0.1392206732784244
gng_flex,5,8.471771195775364,CP1,False,60.5078125,7.352919777444268,2.2613986863368605,3.543771355484612,30.755111639785614,0.5693740320206709,1.3019255196550306,1.1458613989419562,17.70623859720056,0.4732731668687416,0.7866076259750354,-1.0424184752349708,10.697894846997025,0.44378090718203167,2.739445772512424,4.376627079714171,37.25657093275948,0.3422075095960155
gng_flex,5,8.471771195775364,CP5,False,60.5078125,7.483079851061787,2.0315999053112326,3.0783818391497206,27.149247980067532,0.6758615165288004,1.5305375932323217,1.8484400125308265,20.45331098551823,0.4591265393583479,1.0057143143145866,0.024746314782344556,13.439844747505722,0.3901308545585063,2.6611802852898028,4.2507429742034955,35.56263381196184,0.18180582670885254
gng_flex,5,8.471771195775364,C4,True,60.5078125,7.599669911910418,2.6659482865721262,4.258517208189543,35.07979053661234,0.5906109935915779,1.4749413883567548,1.6877476253859311,19.4079664702961,0.550897630257992,0.8800747446756303,-0.5548044168883668,11.580433819847258,0.2592293472817631,2.3211930054006924,3.6571125320713205,30.54333980694152,0.38153870985317717
gng_flex,5,8.471771195775364,T8,False,60.5078125,19.952105168274926,5.5471292823856135,7.440682877415346,27.8022255576614,0.6917403292419162,3.5203232761457337,5.465825471711988,17.643868887295483,0.5000744034656156,3.137771008374461,4.966212459978387,15.726515983705367,0.41703797679466337,7.055380220651355,8.485204232329988,35.36158295651851,0.2597022386624468
gng_flex,5,8.471771195775364,FC2,False,60.5078125,6.713428694126072,2.0530431586600955,3.1239807911774853,30.581141949960827,0.6784070665655115,1.5933158599249504,2.0230187914363746,23.733265556525915,0.39403531636340594,0.7189063614530512,-1.4332767338980936,10.70848286631926,0.5273023811010917,2.109473307485524,3.2417403434691723,31.421698264721453,0.1030870157912214
gng_flex,5,8.471771195775364,FC6,False,60.5078125,22.379828109518836,11.824989619771538,10.728007681770439,52.83771422150468,0.7286613077630447,3.2258960603696423,5.086503701406277,14.414302221550882,0.575229618757621,1.6452434388593142,2.162301675328896,7.351456994254309,0.3764068501605868,5.127303418648115,7.098890184635192,22.910378907098547,0.2622750885601351
gng_flex,5,8.471771195775364,FT10,False,60.5078125,18.764398207335955,6.138606422428307,7.880697894241116,32.71411294196695,0.45536813640270013,3.646603119744285,5.6188849918317985,19.43362680460833,0.4725646340655789,2.8568766848971023,4.558914947668729,15.224984320468133,0.41088766509362407,5.366093827471953,7.296582621482697,28.59720715889559,0.3386171328408451
gng_flex,5,8.471771195775364,F4,True,60.5078125,13.101260722018097,3.6690748209817827,5.645565681223145,28.00550953707457,0.44576154590912404,2.5220895468627074,4.017605021490166,19.250739301936502,0.5507446873323665,1.212360199252829,0.836316704136655,9.253767442512807,0.37870642164638885,5.323556962080496,7.262019053808051,40.6339288640648,0.318262213387242
gng_flex,5,8.471771195775364,F8,False,60.5078125,11.06859185470471,3.471655188412651,5.4053658366857995,31.36492187971519,0.43946888591401156,2.1973059834449087,3.4189053833550185,19.85172108872135,0.5283844810762993,1.6577276652873345,2.1951318533517985,14.976861438636538,0.27458237270660507,3.3442781142160722,5.243023867236145,30.214124417231858,0.25648290522585615
gng_flex,5,8.471771195775364,Fp2,False,60.5078125,7.409505175996333,2.3262325440243137,3.666531272189478,31.395248248969775,0.7086806297444986,1.1335309924037635,0.5443339887447088,15.298335927693593,0.5578000306210946,0.8160819326885113,-0.8826623692232992,11.013986943855198,0.43423038163879574,2.9477771831900035,4.6949465294270505,39.7837252714197,0.2102402524870426
gng_flex,5,8.471771195775364,Oz,False,60.5078125,44.835811031412916,14.801417729676434,11.703033155765027,33.01249021525729,0.5614253361154592,8.639532578923115,9.364902466587907,19.26926798061058,0.3964251943284066,5.95906389327084,7.751780419688706,13.29085781251017,0.4331100116112519,14.076446438982334,11.484930321694005,31.395543239131058,0.20540100370212266
gng_flex,5,8.471771195775364,Fz,True,60.5078125,9.498331080821304,3.5297818265755847,5.477478627695437,37.16212665720609,0.6546241833914608,2.6547989550593485,4.240316380298033,27.95016232293508,0.5144422399106634,0.8517158513235468,-0.697052700043497,8.967005298891944,0.3737344834637827,2.096069240542645,3.2140562482357704,22.067763512423294,0.25149684601352146
gng_flex,5,8.471771195775364,O2,False,60.5078125,17.193246586628966,3.5668739398689207,5.522877608138965,20.74578481671313,0.38472901458845404,3.2695820861978193,5.144922452422116,19.016664884807412,0.4621066899721137,2.816822955984043,4.4975955140342725,16.38331039918116,0.19388601915335052,7.0836359805074,8.502562352228733,41.20010694208434,0.17649097243423953
gng_flex,5,8.471771195775364,PO10,False,60.5078125,16.87561517700734,5.10130795376078,7.076815416417625,30.22887106783047,0.7635413656225121,2.6649551993611413,4.256899124868745,15.791751420073178,0.44068527725521844,2.260294473394964,3.541650231471531,13.393849348227413,0.25559452022051876,6.4321653164830686,8.083571979160357,38.11514572367563,0.2509931658022759
gng_flex,5,8.471771195775364,P4,True,60.5078125,8.530939356606881,2.3911378773409604,3.7860461904423524,28.029010374913955,0.46665750304821085,1.4407048603324133,1.5857502130169765,16.887997910999605,0.3730599223217684,1.089039891115336,0.3704378808816136,12.765767585393947,0.6201373717073344,3.4162141305872034,5.335450847388207,40.044993731452074,0.2507050252533407
gng_flex,5,8.471771195775364,P8,False,60.5078125,15.251142653847968,3.6947878544883612,5.675895073397603,24.226301847331687,0.6240985374437747,1.826822099329577,2.6169625668952667,11.978263798277812,0.3704025906049612,2.20682562311138,3.4376801784111226,14.469903489851516,0.3201586217337574,7.151557494287855,8.544006344603424,46.891945453565526,0.1840378249884688
gng_flex,5,8.471771195775364,CP2,False,60.5078125,12.269210681101374,2.4149087713120285,3.829007289326084,19.68267424922276,0.6530135050170061,1.255239871693991,0.9872672581602665,10.230811943163335,0.38004677980484325,0.8540753714419537,-0.685038014925601,6.961127277384772,0.5043238035742437,7.51874326413126,8.76145255609681,61.28139339650106,0.24430059868603726
gng_flex,5,8.471771195775364,CP6,False,60.5078125,11.78936239082579,2.8141240400429357,4.493432362113547,23.870027459948318,0.5421013010175183,1.6047367271898718,2.054037923126724,13.611734663773174,0.35918373666575276,1.3333824302538664,1.249547282051244,11.310047024184055,0.5870736016640192,5.755867736642017,7.601108057811603,48.82255329703921,0.17081472291357302
gng_flex,6,9.684403313367026,C3,True,58.7265625,6.058936612415111,2.327123837360853,3.6681949478284137,38.40812317779397,0.8726817107017381,1.308130679062821,1.1665113111442293,21.59010339177977,0.6355760106203717,0.7000836944638918,-1.5485003731280425,11.554563766674502,0.40348864942401463,1.4989632678577698,1.7579099057867538,24.739708693870597,0.2920442889440864
gng_flex,6,9.684403313367026,T7,False,58.7265625,11.043257089027232,4.300575904652572,6.335266173156984,38.94300268464905,0.22673614220469018,2.412806514949302,3.825224968532708,21.848685541756584,0.649015128582431,1.429071593772934,1.5505398666477443,12.940671237228404,0.6363245763818935,2.443468582465276,3.8800675934549456,22.126339745301664,0.36257644379697845
gng_flex,6,9.684403313367026,FC1,False,58.7265625,22.254556238499106,6.940568081882665,8.413950186868282,31.187178065927373,0.7098918715197639,2.826609955440441,4.5126588422820095,12.701264069919166,0.6733439254447431,1.2107120260608595,0.8304085630139288,5.440288330559461,0.22329368913003916,10.908693696769426,10.377727474488971,49.01779923114356,0.19491107399601243
gng_flex,6,9.684403313367026,FC5,False,58.7265625,7.634954390943135,2.9884982430897713,4.754530048521024,39.142319522364645,0.49719877871563795,1.5634018776876493,1.940706292207506,20.47689871654262,0.28328338209795473,0.9263510638061542,-0.33224395413162805,12.133026818143485,0.6221566358786387,1.8688258982313513,2.715688439367108,24.477237224209507,0.12244137807640079
gng_flex,6,9.684403313367026,FT9,False,58.7265625,27.311235411484173,14.483684516487322,11.608790564486966,53.03196394549416,0.6086620901965257,4.635859171580658,6.661302344670583,16.974183341524395,0.4488395736280705,2.901945912064842,4.62689313577015,10.625465557828976,0.6188750375832973,4.393187891535449,6.4277977793230034,16.08564323563388,0.3223236662311281
gng_flex,6,9.684403313367026,F3,True,58.7265625,14.640894037142933,7.845238945856978,8.946061756204463,53.58442541797073,0.6256822511327116,2.1316630499344766,3.287185572405153,14.559650828198025,0.4581091789245136,1.196040643285085,0.7774593789196466,8.169177648925077,0.5902473846338497,3.0908422925935097,4.900768461491279,21.11102153155577,0.32426688680583854
gng_flex,6,9.684403313367026,F7,False,58.7265625,15.680066872696102,8.852095702197525,9.470461005457329,56.4544512090812,0.8388593589333958,2.326762103714104,3.667519817715612,14.838980742905658,0.3929060388130033,1.3436174395047173,1.2827563213860032,8.568952227138618,0.36838050432673647,2.64747813042712,4.228323812916844,16.884354843136588,0.14993873024354562
gng_flex,6,9.684403313367026,Fp1,False,58.7265625,21.075802856839235,11.571686191485693,10.63396647655339,54.905078919594295,0.7523554302438539,2.098288955342129,3.218652946628182,9.955914702728492,0.38031125482683853,1.3185879354984118,1.2010909782173183,6.256406669084597,0.24243212997434915,5.618489600430958,7.496195813413178,26.65848432249745,0.22432854087809728
gng_flex,6,9.684403313367026,Pz,True,58.7265625,10.718668672637156,3.556798292663296,5.510592368846367,33.18320960646135,0.49088244216859506,1.9123047271981506,2.8155709860730744,17.840879176346988,0.5785920528324392,1.4394156801260554,1.581862293193292,13.429052843107522,0.3171843558646926,3.5216783620689376,5.4674968895174665,32.855557622180754,0.5089632371847563
gng_flex,6,9.684403313367026,Cz,True,58.7265625,10.790531167945263,4.715839689530282,6.735590332475336,43.70349907833383,0.7646175958817498,2.3376482010072612,3.687791535934969,21.66388442444393,0.42346809553167314,0.7967820945747991,-0.986604340155005,7.384085937694601,0.5875295421632504,2.5399524420161255,4.048255849808317,23.538715587619997,0.31094378029262754
gng_flex,6,9.684403313367026,O1,False,58.7265625,45.98165667200958,7.107600829269356,8.517230293592707,15.457470095017186,0.7413924976119791,3.7636885743499646,5.756136806327925,8.1851956774777,0.5251990641307838,5.557377919075881,7.448699311723722,12.086075886123574,0.34096505128779825,28.648833428555914,14.571069423293846,62.30491787825323,0.5834572266788621
gng_flex,6,9.684403313367026,PO9,False,58.7265625,34.76360259770155,10.716230904625837,10.30042062861186,30.826007961943386,0.461801595327085,6.6221231566814245,8.20997253397292,19.04901293837497,0.4349024441381858,5.614937606897573,7.4934493475052335,16.151771356599312,0.19153494567902773,10.973102264123291,10.403294266377525,31.564916879037142,0.23193389473426623
gng_flex,6,9.684403313367026,P3,True,58.7265625,10.480692000057966,3.0141893641977937,4.791705330624849,28.759449893013965,0.6358708019392143,1.7010413877577306,2.3071488048860194,16.23023926042596,0.5870974156984708,1.414824291842488,1.507025078309948,13.499340423653925,0.24125232303089578,4.059433393796761,6.084654200008659,38.7324939400405,0.41982373655406136
gng_flex,6,9.684403313367026,P7,False,58.7265625,15.076561155343256,2.8432301485007763,4.538120155745164,18.858611849248607,0.2219930880170409,2.795568866099759,4.464701951454816,18.542483509967962,0.6423495219937456,2.4018698433534755,3.805494694095544,15.931151796523793,0.2557845229194626,6.5566356958865555,8.166810537806601,43.488933771630215,0.2761809686822578
gng_flex,6,9.684403313367026,CP1,False,58.7265625,7.835383138235918,2.7298324105063636,4.361359857123995,34.839807605387456,1.247051956939295,1.4397940773941456,1.583003827574493,18.375541463544884,0.47238114363726497,0.7913088875774125,-1.0165395647121203,10.099172862599417,0.2406629801341454,2.62366854365846,4.189089683741456,33.48487875283608,0.3058082841993931
gng_flex,6,9.684403313367026,CP5,False,58.7265625,7.26340586656125,1.8339040607781765,2.6337661216035153,25.248541723669515,1.0415696862132013,1.2914554662181517,1.1107943481504325,17.78030155472465,0.6081888435114471,1.060075196474894,0.2533667305326099,14.594739932614706,0.2654589057322808,2.8188564759687624,4.500729640299596,38.809017804526285,0.35283293074520233
gng_flex,6,9.684403313367026,C4,True,58.7265625,8.281554394456803,3.065507266176305,4.865023498733114,37.01608563035195,0.5195303900670488,1.462883054396561,1.6520960920099141,17.66435363119429,0.25751187060056646,1.0753506665340622,0.315501086303308,12.984889252841715,0.8541505028835483,2.430259498536347,3.8565264922189297,29.345451140947926,0.24674603460597969
gng_flex,6,9.684403313367026,T8,False,58.7265625,33.767902273943406,16.233630934603628,12.104156682242198,48.07414687151032,0.9768762203794173,5.832968182867111,7.658896074872878,17.273706064258693,0.42652268431559587,3.6909695451274667,5.671404617663278,10.930408158565298,0.8594245510927783,7.0760648506770565,8.497918044754092,20.95500275164329,0.312360320563669
gng_flex,6,9.684403313367026,FC2,False,58.7265625,7.422241965972998,2.671927045692218,4.268245959869504,35.9989213224464,0.7840951948464012,1.2102838297934693,0.828872308603674,16.3061758878513,0.7560226743207206,0.7902371571480119,-1.0224255353972491,10.646879484269386,0.3961063204866535,2.449464951657202,3.8907122970344385,33.00168551344305,0.29230168460842426
gng_flex,6,9.684403313367026,FC6,False,58.7265625,22.032414051217234,11.514351269578658,10.612394743906673,52.26096079536286,0.557749948663935,3.1971750753148167,5.047664186180471,14.51123362098481,0.47585768748281954,1.889818455034829,2.7642008577983996,8.577446169274499,0.5410608775035721,4.911332599291622,6.911993458900902,22.291395703959566,0.27095569871075736
gng_flex,6,9.684403313367026,FT10,False,58.7265625,64.68148353091513,46.37503300480085,16.662842317076908,71.69754073843322,3.9581261329129815,6.5293526998931295,8.148701287790981,10.094624216175195,0.800131913347273,3.958733658215933,5.9755628360161825,6.120350743538247,0.5090001119897751,6.579070339455819,8.18164529636921,10.171489552046669,0.34587658011984546
gng_flex,6,9.684403313367026,F4,True,58.7265625,14.194004987498534,6.080672680766672,7.839516262110936,42.83972484244064,0.8817415143470598,1.7191320907408267,2.353092472954908,12.111677375448043,0.4724169818317946,1.2657353769066164,1.0234291866567307,8.91739419579901,0.15108177958099347,4.773969883679178,6.788796749570358,33.633705834849884,0.30740526560374243
gng_flex,6,9.684403313367026,F8,False,58.7265625,13.858629541657638,5.549135724832777,7.4422534723713785,40.04101349381363,0.5210175564512697,2.45017048337679,3.891963037171355,17.679745865287945,0.410509875488036,1.9344043769662866,2.865472661935759,13.95812169703839,0.3212782081577035,3.494762064478465,5.43417612813705,25.217226955764737,0.30974278900163293
gng_flex,6,9.684403313367026,Fp2,False,58.7265625,9.268575442267629,3.8526625710333002,5.857609737273873,41.56693329013586,0.7962659694199968,1.2569418738005778,0.9931519457430694,13.5613275376551,0.36351273089661545,0.9690692418067317,-0.13645190688936942,10.455428105892844,0.3870599992184078,2.9408997944539497,4.684802270038031,31.72979291987546,0.29276003498953757
gng_flex,6,9.684403313367026,Oz,False,58.7265625,73.77129469297526,37.23637370275698,15.7096738021571,50.47542388638971,0.6665177597903916,10.282984625909293,10.121191864913023,13.939005230564936,0.6478666558956132,7.344513025726527,8.659630054018342,9.955787079911307,0.21641185413218017,17.005645111168345,12.305931115940247,23.051845818815046,0.41685948980904397
gng_flex,6,9.684403313367026,Fz,True,58.7265625,10.19822559468976,4.230315403636349,6.263727486876452,41.48089649869174,0.6750969776729501,2.2036971714823363,3.4315191423138955,21.60863329626486,0.44422058391225533,1.1217534759970975,0.49897423963096826,10.999496584790174,0.24865384415602795,2.2597651838054253,3.5406331318465294,22.15841533238969,0.12410153506828032
gng_flex,6,9.684403313367026,O2,False,58.7265625,21.672243203975526,4.353470550240095,6.388356109497769,20.08777083786832,0.3570447932144244,3.0981225765970724,4.910985965370033,14.295347959313954,0.4857194097150247,3.595179992081791,5.557206381434083,16.588868804417515,0.12798551160302507,10.125234317978068,10.054050824375583,46.71982601284535,0.6561980782985476
gng_flex,6,9.684403313367026,PO10,False,58.7265625,24.147776159592155,11.406631579351036,10.571574145779671,47.23677867462761,1.2936760343659763,3.2036443968786537,5.056443035906577,13.266829937903324,0.6147586170289318,2.241271364049487,3.5049444233357767,9.281481446726069,0.574944791207749,6.655859089173403,8.232041189554103,27.56303125051751,0.1823541175210271
gng_flex,6,9.684403313367026,P4,True,58.7265625,9.858930244791127,3.918585661595361,5.931293450305826,39.74656037013457,0.7984521278467942,1.6000966847809768,2.041462254048234,16.229921959599753,0.6265924437575184,1.113352730587895,0.46632778601395136,11.292835053540665,0.28209832489773295,3.0062105677016064,4.7801939713847545,30.492259231572405,0.3621195134148163
gng_flex,6,9.684403313367026,P8,False,58.7265625,15.786618968090771,3.288458621022382,5.169923814622025,20.830670757742922,0.4442022181060726,2.4736537827763896,3.933389148761201,15.669306947715306,0.4734737182526832,2.084369707406212,3.1897475284536485,13.20339530344853,0.4027702351366837,7.533388087460288,8.769903409758067,47.720085616099304,0.511973272483535
gng_flex,6,9.684403313367026,CP2,False,58.7265625,11.853941160363817,2.677886621825343,4.277921856117725,22.590685963411296,0.46753449573130773,1.2133512172075507,0.83986530146961,10.235846464842,0.9069155804080279,0.98496984846675,-0.06577063761204088,8.309218302518717,0.7767839628239701,6.721018713572342,8.274351046240927,56.69860026001734,0.647938043584659
gng_flex,6,9.684403313367026,CP6,False,58.7265625,12.645249809114345,2.837379669244008,4.52917452547807,22.438304597184814,0.8554236603554043,1.6950046236993157,2.29170887226039,13.404279466884105,0.37629790527145784,1.606725041535915,2.0594156241320403,12.706155005161165,0.6259892164054423,6.196339690766736,7.921352182836987,49.00132290230112,0.19868570661663604
gng_flex,7,10.897041346941357,C3,True,60.5,5.104938516689676,1.766459781488969,2.471037539269645,34.60295899184383,0.5619018877384535,1.1514983915605295,0.6126333566814016,22.5565574941973,0.6398735701349776,0.5779722916846654,-2.3809298140109045,11.321826693800311,0.5700942033149126,1.4119674580990278,1.4982468755793652,27.658853353137452,0.34576865497029763
gng_flex,7,10.897041346941357,T7,False,60.5,10.63136070193734,4.38606314411218,6.420748797222803,41.25589627781995,1.0847204514615743,2.055704506989812,3.129606880437341,19.33623140653297,0.5245579974661589,1.2137850400601837,0.8414178049391972,11.417024349846368,0.3304516807889863,2.5837249468047614,4.122462785014511,24.30286225105628,0.27766058554684453
gng_flex,7,10.897041346941357,FC1,False,60.5,33.223861239828736,19.82205506403785,12.971486782372782,59.662105259081656,0.4325811665575371,2.467778608392121,3.923061952856681,7.427729698779714,0.8627704840761745,1.0100352577488423,0.0433653415740272,3.0400899234975522,0.5094082524961931,9.556231668713032,9.802866696697336,28.763157899470848,0.22127758567186814
gng_flex,7,10.897041346941357,FC5,False,60.5,8.133713219350087,3.236915342921348,5.101313411749265,39.79628068544061,0.2765380110698767,1.5018270372702585,1.7661991863055508,18.464224109812662,0.49379963276146754,0.8465650367061706,-0.7233967193469166,10.408100382641893,0.4886005192612953,2.259674181046766,3.540458234065019,27.781581672574905,0.32809891221689047
gng_flex,7,10.897041346941357,FT9,False,60.5,20.097275702985048,9.557980581006914,9.80366143827576,47.55858815026988,0.3868463746499277,3.585615048757965,5.545636619204675,17.841298998676688,0.19950821898664603,2.1124975235517804,3.2479620850531488,10.511362608405731,0.329726242100274,4.13835618562177,6.168278673816411,20.59162767522317,0.3086828948268352
gng_flex,7,10.897041346941357,F3,True,60.5,16.57172348020664,10.18048102099343,10.077682986125025,61.432843923283265,0.22849888161698145,2.4151821835890264,3.8294989630623357,14.574115881632551,0.5561750355629493,1.0748910662963536,0.3136445336458982,6.486296175411142,0.2819376806624382,2.517353651125312,4.009442318150527,15.190656868804583,0.1993439491781314
gng_flex,7,10.897041346941357,F7,False,60.5,13.591577756330677,7.689739753312833,8.859116420624582,56.57724137090052,0.35565401634223603,1.9920585379698916,2.993020963084482,14.65656580629156,0.5538584364595297,1.1294653115783542,0.5287289730025589,8.310038259187918,0.36970369500496136,2.3494767846841844,3.7097115809131114,17.286269679690765,0.2562421331740852
gng_flex,7,10.897041346941357,Fp1,False,60.5,9.946952126368954,2.931268356816737,4.67055579799628,29.469010402151902,0.7616079024602063,1.5169158232464492,1.8096148156861713,15.250056539682832,0.33625552493756633,1.0346592683490867,0.14797352460572405,10.401771871468531,0.4939302183953156,4.16739792846569,6.198649715121655,41.896229875461984,0.26610705251141287
gng_flex,7,10.897041346941357,Pz,True,60.5,6.849300996595441,2.5560801145016327,4.075744616697412,37.31884634318414,0.6465515432686741,1.129742535857839,0.5297948065474521,16.494274910963853,0.4608370394230081,0.721533491243913,-1.4174350556168456,10.534410615076824,0.5990387283039551,2.230747899133063,3.4845049264969727,32.56898624022938,0.13211791437416848
gng_flex,7,10.897041346941357,Cz,True,60.5,7.367743237524739,2.800130704101692,4.471783037512527,38.00526991549208,0.558902023495371,1.5848557510218733,1.9998974012721686,21.51073537620076,0.6293764580677662,0.6001641875278917,-2.217299229782238,8.145834730928032,0.5818818350535933,2.116910950552056,3.257025894803161,28.732148804675926,0.17820175623587242
gng_flex,7,10.897041346941357,O1,False,60.5,50.81776554328494,4.056811778436568,6.081848584603899,7.983058159023355,0.519582695127351,3.0994365800480126,4.91282754345609,6.0991201539705875,0.387675001368093,6.941101958153762,8.414284238200727,13.658809835394187,0.6840582338641065,35.52856995148651,15.505777272000746,69.9136799338893,0.15220406608193382
gng_flex,7,10.897041346941357,PO9,False,60.5,31.379486013150665,7.203059329339018,8.57516991938766,22.954675950779833,0.5311679878378843,6.2283209586681965,7.943709845940448,19.848384247141595,0.2859178600121483,5.500387538695954,7.403932894920447,17.52860941186489,0.23619575423339273,11.453350398630747,10.589325475314205,36.49948375136171,0.2032668968287267
gng_flex,7,10.897041346941357,P3,True,60.5,8.066696235544212,2.037762088735147,3.0915347820777255,25.261420899378535,0.465031449059197,1.201112753903376,0.795837785099289,14.889772948322058,0.3359925058151453,1.0233153540809536,0.1000949043958481,12.685681029761952,0.37042263938146963,3.4922827330341173,5.431093966675408,43.29260246153937,0.2110032298725586
gng_flex,7,10.897041346941357,P7,False,60.5,13.36169697549772,3.235907469065091,5.0999609444549225,24.217788167169193,0.6484059908075983,2.3947290773666765,3.7925638753762003,17.9223423623366,0.2437259962063253,1.975381887470268,2.9565106734906923,14.783914730985623,0.3356628281549186,5.295403233144481,7.238990362587686,39.631217822519346,0.18702813856486128
gng_flex,7,10.897041346941357,CP1,False,60.5,6.372063476096836,2.144177891759483,3.312608137654151,33.64966309269858,0.45866521770623864,1.1353236611612727,0.5511968903418325,17.817205767333434,0.40773017940475037,0.608633772402479,-2.1564395279760626,9.551596193063872,0.28580356244070054,2.285642756475325,3.5900835159923083,35.86974243193478,0.318247951729617
gng_flex,7,10.897041346941357,CP5,False,60.5,6.583771010177488,1.9489685120312945,2.8980482261607032,29.60261693516515,1.0530511129372186,1.184656651924145,0.7359249736599718,17.993588326399106,0.6718351376618652,0.9525355924581099,-0.21118787495538557,14.467933210095518,0.42507785097129885,2.227274928985937,3.4777382851674323,33.82977514775219,0.2802318977156266
gng_flex,7,10.897041346941357,C4,True,60.5,6.987206962002621,2.6465457200202036,4.226794009839942,37.87701916391597,0.8572291378462162,1.1001301581138179,0.41444070255114435,15.744920167621695,0.2701221328264978,0.6626564950981618,-1.787115408907277,9.483853830318434,0.3834347700474742,2.331282071736401,3.6759482383687434,33.36500671032401,0.1499544993399713
gng_flex,7,10.897041346941357,T8,False,60.5,22.058636210848924,9.293096196665347,9.681604327342498,42.129060508712676,0.5296547887869797,3.0217017793970933,4.802516003229414,13.698497724491931,0.39405188031245536,2.5936560488775813,4.139123827046388,11.758007267928757,0.20660419149238762,6.525899375861721,8.146403730306314,29.58432839402891,0.19921759467979472
gng_flex,7,10.897041346941357,FC2,False,60.5,6.517632418139501,2.1575258162889046,3.339560010522462,33.10290728093537,0.7223280405130545,1.2267557110775749,0.8875808848601041,18.822106439500004,0.2905893515772807,0.734050272022958,-1.342741960586881,11.262529472818864,0.38942655929997816,2.1715429465448026,3.367684228131403,33.317972036917716,0.2927937045559732
gng_flex,7,10.897041346941357,FC6,False,60.5,20.82202744537978,11.494907446326788,10.605054788057,55.20551481588506,2.623901718504973,2.609500300762574,4.16557351246861,12.5324025607391,0.6269959689761286,1.3022419872205844,1.1469169387083888,6.254155560195172,0.5290629906876922,4.796953516221227,6.809655100551341,23.037879134510636,0.2730863168977215
gng_flex,7,10.897041346941357,FT10,False,60.5,83.32403509816908,53.64070816892539,17.294945028079425,64.37603280461398,2.4116294368791795,12.64182294236803,11.018097034343143,15.17188039138279,1.079113547225584,6.910703534346041,8.395222623570058,8.293769650262526,0.8622287566626367,8.199148420535234,9.137687480583825,9.840076048735904,0.34577968600677417
gng_flex,7,10.897041346941357,F4,True,60.5,11.010079926280875,3.291090725128741,5.173398546066465,29.891615203200868,0.7580927969023874,1.8022395779977973,2.558125227620398,16.36899632032536,0.4449168086433447,1.0347209849443006,0.14823257005383397,9.397942538767943,0.5216971585707093,4.604792990296536,6.6321011114683195,41.823429267801885,0.26866232857938444
gng_flex,7,10.897041346941357,F8,False,60.5,10.910105536703565,3.5659810917175303,5.5217903603941725,32.685120045089626,0.5113963718865718,2.2555394862139506,3.5325043440190673,20.673855799340423,0.42544512611157637,1.501739813487113,1.765946947486815,13.764668072503875,0.30432774601055484,3.119967904373548,4.941501263821745,28.597046049439328,0.29839299299803973
gng_flex,7,10.897041346941357,Fp2,False,60.5,5.934679544915797,1.667635867077973,2.221012272473353,28.099846916024745,0.9809445911320711,0.9957036338500177,-0.01869907898216514,16.777715229848102,0.32021700296479716,0.7604241360864638,-1.1894410695281934,12.81322993653321,0.6602656291324521,2.3107737522258724,3.637574258036805,38.936790684940995,0.1306575417698981
gng_flex,7,10.897041346941357,Oz,False,60.5,54.52845690230164,18.34646900517673,12.635524915239555,33.64567795866295,1.4840829206191715,8.680851080599746,9.385623059931472,15.91985464791931,0.4765347632009089,7.052525819464412,8.483446847927203,12.933661101212504,0.33802945612222607,19.002904416338534,12.788199838785976,34.84951802393004,0.2092230769820259
gng_flex,7,10.897041346941357,Fz,True,60.5,8.853286868947341,3.5966368614094613,5.558965909885392,40.62487655318801,0.4955796972802715,2.174425371593052,3.3734450684545325,24.560656440714563,0.4178899902804046,0.9008851023690015,-0.453305948023372,10.175713446367936,0.5539616460746463,1.8660909740561136,2.7093281227622796,21.077945419360304,0.2229953772263904
gng_flex,7,10.897041346941357,O2,False,60.5,21.73045495970603,3.4936101582437007,5.432744416974522,16.07702261513517,0.2881421969915326,2.084553774908422,3.1901310303380015,9.592775571306408,0.5053192449659679,3.9612377809687738,5.978309125540476,18.22896846068777,0.3805129588946051,11.694972311841314,10.679991979426266,53.81835002316732,0.27425177514234705
gng_flex,7,10.897041346941357,PO10,False,60.5,17.3882369653765,6.90652928977445,8.392598579433605,39.71954893142271,0.8699519102399487,2.569194536109531,4.097969897315993,14.775474599439365,0.5645908696707739,1.8649305726326386,2.706626685930834,10.725242451814367,0.3123504350974052,5.567134734952575,7.456317321634743,32.01667165013835,0.2843185344728685
gng_flex,7,10.897041346941357,P4,True,60.5,6.323976480990633,1.8529284318628654,2.6785864530525267,29.300052544986844,0.6557496302557712,1.0396818688769536,0.1690047033030391,16.44031839780167,0.2136120146157934,0.8196891869207847,-0.8635079395035685,12.961610299859666,0.423871171096481,2.4196628351196803,3.8375485397691373,38.26173045382115,0.2018954701117666
gng_flex,7,10.897041346941357,P8,False,60.5,15.279038857848212,2.8798994649080747,4.593773271350112,18.848695207217105,0.5607359149636028,1.6276904943344679,2.1157182722301036,10.653094801826429,0.5158898512638224,1.2563875903146258,0.9912363810174839,8.222949113512277,0.7291661931710964,9.186942816665306,9.631710131550488,60.127753467596904,0.42807534589546153
gng_flex,7,10.897041346941357,CP2,False,60.5,8.945306525680309,1.9731208647442477,2.9515368904528265,22.05761042486119,0.9666298155655064,1.0817071359252193,0.34109694718944206,12.092454661221945,0.5572947001802876,0.6603358067311451,-1.8023515245570987,7.381924865687319,0.4004020813637201,5.042394642186847,7.026368326567614,56.369165525083694,0.21552826751086962
gng_flex,7,10.897041346941357,CP6,False,60.5,13.10398266012977,2.391565489765618,3.7868227793405644,18.25067654463711,0.5481365594623084,1.2214795188917285,0.8688618935540147,9.32143723456081,0.6617790824660598,0.9981623852288768,-0.007988001234066858,7.617244399032133,0.32237976358186393,8.199786094081343,9.13802523192032,62.57476300720426,0.2574605649353001
gng_flex,8,11.89715196140387,C3,True,59.6953125,5.966517674325316,2.2391898688486562,3.5009092050942896,37.52925895927829,0.42785850795125663,1.3692828840154192,1.3649317952592865,22.94944821679851,0.41041308118805886,0.6442431273417002,-1.9095020572000831,10.797640474844485,0.4907083019614193,1.4976083014908612,1.7539823876694682,25.100207243753925,0.13275937082629674
gng_flex,8,11.89715196140387,T7,False,59.6953125,17.104073278438086,9.003131924619183,9.543936139914956,52.63735589795914,0.34331036151944866,2.9202396143296645,4.654184880620125,17.073357713048427,0.6176307754588004,1.582987411961859,1.9947746133283017,9.255031747071738,0.6087451107486986,3.0475081739667242,4.839448791481333,17.817441052526974,0.4154653259118153
gng_flex,8,11.89715196140387,FC1,False,59.6953125,16.160987770214046,3.339815505467848,5.237224766408151,20.665911966243712,0.3282697977486061,1.9809781679470968,2.9687968927284714,12.257779017679805,0.56402745899445,1.115201897919583,0.47353499863780524,6.900580049784994,0.1743716207894278,9.405159535589181,9.733661666953733,58.196687413646956,0.4847264688145527
gng_flex,8,11.89715196140387,FC5,False,59.6953125,8.895902587051625,3.771209645401201,5.764806759511333,42.39265896290683,0.5721648883836599,1.7509600403797263,2.4327623492376156,19.68276994094253,0.23843265830659877,0.9301192907802102,-0.3146134821464847,10.455592129954743,0.5580979149451755,2.1487857435492983,3.3219311394042084,24.154780501721657,0.23084318120818678
gng_flex,8,11.89715196140387,FT9,False,59.6953125,71.8765745455331,53.11017403307086,17.25177724531141,73.89079734096968,1.074773009966235,7.1825339199816405,8.562776856526476,9.992871760230553,0.599711787655819,3.6569676008768552,5.631211126971555,5.0878434649945685,0.4623220205732561,6.596800942349465,8.193333794960207,9.177956773900593,0.3654271245622489
gng_flex,8,11.89715196140387,F3,True,59.6953125,17.11801135003784,10.032882266204675,10.014257159205089,58.610092381919685,0.945228568738588,2.7481264552012203,4.390367129335583,16.054005333949878,0.4836493589158338,1.0706181367851775,0.29634596266732893,6.254337112487139,0.310800638195071,2.87365262976563,4.584342689848055,16.787304150019025,0.3162916804653055
gng_flex,8,11.89715196140387,F7,False,59.6953125,20.85761547580478,10.974027048185883,10.403660262868327,52.6140059534416,0.8013342859517834,3.627509526607988,5.596085616605241,17.391774869068644,0.3492887545274839,1.7876958983881117,2.5229364371918015,8.57095050228475,0.734068697891089,3.814394472615131,5.814256043946124,18.28777827954446,0.612655773990273
gng_flex,8,11.89715196140387,Fp1,False,59.6953125,17.068674516487974,7.266795219045575,8.613429217879197,42.57386952938851,1.5940482265691718,2.934436300224152,4.675246864304706,17.191940108703516,1.1502162396788913,1.6652621555296054,2.2148261245960668,9.756247644894733,0.5140623753487603,4.6392147321006325,6.664444748701497,27.179701198351697,0.27388482639136125
gng_flex,8,11.89715196140387,Pz,True,59.6953125,11.1278061910218,4.2627006167833255,6.296848318156173,38.306747472135,0.8040944662538465,2.1639213757899576,3.352414770071327,19.44607354444998,0.46455666260717254,1.474409866723092,1.6861822851124497,13.249780247904422,0.47869399379632205,2.843219027449253,4.538103168654766,25.550580039246505,0.20127321620890304
gng_flex,8,11.89715196140387,Cz,True,59.6953125,9.106870264014916,3.815218872302145,5.815194577054319,41.89385334034771,0.4772683172795256,1.8032206260406936,2.5604886638416584,19.800662288623773,0.6330791450627778,0.8080508343033165,-0.9256131699400825,8.872980627562754,0.3211798609846043,2.390671373905932,3.7851988129849117,26.251294952037284,0.33507104958091444
gng_flex,8,11.89715196140387,O1,False,59.6953125,74.57533662589158,19.433151771123356,12.885432424835574,26.05841642875859,0.6487875860574659,6.565247338304422,8.172510922895238,8.803510162131879,0.31584100428287387,10.786110458208764,10.328648634901478,14.463374818296119,0.4042642338246438,35.87349248787349,15.547736597642348,48.103695016267196,0.22302927073654666
gng_flex,8,11.89715196140387,PO9,False,59.6953125,105.13765840174622,67.09387122412464,18.266828507933187,63.8152611005937,0.5087087344965523,12.051638285042259,10.810460883873478,11.46272274677376,0.5855258479059128,9.19030437931299,9.633298952889369,8.741210826852834,0.40536783899602147,14.290697452522611,11.550534248994644,13.592368015193742,0.32671741181794023
gng_flex,8,11.89715196140387,P3,True,59.6953125,10.8136912297383,2.9324461881533757,4.672300513408572,27.11790198049092,0.857064998056429,1.8208603790893318,2.6027664600592244,16.838472085108705,0.317411565693902,1.6075749587861365,2.061712325624813,14.866107461670525,0.6123839780305944,4.114984574481724,6.143682115458526,38.05346839537335,0.3483627988388944
gng_flex,8,11.89715196140387,P7,False,59.6953125,18.1897724547532,4.434313240836178,6.468263685172248,24.378057789708304,0.5360054692145266,3.345912576270644,5.2451458930442065,18.39447186375505,0.4342050028120353,2.769129799402044,4.423433132186256,15.223553820094313,0.4336165013808715,7.045096438449006,8.478869424275732,38.731086141806244,0.24158261145673346
gng_flex,8,11.89715196140387,CP1,False,59.6953125,8.122614460981834,2.9400456999697604,4.683540811231902,36.19580510798216,0.7335027133292815,1.502406866668335,1.7678755984572583,18.496592124190627,0.5481389009723115,0.8770044276939086,-0.5699821402486259,10.79707072035399,0.4773170078010561,2.531795755462059,4.0342866743790164,31.16971472207514,0.25976726956885243
gng_flex,8,11.89715196140387,CP5,False,59.6953125,7.64921172876616,2.2326513815331803,3.4882091523611836,29.187992968437726,0.47323203090183075,1.5061951702523944,1.7788125066401206,19.69085473981707,0.4643158553040875,1.0225720218991252,0.09693906030800062,13.36833203418294,0.6078656132766834,2.6348417504635675,4.2075453645016845,34.44592519977971,0.21989499691411843
gng_flex,8,11.89715196140387,C4,True,59.6953125,9.26869293128818,4.056547230190983,6.081565368137887,43.76611956252602,0.8028571018218755,1.465527392070012,1.659939402181102,15.811586411745871,0.3539667754068125,0.9046079395748321,-0.43539604851866176,9.759822083663613,0.5118856609373219,2.581893989290019,4.119384064774439,27.85607429688775,0.3468292831493639
gng_flex,8,11.89715196140387,T8,False,59.6953125,31.68079528807161,16.01099785501815,12.044183993411348,50.5384972486678,0.46229075595199465,4.8759755060527725,6.88061515319429,15.390950453471303,0.22406660408322004,2.92472768496895,4.660854360862854,9.231863210423137,0.6100487846822596,6.9333142235279395,8.409408832294735,21.884912169924146,0.2480550537204003
gng_flex,8,11.89715196140387,FC2,False,59.6953125,7.357958948868802,2.668167921967512,4.2621315856121775,36.26233770137724,0.2790625746726847,1.4289794076781783,1.550259704311564,19.4208668138583,0.43655351835729883,0.7554654258727047,-1.2178540650203993,10.267323195501769,0.31792923332164014,2.2883010393372127,3.595131578494936,31.099671189236677,0.17394420188105536
gng_flex,8,11.89715196140387,FC6,False,59.6953125,20.752644370437864,10.431616205593402,10.183516003530357,50.266443251218796,1.139726425633853,2.9065202460735393,4.633733524867624,14.005541627330523,0.45219783617224835,1.7476325229155283,2.424501182023981,8.421252211140043,0.6565972951507909,5.0267682921725205,7.012888669766134,24.222302480801677,0.43381363419421076
gng_flex,8,11.89715196140387,FT10,False,59.6953125,122.3748346822095,98.78644053281297,19.946973372403807,80.72447312337351,0.7060710507750702,9.58551973189106,9.81615665526341,7.832917410498104,0.6828970312916377,4.079920057984678,6.106516536006003,3.333953478735776,0.3274983303102565,7.847879571688117,8.947523300303269,6.412984820014649,0.3163556722952128
gng_flex,8,11.89715196140387,F4,True,59.6953125,13.91920041654676,5.64651373256085,7.517803887004617,40.56636562146509,0.5898575940692623,2.0576187888437945,3.1336491695851656,14.782593304696972,0.5728428215873249,1.2562141925559438,0.9906369570227791,9.025045656089492,0.3204010127445539,4.598357468398711,6.626027295514766,33.03607485191686,0.27374229912769354
gng_flex,8,11.89715196140387,F8,False,59.6953125,16.28328820306614,6.359245023472967,8.034055587927298,39.053813604278794,0.8197701567878115,3.1209653047250367,4.9428894070947935,19.166677306229584,0.41301553983980654,2.0334029355752112,3.082234462020365,12.487667786855987,0.47046448020677817,4.204674151851799,6.237323450718638,25.822021322818937,0.3815936807273841
gng_flex,8,11.89715196140387,Fp2,False,59.6953125,8.394304798176563,3.125675907598892,4.949439452640259,37.23567326597267,1.0175219826764184,1.2597540553838544,1.0028576510519875,15.007247004629878,0.6354718955369448,1.1178235862609165,0.48373269061327906,13.31645220344791,0.30053526565626393,2.568041527160465,4.096020423215892,30.59266477574537,0.16925771665350156
gng_flex,8,11.89715196140387,Oz,False,59.6953125,83.25988287525439,39.00533748273618,15.911240398647639,46.8476967967594,0.6387288869191313,13.850343128214051,11.414605327393872,16.635073999522167,0.6412563763313606,8.402184541923761,9.243922159616758,10.091516168131637,0.49521337270426985,19.54461478086892,12.910271150245132,23.47422805068317,0.30483230814672174
gng_flex,8,11.89715196140387,Fz,True,59.6953125,12.4140325573053,6.285501010961349,7.983399005778818,50.63222592615575,0.45357608753352174,2.635178762949559,4.208100818366903,21.227419460881244,0.5230946822106525,1.0623460041870114,0.2626598871862892,8.557622185079993,0.32666147473718593,2.0736205475371214,3.1672928764235886,16.703843315739135,0.16234893712928625
gng_flex,8,11.89715196140387,O2,False,59.6953125,27.773201537288067,7.479890244587778,8.738952253351034,26.932041790520046,0.4713885452605437,4.068344046382163,6.094176726497347,14.648451821155867,0.44671910004271354,4.490303650546028,6.522757105573492,16.16775669350681,0.5690059160176865,10.96572533956864,10.400373638342046,39.483115854850766,0.15926801699420765
gng_flex,8,11.89715196140387,PO10,False,59.6953125,107.1335227674919,84.22377734213754,19.25434715142418,78.61570791891668,0.711636285020971,9.532895292663879,9.792248228482302,8.898144153583734,0.6473321576523638,4.485779777106627,6.518379487085996,4.187092574974835,0.43224988892208277,7.336553435975581,8.654920850835083,6.848046481116694,0.2618805573226197
gng_flex,8,11.89715196140387,P4,True,59.6953125,8.667471910282055,2.637372615534124,4.2117149249281365,30.428395301811822,0.6948646896793615,1.64166933176596,2.152856851517208,18.94057862268327,0.3896818759613632,1.3340987980162955,1.251879928822427,15.392017555126769,0.3584307214697031,2.7542227459943396,4.399990606283546,31.776540778021538,0.16396002774141405
gng_flex,8,11.89715196140387,P8,False,59.6953125,22.776548980762005,5.426580886427813,7.345262808128505,23.825298955567515,0.4476684140404896,2.4573696098412086,3.904704830743506,10.789033983668036,0.4384641712755087,2.251572661759309,3.524859668849687,9.885486443363648,0.42882717597101094,12.095607616768435,10.826276898108771,53.105532479854055,0.36441975165066676
gng_flex,8,11.89715196140387,CP2,False,59.6953125,12.407320201453434,3.6684933697576674,5.644877384904545,29.56716930161864,0.3222192816519533,1.5464314494130451,1.893306732551453,12.46386346369856,0.36154447989575944,0.8504381158560719,-0.7035728336834031,6.8543255275740265,0.6938906828117671,6.091391437019312,7.847165084614046,49.095141723720054,0.47451619873821105
gng_flex,8,11.89715196140387,CP6,False,59.6953125,14.9664424461191,2.828828666132776,4.516066443087295,18.901142848855912,0.6690294526648923,1.7678949819440473,2.4745646309966762,11.812392880329918,0.36348059159030877,1.3442200146211156,1.2847035749445581,8.981560043146265,0.5624455778969943,8.678442819790074,9.384418063468672,57.98601004235615,0.2746924577261217
gng_flex,9,12.897262706703865,C3,True,59.6953125,6.1392937224269755,2.32496292408489,3.664160316372715,37.870201837578634,0.7814115283110902,1.336044953400586,1.2582107092797887,21.762193076379198,0.5665714597671198,0.8081290703056682,-0.9251927035794112,13.163225394373212,0.5236360297270833,1.446265558326592,1.6024804394531502,23.557523450024096,0.3068185748466015
gng_flex,9,12.897262706703865,T7,False,59.6953125,13.30255723007242,4.9475971594182475,6.94394331506002,37.19282746804099,0.5619889629873647,2.7134844998565417,4.335273451172642,20.39821707154399,0.4584383065280174,1.9167407738916604,2.8256338148476896,14.408814341039491,0.44703894901673813,3.1455747181510727,4.977000056219026,23.646391169361262,0.5254205315514049
gng_flex,9,12.897262706703865,FC1,False,59.6953125,17.317718004071107,3.91620358515737,5.928652606623153,22.613854690535646,1.5258214482588215,1.9386830516842124,2.8750681363989985,11.194795129638099,0.6328784312049266,1.223861721045118,0.8773235148637861,7.067107344959702,0.6032214337795389,9.883691877042123,9.949191978605374,57.072715208312275,0.18508108009447122
gng_flex,9,12.897262706703865,FC5,False,59.6953125,8.669514900585026,3.2263914191105427,5.0871705395434255,37.21536275222069,0.4870157354730881,2.1030243812197265,3.2284430766863674,24.257693831033297,0.4080437788682211,1.0661772923500563,0.2782942859966911,12.29800403570573,0.9513010913128341,1.9954928165053214,3.000501687235424,23.01735263608191,0.3410823060569699
gng_flex,9,12.897262706703865,FT9,False,59.6953125,43.2050118087973,25.20370975972096,14.01464469733861,58.33515304025225,1.0493723052576418,6.4588387828616405,8.101544443840861,14.949281373756056,0.6897974703370582,3.797928775494997,5.79546815930345,8.790481975338036,0.32544051228542553,6.294717534845124,7.989762466264981,14.56941514725708,0.31454983383160856
gng_flex,9,12.897262706703865,F3,True,59.6953125,13.34634532469751,6.377517646140609,8.046516689456286,47.784749240220584,0.6581820469810828,2.2670511881918336,3.5546132625720723,16.986306985453457,0.48616783454177404,1.3774687941725166,1.3908176892332125,10.320943753969116,0.7168026589449108,3.042883649932067,4.832853466537584,22.79937747677777,0.39170904735615414
gng_flex,9,12.897262706703865,F7,False,59.6953125,18.843566648789245,10.017438446911651,10.007566825498342,53.161052966346475,0.7363033051495373,3.194428410248241,5.043931596828919,16.952355516271076,0.8235564675222847,1.8358738703134831,2.6384284064055215,9.742709034499281,0.6700178238556131,3.3097819331005494,5.197993809748414,17.564519471228728,0.3427910800740107
gng_flex,9,12.897262706703865,Fp1,False,59.6953125,14.231749105545143,5.284815695730715,7.230298461897392,37.13398582660217,0.998516902533544,2.3114840401060315,3.6389089915077752,16.241742479885367,0.21266225363865823,1.3850765594179613,1.4147377947542852,9.732300289627023,0.4540098594631001,4.930542857831662,6.928947381781539,34.644672424070244,0.1467609734945388
gng_flex,9,12.897262706703865,Pz,True,59.6953125,10.119526928521719,3.0407606534708034,4.829822369913022,30.048446680847007,0.5441314631814512,2.289992387450452,3.5983403863082373,22.629441115435412,0.4864258990401709,1.7660304591952083,2.4699818969813294,17.451709666562383,0.4470290505980751,2.666452824098051,4.259339043829918,26.349579806766442,0.16049875915904693
gng_flex,9,12.897262706703865,Cz,True,59.6953125,10.167215557165186,4.229090341612114,6.262469626225585,41.59536421583714,0.6245007097859953,2.023601087208798,3.0612490406755115,19.903198430593882,0.4490653423720184,0.9748037145960593,-0.11082824557586837,9.587715624943957,0.4299962613983995,2.4832687577710164,3.950237246695623,24.42427569090902,0.20693558278731686
gng_flex,9,12.897262706703865,O1,False,59.6953125,61.696829080967284,9.63389719490797,9.838020075667066,15.614898429001936,0.8914676680790358,5.325054207510898,7.263240331254297,8.631001441780112,0.3850599792214141,8.748062676297135,9.41911885919381,14.179112292491878,0.35183993899685273,36.49535088055957,15.6223754348337,59.152717285786636,0.29794642062382076
gng_flex,9,12.897262706703865,PO9,False,59.6953125,41.281760097884884,11.496178078411077,10.605534824984968,27.848081213475428,0.8658639241184244,7.926521576584186,8.990826461434695,19.20102621058134,0.4478949501909522,7.603026063848912,8.809864792893784,18.417398012635758,0.4294342857815225,13.285190598153953,11.233677894676168,32.181744592897424,0.15752449755593564
gng_flex,9,12.897262706703865,P3,True,59.6953125,10.783439513211755,3.0917668733070514,4.902067396274908,28.67143520876666,0.6075206891351935,1.51539199670691,1.805249892647332,14.052955876001047,0.25359304142362316,1.6780046332039527,2.2479315564174716,15.560940747598012,0.27272795890296536,4.17010545067704,6.201470372442874,38.671385373543124,0.27321951095840674
gng_flex,9,12.897262706703865,P7,False,59.6953125,15.754045276342186,3.538904028966262,5.488687852270818,22.463462348179398,0.4994577333007037,3.2211745211066463,5.080142552451284,20.44665014352775,0.7137385512086837,2.866697970675616,4.573819389951097,18.19658329267677,0.3144730548209402,5.606291197355074,7.486756517760361,35.58635956044908,0.25310926644606896
gng_flex,9,12.897262706703865,CP1,False,59.6953125,8.248353612846298,2.757172799838541,4.404639854255523,33.426947112747634,1.1100629144320169,1.3724867057991281,1.3750814647291856,16.639523112364696,1.2316358682971293,1.0224883110048948,0.09658351892005398,12.39627153487252,0.3208154875744535,2.7998230098070334,4.471305783802069,33.94402254343804,0.27194786059794773
gng_flex,9,12.897262706703865,CP5,False,59.6953125,7.170938587931266,2.0786519030096158,3.1778176722487106,28.98716642906411,0.44110072797719546,1.3372459461547679,1.2621129001047706,18.6481299450167,0.363982135790189,1.168069344804497,0.674686263140291,16.288932480475637,0.4747184119367165,2.315300439672783,3.6460735424209063,32.28727190007523,0.20616479375454125
gng_flex,9,12.897262706703865,C4,True,59.6953125,20.540527187372344,13.021974195294929,11.146768304017453,63.39649453252797,0.8696398386338784,3.0162436721665467,4.794664238033623,14.684353739571185,0.38485156543844956,1.2724854528788825,1.0465282615964813,6.194998995260286,0.6116712781588391,2.7532007197714203,4.39837874419657,13.403749059878074,0.22785045329587733
gng_flex,9,12.897262706703865,T8,False,59.6953125,23.275490797004498,8.543623053161655,9.316420789233407,36.70652158390232,0.7378230127231867,3.774585310080934,5.768692453860599,16.216995564135274,0.2786765587828212,3.5819624993782235,5.541210347798026,15.389417695283203,0.5161713186339499,6.570065791005409,8.175697184985248,28.227399577975653,0.14429709196092413
gng_flex,9,12.897262706703865,FC2,False,59.6953125,13.924330284276989,8.4542398846362,9.270745665466723,60.715594301741895,1.000549883503883,1.8606299274730758,2.6966000212665913,13.362437470863883,0.5751535290749786,0.9153541429449611,-0.3841084847940971,6.573774998561737,0.48332119775777005,2.3387559886870983,3.689849125766631,16.796182946967036,0.12531887323764665
gng_flex,9,12.897262706703865,FC6,False,59.6953125,22.129928909767955,11.188846366486121,10.487853106126074,50.55979353619823,0.5837712973332972,2.7145867211838164,4.337037203442493,12.266585818021412,0.39225231143057,1.8740038577351648,2.7277048057063364,8.468187427877348,0.32502326642628065,5.764155309001147,7.607356739000187,26.04687675456969,0.2662645142511036
gng_flex,9,12.897262706703865,FT10,False,59.6953125,30.261895932612607,15.38982849356807,11.872337800191312,50.85546698011996,0.5429595981191006,4.2189811330881195,6.252075832595674,13.941562493252157,0.9653146179256727,3.1780123992854548,5.021555873114954,10.501696279579686,0.8494404793163763,6.435711085309978,8.085965393312815,21.266714747949244,0.3065095636727448
gng_flex,9,12.897262706703865,F4,True,59.6953125,15.007575086208242,6.114744993022924,7.863783500996538,40.74439046879927,1.1731042685408088,2.3645163831664795,3.737423274840941,15.755485943491552,0.3733374363761687,1.5238719764331392,1.8294848257831462,10.15401867176768,0.5509156659051592,4.610132828945992,6.637134386319962,30.718705736695874,0.1630776112797647
gng_flex,9,12.897262706703865,F8,False,59.6953125,15.297003506184705,5.543865536228381,7.438126881293242,36.24151314332216,0.6518885420856573,3.0675204723123994,4.867874698448896,20.053080795020904,0.25509761441621814,2.2390011989682352,3.500543261405082,14.636861383100216,0.4920710686989107,3.9267875740999387,5.94037408046197,25.670305772711018,0.33803181400681864
gng_flex,9,12.897262706703865,Fp2,False,59.6953125,8.36163111460756,3.0525025198960534,4.846560311350197,36.50606536042242,0.6988981549167754,1.3364325735677403,1.2594705238088255,15.982917151571375,0.21217215208616452,1.1796721981546339,0.7176134433130428,14.108158826736283,0.5038609314273172,2.5601370142447397,4.082632086470499,30.617674699524173,0.2769826447856889
gng_flex,9,12.897262706703865,Oz,False,59.6953125,58.80359951287483,23.045393858287316,13.625841348523444,39.19044760727889,0.7561330772800763,9.089544510199334,9.585421206627435,15.45746278373522,1.0419494547740564,6.570493297787998,8.175979766320586,11.173624322690335,0.650410629908766,18.63004181469456,12.702138296611771,31.681805142924258,0.21310607501649675
gng_flex,9,12.897262706703865,Fz,True,59.6953125,12.375774317880914,5.925057222554734,7.726925489977123,47.876254611350035,1.4550976423306587,2.608083260732182,4.163214517452189,21.074101658139806,0.3399020758310232,1.2211664096379102,0.8677484974590454,9.867393976904783,0.47445550173353424,2.2156240521182378,3.4549607106461306,17.90291253870906,0.27999119547344864
gng_flex,9,12.897262706703865,O2,False,59.6953125,23.280462577875287,5.6907367445904775,7.551684954631613,24.44425975452352,0.5450107314832232,3.4420215378290635,5.368135835194466,14.78502210304106,0.5324258492668292,3.630196713918638,5.5993015932113686,15.593318654108767,0.514751677564641,9.948024241631718,9.977368349004777,42.73121381654107,0.3249688036024887
gng_flex,9,12.897262706703865,PO10,False,59.6953125,35.56995607533417,16.465907224161768,12.165856640848476,46.29161528703708,1.1489355191199988,6.128841471908574,7.873783880733155,17.23038808068305,0.38792443464595017,4.109980364284573,6.138397470091036,11.554639976445237,1.5002286734628942,7.429380307075927,8.709525902826114,20.88667270586763,0.07810523731119512
gng_flex,9,12.897262706703865,P4,True,59.6953125,8.531556286882694,2.4139119259395025,3.8272142036934156,28.293922524439097,0.6002265139636134,1.7336836280688672,2.3896984797307814,20.320836782550607,0.6493964102451337,1.4357558479556576,1.570805938751614,16.828768394380035,0.6818550033144825,2.6631713170490063,4.253991047250519,31.215539433803468,0.17316203390261697
gng_flex,9,12.897262706703865,P8,False,59.6953125,18.190145947384448,4.667524910865806,6.690866444835024,25.65963420176377,1.1014948915894751,2.3603157283849057,3.7297010039554985,12.975793241088834,0.2661105163929025,2.4177298472339595,3.8340777195477465,13.291426326250031,0.7725039756386346,8.290362071970161,9.185734982734191,45.57611629917807,0.31136159252511203
gng_flex,9,12.897262706703865,CP2,False,59.6953125,12.568665672690154,2.8859421404094414,4.6028761977452435,22.96140430149372,0.6670623843326567,1.5184113168491336,1.8138943192911827,12.080926936806158,0.46427917203336583,1.094162189960826,0.39081703152939673,8.705476129723763,0.615606588702596,6.755542823335375,8.296602513162457,53.749085219238246,0.1912952743370017
gng_flex,9,12.897262706703865,CP6,False,59.6953125,13.295060606981249,3.1908326785988375,5.039040311861611,24.00013638842179,0.6152746478154868,1.7044653351520789,2.315881731182943,12.820290072668511,0.3769265832916437,1.7024679888315937,2.3107895470846556,12.80526685179326,0.40312531271233126,6.370250617074973,8.041565185946427,47.91441577731469,0.1568818485918359
gng_flex,10,13.897375434282488,C3,True,56.0859375,6.227739955741554,2.5454418111119272,4.057631734999156,40.872641266358634,0.9755449509592963,1.2816329465689231,1.0776366316679085,20.579422963660267,0.5855424440265433,0.67962737112172,-1.6772913879687976,10.912905419166542,0.47460872304112917,1.4697021539482535,1.6722933066449772,23.599285846758708,0.19470911173429464
gng_flex,10,13.897375434282488,T7,False,56.0859375,13.236945598334895,5.1165090988023785,7.089737507793399,38.65324565091509,1.088062216267709,2.674930064100201,4.273124319002703,20.208061174147957,0.5493756353244439,1.829595252702215,2.6235502472510945,13.821883901467146,0.33951794939211916,3.079149338734046,4.884307526951186,23.261781321526158,0.17742418098915005
gng_flex,10,13.897375434282488,FC1,False,56.0859375,16.612979790716633,4.523172195418257,6.5544312148380275,27.22673627729214,0.4964329996874968,1.8159354825474077,2.5910041463033724,10.930823400881739,0.6734572399319585,1.1649654931741407,0.6631306154572487,7.012381329839008,0.27447812225585844,8.832575180710325,9.460873427305664,53.166712365749014,0.6512681658473584
gng_flex,10,13.897375434282488,FC5,False,56.0859375,9.451030114419838,4.456657642895555,6.490092731904968,47.15525809293363,0.5428091911221686,1.639467397368871,2.1470278466285335,17.346970409791265,0.43924898147070923,1.0783996329208285,0.32779731360675496,11.410392516636556,0.40723163978305565,2.021224810512656,3.056146205589731,21.386291081950816,0.32828076685612206
gng_flex,10,13.897375434282488,FT9,False,56.0859375,37.57872021069046,20.854399709044195,13.191976932563282,55.49523664489111,0.7710420505254109,5.687546698147483,7.549249754962911,15.135019676719805,0.7256103965911384,3.892027931970077,5.901759484146451,10.35699968000205,0.3403946574954248,6.142281437895342,7.883297118342885,16.34510543056752,0.4411541743594071
gng_flex,10,13.897375434282488,F3,True,56.0859375,13.944117363759101,6.7310259929237475,8.280812676569623,48.27143817949891,0.610921442199876,2.3888418746538593,3.7818740331284433,17.131538786832667,0.3426033565203949,1.4358741082650865,1.5711636436134881,10.297346693286858,0.577113363035126,2.986914524590893,4.752227947401662,21.420606601848558,0.40067891649783105
gng_flex,10,13.897375434282488,F7,False,56.0859375,23.78957599282757,13.516356285584635,11.30859631077409,56.81629756520144,0.7115399016064464,4.153346403916833,6.18398154330621,17.458681925096293,0.583862213315692,2.2315638983805166,3.4860932689994124,9.380427373120568,0.36202657808484434,3.2737682721012575,5.150479353968177,13.76135612121999,0.3545171988173536
gng_flex,10,13.897375434282488,Fp1,False,56.0859375,15.935778302388876,6.875940534585344,8.373321121085107,43.14781747154826,0.9701712291132466,2.6136616707751124,4.172493690038595,16.401217569544798,0.7689199823013259,1.8763040312854726,2.73303211661061,11.774159979398073,0.6097443408614838,4.162330975378303,6.193366109706071,26.119408141831034,0.4456233965995201
gng_flex,10,13.897375434282488,Pz,True,56.0859375,9.751543270007902,2.7066233997321096,4.324278321294751,27.755846687946,0.6223920205002311,2.1953323304568113,3.4150027326091568,22.512665633231943,0.4634983881153668,1.6254291784229413,2.1096805159888046,16.668430149124735,0.4237859255921912,2.9207813848073894,4.6549905203520945,29.951991227794885,0.2028330234542211
gng_flex,10,13.897375434282488,Cz,True,56.0859375,8.493722348959409,3.4929641246229153,5.431941251285384,41.12406764804184,0.808435833604874,1.5182381099702436,1.8133988864555923,17.87482622570359,0.5346517489401912,1.0094415757918538,0.04081188019164382,11.884560553307038,0.6998939567522493,2.206866397186714,3.437760419424049,25.98232325615263,0.4384745519152556
gng_flex,10,13.897375434282488,O1,False,56.0859375,60.98377974375231,8.570217876128545,9.3299186290308,14.05327434957252,0.7259877747330182,5.430919469639045,7.348733630668523,8.905514699907453,0.45459562403327924,11.675831257784555,10.672878098220927,19.145797959465977,0.3788328371993189,33.82936868761355,15.29293893204946,55.47273197850502,0.22670637622085194
gng_flex,10,13.897375434282488,PO9,False,56.0859375,107.9751268035373,64.91450897504036,18.123417763621855,60.119872878828374,1.0482203161685373,14.594028627276375,11.641751938185239,13.516102327743013,0.3429556065992497,9.340458273451727,9.703681846614407,8.650564764278407,0.44818757289928346,16.238836856366156,12.105549186888663,15.039423742389314,0.44778226033414725
gng_flex,10,13.897375434282488,P3,True,56.0859375,11.16511740467304,3.1157719260343635,4.935656598830939,27.906306876184665,0.6401850958268589,1.941090055925189,2.8804568473617076,17.385308058764938,0.50857439427341,1.8839314454411171,2.7506509516156696,16.873368878795826,0.643232467698351,3.9304624581498744,5.94443652463606,35.20305533468749,0.21992924581670653
gng_flex,10,13.897375434282488,P7,False,56.0859375,16.188962306734254,4.099244632251663,6.1270383665433865,25.321231556308383,0.5529766664260272,3.163858347309649,5.002170309701036,19.543305416144882,0.601811523004128,3.1358307834542543,4.963526191288335,19.3701778041068,0.5654362194558729,5.259415081591849,7.2093744739288015,32.48766030793738,0.28470059484548
gng_flex,10,13.897375434282488,CP1,False,56.0859375,7.2176096866178545,1.9752223189542313,2.9561598424662874,27.366710098171204,0.22662949064161733,1.4265348599171408,1.542823888810534,19.764644000659583,0.6334375760232454,0.9306848036376135,-0.31197377255305075,12.894640248601874,0.5336527053775607,2.6586444162554543,4.2466025595332795,36.83552494096263,0.42014748136987434
gng_flex,10,13.897375434282488,CP5,False,56.0859375,7.522306481521191,2.470343091209597,3.9275727401739697,32.8402345381444,0.6036906469482692,1.396807862160686,1.4513667086564133,18.568877319635853,0.30013506972752574,1.0553133353578714,0.23381426091562768,14.029119099976656,0.47639030423639384,2.3295560991593827,3.6727317336419327,30.968641132636893,0.2530944062309267
gng_flex,10,13.897375434282488,C4,True,56.0859375,8.385677203972595,2.8423463942904847,4.536770039087369,33.895251691109266,0.5608190007599388,1.7021226266813916,2.3099084492168407,20.297974573538742,0.27292210348053436,1.213534209994829,0.8405202376854105,14.47151113114555,0.4681331118941664,2.3411410325640363,3.694275767976169,27.91832997643833,0.24675551505458979
gng_flex,10,13.897375434282488,T8,False,56.0859375,21.636727605735533,7.296214703064005,8.630976053346139,33.72143346265496,0.4374984410796504,4.179813021597409,6.211568546207953,19.318138573272105,0.6745881275540515,3.0291327514996307,4.813183066707268,13.999957880398966,0.4872273044126483,6.373434582024075,8.043735324984134,29.456555067664596,0.16361414657582493
gng_flex,10,13.897375434282488,FC2,False,56.0859375,7.784149736983078,2.709263477977811,4.328512425627464,34.80487361523761,0.7024429482582657,1.4523247971544404,1.620637526159415,18.65746223064462,0.9660136165641773,1.02639984087284,0.11316576036345172,13.185766918078896,0.7731521853045608,2.3838328866043605,3.772758068696146,30.624191043995364,0.16498849432285392
gng_flex,10,13.897375434282488,FC6,False,56.0859375,22.436454732664526,12.017007580709459,10.797963351391777,53.56018909357492,0.6875725477454406,3.298826286247426,5.183594465212387,14.702974803968333,0.491921396768049,2.0429661839066044,3.1026117805471563,9.105565956159351,0.5538949159485341,4.596201024821265,6.62399015242827,20.48541572002372,0.318490523911725
gng_flex,10,13.897375434282488,FT10,False,56.0859375,165.067295029212,140.2697247234447,21.469639446962688,84.97729650117617,1.9293683694835524,11.799350800472263,10.718581131087802,7.148206310877106,0.6603269701844467,4.315795591438573,6.350608670552351,2.614567343988284,0.5209396490908087,6.636814719494464,8.219596935762993,4.020672125462494,0.3483727348234147
gng_flex,10,13.897375434282488,F4,True,56.0859375,13.531083188703155,5.447314953528994,7.361824860910806,40.257789251320645,0.8637133640017927,2.3307963542098133,3.6750433010294232,17.225497188249875,0.5479381190083145,1.8087605196427383,2.5738106996510766,13.367448078013727,0.6408748868685307,3.5090546595282492,5.451901331474719,25.933287162537678,0.3441568341127013
gng_flex,10,13.897375434282488,F8,False,56.0859375,18.341272365352285,7.479676797007477,8.73882832047778,40.7805775303627,0.707949787387348,3.8493234203721163,5.853844020746025,20.987221299017992,0.43610552332333724,2.657791683809401,4.245209381877924,14.490770492183094,0.4705119667696651,3.8316134346822834,5.833816873447044,20.89066319041432,0.33085260797574567
gng_flex,10,13.897375434282488,Fp2,False,56.0859375,10.606603094152412,4.82482508512792,6.834815734433956,45.48888124029005,1.7164717544884103,1.7475721463522913,2.4243511409778398,16.476266065954288,0.8402837529317341,1.2443928771097374,0.9495751654724953,11.732247035771433,0.49523041123556616,2.490094800952245,3.9621588153216365,23.476835880896434,0.303517799174556
gng_flex,10,13.897375434282488,Oz,False,56.0859375,90.12981837316215,50.04229639559203,16.993372308585258,55.52246448384397,1.0190550138698862,10.972668738328489,10.403122681737871,12.174293631546702,1.049596579629725,8.843022052026328,9.466007080255824,9.811427795642274,0.38134368332631874,18.253997962407208,12.61357997716237,20.253006487631712,0.17263179959306946
gng_flex,10,13.897375434282488,Fz,True,56.0859375,11.80565010081711,5.229200954321131,7.184353317657496,44.29405335297207,0.7679908369756591,2.5591464440867244,4.080951385792622,21.677302158138644,0.8596431260069494,1.4059758211561864,1.4797785210006533,11.909346873315126,0.5957518663145206,2.165847237934161,3.3562782160515163,18.34585320959373,0.2774755931453692
gng_flex,10,13.897375434282488,O2,False,56.0859375,24.54214982284277,5.674958901127885,7.5396272065317715,23.12331618090718,1.0765256235238658,3.723411143029818,5.709409941261345,15.171495447249809,0.5840271750046377,4.553557327071007,6.583508085024805,18.554027906849274,0.6654088501258892,9.87750777861971,9.946473803641432,40.24711710229295,0.2678267979797851
gng_flex,10,13.897375434282488,PO10,False,56.0859375,84.77884073033188,62.37786733197713,17.950305223642616,73.57716476731652,2.408055207444379,7.67611971628061,8.85141739345694,9.054287190240235,0.6559321439798158,4.608096774070996,6.635215910756819,5.43543263198022,0.7269059966032785,8.694447831390443,9.392420059598006,10.255445529204758,0.3337185873703948
gng_flex,10,13.897375434282488,P4,True,56.0859375,8.915438379479122,2.7143000823286387,4.336578598657667,30.444942433523046,0.6236437826692852,1.5551227034373876,1.917646617380151,17.443031259313628,0.39492754292904286,1.6098495900422296,2.067853013323777,18.05687529339734,0.6236956097502949,2.734911597404926,4.369432928706493,30.676131458660937,0.1714511764842413
gng_flex,10,13.897375434282488,P8,False,56.0859375,20.947776514859907,10.375228970899265,10.15997689933603,49.52902263177812,1.2240550524545704,2.745466058358363,4.386160789837358,13.106240924476104,0.8702929954388431,2.0698776705555453,3.1594467947983143,9.881133060051592,0.5828515929147224,5.155456386445088,7.1226711721242895,24.61099574357172,0.2917301816920311
gng_flex,10,13.897375434282488,CP2,False,56.0859375,11.246935804934415,2.1729321981675125,3.3704617527537613,19.32021517553406,0.7607253124887186,1.36450330476638,1.3497459184912877,12.13222275322071,0.38798474020814855,1.1207862475514634,0.49522793361626993,9.965258689035428,0.6265012055281765,6.35368347983477,8.030255758696153,56.492573533203526,0.6464286823641655
gng_flex,10,13.897375434282488,CP6,False,56.0859375,12.718434525455175,3.408487767145164,5.325617396808483,26.79958575344538,0.3016386795739086,1.8419085699455189,2.65268068557007,14.482195637042047,0.7902703006135252,1.5003905847191403,1.7620433019385937,11.796975340921083,0.5303241899197326,5.611512898466267,7.490799655121572,44.121097507992545,0.20861322434304774
gng_flex,11,14.897489584570575,C3,True,60.5078125,5.957684665495452,2.066099203463335,3.151511702728423,34.67956629912561,0.6569690582602921,1.3864023574548248,1.4188928818591775,23.27082474647102,0.5454039498767194,0.8552366805352389,-0.6791368079690964,14.355185421081964,0.5163545930765142,1.3928245813754376,1.4389642285762734,23.378622058366492,0.22026439037371778
gng_flex,11,14.897489584570575,T7,False,60.5078125,15.892363187774903,7.976262543904789,9.017994406261348,50.18927927622795,0.14484241745485585,2.8226942647601403,4.506638408397265,17.761324929520107,0.25382354341494767,1.7068276525674024,2.3218967031344633,10.739923524277174,0.4495224985103819,2.817018448102382,4.497896911046345,17.725610815824766,0.3643924731300757
gng_flex,11,14.897489584570575,FC1,False,60.5078125,19.66808394029942,5.619330089027861,7.496845440423586,28.57080591116449,0.5234890807409558,2.7126481631839603,4.333934684034619,13.792132326758127,0.4098443580454392,1.2733707268637213,1.0495486177748354,6.474299838911181,0.6919760508874115,9.670247016898843,9.854375678478348,49.16720432072564,0.4056383599048771
gng_flex,11,14.897489584570575,FC5,False,60.5078125,9.374956322054016,4.1890621440979565,6.22116803101405,44.68353771679386,0.4828799072341819,1.9272884965896564,2.849467292371484,20.557839742205807,0.4089094714177402,1.0992678750968854,0.4110353637300226,11.725578630280383,0.41662183406666414,1.783387491728882,2.5124571627457,19.022888539049198,0.19203033485902238
gng_flex,11,14.897489584570575,FT9,False,60.5078125,33.287913833068885,15.998108116807002,12.040686274677316,48.05980992691155,0.5853195536449609,6.926332368399244,8.405033278571603,20.807348886845787,0.6356722286263876,3.4315227586949586,5.354868835830531,10.308614639845693,0.6056166793126391,5.535992924070347,7.431955263476958,16.630639432173666,0.297594297373548
gng_flex,11,14.897489584570575,F3,True,60.5078125,73.35014416577869,65.65761031899319,18.172850720552017,89.5125852385517,0.6304174907872891,3.528784709269482,5.476251629141178,4.810876310336997,0.7560030981045293,1.2053308805608487,0.8110628332262404,1.6432563211282583,0.3957112049116233,2.4263291096518587,3.84949708654086,3.3078723119727096,0.23856582734809162
gng_flex,11,14.897489584570575,F7,False,60.5078125,17.896228735887647,8.940613223196792,9.513673074219923,49.95808533262659,0.5825534834709486,3.408066397686506,5.325080473235237,19.043489262361998,0.3601908293289352,1.826380753145782,2.615913218031248,10.20539455602345,0.4050462079091174,3.1076655399263093,4.924342720398891,17.364918529983072,0.3600495600570824
gng_flex,11,14.897489584570575,Fp1,False,60.5078125,14.437685156260862,6.626005643071974,8.212518014152403,45.89382280717366,1.9816965967927307,2.098524587937906,3.2191406210752582,14.535048833835296,0.5303352587850311,1.437048560746815,1.574714440618832,9.953455454897789,0.4278473076968183,3.875940922009577,5.883771488119635,26.845999757300333,0.435401609593583
gng_flex,11,14.897489584570575,Pz,True,60.5078125,10.314256106871724,3.191696349029941,5.0402156682229435,30.94451326357428,1.1020985532092769,2.1839304860595683,3.39238810772076,21.173902057798973,0.5474607134931284,1.7107321309029346,2.331820123592549,16.58609320126523,0.48631918632766163,2.872464294750194,4.582546390350521,27.84945676146684,0.19438719236182272
gng_flex,11,14.897489584570575,Cz,True,60.5078125,10.847126872433122,4.7432649465674475,6.7607738390099,43.728307065550936,0.5375093097925909,2.2572405204317074,3.5357783782427616,20.80957056165957,0.38470177354313684,1.0085455398760992,0.03695513129218641,9.297812699501245,0.7244746297323523,2.4024976381024747,3.806629693855086,22.14870044719565,0.4770550779427123
gng_flex,11,14.897489584570575,O1,False,60.5078125,61.15076533791296,7.864794332950552,8.956873701592357,12.86131790745462,0.5923065728773655,4.685393025565385,6.707460267446368,7.6620349715565705,0.2869431404223763,10.36857118251351,10.157189135439818,16.955750472161437,0.3910990685311053,36.57370905583011,15.631690057522643,59.80907819178955,0.3587877277039805
gng_flex,11,14.897489584570575,PO9,False,60.5078125,36.64095945293992,6.936118828135453,8.411165247740167,18.929959618126016,0.6487787230389892,7.824765192845841,8.934713140163906,21.35524099169847,0.48074726530456463,7.1566498864599755,8.547097714269196,19.531829933797642,0.31357851202590364,13.427482418768209,11.279945924057984,36.64609939053013,0.15550059900294314
gng_flex,11,14.897489584570575,P3,True,60.5078125,23.678277765191563,13.004641771048458,11.140983935176916,54.9222451903408,0.54337477338322,3.1431468857082105,4.973646769647533,13.274389788301319,0.5882305792470564,2.3609178429769107,3.730808744304483,9.970817414970933,0.40229359990096697,4.508498447718707,6.5403192448297816,19.040651910699605,0.1148379217365071
gng_flex,11,14.897489584570575,P7,False,60.5078125,15.500269447507264,3.647725191791251,5.620221125006304,23.533301818684667,0.4129038538360038,3.176480755174888,5.019462284902104,20.493067981380968,0.48340160747929845,2.837188786190588,4.528882346583863,18.30412558826106,0.2580289955879461,5.237685149494475,7.191393883337876,33.79092968178559,0.17886414015592517
gng_flex,11,14.897489584570575,CP1,False,60.5078125,8.754271815892439,2.6925229033220845,4.301594062110938,30.756674683485368,0.9852872998110648,1.6891402057857687,2.276656993471671,19.29503951110264,0.38967439896443956,1.1324013930271206,0.5400039494211124,12.935415038991223,0.47812141171486155,2.8916436278609785,4.611447685705552,33.031229651922736,0.32982231327979455
gng_flex,11,14.897489584570575,CP5,False,60.5078125,7.315756983769694,1.9769216314031444,2.9598945346958323,27.022789791801806,0.6526775195383058,1.3554574098178156,1.3208587605025766,18.52791738195997,0.42523534124576234,1.2520027293425362,0.9760527562929161,17.113782375769937,0.702501582106084,2.4043878632000446,3.810045270829076,32.86587934145814,0.32878165193991254
gng_flex,11,14.897489584570575,C4,True,60.5078125,8.836842291971431,3.1165103041326336,4.936685671402733,35.267239146771786,0.49210992552764005,1.8056167165783283,2.5662556682962903,20.4328272127114,0.5869259375278789,1.0312766620593299,0.13375189713676935,11.67019426154385,0.37446572312480997,2.4678688730545435,3.92322080311879,27.927044429622622,0.18693697103073686
gng_flex,11,14.897489584570575,T8,False,60.5078125,21.34388275118473,6.997377680721401,8.449353154194384,32.78399606244557,0.6932235310629474,3.7145525486308153,5.699065065584444,17.40335904171247,0.25990782150606534,3.3066043633719095,5.193822345014426,15.492047074651264,0.8927142957267133,6.5886480393327655,8.187963084796593,30.869022830286358,0.3152865352438208
gng_flex,11,14.897489584570575,FC2,False,60.5078125,8.073360181232275,2.6478728722915865,4.228971302436399,32.79765565825938,0.5252650101889803,1.8481236508351793,2.667310248272165,22.891628880022193,0.2358046949158508,0.9801716956252705,-0.08697842744875675,12.140814649937523,0.5209223276867112,2.255087329637038,3.531633648592538,27.93245041735316,0.2702898289884839
gng_flex,11,14.897489584570575,FC6,False,60.5078125,19.297837016645065,9.375964764126245,9.720159665521841,48.585573378193345,0.8791620539700035,2.738235329835366,4.374707696040529,14.189338045883284,0.4235322982431703,1.6901874067190543,2.2793486153176543,8.75842927505921,0.4488188396393036,4.8489211949228626,6.8564512598224825,25.126760013262096,0.11600764934082398
gng_flex,11,14.897489584570575,FT10,False,60.5078125,29.58431395782366,14.083485751286046,11.487101587258792,47.604571028295304,0.5892158120096881,4.986203468727098,6.977699964987735,16.85421360737176,0.3653173391130867,3.433995944487407,5.357997779280483,11.60748885163611,0.5341903246195369,6.019731879050164,7.795771480614501,20.34771496689795,0.24613333440465512
gng_flex,11,14.897489584570575,F4,True,60.5078125,15.106099319729006,7.129302782172145,8.53047059632923,47.19486236172873,0.4484930535420568,2.665993446487409,4.258590775017513,17.64845702427988,0.5374491268427362,1.4116519419439566,1.4972762991223045,9.3449136806634,0.2804077837251545,3.4287136387665282,5.351312149788169,22.697544655280588,0.19528745676359455
gng_flex,11,14.897489584570575,F8,False,60.5078125,15.232420916073677,5.543644204777032,7.43795349154162,36.393717291039565,0.5679172964856632,2.996583808713641,4.766264285877777,19.67240680403968,0.5849020571982093,2.3028062195471404,3.6225739375137644,15.117795340838795,0.3406184585571696,3.8180808573557465,5.818451214205568,25.06548944775286,0.2304669551264231
gng_flex,11,14.897489584570575,Fp2,False,60.5078125,8.189591008338317,3.0011239688361524,4.77283935401353,36.645590308240386,0.669160489099688,1.525945170428267,1.8353892902630078,18.6327396432204,0.4196202593358736,1.1071367345796634,0.4420126081213907,13.518828149689291,0.5786487594719545,2.2554716017124155,3.5323736333475524,27.540711122398953,0.24611035714418086
gng_flex,11,14.897489584570575,Oz,False,60.5078125,86.49702296445577,36.631250768791574,15.63851747840369,42.34972431807793,0.614008172229167,16.850673915868658,12.266172744708799,19.48121835683652,0.6203252510708855,10.20097282073612,10.086415904414688,11.793438052692295,0.4498997008166263,20.03528742526002,13.01795577180947,23.16297918541442,0.20521804414801345
gng_flex,11,14.897489584570575,Fz,True,60.5078125,12.2792376963657,5.422680233315397,7.342139955471839,44.16137522055098,0.37532226381515305,3.1518893092376796,4.985709571578136,25.66844446842615,0.5486758343998467,1.223334126584222,0.8754509114363016,9.962622736314435,0.3961884820444465,2.0446883396726756,3.1062712032606967,16.65159019014547,0.29233396162567904
gng_flex,11,14.897489584570575,O2,False,60.5078125,30.280085624880684,11.76438019449688,10.705690513419977,38.85187228410698,0.39741611461265625,4.3032234425611176,6.337938971752584,14.21139786680532,0.7441504541896437,3.9699369823887074,5.987836129550387,13.110719142506886,0.3997398187417241,9.411195334922578,9.736447875496584,31.080477946830975,0.14408275297354287
gng_flex,11,14.897489584570575,PO10,False,60.5078125,19.168246373048515,5.936957342360532,7.735639284874555,30.972876844426327,0.5491649713429936,3.267212858811423,5.14177429668525,17.0449231255984,0.4341873777281994,2.382906056687027,3.7710692112671067,12.431528739308717,0.39757442919411184,6.974240642938554,8.434969284281523,36.3843437068123,0.3147553532815315
gng_flex,11,14.897489584570575,P4,True,60.5078125,8.414552252814609,2.581038760570115,4.117945265800246,30.673512779087865,0.6528257738972102,1.6347696672621543,2.134565708900081,19.42788657251888,0.4600667737791996,1.3468241025259724,1.2931087984284493,16.005891484903064,0.5313275734994773,2.598412812974478,4.147081491060293,30.879989034536298,0.19505263650040938
gng_flex,11,14.897489584570575,P8,False,60.5078125,13.040305933481049,3.976603618859957,5.995123034020767,30.494711083809833,0.5366928980735998,2.366077432319572,3.740289532584553,18.144339898074453,0.6133304914208761,1.9499208460067132,2.90016982213688,14.953029905535283,0.5790110284645781,4.329821533747485,6.364699960055622,33.203373876610115,0.273837678350215
gng_flex,11,14.897489584570575,CP2,False,60.5078125,13.737330808030245,4.240035346648596,6.273694770621791,30.86505963858755,0.7036594620342801,1.658857638072356,2.1980911679439896,12.075545542680388,0.5616988452829149,1.0599085789194775,0.25268407356235917,7.715535089974693,0.4568627650697394,6.434416879058509,8.085091949572536,46.83891630022646,0.24835519043976265
gng_flex,11,14.897489584570575,CP6,False,60.5078125,12.24824637095476,3.0450723730544995,4.835976190853762,24.86129263594437,0.5525233355246361,1.6502672092898938,2.1755427034994828,13.473497832337072,0.4379548654150825,1.5326284127325887,1.854368724921017,12.513043633470927,0.3983109875429878,5.673975205072641,7.538874336234466,46.32479649109435,0.19436276293261512
oddball_flex,1,50.14344879378623,C3,True,60.5078125,7.313557216319154,2.7307764628083815,4.362861509115526,37.338553347405906,0.48357905066750057,1.6582867318444767,2.1965962590750907,22.674147241840778,0.5288264276704124,0.925914393636262,-0.33429164603180617,12.660246802612235,0.40520259011644955,1.7157564645218861,2.3445564387388154,23.45994450817205,0.2879499424564286
oddball_flex,1,50.14344879378623,T7,False,60.5078125,18.129507100031127,7.453290819318778,8.723480672602085,41.11138145231749,0.6655677313714338,2.8955227790595623,4.617269858748003,15.97132654011642,0.3422134863962111,2.2386731454127653,3.4999068960144504,12.348229508175221,0.5806298037103428,4.934409518275313,6.93235189772048,27.217560251634428,0.46317819896374185
oddball_flex,1,50.14344879378623,FC1,False,60.5078125,19.919757977307942,12.172003808395008,10.853620795688668,61.1051792007766,1.4341830535867246,3.4420375953784097,5.368156095639471,17.27951513918737,0.8567630331644097,1.3470198456711233,1.293739942396651,6.762229978926514,0.48688214402436913,2.5128126077555906,4.0016010241979645,12.614674388203511,0.47362310240277083
oddball_flex,1,50.14344879378623,FC5,False,60.5078125,15.102409148246963,6.513977704143265,8.138462677406565,43.132043637550275,0.7923963582945343,2.355448925287639,3.720736915900755,15.596511140482852,0.25409521549994424,1.3904750129791892,1.431631889407319,9.206974856330064,0.43619031346503556,4.403288489001467,6.437771399398958,29.15619915854674,0.22814684308590985
oddball_flex,1,50.14344879378623,FT9,False,60.5078125,45.58755856404658,28.01259986109919,14.473534177464922,61.44790540108417,1.7597887800752576,5.883420697838593,7.696299040082881,12.905759560632966,1.3101060875703672,3.474850733667812,5.409361536925465,7.622366371706321,0.1978116757106725,6.8833595229092746,8.378004536650106,15.099206317966665,0.39524465925342767
oddball_flex,1,50.14344879378623,F3,True,60.5078125,19.423742940279084,9.993489697057546,9.997171690599094,51.44986590784216,0.8458020202903734,3.3329771329089555,5.2283233403691,17.159293876348357,0.4586338277382138,1.6417605782745566,2.1530982323675523,8.452338889174813,0.6269390743768147,3.920681465734305,5.93361559644422,20.184994610920093,0.5292426115818075
oddball_flex,1,50.14344879378623,F7,False,60.5078125,24.147419668133242,12.95659115842131,11.124907549435166,53.6562139412345,1.4491465784144624,4.2481668558905294,6.282015662583021,17.592632729602702,0.6998044959197767,1.8779471080511452,2.7368335629803475,7.777009443909347,0.34299304777853246,4.0598472224169715,6.085096907915584,16.81275796011717,0.5525091674689457
oddball_flex,1,50.14344879378623,Fp1,False,60.5078125,25.95598420176374,13.4441368017081,11.285329230123063,51.79590454826426,1.1454384435957956,3.1086965268244064,4.925783279748734,11.976800812712648,1.157870755002666,1.892665837452409,2.7707394319723377,7.291828438252017,0.41729805846222234,6.965158718902741,8.429310173799747,26.834500532749782,0.35392403713582865
oddball_flex,1,50.14344879378623,Pz,True,60.5078125,16.031692805445328,7.722523773340586,8.877592539258664,48.170357722408156,1.0793302020178657,2.524713555321914,4.0221211180127225,15.74826555099889,0.3862522827982643,1.6196547367436533,2.0942244546364712,10.102830414724021,0.6045069057150011,3.6705099708072333,5.647264081542842,22.895336227753234,0.15346662492843893
oddball_flex,1,50.14344879378623,Cz,True,60.5078125,15.666093318700144,8.671362820969767,9.380873580430782,55.35115005742384,0.45880358106779906,2.9725202198427834,4.731248174829173,18.97422771186085,0.40943562445496046,1.2642098908412633,1.0181918380931891,8.069720160113013,0.3975236032791242,2.3035777990065895,3.6240288431550343,14.704226204607618,0.18493870434126988
oddball_flex,1,50.14344879378623,O1,False,60.5078125,46.15781125295248,21.524567208949954,13.329344279233942,46.63255606075372,0.7140230426696792,6.141833626279914,7.882980478336531,13.306163051409966,0.6567387453039384,5.089524884972852,7.066772421667525,11.026356637842747,0.574494223723278,12.346151117896227,10.915315884634891,26.747696181340284,0.6250953610780412
oddball_flex,1,50.14344879378623,PO9,False,60.5078125,52.000129622100516,23.108135386057956,13.637649033234887,44.43861112268611,2.1010631133241944,8.41222243443276,9.24910747700631,16.17731050973667,0.8646528818094892,6.644990838371036,8.22494386505591,12.778796681204533,0.2813222142070636,12.711400898147446,11.041934159205313,24.44494079250331,0.3160074614667866
oddball_flex,1,50.14344879378623,P3,True,60.5078125,10.103446494160588,4.14721337342318,6.177563803161238,41.047511617150775,0.6943512305876062,2.153767699659425,3.3319885950209045,21.317158465719807,0.4463786222175439,1.1730428150800456,0.6931386378958104,11.610323425358073,0.5198460070020492,2.218490191523934,3.4605751293697846,21.957756621031628,0.40336276812393523
oddball_flex,1,50.14344879378623,P7,False,60.5078125,20.278480920858765,7.123048888766404,8.52665925117925,35.126146364541164,0.7473328334334639,3.2256930752785467,5.08623041895401,15.90697591139851,0.9639859013750596,2.862977428143491,4.568179240357897,14.11830323640558,0.39385069379571236,6.4785200372074945,8.11475806320775,31.947758130854798,0.13330624413065156
oddball_flex,1,50.14344879378623,CP1,False,60.5078125,11.507680996457744,3.41652969316519,5.335851995418771,29.68912410951307,1.4790267083363067,1.5564728182725291,1.9214154070929745,13.525512383873323,0.4963788439065053,1.099169143330676,0.4106452805852912,9.551612906796937,0.9756806846802515,5.095797855221493,7.072121916775487,44.28170937993558,0.17305102128848157
oddball_flex,1,50.14344879378623,CP5,False,60.5078125,8.81351931027054,2.86621217082355,4.573083358196335,32.52063188292452,0.5187852559175994,1.4714238130037371,1.677377802319904,16.695076747481142,0.33511837354512264,1.189713408058608,0.7544235610780637,13.498732642160496,0.7750772595302501,2.961095372323335,4.714523955712348,33.59719617193919,0.2707667007184529
oddball_flex,1,50.14344879378623,C4,True,60.5078125,9.031522952303423,3.297142784213685,5.181377548633208,36.507052040129885,0.49212621908841864,1.9147031611613041,2.82101454303541,21.20022471595417,0.2951594508345056,1.1682426266922483,0.6753304867604265,12.935167555481843,0.4521750311414639,2.2751656889304965,3.5701302963840624,25.19138467505342,0.23836131098281302
oddball_flex,1,50.14344879378623,T8,False,60.5078125,18.58680949202411,6.445519625012819,8.092579350608627,34.67792375974313,0.5335930652137949,3.5804998789748925,5.539436633827717,19.26366050349492,0.39253242198644234,2.8930603182388714,4.613574884717698,15.565126007668658,0.4469984048184161,4.907977808838653,6.909025904199407,26.4057035229459,0.28134651476062017
oddball_flex,1,50.14344879378623,FC2,False,60.5078125,10.667540093785787,4.573576623382532,6.602559594314398,42.87377017731389,0.8242758867009979,2.335396945063139,3.6836070777114314,21.89255371464307,0.480948648792563,1.0550437576909202,0.23270472268417192,9.890225379190465,0.4465133509295039,2.3193314956383415,3.6536282558392674,21.74195245808762,0.3135708176979666
oddball_flex,1,50.14344879378623,FC6,False,60.5078125,33.64156640094661,23.431352847764437,13.69797364028354,69.65000549767838,1.0308795772801445,4.201646712094023,6.234195327347618,12.489450289020422,0.465640124174662,1.7193295222200131,2.35359120414176,5.110729689957702,0.5716521065937756,3.551434249701155,5.504037786712303,10.556685165531485,0.2755950677126473
oddball_flex,1,50.14344879378623,FT10,False,60.5078125,59.8794400133501,39.55167920532278,15.971649266231902,66.0521861869529,1.2029470034320202,7.542527962764698,8.775169289301413,12.596189879336036,0.7133071076851624,4.474134185209589,6.507090050226099,7.4719038524944175,0.4871405083608676,6.188326044783031,7.9157318733499435,10.334642480629988,0.32571458893194216
oddball_flex,1,50.14344879378623,F4,True,60.5078125,22.61452994485091,12.114047207844521,10.832892617547579,53.56753926518274,0.4745017942359311,3.617467119613313,5.58404592359037,15.996207431395106,0.30943891799239087,1.8382347414026208,2.6440096971944973,8.128556047308724,0.6858503499528403,4.436414434784761,6.470321096892491,19.617539898479674,0.2202438286966756
oddball_flex,1,50.14344879378623,F8,False,60.5078125,15.746611719023626,8.109753549934592,9.090076564886196,51.50157821023251,1.398056704293367,2.8962447176936346,4.618352547121974,18.392812176823124,0.917764835099555,1.5461257179536838,1.8924480419663379,9.818783529702426,0.6638472029495727,2.5773226749251275,4.111687946342245,16.36747460922936,0.38735108138908403
oddball_flex,1,50.14344879378623,Fp2,False,60.5078125,8.532642959777059,4.474109303700385,6.507065898218697,52.435210576504474,1.8042626970119708,1.2926468578482282,1.1147989484525986,15.14943100211476,1.4249314343446415,0.7507911560557025,-1.2448085179233805,8.799045730554266,0.4862600863103016,1.739113647534865,2.4032796318992657,20.38188701593468,0.20806334080020564
oddball_flex,1,50.14344879378623,Oz,False,60.5078125,33.4203419134838,16.221473142973796,12.100902918488227,48.53772347681777,1.2264138626194123,6.719481842577345,8.273357847226286,20.105963786882434,0.592929787007056,3.205490737338605,5.058945262740187,9.591436094929103,0.8361172246959186,6.113891769214617,7.863177463873051,18.29392345847874,0.3954269917073908
oddball_flex,1,50.14344879378623,Fz,True,60.5078125,17.256303975767505,8.988123892744015,9.536690501249552,52.08603131566157,0.9738048512586679,3.5511903753438654,5.503739549670979,20.57909028683484,0.5200482449690269,1.5217515890918594,1.8234376393808394,8.818525631147946,0.8221763707785109,2.626146291385728,4.193189151167308,15.218474912551052,0.5726667627355347
oddball_flex,1,50.14344879378623,O2,False,60.5078125,33.3918118811982,16.89495931017781,12.277571501572881,50.596114311756736,1.8766994340187475,5.53722096503467,7.4329185455410185,16.582571154674277,0.5789750202235833,3.04678862228468,4.838423251252967,9.124358489813558,0.4946752330098616,6.693563845900859,8.256574102192957,20.045524542709163,0.29613791969188163
oddball_flex,1,50.14344879378623,PO10,False,60.5078125,24.642686463736627,11.736270516132896,10.695301112569881,47.62577543403641,0.9101101750589439,3.6187324178492988,5.585564709921803,14.684812969456503,0.5566762401509179,2.6015697676209504,4.152354770844519,10.557167829284097,0.27697633283368445,5.928218906866215,7.729242321319898,24.056707111012383,0.2537892238849209
oddball_flex,1,50.14344879378623,P4,True,60.5078125,10.376435991648778,3.903773793233482,5.9148464424139755,37.6215282046296,0.5211240597122789,2.1218909285712044,3.2672305612654036,20.44913041702331,0.7923509059452055,1.346356738353443,1.2916014827656805,12.975136544349382,0.49691954696996543,2.5440058669115726,4.055181085347032,24.517145086801033,0.3045700310041564
oddball_flex,1,50.14344879378623,P8,False,60.5078125,20.556937382306224,8.068828336230622,9.068104759795174,39.251120856045546,0.7775406096181985,3.0052636947182036,4.778825848700685,14.619218995651053,0.5749719811583225,2.501193786590049,3.9814734114528245,12.16715184793469,0.5418242868888169,6.3429391965268715,8.022905482665436,30.855467809063665,0.18219888541693063
oddball_flex,1,50.14344879378623,CP2,False,60.5078125,18.666889061293563,3.504146186997269,5.445822158984152,18.771988066630968,0.4609722011423531,1.9464186404324,2.8923625508745965,10.427118487934694,0.5677145793959906,1.413357528911381,1.5025203671935858,7.5714679841432515,0.38183463033404835,11.431290759054704,10.580952713301466,61.238328044483204,0.22307260563195813
oddball_flex,1,50.14344879378623,CP6,False,60.5078125,19.797750244509462,8.087913969538638,9.078365230535981,40.85269219810302,0.8110428761599328,3.2431202250389695,5.10963048612291,16.381256380069694,0.8522529522148735,1.8776436963512024,2.736131835693327,9.484126596010231,0.7037944210294633,6.030214143872846,7.803327350010077,30.459087873104234,0.14214683504452166
oddball_flex,2,51.143556367942075,C3,True,59.6953125,13.39225172825167,5.193269543095836,7.1544086410116625,38.77816552791011,0.4718590212166502,1.7662973398216788,2.470638148553767,13.18894966778126,0.6976180833482736,1.2463953032669337,0.9565580380000975,9.306838973446089,0.4900843787130094,4.797901189938176,6.8105129967464535,35.82594837145084,0.8324217529992517
oddball_flex,2,51.143556367942075,T7,False,59.6953125,65.44696920306706,51.051317606669414,17.08006955471339,78.0040974063578,0.7499027880971388,3.8699673221597575,5.877072978701737,5.913134510709166,0.8623226124049209,2.6267170207371726,4.1941328825924,4.013504449055643,0.39131991159655394,7.063062814005582,8.48993068583704,10.792039570374152,0.7570030428231076
oddball_flex,2,51.143556367942075,FC1,False,59.6953125,86.08377183361804,72.79569981349897,18.62105725433541,84.56378973983372,0.7376357904984437,5.85418299641939,7.674662939592335,6.800565160799765,0.6815574751317811,2.043328107779895,3.103381091469133,2.3736507639665483,0.7422043153568244,4.321973208104499,6.356820703657232,5.020659662146276,0.5866356727726575
oddball_flex,2,51.143556367942075,FC5,False,59.6953125,39.756634746217635,24.12619700447786,13.824888697689193,60.684706234531525,2.176196987800746,3.963160357099865,5.980416450807598,9.968550865530467,0.8679405730908042,2.6875400830124865,4.293549502078763,6.759978806476254,0.8183749365630505,8.186152334358912,9.130798220776255,20.590657098153223,0.8337744212140442
oddball_flex,2,51.143556367942075,FT9,False,59.6953125,56.92218988487841,34.39472042205652,15.364917836314817,60.424099093196716,0.7667052850106364,7.190924140849158,8.567847072786416,12.632901431572389,0.7014875811139076,4.09069280343487,6.117968667429542,7.186464209665937,0.4579298613743533,9.988618074921508,9.99505407750476,17.547845743677232,0.35449539049361367
oddball_flex,2,51.143556367942075,F3,True,59.6953125,31.211938818403556,16.530349600576905,12.182820385681739,52.961623745174336,2.6337094897043136,4.165642049729512,6.196819486395296,13.346309801406237,0.8845086451900003,2.25776140830345,3.5367804541353633,7.233646783173245,1.035884713766844,7.563949072601074,8.787485961165784,24.234153208518812,0.5759440611197295
oddball_flex,2,51.143556367942075,F7,False,59.6953125,51.19193331318686,33.18957762666038,15.210017255758864,64.833608497671,1.6225525316211662,6.743569827983262,8.288898588747415,13.173110276431274,0.777921971485123,2.8708657318593853,4.58012881358873,5.608043193633128,0.8196440112963711,7.265094174445073,8.612412482523128,14.1918730242087,0.2870285759102361
oddball_flex,2,51.143556367942075,Fp1,False,59.6953125,34.725310365362304,18.948701391060425,12.77579451875505,54.56740686171466,1.0481446947134536,4.02926049388336,6.052253456705921,11.603238247518888,0.6581188396923151,2.565855091790181,4.092321256893546,7.389005497124547,0.4277195929838309,8.589400754298815,9.339628660222376,24.73527425363646,0.3342693544851834
oddball_flex,2,51.143556367942075,Pz,True,59.6953125,13.65574233059852,5.301364285526055,7.243876479838384,38.82150202590781,0.4896273448032663,2.2446682649036322,3.5115216655660446,16.437541149806172,0.8813633385654887,1.6629292179076494,2.208737639962231,12.177508755283936,0.5166666341875262,4.081062194414082,6.107732133679836,29.885319271656268,0.2423769522528209
oddball_flex,2,51.143556367942075,Cz,True,59.6953125,11.57062274640935,4.976537732529548,6.9692730127535985,43.010111396760294,0.6190039467061249,2.3747098720819473,3.756105576869628,20.5236133277172,0.4552049922726493,1.1685080571203241,0.676317112946411,10.098921058358254,0.3657018185783097,2.656456504102311,4.2430270931671386,22.958630337564802,0.32256500099123203
oddball_flex,2,51.143556367942075,O1,False,59.6953125,30.66421468794855,11.208930818927247,10.495641887247489,36.55378405412908,0.8176714234453244,5.333002718897612,7.269718050970767,17.3916168183937,0.5063518248890341,4.212184895413289,6.2450742644870925,13.736483840457634,0.4514924701666895,8.784180078067093,9.437012303516012,28.64635591505754,0.4959193962503812
oddball_flex,2,51.143556367942075,PO9,False,59.6953125,112.654441348382,78.12467962091874,18.92788249370981,69.34895658424995,1.9654411213243395,9.315984194989245,9.692287430620011,8.269522340605922,0.6320736763533789,8.023933849392085,9.043873396331975,7.122607642763238,0.2946645648480101,14.863931682841049,11.721337005628243,13.194270465444488,0.5234503327771823
oddball_flex,2,51.143556367942075,P3,True,59.6953125,11.25360189367283,4.9453154633641825,6.941940006103364,43.94429010452745,0.8818542886850023,2.046591612004045,3.110311898302167,18.186102825929098,0.31997341418936853,1.5590740998439143,1.9286675687489367,13.854000830796053,0.4467616901060207,2.362722293878307,3.7341267917626144,20.995253930270202,0.53933193961799
oddball_flex,2,51.143556367942075,P7,False,59.6953125,21.47481208406831,7.284255982624522,8.623851993260503,33.91999871341622,0.4520433113897939,3.1320959023880444,4.958350513553435,14.584974667655775,0.3695331922592523,3.071135692590686,4.87299005385264,14.301106247486533,0.20101126949546058,7.307717407797793,8.637817446729755,34.02924961201047,0.32946351937878154
oddball_flex,2,51.143556367942075,CP1,False,59.6953125,22.549372228839232,13.029272761856975,11.149201759331008,57.78108866903777,1.2277848116144399,1.8792570507759023,2.739861883486625,8.333966159698452,0.504572086775091,1.316511326243571,1.1942459979144073,5.83835023380312,0.7130946401673325,6.0036208510292175,7.784132572712309,26.624336988641144,0.34879228485805713
oddball_flex,2,51.143556367942075,CP5,False,59.6953125,10.681307002985422,3.78595407649553,5.781753416812533,35.44467053926413,0.73673136507724,1.6065671673277353,2.0589888724204255,15.040923052569319,0.9944488918529492,1.3810589272761125,1.4021220953074123,12.929681048303424,0.3727949331579932,3.4912389143449993,5.429795697054271,32.685502938631004,0.5467108264197024
oddball_flex,2,51.143556367942075,C4,True,59.6953125,13.199967898994434,5.29233667424603,7.236474642222589,40.09355715667458,1.24493310125372,2.1468775608678885,3.318072767810439,16.264263498939542,0.47327422264945906,1.3432821260653345,1.281672359937991,10.176404490859898,0.5503449359343698,4.0631255607864105,6.088602433242237,30.781329105322573,0.7872265409001956
oddball_flex,2,51.143556367942075,T8,False,59.6953125,63.60644314020704,47.691444793566376,16.78440479413713,74.97895250712354,1.331950463667476,4.070656802487719,6.096644885084172,6.399755435962379,0.7240453557132548,3.7026867873449043,5.68516976353819,5.82124483707273,0.32385643879674336,7.377769475324343,8.679250812027036,11.59909139874651,0.5563144549849791
oddball_flex,2,51.143556367942075,FC2,False,59.6953125,12.310506358080032,5.1383379755452605,7.108226667047419,41.73945267631253,0.1766290534360206,2.200005538811474,3.424237742186751,17.870958958300648,0.5366066787399723,1.0910693320653084,0.37852348733781227,8.862911892727974,0.5917801903859932,3.5417859594868353,5.492223119578011,28.77043280321427,0.4526733020617484
oddball_flex,2,51.143556367942075,FC6,False,59.6953125,44.12216590941431,30.99745098028588,14.91325981875822,70.2536929939606,3.061575015866217,4.1441832945545345,6.174389557268385,9.392520084038516,1.0363823085948853,2.28751988771968,3.5936487851525922,5.184514043159413,0.29485068324078595,5.881262494266472,7.694705633958117,13.329496349615038,0.2721400676416646
oddball_flex,2,51.143556367942075,FT10,False,59.6953125,199.66386236475012,151.70648028341648,21.810041324757172,75.98094040987543,2.0172294799141977,22.864859493514363,13.59168536948764,11.451676443954769,1.7252782451460942,9.528567505217044,9.79027615083093,4.772304508369199,0.6720617132381723,11.90413252399195,10.75697753057151,5.962086670568975,0.8029816547596657
oddball_flex,2,51.143556367942075,F4,True,59.6953125,29.381149496692288,14.510422907389499,11.616800701682049,49.38684549773341,1.9923620781669145,3.751475498099309,5.7420211430077375,12.76830744325251,0.758740217445173,2.14731960668029,3.3189668956311333,7.308494199391463,1.168507388931542,8.311141053241041,9.196606530388454,28.287324340991848,0.3319133138574839
oddball_flex,2,51.143556367942075,F8,False,59.6953125,24.418405567615615,14.041807366184448,11.47423010831047,57.50501328721926,1.094292445801791,3.7387008670382738,5.727207187001926,15.310995047099413,0.8565405720524755,1.9072925166971741,2.804173048158897,7.810880654823261,0.47724492408692176,4.138406529355021,6.1683315060801895,16.94789824788353,0.4428603528235621
oddball_flex,2,51.143556367942075,Fp2,False,59.6953125,11.322478097502193,5.990569646185357,7.774681216267316,52.908644155442545,0.7969725380366632,1.6192328205889626,2.0930929806003955,14.301046172446782,0.5205180012778855,0.9978520869300435,-0.009338300461778706,8.813018478262064,0.32748669172093847,2.4782884450394502,3.941518519991506,21.88821584548859,0.5195017188995181
oddball_flex,2,51.143556367942075,Oz,False,59.6953125,35.29640112072994,19.235917547409557,12.841129068514581,54.498240434241055,1.0872176516448082,5.883711181599292,7.696513460207806,16.669436528314293,0.5476400246049103,3.2605134468754806,5.132859956466152,9.237523779614312,0.44282135233137276,5.891061571166799,7.701935618428082,16.690261284760044,0.31418604204492767
oddball_flex,2,51.143556367942075,Fz,True,59.6953125,19.830205585770276,10.986843040546342,10.408729201732436,55.4045846525679,1.5626122715022395,3.471948401084553,5.4057326221563855,17.508383289661644,0.5192666900726349,1.554742530297047,1.9165847893880619,7.840274391369379,0.7029202694731597,3.3191417802349306,5.210258040984356,16.737808218270185,0.46038191522938626
oddball_flex,2,51.143556367942075,O2,False,59.6953125,74.03962050459039,50.72507871649471,17.052227296553642,68.51072219278839,2.5721232652995676,8.249645072466214,9.164352641395944,11.142203344970877,1.8171132618673487,4.988140283474637,6.979386588165751,6.737122974806951,0.38316970536281386,8.506744286253232,9.297633780572452,11.489448795494328,0.5571198798035045
oddball_flex,2,51.143556367942075,PO10,False,59.6953125,46.461415240254695,31.068875178325047,14.92325530284605,66.87027293005622,0.8572863094260804,4.149634543513605,6.180098502725206,8.931356313740341,1.1796518963424636,3.1247082728905946,4.948094772359708,6.725383324490969,0.5199677737975889,7.1798817874956855,8.561172938995501,15.453428937470152,0.37893843760024015
oddball_flex,2,51.143556367942075,P4,True,59.6953125,12.062092219441585,5.387117810203301,7.313564731813268,44.66155383491752,1.1573640987721634,2.1132912436675064,3.2495935356034606,17.520105179276612,0.67563397060496,1.4911019370182077,1.7350733437936896,12.3618847368358,0.42827104078559985,2.655329867349804,4.241184804724629,22.013841537954455,0.36333172496902433
oddball_flex,2,51.143556367942075,P8,False,59.6953125,24.196029808568042,9.791363733193513,9.90843184198842,40.46681960081856,0.4464544280653664,2.8211629414864445,4.504281703612602,11.659610951906846,0.7183963445493227,2.7236350235985105,4.35148910194869,11.256536899429863,0.33785067457552437,8.324433042580615,9.203546644169792,34.40412790214391,0.3176011702084988
oddball_flex,2,51.143556367942075,CP2,False,59.6953125,22.655870171645407,6.293423995771814,7.9888699169044965,27.77833712892762,1.2468624393240308,2.0122738670500295,3.036870871465843,8.88190942040469,1.1130960362059117,1.3307277949018792,1.2408922808015466,5.873655634588383,0.35173220471120614,12.678002774061955,11.030508424635377,55.95901935353119,0.24651369328151582
oddball_flex,2,51.143556367942075,CP6,False,59.6953125,17.58736684721656,6.231638567374698,7.946022564830723,35.43247048583022,0.6604686828332339,2.2212126092665656,3.4659013018831346,12.629591618589014,0.5953808207533151,1.8759068501922953,2.7321126930324797,10.666217782846687,0.24386927035534015,6.77421146613195,8.308587496072192,38.51748544839196,0.226016285438719
oddball_flex,3,52.14366920465278,C3,True,59.6796875,11.495258975727456,3.7979309949581395,5.795470697266563,33.03910771368937,0.4486570759121881,1.9216904834466837,2.836834394429067,16.71724393077515,0.39304802795149785,1.1772532748830564,0.70869907236792,10.241207069530647,0.648298381973957,4.288405111334605,6.322958049745441,37.305859053629725,0.3072785745655539
oddball_flex,3,52.14366920465278,T7,False,59.6796875,84.33487051561542,69.40095347915569,18.413654371391686,82.2921207501059,0.49145159370249675,3.4653250164129794,5.397439737862218,4.109006150393438,0.8489282814328996,2.3842480627747307,3.7735143843802943,2.8271200847261206,0.46825009493037134,8.328388965637336,9.205610000861933,9.875380035231398,0.6771515550374615
oddball_flex,3,52.14366920465278,FC1,False,59.6796875,19.087828399955463,10.197223644746671,10.084819443212844,53.42264940295913,0.5082868724718577,3.2157959294088987,5.072884811387121,16.847363995667532,0.44349541858236036,1.340515833956391,1.2727194816542915,7.022882885721661,0.713251962145835,3.8551333755069908,5.860394078719815,20.196814926919533,0.6088292002415688
oddball_flex,3,52.14366920465278,FC5,False,59.6796875,24.57964781183825,9.95314794253627,9.979604594245352,40.49345222002145,1.9217657362657927,3.903683597902682,5.914746099030722,15.88177189431721,0.7653894653545859,2.188198632948324,3.400867423770772,8.90248163724472,0.704684678780315,7.959210103296983,9.00869969144529,32.38130246709069,0.5218031860870752
oddball_flex,3,52.14366920465278,FT9,False,59.6796875,32.330960057030815,12.886802859552374,11.101451847948729,39.85901698192832,0.7146858695382663,5.5171455482651455,7.4171444126689545,17.06458929315143,0.3263121559219967,3.4968879522970604,5.436817168163365,10.815911269348815,0.46974412803595345,9.43345491775604,9.746707783067745,29.177775423667335,0.3036423436512127
oddball_flex,3,52.14366920465278,F3,True,59.6796875,22.093934986618837,8.384131136912078,9.234580625299056,37.94765912903209,1.5834326113737027,3.59201865059578,5.553385829590204,16.257939804617337,0.9428909429445661,1.7891053461175797,2.526359134519822,8.097721601883725,0.7439858547539543,7.860100361662079,8.95428091362279,35.57582823712725,0.4487368968864898
oddball_flex,3,52.14366920465278,F7,False,59.6796875,30.59447618591513,15.091209322229632,11.787240430179546,49.32658180033563,1.4899700461931737,4.464587319772357,6.497813214488335,14.59278888333356,1.2695212419918431,2.499683522847728,3.9788502747955383,8.170375291466877,0.695753829067868,7.755168667894184,8.895912477639545,25.34826424472158,0.469373844415714
oddball_flex,3,52.14366920465278,Fp1,False,59.6796875,28.72327365177797,11.513221180145386,10.611968479604265,40.083248586926715,0.810468477553505,3.802219417338605,5.800371753883943,13.237416679707914,0.3537729079520706,1.991456954890759,2.9917092362234814,6.933252034687515,0.5540480989574208,10.833359786701957,10.347631667396422,37.7163129733695,0.560700095563014
oddball_flex,3,52.14366920465278,Pz,True,59.6796875,10.914683023624084,3.011208720449446,4.78740859464216,27.588604395857313,0.5298924380455478,2.193817099453753,3.412004172181505,20.099686767864775,0.8616821548577503,1.5295529989411152,1.845645298652525,14.013718910851578,0.3962057445915212,3.8858613166963543,5.894872969152659,35.60214536955103,0.340370602474494
oddball_flex,3,52.14366920465278,Cz,True,59.6796875,11.079604115797546,3.905248817728825,5.916487095895292,35.24718732649152,0.4533182276732159,2.764686498957607,4.416458917014978,24.952935773360853,0.3876304932761451,1.2851565534109435,1.0895603517015768,11.599300299715031,0.6256870111210118,2.6995879576886055,4.312974821745474,24.36538281940483,0.3568463573966404
oddball_flex,3,52.14366920465278,O1,False,59.6796875,24.924391619007995,5.8774247358937135,7.691870764196342,23.581015840769552,0.621670617957361,5.802182498142789,7.635913847027524,23.279133897566805,0.4907245189304896,4.33259995643961,6.367485910118963,17.382971759822034,0.3655585832975244,8.212129197534484,9.144557733014434,32.948163080826006,0.33630504264119254
oddball_flex,3,52.14366920465278,PO9,False,59.6796875,36.81516155033349,8.271560299778448,9.175874401048796,22.467809324888105,0.40813743017177384,7.76831674142605,8.903269249649721,21.100862835560967,0.25210163256792933,6.3737241814501555,8.043932657480049,17.31276982918039,0.5373174597520767,13.315744195692034,11.243654434787354,36.1691858325457,0.28493533214741046
oddball_flex,3,52.14366920465278,P3,True,59.6796875,9.207891460948925,3.4392216815029086,5.364601699920023,37.350806056835054,0.5533682521784735,2.1514231491851956,3.327258372970773,23.36499249920002,0.597978026793731,1.360942593976791,1.3383980658106356,14.780176327540442,0.5158753755975396,1.96223330949931,2.927506437188101,21.310343609296744,0.19392321178495028
oddball_flex,3,52.14366920465278,P7,False,59.6796875,17.451085554893943,3.602352688713935,5.5658623021142875,20.642570786684956,0.45249022282878193,3.606966160940161,5.571420679668529,20.669007378332584,0.4921332910301759,2.9344530045251265,4.675271586480779,16.81530352535688,0.3845469170694709,6.811099514891922,8.332172256728157,39.02966089683648,0.31151443130685846
oddball_flex,3,52.14366920465278,CP1,False,59.6796875,13.214100275920991,3.967032266958341,5.9846573294326175,30.021206015722086,0.3958148341476242,1.9055702487308508,2.8002496364285556,14.42073398067987,0.9876624870896913,1.068037975167923,0.2858669474560199,8.08256296582011,0.48745488350906524,5.971594179278134,7.760902860441615,45.19107661200133,0.3699071044290563
oddball_flex,3,52.14366920465278,CP5,False,59.6796875,9.336094078996464,2.9357069305192987,4.677126981067273,31.444701667304297,0.6939762097837999,1.4334768839912357,1.5639069397870533,15.354139234909253,0.38085898700261,1.3346895273263164,1.2538025277891138,14.296016257258861,0.42756501464019847,3.3080165356859395,5.195676717811165,35.432553567856914,0.26186154300283265
oddball_flex,3,52.14366920465278,C4,True,59.6796875,16.02122986093638,5.084464887531473,7.062452525151876,31.735796388070202,1.4800075398130845,2.933059076136662,4.6732081040018505,18.307327849331763,0.566826065542929,1.972558429732226,2.950298764363124,12.312153604023864,0.5294374676240953,5.645071769511917,7.5166946776760435,35.23494649606122,0.37084181698841057
oddball_flex,3,52.14366920465278,T8,False,59.6796875,38.78251126030462,22.28832286448249,13.480773902342113,57.470035178705515,0.6590703126301408,4.439827476335098,6.473660945444866,11.448014406636506,0.6185546509604365,2.7376338848337696,4.373753676738124,7.058939186426132,0.5606875417692816,8.555591228595599,9.322500265532778,22.060436394052115,0.3235677320473868
oddball_flex,3,52.14366920465278,FC2,False,59.6796875,12.150925847411148,3.8537207968109333,5.858802466980625,31.715449877689768,0.47426272418604065,2.431252816735432,3.8583012182328282,20.008786550643215,0.7399851645786928,1.403717077623189,1.4727958357102837,11.552346670951517,0.6909481091981652,4.0848473078956795,6.1117582718967745,33.61758074398906,0.3268426992591439
oddball_flex,3,52.14366920465278,FC6,False,59.6796875,34.239323384404415,19.726739418368254,12.95055307774652,57.61427933869025,3.0470052477894574,4.0646883449284115,6.090272522015217,11.871403822132264,1.0319811721914762,2.035551365211197,3.086820658636995,5.945068897413917,0.7652156736791509,7.738944599841454,8.886817377219458,22.602504474041233,0.1653578330630772
oddball_flex,3,52.14366920465278,FT10,False,59.6796875,39.62083179599456,20.126216078410597,13.037621310367896,50.79705590745635,0.4949280798054929,6.86152448375918,8.364206173582803,17.31797181616172,0.4472674614563145,4.233034440882194,6.266518020020612,10.683860608171607,0.3915565228657909,7.194564197503286,8.570044921778761,18.158539009346633,0.17186064612355892
oddball_flex,3,52.14366920465278,F4,True,59.6796875,26.75198466147393,10.50908328748646,10.215648339587982,39.28337811370235,0.9102420019291262,4.12965766869305,6.159140519567429,15.436827289454353,0.5750573902668524,2.6162347851301218,4.176767156885509,9.779591377000951,0.6286292311854736,8.907220272561574,9.497421924049782,33.29554941540109,0.4341950256217741
oddball_flex,3,52.14366920465278,F8,False,59.6796875,15.770798321902305,6.124536919366075,7.870732569603315,38.83466641546222,1.1755480891816315,2.8863436036604697,4.603480302540536,18.301823057694858,0.6907101779132383,1.9614027234640345,2.925667739947971,12.436927309761236,0.6767742726698618,4.3252547425742005,6.360116909999677,27.425718434096876,0.3403878496287016
oddball_flex,3,52.14366920465278,Fp2,False,59.6796875,8.550216299270085,3.397342034342273,5.311392725543827,39.73398935688092,0.907691752692568,1.4461452836792024,1.6021192555234975,16.913552044322632,0.5993627148019277,0.9158632901098881,-0.3816934814644981,10.71158036303799,0.3105153756931641,2.54389007186955,4.054983403836262,29.752347576127598,0.09899586279939582
oddball_flex,3,52.14366920465278,Oz,False,59.6796875,24.670491841995208,7.614865597886329,8.816622424571651,30.86629016825666,0.7247232161923748,6.006299022029014,7.786069496386036,24.346085438818953,0.7747236982180291,3.229694365000612,5.091614257756594,13.091325400748122,0.45958638819858233,7.015871572627577,8.460816305561517,28.438312529646648,0.2954314154762077
oddball_flex,3,52.14366920465278,Fz,True,59.6796875,15.047993496699672,6.14861829350032,7.8877753286055174,40.860054165020976,0.7801814269646988,3.4637504668429284,5.395465973243319,23.01802208781256,0.5778530180660717,1.6314574038934888,2.1257573917476287,10.84169397236449,0.5215776964671485,3.392887428242483,5.305694505369121,22.54710854963229,0.3936218133685342
oddball_flex,3,52.14366920465278,O2,False,59.6796875,22.8140610321388,6.411958992056862,8.069907361430602,28.105294287694583,0.627414633687442,5.161928191967704,7.1281195874153935,22.626082154755142,0.45198506513087405,3.4923451222451587,5.431171552169288,15.307862626147076,0.39702345816712975,7.108146083656727,8.517563446642258,31.15686450405864,0.35920749447479
oddball_flex,3,52.14366920465278,PO10,False,59.6796875,21.416977089172523,7.771633842158261,8.905123307753763,36.28725851365483,0.8627757338101923,4.355001207253972,6.389882797348796,20.33434125236875,0.5510692477839553,2.709557570751967,4.3289838302668135,12.651447304959762,0.44741135368653107,5.9432713135359485,7.7402555648772084,27.750280951370133,0.16253893074814665
oddball_flex,3,52.14366920465278,P4,True,59.6796875,9.762801891247282,3.4399102345935058,5.365471096850886,35.23486672076706,0.6893918427216106,2.191442490260448,3.4073007800605684,22.446860180837618,0.4338256709928253,1.2892694572592762,1.1034369436734857,13.205936898250027,0.24051647409474913,2.51720998731465,4.009194461912261,25.783683980839793,0.25966686577009557
oddball_flex,3,52.14366920465278,P8,False,59.6796875,19.28685145730273,5.576093545190162,7.4633005092551965,28.911372898446015,1.477803638841762,3.2751148518910598,5.152265344554122,16.98107572996824,0.44196157962697735,2.4313155536995774,3.85841328377213,12.606078079058308,0.3194953422242269,7.429068398253429,8.709343568474562,38.51882415696474,0.37715361005852194
oddball_flex,3,52.14366920465278,CP2,False,59.6796875,20.792060008991967,2.826985029059812,4.513235085907122,13.596464361093716,0.5789928752820461,1.872983639663086,2.72533983870125,9.008167727743546,0.5234511458197715,1.5082202653494154,1.7846477193177666,7.253827974222629,0.4871792895675613,14.302281559944996,11.55405323468996,68.78722720961593,0.30509848177683296
oddball_flex,3,52.14366920465278,CP6,False,59.6796875,17.066642468676147,4.379841527208382,6.414583970100311,25.663170335038515,0.31715402682586785,2.3279123196257476,3.6696661866693114,13.640130587480003,0.6816411544282333,1.75885224350514,2.452293570665142,10.305789476361916,0.5209482879939205,8.126716058005966,9.09915086060764,47.61754441696201,0.26873675927401436
oddball_flex,4,53.143779739845435,C3,True,60.015625,8.989241626963663,2.375371718543164,3.7573158140512413,26.424606403037625,0.4987156538196136,1.7906333257555915,2.5300666295432093,19.91973739346933,0.27121750071397144,1.1007435558313108,0.4168615161501157,12.24512146307846,0.3768381581266386,3.4330948758077837,5.356858056018151,38.19115135930989,0.39263716679575705
oddball_flex,4,53.143779739845435,T7,False,60.015625,68.63718109364655,54.04010234225122,17.327161628265454,78.73298623456067,0.6190017904417052,4.106292028123676,6.134498319543981,5.982605874389235,0.5024438599505834,2.1842447974042094,3.3930130995031615,3.182305512261773,0.48210733870945083,7.407609107718485,8.696780569838268,10.79241453347532,0.48909529610260455
oddball_flex,4,53.143779739845435,FC1,False,60.015625,17.368079477463716,9.154531910107018,9.616361428425481,52.708947595418685,1.37154387353819,2.879786449759082,4.593602838946983,16.580914737843088,0.4715131822816965,1.376743973736,1.3885318416989572,7.926863620830504,0.39816854345741265,3.5054675546239977,5.447459517893799,20.183391947121063,0.3996316028228417
oddball_flex,4,53.143779739845435,FC5,False,60.015625,20.078196546587417,6.718581642715345,8.272775989827428,33.46207726937142,0.5956613807854465,2.816832117599571,4.497609639283394,14.02930841454649,0.3303862580228263,1.4235742739807815,1.5338013108149897,7.0901501072452575,0.4063490258981817,8.67680170841445,9.383596726015789,43.21504517739766,0.26567951616642616
oddball_flex,4,53.143779739845435,FT9,False,60.015625,35.55495841358694,13.94684634332148,11.444760161737618,39.22616412902861,0.5162081193851074,6.536459754204981,8.153425915188592,18.384101812666287,0.6315194239847702,3.532750574117621,5.4811297564364025,9.936027861496862,0.3911523241226562,10.039262967038011,10.01701830229541,28.235901305966983,0.19512405838627067
oddball_flex,4,53.143779739845435,F3,True,60.015625,19.980618088123077,5.852138450912287,7.673145921894234,29.289076169224852,0.7842047843089411,2.9291457290662644,4.667409789724623,14.659935524253944,0.6035917686456961,1.5518519858957338,1.9085029632024177,7.766786688236582,0.4973674320307586,9.216335307979035,9.6455826683391,46.12637740900232,0.3523407779276521
oddball_flex,4,53.143779739845435,F7,False,60.015625,29.412244998603907,12.780863632594563,11.065602010991984,43.45422674536141,0.5315310985033365,4.4001672952195285,6.4346918876107075,14.960324502357397,0.8337051872532596,2.115784911901522,3.2547151576287203,7.193551230115045,0.5365581791387023,9.263876612450684,9.667927619610092,31.496666143269263,0.33257594349597264
oddball_flex,4,53.143779739845435,Fp1,False,60.015625,39.883196529465835,23.428946821950376,13.6975276662959,58.743904352403135,0.5448144559461456,3.1902910226729158,5.038303017957605,7.9990855806051515,0.5838994067804624,1.730363777913113,2.381374153439409,4.338578470345812,0.3088825532689899,10.927606202210539,10.385250359633257,27.399023030005097,0.29559234708603127
oddball_flex,4,53.143779739845435,Pz,True,60.015625,14.11594764868903,6.282488052986752,7.9813167139483845,44.50631448445628,0.6865453721842235,2.1231527661385927,3.2698124386175644,15.040809295830543,0.5288348437853091,1.4813624369607932,1.7066132801135037,10.494247172263844,0.4022335975713043,3.8546966187599274,5.85990202884186,27.307388173247578,0.12028422165235277
oddball_flex,4,53.143779739845435,Cz,True,60.015625,11.05171389166339,4.05856131779772,6.083721117864371,36.7233657836474,0.7222617669096894,2.683642786041234,4.287247073331665,24.282593743813614,0.9972767554386833,1.260098380396419,1.0040445336784891,11.401836789739423,0.6016642855598187,2.547300908680042,4.060802505232174,23.048921946862386,0.24286220889191903
oddball_flex,4,53.143779739845435,O1,False,60.015625,21.806488031410883,5.140031248413225,7.1096575926223675,23.571109850468957,0.498836326935056,5.8665472639001965,7.68382573920002,26.902760570385297,0.5053837421988852,4.142274266683543,6.17238850850005,18.99560470588779,0.2799582373999988,5.806840048526236,7.63939863402163,26.62895575005863,0.170571265019356
oddball_flex,4,53.143779739845435,PO9,False,60.015625,32.36094204901019,5.955598044023901,7.749253786111638,18.403660916311495,0.5412844527660208,6.980949262880939,8.439144815917084,21.5721447549592,0.4140512319904748,6.49337405111083,8.124704211469545,20.06546670142268,0.48622215624468695,11.910379256494844,10.75925590733872,36.804797704766266,0.26875556524453986
oddball_flex,4,53.143779739845435,P3,True,60.015625,8.772149179104655,3.0879489249738565,4.8967010844301875,35.20173747534277,0.7200876509051258,2.1995333236874535,3.4233054607371245,25.07405287779149,0.5537260525776052,1.374915190718107,1.3827591028331232,15.673641232563263,0.43475580013549303,1.7517541975411406,2.4347316682025606,19.969498486343987,0.3129433199434791
oddball_flex,4,53.143779739845435,P7,False,60.015625,18.62459991775144,5.01381100214536,7.001679590054492,26.92036889000019,0.41299039504506735,3.611328988892952,5.57667054074178,19.390102363761006,0.5282692356545122,3.211211301121278,5.066688835458686,17.24177332829907,0.44536558147928157,6.146899336600823,7.886561010472026,33.004195331691946,0.2926101748236711
oddball_flex,4,53.143779739845435,CP1,False,60.015625,12.18656124435393,2.7091431567314697,4.3283195465880215,22.230579261944168,0.5657653379005515,1.630158759384419,2.1222990192978197,13.376691969932669,0.7615600565051438,1.0253288801890577,0.10863190213190875,8.413602981432481,0.2813412897479905,6.465255425784908,8.1058568742486,53.05233606223643,0.28491506136881567
oddball_flex,4,53.143779739845435,CP5,False,60.015625,8.464271481760427,2.451886513056906,3.895003647477768,28.967484305535933,0.6008407059819484,1.547009764202654,1.894930548279715,18.276939338917586,0.32014763469833996,1.1462172396122046,0.5926693615117227,13.541829820583809,0.47563439404860053,3.0303055638966625,4.8148642322945285,35.80113859091875,0.37306693334381225
oddball_flex,4,53.143779739845435,C4,True,60.015625,14.7751121150317,3.621219213554615,5.588548159949917,24.50891191458716,0.7692029995851025,2.279998819964683,3.57934622227226,15.43134699901931,0.291329813674299,1.5830328938679696,1.9948993916868947,10.714185324234835,0.4310883042335449,6.796417317299451,8.322800378008905,45.99909133944916,0.1943068126250213
oddball_flex,4,53.143779739845435,T8,False,60.015625,26.435393273999765,8.146241427239037,9.109572769706972,30.815661952913644,0.6591494152460741,4.605737368083766,6.632991696586233,17.422617172159445,0.41053353188639896,3.7252925323696875,5.711603818375,14.092063975585553,0.44660360342039995,9.177542012949104,9.627263812937253,34.716873389493216,0.2312734009985918
oddball_flex,4,53.143779739845435,FC2,False,60.015625,12.553461016372651,3.6876299556454906,5.667473342134016,29.375404526576045,0.6963672217590225,2.386603840854603,3.7778033521558445,19.01152070924435,0.4163359981964339,1.2545044719077973,0.9847221377451808,9.993295635933627,0.4677824444207593,4.758712348141914,6.774894536135683,37.90757259639743,0.354412482822622
oddball_flex,4,53.143779739845435,FC6,False,60.015625,31.041156875572458,14.820829222027843,11.70872503000683,47.745737317190496,1.0471576418999682,3.8379334212738496,5.840974365213448,12.36401541559192,0.48205759605615023,2.164053046059805,3.3526790215019937,6.971560546967841,0.37539610233562254,9.357527681394693,9.711611205162683,30.145550692276256,0.23082333700532717
oddball_flex,4,53.143779739845435,FT10,False,60.015625,37.998385960565706,17.958774875092956,12.542767063215551,47.26194131964018,0.8145212654137058,6.541937116296711,8.15706365197615,17.216355250156834,0.3862974701497333,4.267075076476465,6.301302840621743,11.229621913164383,0.6863652851447628,7.962370844733071,9.010424008379557,20.95449752259564,0.3410953605643601
oddball_flex,4,53.143779739845435,F4,True,60.015625,27.912836346144896,9.873882878956714,9.944879714429122,35.373986206602105,0.5125983916635003,3.8670498277901713,5.8737976808933094,13.854019633960482,0.38423817295807505,2.0130532945011574,3.0385527275322644,7.211926690421,0.3825138917342865,11.47303579719053,10.596783486355763,41.10308123085132,0.25071921536663017
oddball_flex,4,53.143779739845435,F8,False,60.015625,16.40069226410298,6.017354197742908,7.794055759918798,36.68963541809387,0.8430000625332079,3.422253091439241,5.343121244777212,20.866516097797277,0.5256415349946686,1.9286733349021445,2.8525867613371148,11.759706869956513,0.6359074393596,4.39867308639843,6.433216859939089,26.820045249102243,0.29950399273034783
oddball_flex,4,53.143779739845435,Fp2,False,60.015625,9.1739504744221,3.7589361906678547,5.750649534669238,40.974018784471845,0.9274200637783783,1.5268111508889304,1.8378532310824167,16.64289724634806,0.31435165437306267,0.9870079400080402,-0.056793536243773535,10.758810424799197,0.3450838784866787,2.586463554570358,4.127063632165884,28.193563522952076,0.211213651574386
oddball_flex,4,53.143779739845435,Oz,False,60.015625,21.773234492760253,5.340669366334669,7.275956922134551,24.52859894615326,1.0791147986711453,5.344482439278628,7.279056544187803,24.546111608064958,0.6049290363807409,3.4542028044225446,5.383478324369889,15.864444970594931,0.3062888882697633,6.812645092732878,8.333157647969538,31.289081532641045,0.1658015279174717
oddball_flex,4,53.143779739845435,Fz,True,60.015625,14.893481723695807,6.4897296086419445,8.122266025136135,43.574294641370955,0.653282933495527,3.234102568673501,5.097537893188498,21.714885939182267,0.6691682795477754,1.585230640608361,2.0009245813510677,10.643788135088853,0.4381547963189697,3.053244497080416,4.847615830347486,20.500542141349307,0.17597115507966707
oddball_flex,4,53.143779739845435,O2,False,60.015625,19.813973960817798,4.691606204992116,6.713215519992836,23.67826976188514,0.6341028475604118,4.4857335972681875,6.518334777463053,22.639242416179314,0.36898650244620873,3.3996036396223954,5.314282855248441,17.157606274971005,0.5251256373965895,6.427428291868246,8.080372400998613,32.43886513921189,0.3469758896910486
oddball_flex,4,53.143779739845435,PO10,False,60.015625,20.77407085777388,8.245936179700937,9.162399692100674,39.69340547721883,0.8335674437948449,3.420015721772112,5.3402810250735735,16.462905827108536,0.30657525518746465,2.34948910374617,3.7097343523090727,11.309719312269344,0.32310883035305055,6.188684705262185,7.915983572682138,29.79042840294498,0.2736853891238228
oddball_flex,4,53.143779739845435,P4,True,60.015625,8.408784111464534,2.502681739246283,3.9840562480707447,29.762706546766104,0.5669900614721396,1.713240829093263,2.3381841573539757,20.374418065477872,0.5428147158708334,1.1797230494820332,0.7178006476478191,14.029650825184095,0.3650994710932556,2.655586597428375,4.241604681246086,31.581100932389845,0.323171802246789
oddball_flex,4,53.143779739845435,P8,False,60.015625,17.47986913895837,5.019928204821551,7.006975058954582,28.71833973649925,0.8029575721395907,2.7813685497662526,4.4425853957429045,15.911838513523305,0.47192135908863975,2.3788376266782483,3.7636479922756756,13.609012789325742,0.37200804851629155,6.848513611561094,8.355963232669874,39.17943296438888,0.20345084401698527
oddball_flex,4,53.143779739845435,CP2,False,60.015625,22.783762244131363,2.9635843895596254,4.718172985054429,13.007440815982815,0.660223530976364,1.9070263742766445,2.8035669940342793,8.370111809641342,0.37651534313911905,1.3613161904211293,1.3395900970472199,5.974940292276693,0.27097612027714396,16.108257372153492,12.07048559997543,70.70060334878474,0.43596780631123055
oddball_flex,4,53.143779739845435,CP6,False,60.015625,17.066064158681503,3.6346337691021446,5.604606572663281,21.297434108456738,0.48328813182742164,2.3713311404316437,3.7499220451404196,13.89500893927759,0.4132028533346042,1.7711659570068736,2.482592561847452,10.378291916275739,0.16868608948564556,8.82821449611255,9.458728765225116,51.72964553529842,0.2789279932324116
oddball_flex,5,55.310690240646366,C3,True,58.0703125,7.321146247498514,2.71241526298898,4.333561795234505,37.04905176447959,0.7151521664074049,1.5232900581117088,1.827826076323007,20.806715323193906,0.26719979550161693,0.9025254644858381,-0.4454053576062231,12.327652446421387,0.24309817644787268,1.945031230474548,2.8892657898505494,26.567304691381153,0.29477712850272497
oddball_flex,5,55.310690240646366,T7,False,58.0703125,21.047241244155195,8.957150434983202,9.521698682341626,42.557360991291894,0.5867389954838176,3.381422736910691,5.290994685566619,16.065871520571417,0.5390473949647954,2.0277904388915413,3.070230710086253,9.634471403489316,0.38188024070635174,6.127061681209934,7.872522524021798,29.110996591590904,0.18149696833778917
oddball_flex,5,55.310690240646366,FC1,False,58.0703125,31.157643166357538,22.940835362326563,13.60609228153017,73.62827554009903,1.084143081701125,3.429739093292866,5.352610837008008,11.007697453176196,0.6204176382127977,1.361527056724013,1.340262762078825,4.369801173517905,0.4271523989270214,2.735035919947321,4.369630344107559,8.778057779737576,0.17592383902115724
oddball_flex,5,55.310690240646366,FC5,False,58.0703125,14.434945727548898,5.606388605747888,7.486831975060907,38.839000239870465,0.5089071677501747,2.2187036617372224,3.460993001289828,15.370363724353023,0.7863533552837643,1.2352578271047254,0.9175761443971541,8.557412340991712,0.7029381633918145,5.024537738662882,7.010961125039596,34.808151228955566,0.35673164951317904
oddball_flex,5,55.310690240646366,FT9,False,58.0703125,41.13109306453022,23.110203511892333,13.63803769957806,56.18669913691555,0.9312042357439444,5.082508068637859,7.060780767664692,12.35685144730765,0.720327739311402,4.031065088525488,6.054198106460403,9.800529935348873,0.5480156608698522,7.899319982707828,8.97589706420954,19.205227467003255,0.23033392902075947
oddball_flex,5,55.310690240646366,F3,True,58.0703125,44.79763485765281,32.299747820231325,15.09199131597062,72.10145786237537,1.2424767247598227,3.8963854362549437,5.906619113890727,8.697748103523644,0.2868371026110609,1.6620871799739567,2.2065379970599794,3.7102119012651875,0.5352621760687444,6.045028772991627,7.813983723467911,13.494080194635435,0.13994347880766475
oddball_flex,5,55.310690240646366,F7,False,58.0703125,25.359890462799378,13.824578238364868,11.406518906787358,54.51355658907222,0.897306397553694,3.1887525596287905,5.036208202284974,12.573999735158148,1.253276167421214,2.0565461229074873,3.1313845403463665,8.109444029043624,0.39433877686362745,5.682823961333285,7.545642029731674,22.408708624627003,0.442326045505314
oddball_flex,5,55.310690240646366,Fp1,False,58.0703125,28.36042268967042,10.922650693940257,10.383280451504547,38.51370909897815,0.7784820593024802,2.752610287408158,4.397447286440572,9.705815451088915,1.039901945712947,1.9132545781562915,2.8177276120997607,6.746213196791128,0.5389518604853426,12.209064756448651,10.866823972233403,43.04965722847107,0.31308532148127843
oddball_flex,5,55.310690240646366,Pz,True,58.0703125,17.37966393191221,8.640691084712088,9.365484788532289,49.717250681966384,1.157177485748046,2.277692119290742,3.5749501915936444,13.10550151150211,0.8876929043641777,1.9614652661289902,2.9258062199291897,11.285979256062511,0.4887135429004263,3.930106101478302,5.9440427522645445,22.613245669623772,0.26175767612706435
oddball_flex,5,55.310690240646366,Cz,True,58.0703125,15.445835437472507,8.640496195860807,9.365386833280343,55.94062056946725,0.45954880128812237,2.6779320918627567,4.277995597920413,17.337567156554936,0.4008815853202845,1.167978691072023,0.674349194593818,7.561770911001925,0.6206862064630555,2.3768956018889944,3.760101070461363,15.388585560885272,0.20728814428658293
oddball_flex,5,55.310690240646366,O1,False,58.0703125,86.62246426854927,29.015311388239137,14.6262723571283,33.49628948246623,0.5339789789959037,8.516106336711466,9.30241075636023,9.831290772691027,0.38568804791144856,12.001281018914497,10.792276051936947,13.854698224363379,0.23408767659720398,34.993324134374305,15.439851995462085,40.39751631388258,0.20515148252936521
oddball_flex,5,55.310690240646366,PO9,False,58.0703125,125.79198766597413,92.99548918975573,19.684618833119025,73.92799089612475,1.576769727196014,9.038065835672954,9.560755005231028,7.18492966314554,0.8650201043639885,7.0165390546432915,8.461229468722307,5.577890281275217,1.01084187380014,14.939462799960557,11.743349812004398,11.876323029118952,0.6497760214194914
oddball_flex,5,55.310690240646366,P3,True,58.0703125,12.79662376883793,4.284376097976745,6.318875877682629,33.48051935706641,0.5674983040789535,2.539517690045894,4.047512424304395,19.845216487727598,0.1363515218096315,1.682196936829227,2.2587683781834667,13.145630966549767,0.4418084614102847,3.7316936113951287,5.719059790340576,29.161548224012574,0.3430769276420472
oddball_flex,5,55.310690240646366,P7,False,58.0703125,23.72007766686377,9.166081550859735,9.621837168549629,38.64271306187363,0.8112705328214608,4.000529981198533,6.021175294937872,16.865585506860093,0.8985585073125268,2.9128763805614293,4.643220540134461,12.280214346138628,0.6771239176652065,6.867643593624931,8.368077487284912,28.9528714453529,1.0236357202959154
oddball_flex,5,55.310690240646366,CP1,False,58.0703125,21.667682746480956,12.235716669094293,10.876294118829616,56.46989026125322,0.7195759073990423,1.8200956641978618,2.6009421509572754,8.400047598506873,0.9205680953642197,1.2692097180640842,1.035333887399479,5.8576163077254595,0.6488170835008212,6.009952941936283,7.788710714807074,27.73694359592909,0.2018051085699531
oddball_flex,5,55.310690240646366,CP5,False,58.0703125,8.446261545590096,2.474375502594462,3.934656073100628,29.29551126541145,0.5347517287396323,1.618284268052995,2.090548122101277,19.159769790670556,0.623596514977722,1.118316036408688,0.4856455263152973,13.240367118308994,0.7359364551507845,2.937100491179043,4.679188059092231,34.77397041668147,0.5697336984351359
oddball_flex,5,55.310690240646366,C4,True,58.0703125,16.95615699793983,9.733395956785293,9.88264390934112,57.403313486469244,0.5876470132909749,2.301011751878185,3.6191883673157887,13.570361209546231,0.6648435660576919,1.3578301922351002,1.32845461265253,8.007888771023271,0.3223891850484282,3.113500091558852,4.932488828287384,18.362062181525815,0.5633258882121275
oddball_flex,5,55.310690240646366,T8,False,58.0703125,40.35131770219228,23.42871656662257,13.69748498443297,58.061837632007965,1.0672679673560388,3.971544698914989,5.989594548075764,9.8424163697118,0.7017115464893955,3.976389473642068,5.9948891545608065,9.85442285426538,0.5387965866465332,7.940926863065344,8.998711961326572,19.679473472644275,0.3298692612128084
oddball_flex,5,55.310690240646366,FC2,False,58.0703125,9.77794542141847,3.5913414362199347,5.552566963589303,36.728998592619924,0.521869499588692,1.9336708228575392,2.863825442122452,19.77583980599704,0.2811545338360355,1.1732474638384678,0.693896240887521,11.99891606337343,0.4000113254553356,2.7262212904149705,4.355611050956948,27.88133061617644,0.23758052770335808
oddball_flex,5,55.310690240646366,FC6,False,58.0703125,24.167828052776297,13.697964995814448,11.366560520663118,56.678510646060666,1.2024087946118263,2.8627388909956597,4.567817380421715,11.845246849423859,0.8813862680794463,1.7735805031907368,2.4885090597290787,7.338601132537416,0.5722998471688865,5.187761679911335,7.149800168575396,21.465568476333925,0.2842551624444516
oddball_flex,5,55.310690240646366,FT10,False,58.0703125,64.31028831203054,38.39820679805843,15.843109432244997,59.70771987796434,1.6951182331879695,9.566277031602045,9.807429535330158,14.875189153540896,0.6872493396597394,5.888885072311823,7.700330786959912,9.156987516117523,0.6587218534284204,8.564775075968626,9.32715962217079,13.31789251886531,0.4096529148016031
oddball_flex,5,55.310690240646366,F4,True,58.0703125,18.639405929119132,7.135534594047165,8.534265159997048,38.281985065306095,1.1277520807669088,2.641771689217394,4.2189528171244595,14.173046604936726,0.4469009249713721,1.6463181976476604,2.1651377870551163,8.832460669123176,0.39496642624893735,6.68791391791347,8.25290674536258,35.8805100513712,0.22840677664607062
oddball_flex,5,55.310690240646366,F8,False,58.0703125,18.367676861234738,10.132296569108362,10.057078929663492,55.163734889591446,0.6391850842455062,2.1746104863723446,3.3738147794886073,11.839333317986952,0.42412639039786676,1.7598135966438013,2.454666688162721,9.581035260686205,0.5225777924761174,3.7498639402610516,5.740155101101642,20.415559183617805,0.296071656065242
oddball_flex,5,55.310690240646366,Fp2,False,58.0703125,9.572935980021844,4.3651559793958645,6.399997668916713,45.59892585206554,0.21523873962634876,1.2632108378031837,1.0147584307522786,13.195646982696118,0.7615768683229027,0.974515799743692,-0.11211115308929098,10.179905117692725,0.5683567236089211,2.704395008915537,4.320701257545251,28.250424055477346,0.12366000794632742
oddball_flex,5,55.310690240646366,Oz,False,58.0703125,51.051888630810744,27.615963105351938,14.411601938224575,54.09391081505495,0.8105032551638102,6.359360070724717,8.034134156899643,12.456659765740238,0.3527562973899786,5.723321367627371,7.576481324659184,11.210792629076687,0.4890283911628693,9.782374271923665,9.904442748338306,19.161630518052615,0.27736897896136065
oddball_flex,5,55.310690240646366,Fz,True,58.0703125,14.667985540506436,6.907656093881021,8.393307075509433,47.09342039372179,0.5708454352260769,2.7240148858615605,4.352094765263092,18.571158788908306,0.3969519530090549,1.3036235653761463,1.1515220252977567,8.887543294722505,0.3438090034972472,3.3408629938963985,5.2385866593600365,22.776563180202384,0.37365233178192214
oddball_flex,5,55.310690240646366,O2,False,58.0703125,131.74259576258598,101.1485132154549,20.04959503448205,76.77737988230865,1.0047839637822893,12.423204457651908,10.942336327789368,9.429907150182338,0.6240763427371967,6.653976189851832,8.230812424849432,5.050740158363812,0.433603232821929,9.178939659095066,9.627925148830332,6.967328680570771,0.18948171003303727
oddball_flex,5,55.310690240646366,PO10,False,58.0703125,89.63176092205435,59.87798758858088,17.77267195915152,66.80443067569767,2.6222546817708206,9.789899797257812,9.907782466835556,10.922355754866082,1.6379719449341608,6.471451008692951,8.110016677500655,7.2200422507828,0.9825181287901626,11.473506776750979,10.59696176491216,12.800715570821575,0.4264668398860183
oddball_flex,5,55.310690240646366,P4,True,58.0703125,16.224386838433357,9.231286675986064,9.652622381153856,56.897599693064564,1.352811643241619,2.2673705181855777,3.5552249536030294,13.97507678265219,0.3301931610752107,1.5837125679376096,1.996763631841527,9.761309217467687,0.3618011798673498,2.728109677046223,4.358618260938569,16.814870751131892,0.1712513620662667
oddball_flex,5,55.310690240646366,P8,False,58.0703125,21.285537170678666,6.405601401029087,8.065599104877384,30.093679805520505,0.5091852715456718,3.1006025439014873,4.914460990160244,14.566710339697892,1.060180562755393,2.9826227732070336,4.745983295021212,14.012438348587544,0.6533151518139362,8.172271271553075,9.123427742334457,38.393540205368055,0.9520816982188939
oddball_flex,5,55.310690240646366,CP2,False,58.0703125,25.677652478631497,8.700256261585983,9.395320447282348,33.88259993325397,0.8037850789516152,1.8843400222417195,2.7515927237366666,7.338443511570363,0.5787602249625804,1.3891342661196255,1.4274422429539548,5.409895890115497,0.6684530039026582,13.326320275689453,11.247102465948188,51.89851481469885,0.18378053314240536
oddball_flex,5,55.310690240646366,CP6,False,58.0703125,14.617555370177168,4.6495758114268515,6.674133332856906,31.80816281300324,0.4804415756015494,2.0111662018918786,3.0344796198508477,13.758567359321058,0.6316865290754551,1.6818362618382716,2.2578371200793868,11.505591867088562,0.5348503322695563,5.881224194417614,7.694677351821087,40.23397924947509,0.5165470080369137
oddball_flex,6,57.477595448667365,C3,True,60.5,7.353071758813862,2.6603273020448346,4.249350714910284,36.17980878339717,0.5862058069444783,1.6159806355746027,2.0843615228418426,21.976946350857858,0.4112504899298426,0.9247325313978657,-0.3398386394786904,12.576139084858273,0.4690880701942676,1.9260421141464688,2.84665779019803,26.193707573134876,0.1653513152281615
oddball_flex,6,57.477595448667365,T7,False,60.5,20.749625131730383,8.287429515226345,9.184198477442408,39.94014090670576,0.6065276913887775,2.961493638864331,4.715108041358053,14.27251634698502,0.5586468442070326,2.8538364926569315,4.554290870788962,13.753677353393904,0.4397105329015238,5.9767560336496475,7.7646552864576766,28.804163909978193,0.553424488064219
oddball_flex,6,57.477595448667365,FC1,False,60.5,23.301072138043605,15.789286438298669,11.983625034780975,67.76205980891127,1.08644806215696,2.922927237335202,4.6581800426707245,12.544174877528258,0.777300430003234,1.31698761585001,1.1958169113999864,5.652047287986236,0.39302438246102794,2.7304423777126803,4.362330157715895,11.71809761171759,0.3228507321961994
oddball_flex,6,57.477595448667365,FC5,False,60.5,14.542572488591665,5.716818542165165,7.5715440746929294,39.310916597801985,0.9449937465990161,2.313716956601731,3.643102294193052,15.90995649783965,0.7472084116381444,1.4787080303016913,1.6988243136917447,10.168132436415263,0.4754638483597081,4.519913706557485,6.551301434123431,31.080565079550134,0.5635863446036302
oddball_flex,6,57.477595448667365,FT9,False,60.5,34.90937109366936,16.725655627883786,12.233831506545913,47.91164980602272,0.9677078467569066,5.1744907544888035,7.1386761530810485,14.822641005489704,0.3819022394347941,4.383232581117753,6.417945156040274,12.556034221746923,0.334983904727457,7.478251600887129,8.738000726179816,21.42190296359499,0.29321743689654517
oddball_flex,6,57.477595448667365,F3,True,60.5,14.38332567378016,5.484745697591668,7.391564961417272,38.13266710347797,0.5666778193719274,2.3320389728536264,3.6773580404316975,16.213489326079696,0.34319859421281007,1.3404452579911588,1.2724908266965265,9.3194389697697,0.3995024183330635,4.871274645229363,6.876426160314456,33.86751267204754,0.503438730101738
oddball_flex,6,57.477595448667365,F7,False,60.5,19.614419993616274,9.152217707361974,9.61526342303563,46.66065940435997,0.8609853328661244,3.0515440585080245,4.845196447264258,15.55765635436165,0.6003031104792395,2.235360068952212,3.493474887046237,11.396513736729071,0.7974914474945783,4.524386283296791,6.555596770541477,23.066633042268403,0.753193311628471
oddball_flex,6,57.477595448667365,Fp1,False,60.5,29.188786914498127,13.846958856025744,11.413544017707613,47.43930913123331,1.23979506026033,2.9192820174182086,4.652760520597209,10.001381783934965,0.8644574638435862,2.134203540038167,3.2923583594135093,7.311724006516022,0.5395342408792639,9.66407039630748,9.85160084834231,33.10884561464018,0.37699088320216156
oddball_flex,6,57.477595448667365,Pz,True,60.5,15.31129450487039,5.082274199699884,7.060580924743146,33.19297527771579,0.9864267604379872,2.9103145039836202,4.639399236815023,19.00763193509128,0.5534010251596826,2.3740884451454995,3.7549689428291093,15.505471757403155,0.458441339044797,4.370437956981634,6.405249593434494,28.543882789214432,0.18565059510786452
oddball_flex,6,57.477595448667365,Cz,True,60.5,15.790235057650365,7.821572038958598,8.93294049636644,49.53423435687899,0.9779404039096457,3.3619122505956063,5.265863737139646,21.29108425758843,0.4612046028871378,1.4927329106319234,1.739821079156238,9.4535192489658,0.4805342034169989,2.528979789679588,4.029453586976258,16.016099699885707,0.27311211612433905
oddball_flex,6,57.477595448667365,O1,False,60.5,83.11954074765161,14.954553132669833,11.747734401078782,17.991621462480644,0.6648119176965586,9.107526924121288,9.594004637986663,10.95714298009834,0.4909098859389666,12.902409654831219,11.10670826738646,15.52271528304342,0.4694831504238696,44.11189992985916,16.445557635431804,53.07043269618338,0.20579074152401913
oddball_flex,6,57.477595448667365,PO9,False,60.5,196.6215478455436,152.6642985235914,21.837374865192714,77.64372735155006,4.119123761057596,13.950805356943407,11.445992794361896,7.0952576204427436,1.718668088282483,9.92553597460772,9.967539677807144,5.048040809039273,0.6938533069865074,17.59677141652571,12.45432992552201,8.949564078474696,0.40803572308627856
oddball_flex,6,57.477595448667365,P3,True,60.5,15.792429641351509,4.532482231147959,6.563361101907085,28.700347787397657,0.43819288752555713,2.819454697809283,4.5016512086106015,17.853204110067484,0.3554644979877338,2.5208707729518554,4.015505830693853,15.96252654088836,0.5957391734432507,5.326524194565245,7.2644390404899175,33.728338929040206,0.45518076792851264
oddball_flex,6,57.477595448667365,P7,False,60.5,34.214845247939245,16.19662953265476,12.094246486375432,47.338017796910194,0.6090518188349896,4.667858740460595,6.691177048783164,13.64278782100217,0.42962917951383334,3.6382268526130765,5.608897749271595,10.633474523261818,0.685811365424667,8.636685006036759,9.363470804597682,25.24250787472711,0.6756269372290317
oddball_flex,6,57.477595448667365,CP1,False,60.5,23.65179275449521,12.830511073225138,11.082439558184916,54.24752028907659,1.7686332818822148,2.617260961078722,4.178470273040607,11.065803714102351,0.29920758034915956,1.5907199365384752,2.015937241327946,6.725578703695288,0.19373838400050705,6.176032910273699,7.907096015621655,26.112324652852774,0.1797807785091156
oddball_flex,6,57.477595448667365,CP5,False,60.5,10.390882321650242,3.2523429300191498,5.121963317445779,31.299968850986126,0.45654464341486156,1.5426727267175278,1.8827380159385227,14.846407446105367,0.5708309527565187,1.5823739143580637,1.9930911491050554,15.228484601938566,0.31955397074970543,3.678825779729242,5.657092211842655,35.404363805219035,0.260595307124864
oddball_flex,6,57.477595448667365,C4,True,60.5,10.274305471576389,4.214587852948999,6.247551111217049,41.02065939745078,0.9277358773457132,1.74714115200496,2.4232799316868547,17.004956265300684,0.48312484417334817,1.3041755653786988,1.15336059143479,12.693564241268357,0.42678615575918344,2.6753705559796024,4.273839430943372,26.039429753971678,0.3577867938839789
oddball_flex,6,57.477595448667365,T8,False,60.5,26.662931237671256,6.643413177288302,8.22391263586547,24.916289653487247,0.38133608161660854,3.738589759366162,5.727078120335109,14.021675734151916,0.17417803551314612,5.269405651146689,7.217616328626617,19.76303957046442,1.0570624743611285,10.030678215647047,10.01330298459612,37.62031310899157,0.7146268231648079
oddball_flex,6,57.477595448667365,FC2,False,60.5,8.245443729974319,2.9956427412972237,4.764900183950061,36.33088575217957,0.970377128023765,1.6155143054736396,2.083108080737218,19.592812204888716,0.4907457721417854,0.8632674989952218,-0.638546094568892,10.469630589522081,0.5170549994694742,2.4836263494179858,3.950862587380177,30.121196999857773,0.23356820139445986
oddball_flex,6,57.477595448667365,FC6,False,60.5,31.748415343609786,20.684077058695948,13.156361470706418,65.14995106002722,2.832528482589818,3.2619003661536192,5.1347069150176505,10.274214731193391,0.6584233213271131,2.270053164625596,3.560360284852608,7.150130612999256,0.7030270884110338,4.855556788794909,6.862390378354632,15.293855571195367,0.21325489039290688
oddball_flex,6,57.477595448667365,FT10,False,60.5,135.54674581845208,105.85082580147858,20.246942505427366,78.09174994378141,0.8654786615762701,12.09723708856177,10.82686192282823,8.924771314513523,0.7007808097646393,6.4484500619236815,8.094553409231015,4.757362504711529,0.5978390364566283,8.728736741982713,9.40951395402718,6.439650534785811,0.37879994753380675
oddball_flex,6,57.477595448667365,F4,True,60.5,16.101839844841198,5.994900746817045,7.777819971985878,37.231153735128764,1.0875296350600556,2.3868054987640748,3.7781702970840363,14.823184938886182,0.36995544265444463,1.6662198038935103,2.2173229198155426,10.348008798679881,0.21485254221082287,5.633850512554459,7.508053193210339,34.988861936541156,0.2972020711289857
oddball_flex,6,57.477595448667365,F8,False,60.5,14.897721298245367,6.660417293590961,8.235014397748868,44.70762447660647,1.0778350813639082,2.2938331837153187,3.6056183116499168,15.397208323298969,0.6133342000106872,1.9458467692215995,2.8910863762726224,13.061371804899979,0.6579731212104963,3.538053018395412,5.487643366076344,23.748954270020604,0.3235520226032834
oddball_flex,6,57.477595448667365,Fp2,False,60.5,8.064376410755461,3.4112820685129064,5.329176313786448,42.30063051078914,1.0162553694454193,1.1223985244762027,0.5014708708991834,13.917982833480583,0.6139205782489341,1.015564702961186,0.06707598094186969,12.593220495099002,0.773665676269968,2.2788683938925076,3.5771924512042426,28.258457663920307,0.4208907595401498
oddball_flex,6,57.477595448667365,Oz,False,60.5,50.42179453651054,23.59651238635596,13.728478180849619,46.798239934260316,1.3872778681238616,7.011600505924557,8.45817163694568,13.905892422863769,0.4473906596990976,5.932163948028603,7.73213145178365,11.765078975388528,0.6740867885654442,12.097592008351747,10.826989338240589,23.992783516643488,0.5910148785146024
oddball_flex,6,57.477595448667365,Fz,True,60.5,15.058876840245981,7.061874689275228,8.489200068777244,46.89509559173655,0.27952404013847554,2.6625376236825518,4.252957534016389,17.68085131400185,0.19507259473987107,1.3148346877832078,1.1887115305646636,8.73129318827559,0.6324859900856096,3.561326223479229,5.516117576022991,23.649348230017505,0.6397919083373876
oddball_flex,6,57.477595448667365,O2,False,60.5,115.26192044786903,84.15342927065029,19.25071818267577,73.01060831162486,6.346742575012251,10.092958087038658,10.040184697651187,8.756541664255481,1.057014277979699,6.732770963490381,8.281938408181395,5.841279528684842,0.5951145067393139,12.526800507328197,10.978401612218189,10.868117118518645,0.7780298008098677
oddball_flex,6,57.477595448667365,PO10,False,60.5,237.55206619867366,184.08523693871922,22.650189608389674,77.49258505070709,3.0230074556040507,20.309357818595615,13.076961912408677,8.54943429606297,1.6693184240629166,13.361033148327977,11.258400414681027,5.624465138162026,2.661030633595109,15.10466866942377,11.791112031863172,6.358466550567138,0.8876427748562373
oddball_flex,6,57.477595448667365,P4,True,60.5,15.82981408104214,6.783483862283193,8.314527961634848,42.85258075397818,0.607825494740502,3.197286363971168,5.047815354655927,20.19787691505646,0.7667425886507925,1.9910419628385976,2.9908041323544636,12.577797519574654,0.4626503562218998,3.3367860715787048,5.23328364008377,21.079123573376997,0.35810520408744706
oddball_flex,6,57.477595448667365,P8,False,60.5,42.34118552696941,16.86685124112365,12.270340146436292,39.835566792007356,0.4528866704528274,4.9608204166330285,6.955535057144823,11.716300228469539,0.6097766153859295,5.329394797349198,7.266778936241586,12.586786909768069,1.318337709780873,14.19274222243681,11.520663149087259,33.5199452868335,1.222920943773994
oddball_flex,6,57.477595448667365,CP2,False,60.5,22.81040195566019,5.060090976487467,7.0415832518590635,22.183260892655387,0.915514618887594,2.4445517174797216,3.881992297276795,10.716828761858485,0.38762971624607995,1.6082815387901257,2.0636207677578806,7.050649707604322,0.35625201460282496,13.31285373461059,11.242711605348086,58.363082599283736,0.18747517365401659
oddball_flex,6,57.477595448667365,CP6,False,60.5,17.31290518082665,4.66625072364729,6.689680702852318,26.952441978455333,0.811819223771177,2.332430932264475,3.6780879231970487,13.472209937633972,0.31776518589851005,2.6612409141916227,4.250841917133859,15.371428921928368,0.7459404976238119,7.133454617080901,8.532999026128746,41.20310567507131,0.2806896764890045
oddball_flex,7,58.477705815453376,C3,True,56.0625,7.356803717008081,2.7209198961202605,4.3471575633873085,36.98508211969565,0.7236778190613018,1.7167599162005436,2.3470956460781274,23.335676500809623,0.39513578073869865,0.7851241383077713,-1.0506167023602893,10.672082177381666,0.3342324833912885,1.846786900257006,2.6641678532556563,25.10311503876946,0.2187853425783677
oddball_flex,7,58.477705815453376,T7,False,56.0625,20.529962572486628,9.005387392550789,9.545023999793578,43.864606965330864,1.497188399021273,2.8695618074724267,4.578155834496373,13.97743321421389,0.4413503465740739,1.924351538109223,2.8428441131680806,9.373380644581184,0.23933353877511898,6.129508924839754,7.874256817328775,29.85640574452024,0.24980440944821536
oddball_flex,7,58.477705815453376,FC1,False,56.0625,29.629529202669634,21.498178274957137,13.324016599782185,72.55659760203055,1.4629116431440516,3.3964203725363444,5.310214372180907,11.462957609972166,0.3342754244278592,1.3752858758703346,1.3839298282689219,4.641605563366227,0.5067999489798246,2.744497500322461,4.384628395641063,9.262710458710835,0.24300421713657533
oddball_flex,7,58.477705815453376,FC5,False,56.0625,14.955654019619127,5.080769367894116,7.059294813648832,33.9722312459827,0.7356260937759495,2.2405622197500903,3.50357008645819,14.981372374694384,0.5719606838883136,1.5049157451960498,1.775121860290512,10.062520456958092,0.641436922827762,5.738980921186739,7.588347809698032,38.37331963990494,0.43992603314540707
oddball_flex,7,58.477705815453376,FT9,False,56.0625,34.23603981127516,16.701556590836198,12.227569494294496,48.783552896020915,0.3990138524829119,5.840324066486059,7.664369458079323,17.058994260669806,0.5427643622865419,3.4652552287959013,5.397352275121925,10.121659070085167,0.28996468140856063,7.10209478925383,8.513864643856422,20.744498570523497,0.45689989842288986
oddball_flex,7,58.477705815453376,F3,True,56.0625,16.06681328985413,6.200281423188575,7.924114020408531,38.590611039862694,0.6728020727358708,2.146412465289191,3.3171318183616694,13.359291768484091,0.2328926340824484,1.2801350202940889,1.072557786136122,7.967572643060889,0.571571333842975,6.080769982619939,7.839585756593003,37.846770687624925,0.3080773632327807
oddball_flex,7,58.477705815453376,F7,False,56.0625,21.212309697510687,10.051141345469086,10.022153803530173,47.38353101948445,0.888226377989776,3.1337985668375348,4.960710776072309,14.7734905416985,0.43110023852732987,2.0538200705931757,3.125623936082254,9.682208584924613,0.5024751696495391,5.360872674362017,7.292354924559259,25.27246090033811,0.28852362072936233
oddball_flex,7,58.477705815453376,Fp1,False,56.0625,27.368376768335548,8.635629658270814,9.362940092043265,31.553313268699213,1.395610352524434,2.7073273074233892,4.325407637922664,9.89217347576014,0.39406966826449036,1.8870154097201548,2.757754467092373,6.8948751535143264,0.38806332858921505,13.689927727492561,11.364011553922788,50.02097071146516,0.3549379376577005
oddball_flex,7,58.477705815453376,Pz,True,56.0625,13.467848389514067,4.330301547968525,6.365181402468574,32.15288309408098,0.39971695260998547,2.918203115798745,4.651155168242584,21.667923720249398,0.6056440680917808,1.9809431001017876,2.968720011989658,14.708682803736714,0.5114895988018981,3.7917616608999314,5.788410310370566,28.154175420122485,0.25164933303422166
oddball_flex,7,58.477705815453376,Cz,True,56.0625,11.85561329969339,4.80196379439814,6.814188812619543,40.503714763725704,0.9582837100187932,3.088885563188345,4.898018188885517,26.05420306065676,0.4600112769519923,1.2033259541505557,0.8038328396035488,10.14984146102063,0.6039084153963142,2.3000783803543308,3.617426358329717,19.40075407498164,0.3547526835605659
oddball_flex,7,58.477705815453376,O1,False,56.0625,65.96500460105068,10.745467463403198,10.31225313485953,16.289648622615342,0.8945801341937688,6.969853428442191,8.43223645258975,10.56598642051967,0.430347346267385,11.16654713875512,10.479189036076086,16.92798659878705,0.466165628081103,35.59618878836515,15.514035014338853,53.96223194957251,0.2898893163139779
oddball_flex,7,58.477705815453376,PO9,False,56.0625,55.853617626292625,26.396161545185,14.215407775915754,47.2595378186555,0.7092628025450604,8.143075575989792,9.107884655042481,14.579316295094388,0.5412252998665857,7.106341345950736,8.516460645524614,12.723153213634431,0.2371014898419094,12.853029820323362,11.09005515149481,23.011991642727374,0.1390528564741724
oddball_flex,7,58.477705815453376,P3,True,56.0625,12.671869984559187,3.913147109521547,5.925261749266245,30.880581274032636,0.4435647084150753,2.4948949603014396,3.970522657422718,19.688451375696694,0.553082668912124,1.8289161798009426,2.6219380198593774,14.432883086943734,0.5830273222477058,4.028214633455269,6.051126028055797,31.788636076314646,0.15811283693258454
oddball_flex,7,58.477705815453376,P7,False,56.0625,20.82774911513101,6.660774484226883,8.235247298715679,31.980289600223493,0.844146814395543,4.108419356502307,6.136747666973078,19.725700236698213,0.6252116684510552,2.779951484395244,4.440372166938721,13.347344780409593,0.5346145296151642,6.649666884219713,8.227998898190759,31.926958825276238,0.3452326349089858
oddball_flex,7,58.477705815453376,CP1,False,56.0625,15.276059662518259,5.594228208712533,7.47740178832617,36.62088478509074,0.7329631194754501,2.292110663505381,3.602355816153918,15.00459355451042,0.44250268891195305,1.0976702335997426,0.40471887255684685,7.185558696743081,0.22825239123776125,5.966438670024748,7.757151808006758,39.0574454527967,0.23407773602977572
oddball_flex,7,58.477705815453376,CP5,False,56.0625,8.631620129658286,2.9123013544004683,4.642363121869032,33.739915689683656,0.6059875971942733,1.4797222874300633,1.7018021515586748,17.14304227019596,0.613993146907267,1.2154721674428481,0.8474501857682003,14.081622559668494,0.7495520845412812,2.740654761788383,4.378543312368886,31.751336604486113,0.3496910263327794
oddball_flex,7,58.477705815453376,C4,True,56.0625,20.740936672875513,13.403162835465558,11.272072938803309,64.62178177803264,0.33759032325964256,2.945477089179995,4.691556490100867,14.201273238696194,0.522550595662581,1.3092922427260845,1.1703659478424235,6.312599394020352,0.4419418257601687,2.490699097498609,3.963212633898183,12.008614349398616,0.25176664852062686
oddball_flex,7,58.477705815453376,T8,False,56.0625,19.915996838782927,5.376097497635085,7.3046713621782295,26.993865992015394,0.3083759473965309,4.001788587022411,6.022541412929923,20.09333813123341,0.41058150681260747,2.681193306932728,4.283281265930107,13.462511209640143,0.43268031501478893,7.2666876520324974,8.613364930797252,36.48668811737252,0.2884374826955729
oddball_flex,7,58.477705815453376,FC2,False,56.0625,8.331707692479497,2.634831749153431,4.207528879557011,31.62415013109168,0.5309022757057197,1.9814679095957946,2.969870432115549,23.78225428364871,0.14602290694606396,0.9108853993747886,-0.40536259195922897,10.932757520970004,0.6661067899194325,2.4654939653097694,3.919039438633542,29.591700240938767,0.31456168370022575
oddball_flex,7,58.477705815453376,FC6,False,56.0625,29.989228072180918,18.55751947150902,12.68519924909189,61.88061735648221,1.1862056633042135,3.516245628645957,5.460792052639451,11.72502880095054,0.4514349225803181,1.8448061892706278,2.6595074699831005,6.151562770573398,0.6490464610316566,5.446859553841453,7.361461772231914,18.162720096467417,0.25221520760444216
oddball_flex,7,58.477705815453376,FT10,False,56.0625,57.58522996899979,36.29898166952521,15.598944415234568,63.03522915349347,1.5841288495727355,7.813446860747112,8.92842662861607,13.568491199832616,0.5524404298351726,3.860600899870282,5.8665490756996235,6.704151224104832,0.22665225178214093,8.257070868856468,9.168260120781964,14.338869313019236,0.39474946296978136
oddball_flex,7,58.477705815453376,F4,True,56.0625,17.79408484879244,6.189690826167547,7.916689566384106,34.785103469862335,0.6943244159952684,2.6697320129772497,4.264676691824144,15.00348028945375,0.2713498830285254,1.699382915030748,2.3029124770240155,9.550268695869871,0.3324777354216409,6.8063971794254154,8.329172882508097,38.250897628417896,0.5390018116882803
oddball_flex,7,58.477705815453376,F8,False,56.0625,14.767049488736012,6.57277004135655,8.177484380742296,44.50970416514225,0.6019608405072546,2.673842681067587,4.271358514098345,18.106817364613946,0.3237117782437086,1.6542700741477396,2.1860641340098668,11.20244145866499,0.5625248792227829,3.455063154138798,5.384559901308592,23.397112312613608,0.37728208480657177
oddball_flex,7,58.477705815453376,Fp2,False,56.0625,8.24054738406532,3.4917407673703083,5.430419934872301,42.3726799280623,0.4692121002820036,1.1545137224941253,0.6239909928702682,14.010158168941537,0.6513076602118684,0.7859331941205983,-1.0461436828355297,9.53739063063154,0.31854483132827144,2.590883450472388,4.134478769166706,31.440671714143146,0.23347885735946924
oddball_flex,7,58.477705815453376,Oz,False,56.0625,31.70585126673907,10.30265764513835,10.129492685632728,32.494499385816276,0.4407585816369514,6.247583856864713,7.957120940628659,19.704829257868635,0.5134592469878617,4.7516790352951315,6.768470973965494,14.98675747678116,0.5856462031306435,9.32056027743264,9.694420194445176,29.396972183523573,0.24207707578129492
oddball_flex,7,58.477705815453376,Fz,True,56.0625,13.83166903113234,6.2286083266797405,7.943910220107872,45.031502074408955,0.44862814726520844,2.4534980534002213,3.897857177488162,17.738264614905724,0.4152642205703794,1.2839626378582751,1.085523863433763,9.282774442970911,0.3813416586186759,3.394993604561711,5.30838960499827,24.545075485252394,0.2270215663717265
oddball_flex,7,58.477705815453376,O2,False,56.0625,91.54769334270938,67.33802601413107,18.28260381078864,73.555131271359,0.7641552369132854,8.086427416465012,9.077566926872985,8.833021478972078,0.48606137563230095,5.4794590246617005,7.387376836300663,5.985360006995818,0.35229880348214593,9.146101831577427,9.612360324531435,9.990532254416214,0.2905670079112824
oddball_flex,7,58.477705815453376,PO10,False,56.0625,76.57284639355989,51.94166024276347,17.155158271328535,67.83300176122484,1.9664668414943263,9.338599840993284,9.702817662821616,12.195706808384625,0.742791600092669,4.534014924898417,6.564829453869603,5.921178509670431,0.8480600577368246,9.029297071860604,9.556539419309255,11.791774104168613,0.26195477808382417
oddball_flex,7,58.477705815453376,P4,True,56.0625,10.333255159218044,3.8393957960251024,5.842628850190317,37.155724279198424,0.774660648674569,2.085806335283713,3.1927398221987686,20.185375306667193,0.567310909145399,1.3455569647141943,1.2890208852664267,13.021617524985393,0.6014639792554971,2.7046521994761,4.321114256127185,26.174251557732468,0.2600720961919439
oddball_flex,7,58.477705815453376,P8,False,56.0625,19.130092847432312,6.496407155250642,8.126732360202725,33.95909892890356,0.47672930427576865,3.2003928132416064,5.052032864928385,16.729625092599438,0.5102638737192163,2.2997222898117777,3.616753945896715,12.021490476563223,0.46892372135047844,6.658206535567773,8.233572627140394,34.804883534381034,0.29047896064852197
oddball_flex,7,58.477705815453376,CP2,False,56.0625,20.62672836521064,3.3315678352255413,5.226486605170178,16.15170266577329,0.5396005789557138,2.039341363874181,3.0948992810195097,9.886887187178777,0.387822209567494,1.2683989729352232,1.0325588169252689,6.149297893865343,0.484234145514617,13.661600127008194,11.355015694503077,66.23251096887503,0.2354803659389471
oddball_flex,7,58.477705815453376,CP6,False,56.0625,14.15344182864495,3.6088900900118297,5.573736556731874,25.49832142389456,0.6810521794690445,1.9408124792542896,2.8798357600696405,13.712653803587948,0.3286410802904227,1.590774900378396,2.016087299672264,11.239491564227503,0.34424972688748906,6.641499992759251,8.222661765078529,46.924981733542815,0.1741081986683549
oddball_flex,8,59.4778250428067,C3,True,59.703125,7.20114855557781,2.931002500838144,4.670161889944719,40.70187523860858,0.405635889356791,1.4646056878222007,1.6572071639444095,20.338501233775517,0.3446125100281922,0.7966460897936695,-0.9873457118299876,11.062764274965685,0.31551686023094566,1.7147814970755824,2.3420878871699067,23.81261105559835,0.22085636412860016
oddball_flex,8,59.4778250428067,T7,False,59.703125,21.579267243360242,9.63688973919392,9.83936890017032,44.65809533991062,0.5258769905457564,3.0859832544531414,4.893935651106911,14.300686022611227,0.5318014431747011,2.29069309902795,3.59966907466628,10.615249689410918,0.2111662406059264,5.791390855082605,7.627828760156518,26.83775491433597,0.2829513099932604
oddball_flex,8,59.4778250428067,FC1,False,59.703125,26.41695735241965,18.143403964791464,12.587187702896475,68.6808996310456,2.520514206417095,3.532640916158874,5.480994947639324,13.37262603346446,0.7756248498213423,1.363465744500177,1.346442312681659,5.161327727151329,0.4508621929556348,2.7748304900970573,4.432364579221154,10.503974598887323,0.278339084866044
oddball_flex,8,59.4778250428067,FC5,False,59.703125,16.44856271406237,6.728343694157684,8.279081677874405,40.90535939900342,0.9378402743143677,1.9510369167403756,2.9026548701878845,11.861443158631578,0.47043614018199015,1.5425245271048433,1.8823207831409838,9.377868169515462,0.463521589439811,5.806216039418224,7.638931911549138,35.2992303361212,0.43836418473527
oddball_flex,8,59.4778250428067,FT9,False,59.703125,40.059506583963895,21.473529265659543,13.319034284436079,53.6040782745326,0.8196989018520314,5.83205001018618,7.65821239427678,14.558466909626866,0.4236224342596453,3.92598505319331,5.9394864184370615,9.800382950210649,0.4537128461501283,7.44303396268211,8.71750000689007,18.579944181493264,0.29615296865293617
oddball_flex,8,59.4778250428067,F3,True,59.703125,17.735103766693143,6.943213695997778,8.415605320381221,39.14955213872085,0.8132549635726055,2.601474495168168,4.152195724338529,14.668504506039518,0.49491208326524583,1.535164273206899,1.8615485481649519,8.656077198093232,0.474237700256733,6.139995178999301,7.881680301420109,34.6205765682089,0.4518659439678431
oddball_flex,8,59.4778250428067,F7,False,59.703125,25.92910688435862,14.34012791461748,11.565530252763253,55.30513634184587,0.49352207053969555,3.419995360142651,5.340255168556056,13.189792364987769,0.40897724451124223,2.1569516141299596,3.3384040289018797,8.31864986229476,0.6647008823579109,5.25798716271939,7.208195214495115,20.278319597236873,0.23785964298460588
oddball_flex,8,59.4778250428067,Fp1,False,59.703125,39.307549856307276,18.79207850534758,12.739748180718077,47.80780937515547,0.3626925811696577,3.2288467801781793,5.090474367477453,8.21431707644347,0.7531812444110918,2.4767171701180457,3.9387641495475862,6.300868864052671,0.8990275855497983,14.117956914961733,11.497718521861755,35.91665460343204,0.4037244498660307
oddball_flex,8,59.4778250428067,Pz,True,59.703125,15.551914163750407,6.7609288205399904,8.300063636820973,43.47329048599613,0.5371574828342036,2.422464388068148,3.8425740133511517,15.576631677370067,0.7303286036766621,1.8289399873816279,2.621994552978487,11.760224292162448,0.25959785821985193,4.062222914281013,6.087637516108605,26.120404675004917,0.10902166312026232
oddball_flex,8,59.4778250428067,Cz,True,59.703125,12.962431108532467,5.726586342742317,7.57895813189689,44.178335798234755,0.4873672884464281,3.0828135534181396,4.889472596696768,23.78268032906952,0.5428919660577292,1.3258729692834827,1.2250191669170658,10.228582572066534,0.4285443824218953,2.313195207511041,3.6421228385909226,17.84538091769213,0.28433626135114964
oddball_flex,8,59.4778250428067,O1,False,59.703125,58.239550224321164,22.277764279428794,13.478716043730243,38.25195111160984,0.9758035207013542,6.522273768458853,8.143990240982221,11.199045568410169,0.5413309096151149,7.732149134553029,8.883002219329283,13.276457501424934,0.2307101098711337,20.202007999611624,13.05394538744136,34.68778162228175,0.2127000028205557
oddball_flex,8,59.4778250428067,PO9,False,59.703125,389.92876549799996,348.2670754588441,25.419124189818646,89.31556383485906,3.0980141925481224,16.606291836014883,12.202726658681666,4.2588014287189235,0.6288075327387977,8.60865042840128,9.34935072773285,2.207749514813735,0.28207283403778816,13.817402431430569,11.404264065890096,3.543570942703749,0.3411779265669404
oddball_flex,8,59.4778250428067,P3,True,59.703125,11.017769829700764,4.076403158715315,6.102771294430427,36.998441805586594,0.42560058077348867,1.8824523693755362,2.747239963048383,17.085602608079373,0.41471034804609375,1.6401038581956606,2.1487135025082367,14.885987668524429,0.5216007733620261,2.9588215447046813,4.711187723633473,26.85499507104008,0.45925859720731127
oddball_flex,8,59.4778250428067,P7,False,59.703125,23.765492254653758,9.347806517271556,9.707097147010494,39.333527860930666,0.521873351306431,4.3034651762281575,6.338182929916666,18.108041399333747,0.8688376772700251,3.049203059073309,4.841863467985029,12.830380395239715,0.5186895156805958,6.350667554004491,8.02819378801062,26.722221807801617,0.1297669256261259
oddball_flex,8,59.4778250428067,CP1,False,59.703125,23.166841390231447,12.481479447320403,10.962660659334935,53.87648336291263,0.5609889615497518,2.558645424978973,4.0801010587762585,11.04442932845327,0.8663474150028223,1.297257183903061,1.1302608439361295,5.599629064884364,0.3354339633809723,6.379396278455873,8.047795807052854,27.53675467017189,0.3141831169941828
oddball_flex,8,59.4778250428067,CP5,False,59.703125,9.410384651758116,3.533723973344959,5.482326228348828,37.55132339552946,0.41823533981555056,1.5217835549902974,1.8235288662774842,16.171321484781036,0.39456820133529447,1.1917805131869306,0.761962799941422,12.66452496141349,0.33462848123870087,2.867864898241458,4.575586883729455,30.47553319412573,0.1848250824223585
oddball_flex,8,59.4778250428067,C4,True,59.703125,9.416333231963234,3.22064248210509,5.079425172237151,34.20272416839278,0.5274220731564677,1.8789273422958799,2.7390998635381534,19.953917262804193,0.502337010506801,1.252119407329071,0.9764574698251054,13.297314108201046,0.4188315964709325,2.6894431718361593,4.296623720353328,28.561469794919635,0.2944796474007982
oddball_flex,8,59.4778250428067,T8,False,59.703125,21.552295349622216,6.26544421523983,7.96951867570923,29.070890657359406,0.5010469995036085,3.2396580467726195,5.104991718618148,15.0316149357586,0.21223100824299185,3.269792716068786,5.145202220422826,15.17143609544169,0.5601952875442977,8.054208799767983,9.060228842000981,37.37053835386106,0.34463120745273207
oddball_flex,8,59.4778250428067,FC2,False,59.703125,9.468089908079035,3.296943161397583,5.181114600627263,34.82162921355797,0.5416338975458418,2.1601344437399903,3.3448078187193437,22.81489154319043,0.3921641352375032,1.0825040470803164,0.3442952869409931,11.43318301357305,0.7820379298504185,2.5627781684756856,4.087110157135621,27.0675309735799,0.45287030184650884
oddball_flex,8,59.4778250428067,FC6,False,59.703125,25.222905175975587,14.093499001681367,11.490188290547872,55.875795842523324,1.608566234474471,2.9893822997908877,4.7558145872368085,11.851855600829941,0.4942707007727481,1.8784044878183546,2.737891171699581,7.447217022436832,0.4833070547584898,5.690340055984165,7.551382207051846,22.56020873203822,0.268092651141072
oddball_flex,8,59.4778250428067,FT10,False,59.703125,154.27211279487824,126.08425233865708,21.00660847481072,81.72847966780618,1.3791726676503873,11.544491160027263,10.623747955240999,7.483200269239157,0.8853792948795819,5.88063853998005,7.694244858267149,3.811861024940397,1.08332190518573,8.68046149644507,9.385428150418852,5.626721083405851,0.344213531466546
oddball_flex,8,59.4778250428067,F4,True,59.703125,18.59231721940473,6.4572425009973715,8.10047096591283,34.730703143651034,0.8189797082992027,2.7771148255408233,4.4359383692267285,14.936894593441849,0.7526111917149483,1.7487410027037111,2.427254930546047,9.40571840544199,0.21271665486300376,7.016017922007123,8.46090689739235,37.73611346672018,0.31324590570282174
oddball_flex,8,59.4778250428067,F8,False,59.703125,15.795540083963616,7.709180678206786,8.870082242453227,48.806059414413525,0.6246496196457823,2.2272744889565366,3.4777374271576873,14.100654217058217,0.5158399784158796,1.8866086132735238,2.7568181286991598,11.94393229509701,0.37722696333601147,3.4306484122027965,5.353762119459238,21.71909535202126,0.41761439875976075
oddball_flex,8,59.4778250428067,Fp2,False,59.703125,9.663846722684449,4.369909157725019,6.404724088906014,45.21914805899502,1.021722323844941,1.2791471113072754,1.0692049440433515,13.236417629686398,0.3767313704781891,0.9606193777061321,-0.17448656978792937,9.940341618324931,0.4729675377318945,2.7723521821813004,4.428483994832756,28.68787411200981,0.16048428763308423
oddball_flex,8,59.4778250428067,Oz,False,59.703125,43.0114037451886,21.033326336307834,13.22907960050459,48.90174350252563,0.9160142456661603,6.318549956573703,8.006174235176394,14.690406279242902,0.6739667883823027,4.890930411028947,6.893914836511471,11.371241078306035,0.2185338146716615,9.458724258865168,9.758325650807615,21.991201019388377,0.30150142763172016
oddball_flex,8,59.4778250428067,Fz,True,59.703125,17.37017992641961,7.676617309617274,8.851698909436866,44.19423023903933,1.0456815865099671,3.6379310638692015,5.608544652428949,20.94354278009521,0.5670246670893417,1.4978189886151945,1.7545933205801691,8.622933066669328,0.40418691482771946,4.007362990153457,6.028586829569393,23.070359703403863,0.33650079826374524
oddball_flex,8,59.4778250428067,O2,False,59.703125,40.855302144420726,21.538166179260728,13.332087234683899,52.718166428251514,1.4608088899050482,5.287895783595915,7.232828872765204,12.942985380217142,0.36655947476694245,4.0995770361357335,6.127390517568334,10.034381881803263,0.38566049975272687,8.8526391056765,9.470727597569553,21.668274718378097,0.28651482833354985
oddball_flex,8,59.4778250428067,PO10,False,59.703125,152.9517584031219,115.54328827296439,20.627447230676253,75.5423079010552,1.4986053684946485,14.850636963001842,11.717450815040253,9.709360074083808,1.322079108093716,7.763049239260918,8.900323408035678,5.075488716383706,0.7834960673523343,11.042485580972729,10.430668408389126,7.219587205966597,0.3642901611865346
oddball_flex,8,59.4778250428067,P4,True,59.703125,12.726239807746047,5.6297515117036685,7.504892262052496,44.23735209104752,0.6448006721150584,2.149732595823708,3.3238444159899467,16.892127040661574,0.24902689801065706,1.6003598794045633,2.0421765519657686,12.575276779166744,0.6025639629718151,2.8896313173190977,4.608424354665962,22.706088844564075,0.34621202955064817
oddball_flex,8,59.4778250428067,P8,False,59.703125,22.26932406401875,7.5325342094546395,8.769411127242387,33.82470966698622,0.47594418522338033,3.1362907707403824,4.964163200436654,14.083457413095832,0.40898881758871186,2.893923418487253,4.614870342576347,12.995111168026227,0.4715568460418588,8.016644374121755,9.039926183133435,35.99859767218755,0.46229115746169874
oddball_flex,8,59.4778250428067,CP2,False,59.703125,22.091007678184603,5.275140319268872,7.2223401640075675,23.87912944540868,0.5296393846063849,1.8764015860780827,2.7332579137417645,8.493961042488225,0.6945452186013354,1.3340340895724718,1.2516692757457277,6.038810492514845,0.43384343608335424,13.23155200383723,11.216107880401577,59.895647118459436,0.3044321421039566
oddball_flex,8,59.4778250428067,CP6,False,59.703125,19.623344079679683,6.599997663265928,8.195437817796122,33.633399263993645,0.352319384513082,2.520855005332164,4.015478666224678,12.846204984717941,0.4586560635948032,2.2226240710834526,3.4686601345909853,11.326428676267358,0.5038789833789491,7.759809243057054,8.89851045265151,39.543765892035054,0.10221721647050354
oddball_flex,9,60.794629727924615,C3,True,61.6171875,28.13005592318482,18.212907572076176,12.603792836152795,64.74536567510013,1.3722857009633158,5.389973317888617,7.315866152938963,19.160905092428898,0.33836097301457213,1.4665447879358604,1.6629533077131362,5.2134442673721555,0.6945137248103134,2.3075344201256835,3.631481878600998,8.203092188749656,0.48787082115117264
oddball_flex,9,60.794629727924615,T7,False,61.6171875,20.543851049604154,8.464211109259706,9.275864867378026,41.20070326066153,0.8892690608272015,2.7756399464538952,4.433631291423757,13.510806419653132,0.49370717168741257,1.9360904647162855,2.8692564605563566,9.424184686899736,0.24579103991795032,6.762308663190786,8.300949901004289,32.91646073008831,0.3222907194806134
oddball_flex,9,60.794629727924615,FC1,False,61.6171875,20.626709581525727,13.385890367362137,11.26647263739001,64.89590748565726,1.7408694710129757,2.9137511533760896,4.644524584393228,14.126107423288614,0.7747703211550927,1.1850966236802487,0.7375376082749898,5.745446790707124,0.23553837058549315,2.6654240195400187,4.257663070580129,12.922196868119482,0.3425532891692944
oddball_flex,9,60.794629727924615,FC5,False,61.6171875,15.398526172031604,6.28080693029835,7.980154435561538,40.788364159851874,0.8533300642436963,2.2633563342903247,3.547529330238479,14.698525748530834,0.39085031553703126,1.446271724029936,1.6024989542080383,9.39227370121177,0.34024325925852195,5.057514829869532,7.039371649022713,32.844148676095465,0.3291670043286047
oddball_flex,9,60.794629727924615,FT9,False,61.6171875,35.867705704974796,18.368533642004696,12.640744880094415,51.21190017865294,0.44706933442543534,5.353403276628677,7.286299604052124,14.92541318550567,0.3984393388031854,3.490845416363414,5.429306175604431,9.732558433140147,0.27150183752257134,7.468507997478424,8.732338503855544,20.822374474993403,0.25919278798195533
oddball_flex,9,60.794629727924615,F3,True,61.6171875,17.26878916025203,6.696885466837821,8.258728714991667,38.78028392547751,1.0859005438541676,2.204120272640247,3.432352890539911,12.763606366296493,0.3483367054317959,1.3903057704507213,1.4311032530132124,8.050974260840594,0.2027766041526103,6.595127245309112,8.192231791700998,38.19102303066661,0.2757174543018133
oddball_flex,9,60.794629727924615,F7,False,61.6171875,21.72295573437198,10.30563263102945,10.130746569334779,47.4412080798147,0.6976350221413342,3.4483146931242956,5.376068926662939,15.874058462808852,0.31642047148206126,1.9524125117191529,2.9057158209920213,8.987784791320424,0.4736171839293523,5.440378574321434,7.3562912157653315,25.044375364229033,0.28015617924457237
oddball_flex,9,60.794629727924615,Fp1,False,61.6171875,31.863363137742507,12.097873517197229,10.827090396629464,37.96797426843862,0.9953812641575797,2.610255452733339,4.166830116615154,8.19202744371156,0.4051065059698523,1.6455318085011763,2.1630628172186688,5.1643381189477315,0.4823474903379771,15.08639092223607,11.785853570701235,47.347139274090225,0.2765454755602644
oddball_flex,9,60.794629727924615,Pz,True,61.6171875,12.705057077960856,4.155584612064378,6.186321294278919,32.70811446627002,0.5047413462529257,2.295528881490436,3.608827612680248,18.067836038867018,0.5369786172183508,1.7825030027794575,2.5103027013088792,14.029870089064936,0.37053180610192366,4.128615384854472,6.15804426586126,32.49584287201887,0.32230990078379446
oddball_flex,9,60.794629727924615,Cz,True,61.6171875,13.2043313764891,6.403234872708772,8.063994321772174,48.493442720697075,1.0496375650603433,2.7129097164570553,4.334353410166887,20.54560461340369,0.4275521375131405,1.177590972955372,0.7099446784031894,8.918217358980593,0.30643588798594007,2.470770647596047,3.928324333396133,18.711819456419914,0.39824572262651015
oddball_flex,9,60.794629727924615,O1,False,61.6171875,47.1730002493894,11.332548688813793,10.543275936241942,24.023379112844275,0.46194756047037927,6.289696883058832,7.986297161627639,13.333255993485901,0.6464281551882511,7.6505151268622775,8.83690678189162,16.21799564669687,0.1721375863835636,20.67430337805628,13.15430884891423,43.82656025429267,0.32335289327509614
oddball_flex,9,60.794629727924615,PO9,False,61.6171875,61.364306017787186,31.361519268485946,14.963970933599102,51.10710330431413,1.7189596989818268,9.14309553657253,9.610932577520915,14.899696794293238,0.9224390118586294,6.820749322372083,8.338320885413982,11.115173893427567,0.3311189177348004,12.44718294148564,10.950710726043004,20.284076769119938,0.19464231240564378
oddball_flex,9,60.794629727924615,P3,True,61.6171875,11.973732254220456,4.368850751125879,6.4036720857553195,36.48695877249103,0.4047965089461674,2.400302484792364,3.8026597471094234,20.046401855581113,0.35839948093662927,1.7991062962135154,2.550568234318245,15.025442844518032,0.5368283600121233,3.010566980991681,4.786482941080154,25.1430958791527,0.3213844108084571
oddball_flex,9,60.794629727924615,P7,False,61.6171875,20.855571561377076,6.71304482003486,8.269195467870116,32.18825626657437,0.6844528195091735,3.521237220024841,5.466952837686931,16.883916173968128,0.4212105923068824,3.0325106338229437,4.8180233244134065,14.54052997252265,0.5505463606348603,6.9262202430372986,8.404962973224507,33.21040721734104,0.3511965551485602
oddball_flex,9,60.794629727924615,CP1,False,61.6171875,16.737216216424116,7.515576423050549,8.75962295335405,44.90338372802739,1.2406643939540873,1.8230906318497524,2.6080825940310333,10.892436402062883,0.336779770676738,1.1801803812994955,0.7194839087899353,7.051234602211761,0.42590083236464205,5.943560463320242,7.740466851043522,35.51104548370396,0.315921591889569
oddball_flex,9,60.794629727924615,CP5,False,61.6171875,8.2637779045942,2.6029001620035657,4.154575104363677,31.497702286462687,0.8137632389172951,1.3516625394867097,1.3086827775040935,16.35647224661327,0.3942814341704239,1.1628599179298336,0.6552740128541478,14.071771184500836,0.3378536407139363,2.8680118693324896,4.575809443370936,34.70581981321201,0.30803079743919615
oddball_flex,9,60.794629727924615,C4,True,61.6171875,8.63769004377927,2.931001952759057,4.670161077841197,33.932705826483314,0.7852446412442059,1.6706222848123446,2.2287827026179508,19.34107702805915,0.5033662414863973,1.2018008601287338,0.7983251050184054,13.913452022908048,0.4856923521463821,2.529365163656988,4.030115328291735,29.282888721835963,0.31136387475587624
oddball_flex,9,60.794629727924615,T8,False,61.6171875,20.82287798411444,5.7709602438916345,7.612480824670483,27.71451788890201,0.7892395948007269,3.4132335139862886,5.331660012486168,16.391747176303912,0.48691215419147665,3.2146608469715736,5.071351607568798,15.438119790280696,0.2777510324692397,7.89219779965653,8.971979613017528,37.90157059786551,0.3463868681104332
oddball_flex,9,60.794629727924615,FC2,False,61.6171875,8.703625837361534,3.297126091014692,5.181355560557365,37.8822131445646,0.4989910563454763,1.814160661038131,2.586757452999552,20.843734495692495,0.45051102570141216,0.9684562540504426,-0.13919991933598883,11.12704374185306,0.4941124714811183,2.338404812663065,3.689196961703095,26.867019060322363,0.15874940266310464
oddball_flex,9,60.794629727924615,FC6,False,61.6171875,30.22313709780347,18.49828402279927,12.671314433222559,61.20570463263946,1.4308479882719072,3.2217840952530685,5.080964332334271,10.659992325837077,0.7631740460461803,1.933339131668952,2.8630804135088894,6.396884365155667,0.7712622027572714,5.894760573653633,7.704661701346329,19.50413206470895,0.3185268480787813
oddball_flex,9,60.794629727924615,FT10,False,61.6171875,82.9301912781047,50.65211511398892,17.045975851978746,61.078015537342836,0.555399802773491,12.32400798799117,10.90751971139496,14.860701269412077,0.9172642264329949,7.471904706887093,8.734313244724381,9.00987275168607,0.45858756152678565,9.934599277344976,9.971503540681109,11.979472281728496,0.4287990230163574
oddball_flex,9,60.794629727924615,F4,True,61.6171875,18.244878960003977,6.269893172328102,7.972601412990325,34.36522207723506,0.8606947204311416,2.774031379187474,4.431113694016096,15.204438381140509,0.6536408978385729,1.6982901303858087,2.3001188570892754,9.308311302633266,0.3064239886219316,6.999886123471846,8.450909748213887,38.36630617729415,0.225009197607718
oddball_flex,9,60.794629727924615,F8,False,61.6171875,14.669606058322243,6.5268567209823445,8.14704079071076,44.49237897073303,0.6600797005536396,2.4795644269167,3.9437539711629914,16.902733563932436,0.3341934284523154,1.678356582947796,2.248842363225053,11.441047402875855,0.3432176905510542,3.538365999918585,5.488027532554299,24.120388685633635,0.2450909246690319
oddball_flex,9,60.794629727924615,Fp2,False,61.6171875,8.80990940476241,3.279262122425442,5.1577613267213795,37.222427289124646,0.6069643241143546,1.3196017576144972,1.2044288532266143,14.978607576840172,0.649155060235365,0.9482978221063161,-0.23055246855389527,10.76399062167076,0.42863194669162574,3.012814984808431,4.789724627241795,34.198024592395704,0.22028826757304476
oddball_flex,9,60.794629727924615,Oz,False,61.6171875,34.691040207358036,14.749608548411228,11.687804943805634,42.517054721474764,0.6608008404864443,5.7953171260421374,7.630772060152039,16.705515578091372,0.6438533901253086,3.993969163603952,6.014047074730053,11.512970322397031,0.4287275879190807,9.18523096864482,9.630900813981437,26.477242866579175,0.21087803438341016
oddball_flex,9,60.794629727924615,Fz,True,61.6171875,14.224754320893895,6.309412851674184,7.999889460678412,44.35516220063402,0.8925468877517406,2.609690661118663,4.16589031425978,18.346121150826793,0.4179179699632823,1.2806982744654414,1.0744682438216937,9.003306809906023,0.3800811556716963,3.582054161732505,5.541321482253872,25.181834996412128,0.4648168764366863
oddball_flex,9,60.794629727924615,O2,False,61.6171875,31.265986672725766,14.124212581154033,11.499642454336383,45.17437024776511,0.6300616437693074,4.949827257158455,6.945900428584313,15.831348324204125,0.5045799304318493,3.571755809201142,5.528817597513392,11.423774488834185,0.5480020288342069,7.645571565857348,8.834099578476428,24.453319339916447,0.2853969216359067
oddball_flex,9,60.794629727924615,PO10,False,61.6171875,194.79058012677493,163.4087447994832,22.13275294035682,83.88944921932693,2.8374143966763268,13.568961270727844,11.325466028802625,6.965922716538346,2.2969201752472057,5.3815552178356025,7.3090780074435235,2.7627389447339508,1.1983442603670411,10.445844616322203,10.189435613462987,5.362602549632414,0.286406210223542
oddball_flex,9,60.794629727924615,P4,True,61.6171875,11.206432666392049,4.557085941931878,6.586872190048384,40.66491164131581,0.7084222510619587,2.160822408063958,3.3461907490397214,19.281982700384553,0.6703590853816329,1.3712035226579156,1.3710192029450308,12.235860986968117,0.40643582117974686,2.7766425426917034,4.435199734741405,24.777220595978054,0.16901441362676026
oddball_flex,9,60.794629727924615,P8,False,61.6171875,34.47240423699464,18.681574729989098,12.714134815150608,54.19283958715201,1.4214928218391574,3.9561594724391114,5.9727378965022035,11.476308543033074,0.5961887588636048,2.8881882913067116,4.606255030284435,8.378261845186891,0.36347176310172497,8.214626644445348,9.145878294945256,23.829572744536577,0.15108816231905745
oddball_flex,9,60.794629727924615,CP2,False,61.6171875,20.897978717422273,3.786908951343024,5.782848635035411,18.120934098693215,0.7335207114267529,1.5502362636371494,1.9039789183126532,7.4181158120557615,0.4165818671157882,1.2627346136067272,1.0131208534799359,6.0423767804587145,0.33551441982045505,14.001374676111363,11.461706774597186,66.99870291493151,0.2334981326449454
oddball_flex,9,60.794629727924615,CP6,False,61.6171875,15.5555187815016,4.393148709083538,6.42775904481185,28.241737037454563,0.5315803478816333,2.0256482625865093,3.0656403585172862,13.022055329941043,0.3917522929349692,1.8978481554939586,2.7826146211176424,12.200481270678369,0.49737705323341336,6.884073843384975,8.378455202265014,44.25486504231165,0.18142061303236506
oddball_flex,10,62.11144249095862,C3,True,57.4296875,8.415320064354722,3.4849551121469955,5.421971885538523,41.4120328816539,0.39098281192505446,1.7180338938093624,2.3503172745167107,20.41555021877946,0.5266921151153598,0.9331804722096327,-0.30034357855497407,11.08906690504098,0.2806974272862284,1.9252979084340809,2.844979390283098,22.878487017851896,0.4399011334326078
oddball_flex,10,62.11144249095862,T7,False,57.4296875,22.211472639778922,10.082766281393438,10.035797003560985,45.394406957673,0.6818946897857023,3.0075775171287358,4.7821682963695835,13.540648861536589,0.48101912349753306,1.948189088068625,2.896311065053567,8.771093748100153,0.2975132957462669,6.435426681261998,8.085773467609075,28.973435420651384,0.46625596928245633
oddball_flex,10,62.11144249095862,FC1,False,57.4296875,44.40423002587615,34.13029437936601,15.331400341556646,76.86270961004594,1.576616481904799,4.5601904793729116,6.589829835444464,10.269720872798612,1.0324671385990032,1.8160182306346806,2.591202040002108,4.089741516914971,0.7777518437528304,3.0512874798459677,4.844831270226449,6.8716144341830905,0.43595150950411504
oddball_flex,10,62.11144249095862,FC5,False,57.4296875,18.758898743315807,8.085194140303539,9.076904525726942,43.10057989509893,0.9542949297183159,2.3798230319922755,3.765446633225866,12.686368557963759,0.2611793651057268,1.610037732848054,2.0683605427760745,8.582794517304725,0.21442865353093118,6.227402182461581,7.943069145384021,33.19705632869592,0.2894163434719903
oddball_flex,10,62.11144249095862,FT9,False,57.4296875,41.24684495881947,23.549318831871652,13.719783496034381,57.09362462846094,0.8403609996821456,5.648554332514936,7.519373105187929,13.694512484904989,0.4950792881937143,3.7082048376577683,5.691637161432742,8.990275114036022,0.3130719294811712,6.978572864983162,8.437666174321294,16.91904646755531,0.3043734848044429
oddball_flex,10,62.11144249095862,F3,True,57.4296875,19.973620488528724,7.657695977140022,8.840981201637403,38.33904815372856,0.6538772079113471,2.567216787583409,4.094625440418731,12.85303677947529,0.49161780396527294,1.5824685901741868,1.9933509862657692,7.922792921208413,0.5024613557091407,7.585875510655054,8.800057113592334,37.979471548544666,0.36819771426628467
oddball_flex,10,62.11144249095862,F7,False,57.4296875,23.220977053524813,11.474538637325741,10.597352326588268,49.414538461825714,0.63024964836458,3.359748456160505,5.263067630473167,14.468592120031031,0.6197424077537279,2.0204364025813057,3.0544518467587247,8.700910379111782,0.41326053883686403,5.660858497330953,7.528822991000316,24.378209772493904,0.19406562106253428
oddball_flex,10,62.11144249095862,Fp1,False,57.4296875,36.73897442938562,13.882071558815491,11.424542787580709,37.785680668625126,0.9438474122734231,3.2793356276909966,5.157858673539827,8.92604020287519,0.4771831082197816,2.2364516080830903,3.495595054284814,6.087408924224808,0.5121277031366503,16.747751369674706,12.239565049072866,45.585789015054914,0.3725741944289735
oddball_flex,10,62.11144249095862,Pz,True,57.4296875,13.234161071956725,5.013523936820211,7.001430927997323,37.88320173496982,0.5256617907055556,1.9321804288219313,2.860476787994525,14.599946444026848,0.4701294330678566,1.7835762750343411,2.5129168677120184,13.477063376640858,0.3925055643295791,4.071765548493616,6.097827634527551,30.767084716247815,0.37592222877495646
oddball_flex,10,62.11144249095862,Cz,True,57.4296875,14.080311820770243,7.244908280954819,8.600328917633913,51.45417497265694,0.3287407262080989,2.7142603761028234,4.336515067285395,19.276990528710776,0.6905358472792613,1.2753145143035294,1.0561730240305713,9.05743090449374,0.39258655167161555,2.2467829208803667,3.5156111388863183,15.95691167553603,0.19392857594451443
oddball_flex,10,62.11144249095862,O1,False,57.4296875,39.71201322335719,12.767108336977854,11.060925436610544,32.14923470429522,0.7958569452878693,4.562415201805058,6.5919480563321535,11.488753229769797,0.7904765817708111,6.0715516405775745,7.832996931883902,15.288954519703132,0.5046686437822375,15.173804565488194,11.810944861682328,38.20960795954687,0.452739793099507
oddball_flex,10,62.11144249095862,PO9,False,57.4296875,221.1129106460492,173.65318870059076,22.396827624372012,78.53597883235751,3.2192064854605738,22.03327412438611,13.430790377090817,9.964716243845347,1.0227563014826249,8.450449359567079,9.268798035285721,3.8217801642050206,0.4781011574092938,14.351123979319699,11.568859163243907,6.490405258285683,0.7605260168459824
oddball_flex,10,62.11144249095862,P3,True,57.4296875,10.249668793570617,4.052968143493476,6.077731901815232,39.54243034697677,0.5274273960096612,1.9580694788089332,2.9182809795127684,19.103734161997366,0.24836601587985005,1.3852571855491862,1.4153041159228605,13.51514096160967,0.5727366986004767,2.523966897023233,4.020836546392834,24.62486298685534,0.4412893135745366
oddball_flex,10,62.11144249095862,P7,False,57.4296875,19.717331634416574,6.155368334471925,7.892540460313352,31.218059566070995,0.7233293162049896,3.3832303090197056,5.293315628284422,17.158662093578027,0.41161429926000204,2.787012816886861,4.451389659470465,14.134837657353868,0.4119945301148717,6.745921393274169,8.290412762741482,34.21315580805657,0.3240264674111474
oddball_flex,10,62.11144249095862,CP1,False,57.4296875,22.841342721124445,13.10901143441226,11.175699422799067,57.391597308719525,0.8547102691370596,2.102391489241274,3.2271358980176017,9.204325310074314,0.5241811326535232,1.2164271800696906,0.8508611553523687,5.3255502310934535,0.3102468677073576,5.943443417636779,7.74038132521217,26.0205518134452,0.172033464385893
oddball_flex,10,62.11144249095862,CP5,False,57.4296875,8.714655086662459,2.9412546962129893,4.685326336095801,33.75067248174284,0.3860515870006939,1.494644958063427,1.7453804144564822,17.150936476544437,0.6616795593608642,1.0989190765178583,0.40965712518368563,12.610012279197644,0.438654932646026,2.8674726414063887,4.574992829837955,32.90402905096011,0.3600686981070426
oddball_flex,10,62.11144249095862,C4,True,57.4296875,9.51396889518167,3.5227218428320826,5.468783522665893,37.026837922669245,0.6299331431912949,1.9763212594408002,2.95857542408442,20.77283709054067,0.7136978529340501,1.0512653848627243,0.2171236458441778,11.04970382439589,0.29505617953867735,2.582064585027817,4.119671010482941,27.139720693595066,0.3155521228170121
oddball_flex,10,62.11144249095862,T8,False,57.4296875,21.4458991082363,6.533247381924829,8.151291030957978,30.463853946863594,0.6896277425448565,3.423233716222256,5.344365509639478,15.96218325445522,0.8188827981969001,2.7389232382293835,4.375798607751173,12.771314573505101,0.3512106017432271,7.994428913365663,9.027874451138372,37.277191658033125,0.204583437486417
oddball_flex,10,62.11144249095862,FC2,False,57.4296875,9.943732945826465,3.9967070445261665,6.017023159837711,40.19322588710153,0.6348726741906168,1.932418958274856,2.861012895440249,19.43353636710368,0.3512892534424159,0.9947666421724354,-0.02278786493514465,10.003955733645824,0.29678321973957456,2.56774656694973,4.095521572446753,25.822762748545575,0.3041406262000058
oddball_flex,10,62.11144249095862,FC6,False,57.4296875,37.7812054370026,25.6523080285645,14.091264462109995,67.89700786899945,0.6340770941802374,3.6149243166012983,5.580992091750855,9.568049178920246,0.850695410836731,1.8023563231016315,2.558406544893087,4.770510369519387,0.29224227730425706,5.98163823374377,7.7682014359336335,15.832311766012113,0.1471671037364281
oddball_flex,10,62.11144249095862,FT10,False,57.4296875,151.91564713425433,115.28475872245308,20.617718949767116,75.88734991897907,1.2262070953777706,17.494339324760055,12.42897545959886,11.515824508386265,0.9273377462962716,6.383389982505631,8.050513777333498,4.201930546933298,0.8376702162226696,10.193971002470416,10.083433938706019,6.710283762581461,0.44238614133390886
oddball_flex,10,62.11144249095862,F4,True,57.4296875,20.314059978961,8.31311698511984,9.197638920903135,40.92297154645415,0.9047451190920142,2.6191995966612343,4.181685951895012,12.893530881438295,0.571386622208618,1.6075557126587268,2.061660330929814,7.913512681973227,0.24618312217970634,7.1697896681490265,8.555064154583038,35.29471546098949,0.37050875715959675
oddball_flex,10,62.11144249095862,F8,False,57.4296875,16.823841491793043,8.812452600307969,9.45096794058456,52.38073958677531,1.0784120020028822,2.2958722737856045,3.609477233021204,13.646540089584,0.6138517153322175,1.663269293454935,2.2096256984086913,9.886382335843487,0.6469224110923192,3.5663443908332506,5.5222327933755615,21.198157344581343,0.6067562401016491
oddball_flex,10,62.11144249095862,Fp2,False,57.4296875,9.98939102394652,4.5188642150310265,6.5502929164128565,45.236633586556245,0.959339071422033,1.1844036163279397,0.7349972474636599,11.856614817546864,0.32760905782599625,0.8988331750286783,-0.4632090658446048,8.997877577061502,0.13895931098385608,3.093952377936908,4.905136247614142,30.972382305588997,0.2583438728839961
oddball_flex,10,62.11144249095862,Oz,False,57.4296875,66.35774031147645,44.68371159331256,16.501492400377227,67.33760279293989,0.753203663447526,6.33807458656359,8.019573456687962,9.551371937641813,0.4635672159133587,4.395409530488393,6.429993455179491,6.623808330206529,0.4802195153554589,9.42953961637252,9.744904894552674,14.210157808435344,0.22566898158385665
oddball_flex,10,62.11144249095862,Fz,True,57.4296875,17.29065321091828,8.34814709525653,9.215900927766715,48.28127077342022,0.9328774281882003,3.03381090758425,4.8198850843754935,17.545958909571635,0.3831217038129355,1.3397946461386079,1.2703823800418956,7.748664147012023,0.5664536065361172,3.913394796931844,5.925536632546372,22.6330072623324,0.4221696200366131
oddball_flex,10,62.11144249095862,O2,False,57.4296875,45.56929591265939,27.91100784355669,14.4577551878862,61.24959204340672,0.7716098072874155,4.800344831020414,6.8127243588190245,10.534165022477016,0.5771408104431198,3.804613689846406,5.803105662615728,8.349072799234241,0.4237720337067061,7.703153986371207,8.866685795128811,16.904263785719873,0.3060242135584135
oddball_flex,10,62.11144249095862,PO10,False,57.4296875,244.49173026711745,202.38105658654365,23.061698589337887,82.77623802058002,1.8721324396037091,18.67435218069781,12.712455449330527,7.63803019443451,2.695657885307672,8.332471789961827,9.20773852007377,3.4080791938681334,1.3180416959408527,12.505410556242863,10.970979543139341,5.1148603441843115,0.4843588227243426
oddball_flex,10,62.11144249095862,P4,True,57.4296875,11.564960316150303,5.000804194021585,6.990398501244036,43.240997438080555,0.538570964513333,2.031872473363934,3.07896446794784,17.569212671888316,0.7081053641045457,1.2842790466796132,1.0865939699323466,11.104915292153105,0.298733030125019,2.850915392787399,4.549843288525,24.65132015028306,0.4074687547856491
oddball_flex,10,62.11144249095862,P8,False,57.4296875,26.491122113494022,11.16194375767107,10.47739829881534,42.134658206816425,0.5719840930650836,3.441126620289528,5.367006532897202,12.989735223547552,0.5090677153172493,2.835457838477267,4.526231939768741,10.70342670397093,0.2675526849118017,8.248765636120595,9.163889646069672,31.13784912840233,0.5278135693650768
oddball_flex,10,62.11144249095862,CP2,False,57.4296875,23.303085581921103,5.152153891298202,7.119888266233914,22.109320558369845,0.7091346067148431,2.185556180854375,3.3956197473390572,9.37882742253654,0.8019041832590788,1.375077566409387,1.383271968669714,5.900839017971911,0.6277783804476529,14.240336172572935,11.53520241840872,61.10923003098272,0.2568753688745606
oddball_flex,10,62.11144249095862,CP6,False,57.4296875,15.13134001411373,3.7352507718872303,5.723197641677165,24.68552532956884,0.4840056771283276,2.0831534333404162,3.1872125880950004,13.767144426054523,0.45401618294831725,1.7566252235942499,2.4467911454792612,11.609184791008337,0.6918110941900542,7.047278290775942,8.480214217402079,46.57405282151221,0.25050485540712675
oddball_flex,11,63.11155690234736,C3,True,60.5,7.246662707255483,2.7455801744018333,4.386341301768534,37.88751160796971,0.3493892395878698,1.488662189034214,1.7279615773676609,20.542727724083804,0.40715377411483233,0.8656345351081308,-0.6266542540328317,11.945285299969083,0.6622969275568884,1.902351299835023,2.7929071948464705,26.25141222497297,0.2789278980009133
oddball_flex,11,63.11155690234736,T7,False,60.5,20.407640332079218,7.50690696065848,8.7546103332702,36.78478667059909,0.548344118974531,2.9707211682714623,4.7286189085990955,14.556906726750373,0.3431239912967312,2.209442979277528,3.4428279788533658,10.826548014982682,0.3554741003675716,7.04527109746974,8.478977091373457,34.52271297821299,0.34622749081218485
oddball_flex,11,63.11155690234736,FC1,False,60.5,17.843407420159068,10.851229815407855,10.354789613899156,60.81366389218007,3.356877347930259,2.580887227605987,4.117690283724498,14.464094031110674,0.2694622957134837,1.2113338384639774,0.8326384935477926,6.788691251287804,0.525455774354749,2.8134159826200187,4.492339502952961,15.767257432240697,0.18331838969298647
oddball_flex,11,63.11155690234736,FC5,False,60.5,18.225178932731836,8.171970511100572,9.123267907933265,44.83890414060065,1.427961230929737,2.2743347696910603,3.568543908393165,12.479080606481334,0.5220146193038305,1.4679050776420746,1.6669797275367935,8.054269771836172,0.5578618057254214,5.736626760188763,7.586565944765624,31.476381007628767,0.32207027651860126
oddball_flex,11,63.11155690234736,FT9,False,60.5,38.768361358100606,20.80991227593897,13.182702494496885,53.677564764007656,0.4692573166971907,5.501991640410658,7.4051992619792495,14.191963363086593,0.37145413286251094,3.841832428579347,5.845384180659057,9.90971063515585,0.6354235563039851,7.31153112000013,8.640083328179768,18.8595309780159,0.28591572584053326
oddball_flex,11,63.11155690234736,F3,True,60.5,17.719815211838032,6.0581045072696185,7.823367609973372,34.18830520999111,1.4108160475884248,2.275241845161704,3.570275664598805,12.840099165603538,0.6345131764937831,1.2520496436791155,0.9762154896104813,7.065816594084243,0.4676398519028704,7.714712797771341,8.873197628470232,43.5372079535987,0.1950556965337008
oddball_flex,11,63.11155690234736,F7,False,60.5,20.792219305696822,10.098134733633511,10.042411609408894,48.566892187726886,0.6662848404149336,2.684829987842584,4.289167899687142,12.912666745040402,0.6093131618693439,1.9650122933209426,2.933652717113179,9.450709731512655,0.4749026574519897,5.4542707306320795,7.367366909766229,26.232268188599157,0.17157742337633464
oddball_flex,11,63.11155690234736,Fp1,False,60.5,31.72320805601622,7.688418369479539,8.858370076746331,24.235942203271122,0.9318780012240994,2.9999616181079776,4.7711569833614815,9.456677940045358,0.7327722996209055,1.9558892733309252,2.913442648981421,6.16548386240526,0.7185918528281936,18.5479987838031,12.682970587469704,58.46823168404471,0.176565842280405
oddball_flex,11,63.11155690234736,Pz,True,60.5,14.52826912888286,6.0714101394982025,7.832895715822993,41.79031986286627,0.8723816396833186,2.1572558702269236,3.3390165944527714,14.848677781843955,0.5713814481384926,1.8339491744891558,2.6338729559530973,12.623314988315995,0.35225505564560444,4.036857190219001,6.060433858738051,27.78622253213595,0.20916221828138107
oddball_flex,11,63.11155690234736,Cz,True,60.5,11.061944512593962,4.979049580271858,6.971464509051585,45.010617930719484,0.5661801664800324,2.3390536947600853,3.69040191484379,21.14504996926251,0.42317775892791004,1.1343215195431096,0.5473617128714725,10.254268752222458,0.4861474349855881,2.234517999384092,3.4918385731891317,20.20004707888478,0.290396024599007
oddball_flex,11,63.11155690234736,O1,False,60.5,47.12774947664192,11.840580054225978,10.733729784155305,25.12443345102775,0.6777300202856631,6.089067069636256,7.845507577320574,12.92034340119339,0.37451860825573796,7.9538900564245045,9.005795836051844,16.877296592248094,0.5415110291577362,19.8419333559226,12.97583986613561,42.10244192915879,0.3073465438072691
oddball_flex,11,63.11155690234736,PO9,False,60.5,183.79070794004042,142.284245721899,21.531568159323644,77.41645228784775,6.164576849041189,13.933864394677968,11.440715796354926,7.581375876316734,0.976969303242962,9.62529068393761,9.83413854079115,5.237093208802346,1.2388515792411983,15.430730702675756,11.883864920142988,8.39581656528025,0.4592881943270899
oddball_flex,11,63.11155690234736,P3,True,60.5,11.980434335612946,4.221036211469141,6.254190779003858,35.23274777210473,0.43461677218228884,2.267267251350738,3.555027150740611,18.924750036908737,0.5009923425505157,1.7887246951364846,2.5254350290182295,14.930382697556594,0.4417574478307189,3.272061117723347,5.148214071148416,27.311706955371758,0.38380772979963346
oddball_flex,11,63.11155690234736,P7,False,60.5,22.27586041016325,6.754784002133099,8.296114661365081,30.32333601377418,1.0064654473252441,3.779597555814019,5.774455594684438,16.967234873179564,0.34567874473151267,3.186356457074031,5.032943586216822,14.304078039653506,0.6621724765994041,7.8570639820119315,8.952602897264887,35.27165208140371,0.23549051141802396
oddball_flex,11,63.11155690234736,CP1,False,60.5,19.376421300573295,10.04567739003978,10.019792269814802,51.84485429072785,1.8016847171651074,1.7628332698526201,2.4621123833042673,9.09782690264101,0.4068534390744103,1.0951631606894077,0.39478826489707386,5.652040403647731,0.2711831577192587,6.020971890755253,7.796665996837499,31.073704464596407,0.23526434970503815
oddball_flex,11,63.11155690234736,CP5,False,60.5,9.724560700110018,3.317706171968087,5.208379207047887,34.116771690576755,0.7574469240772356,1.680395878473225,2.2541160766806665,17.279915569391363,0.5980829412750172,1.2092921837665516,0.8253124582894764,12.435442803630917,0.46408057025718913,3.1551161428306425,4.990153506679736,32.44481925846735,0.2571377328704188
oddball_flex,11,63.11155690234736,C4,True,60.5,9.094243108022027,3.396410005318275,5.310201115775698,37.34681341784567,0.6998014813647536,1.7454310638555257,2.419027009426031,19.192702934407833,0.5221923509948402,1.0589764801592618,0.24886314545181604,11.64447076662311,0.34888686851470563,2.573273856356591,4.104860077321441,28.295635225395582,0.39722445518811417
oddball_flex,11,63.11155690234736,T8,False,60.5,19.16682010596071,4.805385845741745,6.8172826483470566,25.071377615983952,0.2975692941555146,3.035735875864225,4.822639830848959,15.838495165508117,0.6105907580429133,2.8512580164923342,4.5503651933283855,14.876009691381299,0.569459247033277,7.691408319000473,8.86005867652157,40.128765629769305,0.39548931360429135
oddball_flex,11,63.11155690234736,FC2,False,60.5,8.452899699692372,2.8639750991021784,4.56969237668803,33.88156964889111,0.22149258951640383,1.867684194833872,2.713034436093591,22.09518935734968,0.45617256236320464,0.9700164596426168,-0.13220896381884717,11.475546783997908,0.5136462674790703,2.471351095681137,3.9293444839089684,29.236725661977008,0.22538355238721672
oddball_flex,11,63.11155690234736,FC6,False,60.5,28.653687185201683,17.586949766234866,12.451905231094074,61.37761486876886,0.8975425981700069,2.9395638629264123,4.6828289980839966,10.258937510997058,0.5707261352850247,1.6587810175022646,2.197890568094208,5.789066540654318,0.7442540760178081,5.829433857361424,7.656263790192476,20.344445793950246,0.3465264228957342
oddball_flex,11,63.11155690234736,FT10,False,60.5,154.1999964142563,130.09276941762892,21.142531590574386,84.36625969052318,1.0366608325268254,7.735033656627293,8.884622077387752,5.016234654018554,0.49305489174887474,5.5154042332319255,7.415773481140995,3.57678622664482,0.4213763691691132,9.15229191697432,9.615298637117633,5.9353386055774,0.4792306973071452
oddball_flex,11,63.11155690234736,F4,True,60.5,18.012144392509,5.695635385663499,7.555421795292987,31.62108442808306,0.25672365673226943,2.4813438291313936,3.946869467584948,13.775949021169017,0.5021788883474143,1.4901473471845796,1.7322921398629036,8.27301466561811,0.4855828835188832,7.943889337795359,9.000331855981532,44.10296278270516,0.41302210972885006
oddball_flex,11,63.11155690234736,F8,False,60.5,14.018573912361822,6.810660085473944,8.331892055378141,48.58311642861322,0.5742219159123144,1.9566063561942864,2.915034600327063,13.957242501456706,0.3462068983067065,1.4943816704729624,1.7446153202489136,10.660012065529653,0.507729346602386,3.311194032647365,5.199846307185503,23.620049038850496,0.29870014359905245
oddball_flex,11,63.11155690234736,Fp2,False,60.5,8.629474393394798,3.4170169992639416,5.33647139368901,39.59704662753744,0.7485129176742936,1.1207416620654942,0.49505516547496,12.987368766321808,0.5875948828691702,0.8401196237613845,-0.7565887079453875,9.735466906355638,0.3232555853493272,3.030885866826253,4.815695825765232,35.122485201951164,0.36257691032261113
oddball_flex,11,63.11155690234736,Oz,False,60.5,44.683701191100454,22.24013430837983,13.471374056263915,49.772363782634336,0.6544159290553455,6.768673315052059,8.305035537051825,15.147969247453833,0.4282399398976344,5.164374953076816,7.130177661545474,11.557625745884705,0.46719254004852984,9.376224612518751,9.720280025572325,20.983545146403834,0.31710492707919435
oddball_flex,11,63.11155690234736,Fz,True,60.5,14.371684338997754,5.622517889700647,7.499308459459826,39.12219164488515,0.768662908221694,2.882523134536232,4.597728015386736,20.056961080855828,0.5527134219010358,1.1845679458112603,0.7355997653585576,8.24237380859333,0.47017856144957454,4.258795209610709,6.292867568912247,29.633236502797466,0.3931257924011154
oddball_flex,11,63.11155690234736,O2,False,60.5,43.9225980794631,22.79939537609954,13.579233299695176,51.9081210425024,0.9626738730184973,6.437481237436506,8.087159762644449,14.656421794061588,0.5186857904130492,4.419362873132019,6.4535966287224795,10.061706425327287,0.7332084356685462,8.975976142834126,9.530816896062415,20.435895268752386,0.28397002723207976
oddball_flex,11,63.11155690234736,PO10,False,60.5,181.302404089038,138.3656972988517,21.41028436072244,76.31762964979771,1.5940970371894294,16.47098241081449,12.167195034121052,9.08481191607672,1.457899779295772,8.901769192046299,9.49476329564548,4.9099013533624305,0.8095315970975143,13.634045124965,11.346247270609167,7.5200575488614545,0.7364380384774986
oddball_flex,11,63.11155690234736,P4,True,60.5,11.773088988233326,4.8785808830599136,6.882935096488991,41.43840998684233,1.2558753392958406,2.0860554478587887,3.1932584789639273,17.718845495381096,0.3431051144935266,1.4296494350974254,1.5522955699816876,12.14336727197336,0.6169190926566726,3.00867762632216,4.783756564639888,25.55554985891297,0.26864524611109797
oddball_flex,11,63.11155690234736,P8,False,60.5,24.705466705191913,9.431068821706331,9.74560914059204,38.17401603558604,0.9116648175531142,3.622516786003738,5.590104065799013,14.662814628158625,0.46125008671082784,2.6616367966864645,4.251487919513202,10.773473047271416,0.6676212235107182,8.292984755287618,9.187108670342504,33.5674077897295,0.27282261996450213
oddball_flex,11,63.11155690234736,CP2,False,60.5,21.66485157450093,4.1673770416435225,6.19862794841135,19.235659322718078,0.5181767516245105,1.6054850778913459,2.056062733908031,7.410551936487614,0.7083530719929685,1.25379902467326,0.9822792766661371,5.78724954732187,0.7092426813172125,14.280060834242743,11.547300575745854,65.91349488426715,0.12029764962436224
oddball_flex,11,63.11155690234736,CP6,False,60.5,15.529750902316358,3.7606847772111065,5.752669321314858,24.21600192344474,0.40513172966689703,1.8471175842018288,2.6649454273021878,11.894058029780243,0.4308674863855861,1.5757631929916465,1.9749095191980792,10.146738366270974,0.41984775105826816,7.904085584234837,8.978516340795334,50.89640931108491,0.18320724893209256
oddball_flex,12,64.11166971949109,C3,True,59.6953125,7.373426001992856,2.5983461690072063,4.146970101991297,35.239333361519286,0.510819859950061,1.7107743230494674,2.3319272332336762,23.201891801546353,0.33514928444681497,0.8793731549215893,-0.5582679644587059,11.926249136885843,0.30702946091192174,1.9293917477298401,2.854204166558232,26.166828652086195,0.09092442797779171
oddball_flex,12,64.11166971949109,T7,False,59.6953125,22.522956478649075,7.067026267676778,8.492367055620518,31.376992067520337,0.41414452157376747,3.098055773277368,4.91089231954035,13.75510260482104,0.3758829080398342,3.491696939674117,5.4303654226752744,15.502835708909332,0.36777521583000067,8.22604457070398,9.151910582923335,36.52293418273913,0.20330975453047456
oddball_flex,12,64.11166971949109,FC1,False,59.6953125,19.366403955088803,11.92219981707846,10.763563963667472,61.56124722342028,0.8417587482471343,2.7600675433266213,4.409197100851875,14.251832966653438,0.6631780951769809,1.1454098439478988,0.5896091123224456,5.914416773522509,0.46170689814254606,3.0565306219099884,4.852287511350958,15.782644155301947,0.0982988534137098
oddball_flex,12,64.11166971949109,FC5,False,59.6953125,18.17181397195972,7.241753071245052,8.598437121926741,39.85156948238379,0.9119809731621475,2.1999134668369056,3.424055982702326,12.106185272595868,0.37269643113905043,1.825981406760296,2.614963509734631,10.048426698500784,0.30247712021416384,6.54675622841364,8.160261700611732,36.02698243838346,0.21262340115888712
oddball_flex,12,64.11166971949109,FT9,False,59.6953125,41.06370291555934,22.448133252323192,13.511802316679313,54.66660738921679,0.6501005883079237,5.412499548157415,7.333978731059485,13.18073910501281,0.44251829384837577,4.410853413772603,6.445226250766379,10.741489686993859,0.4316079934118855,7.679697255870485,8.853440998887509,18.7019112028511,0.26681378917645143
oddball_flex,12,64.11166971949109,F3,True,59.6953125,20.008626594580154,6.566040455623987,8.17303554238605,32.81604774114064,0.9883503966908762,2.4827900765662196,3.9494000089043975,12.408598185538365,0.47649343585257514,1.5957336313548158,2.0296039823814875,7.975228203754179,0.49324452884016384,8.949852452291871,9.518158755747208,44.729968896096885,0.3025039261416825
oddball_flex,12,64.11166971949109,F7,False,59.6953125,25.77735179117425,12.718638146082066,11.04440611524247,49.3403598985553,0.6098246614419451,3.378383830801147,5.287089898558037,13.106015925025513,0.5671367368880176,2.3461013598359095,3.7034677123496595,9.10140567907048,0.28269220339628315,6.52458514344512,8.145529028853577,25.311308920720986,0.2471295243523797
oddball_flex,12,64.11166971949109,Fp1,False,59.6953125,39.73425706635851,14.299201662917046,11.55311791096649,35.98708700916831,1.3610532794888361,3.5388284375780144,5.488595085490068,8.906240354935958,0.7492719620464768,2.3272138453911455,3.668362920131037,5.8569456615347395,0.39948775049462915,18.786782119489157,12.738523986514565,47.281070558621856,0.3834668452619447
oddball_flex,12,64.11166971949109,Pz,True,59.6953125,11.875904238584164,3.667773121722833,5.644024635761644,30.8841587809915,0.4953887037685966,2.37918598230034,3.7642839240705457,20.033724881095743,0.5138453557468098,1.6546618327640634,2.187092493679324,13.93293343834954,0.2783113870099647,3.8146864872017994,5.81458850947993,32.12122976546149,0.2729587697512397
oddball_flex,12,64.11166971949109,Cz,True,59.6953125,11.248924122934596,4.85016096423637,6.857561519465171,43.116665302664245,0.3963430758623174,2.315210535468111,3.6459049005573907,20.58161749662619,0.47110643797976537,1.2939430744931144,1.119151704769403,11.50281627249125,0.5466617104217792,2.3641345731219876,3.7367219416389297,21.016539424440857,0.22025196650524995
oddball_flex,12,64.11166971949109,O1,False,59.6953125,45.538322621279825,8.85623942407338,9.47249348966913,19.447882386284697,0.6993771603646443,6.626403579502248,8.212778829515052,14.55126846592668,0.6137377302597187,7.206096599241047,8.57700079634475,15.824246885794768,0.3522395849858774,21.468655208625737,13.318048411868453,47.14415018570215,0.35916835056964413
oddball_flex,12,64.11166971949109,PO9,False,59.6953125,118.60094830943216,83.5930931496673,19.221703954904022,70.48265156495319,0.7337403641263949,12.55031562841924,10.986546480447167,10.581969037612772,0.5942935008737427,7.2286866198805395,8.590593974946959,6.094965278878511,0.42770017881711087,13.618017448685507,11.341138863016411,11.482216325248798,0.21078106636803456
oddball_flex,12,64.11166971949109,P3,True,59.6953125,11.45089313997909,3.814937637150177,5.814874429297138,33.31563390309608,0.609780170202028,2.5926625765602074,4.137459989624136,22.641575158083622,0.5018171092437207,1.5460856662673577,1.89233553849098,13.501878389463172,0.3545560554077707,3.150537781903788,4.983846921320514,27.513467669208737,0.2806125522614267
oddball_flex,12,64.11166971949109,P7,False,59.6953125,24.756553908659452,8.45570175389914,9.27149656309761,34.15540702917246,0.6918207491221651,4.450021269502091,6.4836208675740705,17.975124025422392,0.4567770111426909,3.2756307431366762,5.1529493849231045,13.231367965114533,0.45284021271390634,7.729391196001963,8.881452881447995,31.221595802549658,0.2790760100280384
oddball_flex,12,64.11166971949109,CP1,False,59.6953125,16.18471448750265,7.028410881916823,8.468571424836394,43.426227180862234,0.3753281401386821,1.7239847637173826,2.3653342328526854,10.651931889491111,0.4682669976342715,0.9908287226670591,-0.04001412345582204,6.122003100098845,0.38103783571269895,6.162403060665427,7.89750100553162,38.075451163651046,0.1280217807646027
oddball_flex,12,64.11166971949109,CP5,False,59.6953125,9.303084934498543,2.341672243778735,3.6952610820881953,25.17092190672294,0.45606765374816566,1.9159555915659308,2.823854386875277,20.59484144298211,0.4142124803599116,1.628317964994676,2.117392144101519,17.502989346645645,0.38107355438481066,3.1440746557855253,4.9749284977537185,33.796043763143366,0.2434095669017985
oddball_flex,12,64.11166971949109,C4,True,59.6953125,9.146322727355019,2.9598721229002343,4.712729483837842,32.36133483512215,0.8303426646538739,1.9732417403357734,2.9518029359619002,21.57415388847104,0.5282833317632923,1.2726298781296137,1.0470211515550871,13.914115170279363,0.4324395593926213,2.619718888078217,4.182546913554525,28.642318516086313,0.2599120720133882
oddball_flex,12,64.11166971949109,T8,False,59.6953125,23.11233773755819,6.109607006007057,7.860132756088902,26.434396534794384,0.512171640126919,3.714813861194689,5.699370573748474,16.072860752454364,0.3609728081437373,3.3327653124694545,5.228047324759993,14.419853804116139,0.42825757289063754,9.23582176088459,9.654755430182856,39.960569396994075,0.2046284060611551
oddball_flex,12,64.11166971949109,FC2,False,59.6953125,8.888459890948933,2.946758209133587,4.693445020708013,33.15262987386885,0.49115319170236327,1.7632245548519154,2.463076252447606,19.837233631974833,0.6682455242525728,1.1416292264509456,0.5752507847020022,12.843948675669449,0.3501162634941657,2.7245774086816787,4.352991512695763,30.65297522978193,0.24181440534048382
oddball_flex,12,64.11166971949109,FC6,False,59.6953125,31.691728533775446,18.735464725958305,12.72664470070123,59.11783797463427,0.7037614812821748,3.527010535135596,5.474067569015192,11.12912011529029,0.4347421683554789,1.9471588361246315,2.8940137978857203,6.144060063020696,0.21456528710782258,6.834088019692526,8.346805679980957,21.56426403946096,0.16772874285466716
oddball_flex,12,64.11166971949109,FT10,False,59.6953125,100.36088723220362,72.33692600554004,18.593600492528456,72.07681000086724,1.3279099725548258,10.184553074376762,10.079419757425956,10.147930488909388,0.6726234917828936,6.057125793979169,7.822665931554122,6.03534500443871,0.9020283850643411,9.903917198523867,9.958070007820101,9.868303750254128,0.36843302366647424
oddball_flex,12,64.11166971949109,F4,True,59.6953125,22.01915496275989,8.457135800701547,9.272233043433992,38.408085210375965,1.464591901830635,2.829868492184621,4.517662537413971,12.851848751555922,0.5462334965010273,1.9657419372559939,2.9352650302714087,8.92741769872901,0.4225167204511314,8.166713715344338,9.120473316353479,37.089133207683815,0.23832803160482677
oddball_flex,12,64.11166971949109,F8,False,59.6953125,16.9825859785683,8.025427046959518,9.044681512580324,47.256802097674964,1.0022947469128056,2.6507521514152192,4.233691225634355,15.608648498882433,0.653066365795096,1.827865620483499,2.6194426446800616,10.763176013301102,0.718929753170409,3.9818238229186607,6.000820406168293,23.446510607652137,0.32806275270207014
oddball_flex,12,64.11166971949109,Fp2,False,59.6953125,9.7275279387473,4.014808142733209,6.036647963038321,41.272645712392894,0.44498754110247074,1.2934265841112003,1.1174178286295564,13.296559950849819,0.5121576813441118,0.9422437825977612,-0.25836719564101823,9.686364187601626,0.552054337203413,3.283203842189019,5.162978473317271,33.75167733120719,0.21409111929221628
oddball_flex,12,64.11166971949109,Oz,False,59.6953125,35.49894294731726,12.68073172125573,11.031443145342719,35.72143469194213,0.7366704902101227,6.896869187170553,8.386519888091884,19.428379029217734,0.7771541434909673,4.431212231780521,6.465225509532716,12.482659662167205,0.360611890908879,10.34891487344147,10.148948146062033,29.152740938793396,0.20100310270191094
oddball_flex,12,64.11166971949109,Fz,True,59.6953125,15.734031569109375,6.393955620064952,8.05769617542834,40.63774495418076,1.3203826841776316,2.684967654226096,4.289390581265485,17.064715056867517,0.6909968764973498,1.5851992626330529,2.0008386164696734,10.074971921025472,0.6664306509694388,4.629769863204883,6.655594036261067,29.42519749543728,0.42390769079085766
oddball_flex,12,64.11166971949109,O2,False,59.6953125,43.78550906950456,20.846277242691894,13.190285093188619,47.60999172032185,2.52483532296827,6.3030086881352565,7.995479057622324,14.395193346113528,0.40865892413318505,4.771917936876589,6.786929664593035,10.89839546983845,0.3162415946276909,10.744539977493437,10.311878261082487,24.53903176148458,0.2643771692390725
oddball_flex,12,64.11166971949109,PO10,False,59.6953125,160.19800548192276,131.83533692394383,21.20031833430599,82.29524239539957,1.039960441818429,9.461089091643851,9.759411320959563,5.905871963375643,1.414343181702684,4.880773451074737,6.884886496496522,3.046712995203613,0.31606277775460245,12.636331291994292,11.016210034628473,7.887945454739269,0.30363667731707816
oddball_flex,12,64.11166971949109,P4,True,59.6953125,17.709378078658244,10.351065468830864,10.149850554371934,58.44962721364586,0.5902311927499309,2.219074276708374,3.461718391516597,12.530503707426089,0.38663289590836414,1.5878343709878893,2.008051986467959,8.966065120612027,0.33151967660675263,3.2271755956408743,5.088225966846989,18.22297531458757,0.2696637172778841
oddball_flex,12,64.11166971949109,P8,False,59.6953125,22.535504744315894,7.1366810237227,8.534962862577194,31.66860962154743,0.46091556477992685,3.0505482839337197,4.843779033752925,13.536631722008163,0.5126540895721954,2.8263568425707617,4.512269929604466,12.541795156745494,0.33375892595799594,9.006813832603703,9.5457118613573,39.96721588796666,0.2345244133463297
oddball_flex,12,64.11166971949109,CP2,False,59.6953125,21.689583031594996,2.9849300201123556,4.749341538120194,13.762044276112817,0.6356049783578744,1.4875278222400108,1.7246509738029236,6.858259193241032,0.304602417711925,1.4072220530545647,1.4836263247900967,6.4880087874657555,0.40308832570792685,15.51871945520478,11.908558820972496,71.5491829999628,0.19319727546244783
oddball_flex,12,64.11166971949109,CP6,False,59.6953125,17.90273227985249,4.393746245588839,6.428349712638715,24.542322238340713,0.46647285256087334,2.1888014173547075,3.402063612667807,12.226074674746474,0.46595559977162393,1.930804699471223,2.8573834719654885,10.784972200272056,0.5448105199292285,8.951579686448797,9.51899682083588,50.001192815259785,0.1656052453620316
