byte_0,byte_1,byte_2,byte_3,byte_4,byte_5,byte_6,byte_7,byte_8,byte_9,byte_10,byte_11,byte_12,byte_13,byte_14,byte_15,byte_16,byte_17,byte_18,byte_19,byte_20,byte_21,byte_22,byte_23,byte_24,byte_25,byte_26,byte_27,byte_28,byte_29,byte_30,byte_31
20,16,22,130,125,131,206,130,44,132,62,132,139,132,177,132,0,0,107,141,104,138,178,137,144,130,21,131,23,136,139,171
21,16,238,129,117,131,180,130,31,132,79,132,145,132,205,132,0,0,105,141,122,138,153,137,156,130,28,131,19,136,119,171
22,16,235,129,136,131,180,130,1,132,40,132,156,132,214,132,0,0,91,141,122,138,146,137,172,130,38,131,16,136,120,171
23,16,1,130,162,131,211,130,254,131,15,132,160,132,222,132,0,0,85,141,113,138,122,137,156,130,28,131,33,136,129,171
24,16,249,129,141,131,188,130,13,132,62,132,145,132,212,132,0,0,91,141,124,138,153,137,141,130,29,131,34,136,129,171
25,16,235,129,115,131,155,130,26,132,69,132,125,132,192,132,0,0,104,141,124,138,188,137,158,130,39,131,16,136,130,171
26,16,4,130,130,131,182,130,34,132,32,132,143,132,197,132,0,0,100,141,110,138,119,137,159,130,34,131,15,136,127,171
27,16,17,130,144,131,193,130,49,132,50,132,161,132,218,132,0,0,67,141,119,138,80,137,136,130,35,131,25,136,130,171
28,16,245,129,115,131,175,130,54,132,50,132,144,132,218,132,0,0,65,141,131,138,140,137,134,130,31,131,22,136,128,171
29,16,232,129,93,131,176,130,15,132,16,132,144,132,200,132,0,0,107,141,105,138,129,137,151,130,34,131,14,136,107,171
30,16,251,129,111,131,183,130,250,131,42,132,170,132,199,132,0,0,98,141,100,138,80,137,147,130,55,131,23,136,111,171
31,16,246,129,141,131,183,130,10,132,100,132,171,132,217,132,0,0,71,141,131,138,130,137,134,130,64,131,37,136,124,171
32,16,229,129,148,131,181,130,9,132,78,132,148,132,217,132,0,0,78,141,133,138,190,137,141,130,51,131,32,136,117,171
33,16,6,130,135,131,188,130,11,132,32,132,131,132,199,132,0,0,86,141,121,138,189,137,154,130,41,131,22,136,119,171
34,16,12,130,129,131,178,130,10,132,46,132,147,132,201,132,0,0,91,141,123,138,165,137,141,130,28,131,19,136,119,171
35,16,251,129,140,131,169,130,10,132,54,132,167,132,209,132,0,0,103,141,116,138,152,137,139,130,11,131,6,136,111,171
36,16,10,130,119,131,176,130,22,132,30,132,146,132,206,132,0,0,117,141,110,138,123,137,159,130,12,131,8,136,120,171
37,16,11,130,86,131,171,130,27,132,23,132,132,132,197,132,0,0,107,141,117,138,104,137,159,130,24,131,38,136,142,171
38,16,6,130,106,131,174,130,31,132,35,132,161,132,194,132,0,0,77,141,122,138,102,137,149,130,23,131,45,136,154,171
39,16,19,130,135,131,196,130,25,132,54,132,170,132,208,132,0,0,85,141,124,138,102,137,139,130,17,131,22,136,134,171
40,16,13,130,124,131,222,130,9,132,54,132,136,132,216,132,0,0,117,141,116,138,149,137,139,130,24,131,27,136,116,171
41,16,7,130,137,131,211,130,3,132,47,132,136,132,206,132,0,0,101,141,104,138,198,137,144,130,29,131,46,136,127,171
42,16,7,130,155,131,189,130,10,132,42,132,164,132,211,132,0,0,70,141,124,138,184,137,142,130,31,131,38,136,133,171
43,16,7,130,140,131,205,130,15,132,50,132,143,132,226,132,0,0,98,141,140,138,164,137,147,130,49,131,24,136,121,171
44,16,14,130,122,131,199,130,5,132,67,132,122,132,201,132,0,0,138,141,122,138,182,137,145,130,45,131,23,136,131,171
45,16,13,130,116,131,177,130,255,131,52,132,148,132,192,132,0,0,125,141,118,138,184,137,143,130,40,131,35,136,141,171
46,16,253,129,122,131,201,130,26,132,21,132,153,132,212,132,0,0,86,141,122,138,180,137,150,130,50,131,41,136,121,171
47,16,246,129,150,131,206,130,37,132,38,132,133,132,201,132,0,0,73,141,118,138,201,137,155,130,32,131,31,136,115,171
48,16,254,129,151,131,177,130,3,132,55,132,139,132,188,132,0,0,90,141,129,138,149,137,145,130,14,131,27,136,142,171
49,16,13,130,113,131,197,130,1,132,33,132,142,132,206,132,0,0,101,141,136,138,117,137,156,130,26,131,31,136,160,171
50,16,18,130,114,131,225,130,27,132,35,132,133,132,223,132,0,0,93,141,120,138,168,137,175,130,23,131,28,136,141,171
51,16,11,130,136,131,206,130,12,132,51,132,140,132,226,132,0,0,92,141,103,138,150,137,157,130,21,131,23,136,120,171
52,16,20,130,114,131,199,130,234,131,37,132,148,132,221,132,0,0,118,141,112,138,116,137,127,130,38,131,29,136,119,171
53,16,34,130,108,131,222,130,245,131,31,132,131,132,183,132,0,0,116,141,131,138,172,137,143,130,19,131,20,136,122,171
54,16,20,130,136,131,223,130,22,132,33,132,133,132,166,132,0,0,82,141,113,138,162,137,173,130,9,131,11,136,126,171
55,16,12,130,140,131,181,130,15,132,32,132,154,132,199,132,0,0,86,141,91,138,75,137,156,130,53,131,29,136,130,171
56,16,29,130,117,131,168,130,255,131,39,132,159,132,209,132,0,0,100,141,119,138,121,137,145,130,51,131,40,136,114,171
57,16,13,130,105,131,176,130,14,132,47,132,145,132,203,132,0,0,96,141,147,138,198,137,165,130,16,131,18,136,96,171
58,16,247,129,111,131,190,130,29,132,42,132,143,132,219,132,0,0,95,141,117,138,172,137,162,130,38,131,11,136,120,171
59,16,17,130,132,131,194,130,15,132,42,132,149,132,224,132,0,0,87,141,98,138,172,137,147,130,52,131,33,136,139,171
60,16,37,130,142,131,183,130,9,132,52,132,143,132,203,132,0,0,74,141,122,138,186,137,155,130,22,131,26,136,139,171
61,16,24,130,117,131,215,130,25,132,51,132,138,132,203,132,0,0,81,141,127,138,136,137,163,130,26,131,17,136,135,171
62,16,4,130,104,131,247,130,12,132,50,132,147,132,216,132,0,0,95,141,95,138,114,137,141,130,42,131,23,136,117,171
63,16,0,130,123,131,221,130,253,131,58,132,165,132,221,132,0,0,85,141,90,138,169,137,134,130,25,131,30,136,115,171
64,16,11,130,150,131,188,130,19,132,53,132,169,132,222,132,0,0,96,141,122,138,163,137,144,130,11,131,51,136,136,171
65,16,11,130,149,131,176,130,41,132,44,132,145,132,220,132,0,0,121,141,131,138,84,137,153,130,21,131,61,136,132,171
66,16,12,130,130,131,178,130,42,132,40,132,137,132,209,132,0,0,103,141,115,138,107,137,161,130,35,131,40,136,114,171
67,16,30,130,135,131,180,130,26,132,49,132,154,132,214,132,0,0,78,141,124,138,190,137,142,130,34,131,14,136,129,171
68,16,31,130,141,131,177,130,7,132,78,132,168,132,218,132,0,0,88,141,136,138,185,137,126,130,29,131,30,136,137,171
69,16,15,130,135,131,180,130,253,131,88,132,161,132,168,132,0,0,93,141,119,138,158,137,142,130,26,131,40,136,122,171
70,16,19,130,131,131,185,130,13,132,42,132,164,132,140,132,0,0,85,141,105,138,197,137,151,130,28,131,26,136,125,171
71,16,21,130,138,131,185,130,24,132,19,132,174,132,187,132,0,0,87,141,111,138,181,137,129,130,32,131,25,136,130,171
72,16,255,129,142,131,198,130,11,132,48,132,155,132,215,132,0,0,97,141,126,138,102,137,127,130,32,131,35,136,119,171
73,16,242,129,135,131,207,130,22,132,48,132,140,132,186,132,0,0,99,141,139,138,138,137,147,130,38,131,39,136,109,171
74,16,247,129,127,131,193,130,37,132,45,132,147,132,191,132,0,0,81,141,127,138,213,137,149,130,44,131,32,136,130,171
75,16,245,129,114,131,185,130,17,132,55,132,155,132,226,132,0,0,80,141,127,138,178,137,159,130,31,131,27,136,141,171
76,16,17,130,136,131,189,130,7,132,40,132,132,132,208,132,0,0,104,141,127,138,140,137,172,130,17,131,14,136,125,171
77,16,49,130,160,131,201,130,36,132,53,132,130,132,198,132,0,0,104,141,105,138,177,137,163,130,34,131,4,136,133,171
78,16,18,130,143,131,197,130,61,132,85,132,161,132,223,132,0,0,93,141,107,138,187,137,163,130,39,131,19,136,142,171
79,16,8,130,119,131,204,130,41,132,54,132,157,132,220,132,0,0,107,141,123,138,143,137,168,130,19,131,32,136,125,171
80,16,27,130,114,131,221,130,14,132,55,132,140,132,195,132,0,0,117,141,116,138,106,137,150,130,15,131,22,136,118,171
81,16,12,130,114,131,219,130,28,132,104,132,131,132,195,132,0,0,88,141,118,138,93,137,138,130,24,131,17,136,133,171
82,16,2,130,105,131,197,130,42,132,70,132,130,132,208,132,0,0,72,141,139,138,131,137,148,130,25,131,29,136,142,171
83,16,7,130,99,131,182,130,18,132,30,132,134,132,214,132,0,0,93,141,128,138,172,137,127,130,34,131,26,136,120,171
84,16,20,130,113,131,200,130,255,131,57,132,135,132,213,132,0,0,92,141,104,138,175,137,114,130,42,131,22,136,120,171
85,16,21,130,134,131,212,130,254,131,63,132,142,132,195,132,0,0,83,141,118,138,191,137,132,130,33,131,26,136,147,171
86,16,5,130,126,131,195,130,3,132,52,132,146,132,190,132,0,0,86,141,129,138,178,137,141,130,41,131,23,136,138,171
87,16,252,129,111,131,186,130,6,132,60,132,143,132,209,132,0,0,74,141,121,138,128,137,153,130,52,131,27,136,127,171
88,16,0,130,126,131,195,130,5,132,40,132,147,132,197,132,0,0,91,141,106,138,134,137,182,130,27,131,42,136,145,171
89,16,9,130,137,131,213,130,20,132,23,132,157,132,182,132,0,0,115,141,100,138,182,137,178,130,19,131,38,136,145,171
90,16,23,130,123,131,214,130,55,132,39,132,150,132,190,132,0,0,88,141,113,138,193,137,133,130,34,131,25,136,130,171
91,16,27,130,116,131,209,130,65,132,48,132,139,132,195,132,0,0,76,141,130,138,168,137,115,130,21,131,16,136,142,171
92,16,15,130,145,131,215,130,41,132,50,132,143,132,206,132,0,0,100,141,124,138,157,137,143,130,13,131,19,136,134,171
93,16,1,130,144,131,217,130,15,132,52,132,144,132,211,132,0,0,89,141,111,138,179,137,167,130,26,131,28,136,109,171
94,16,253,129,107,131,203,130,25,132,63,132,137,132,197,132,0,0,73,141,111,138,164,137,151,130,24,131,35,136,128,171
95,16,3,130,108,131,190,130,41,132,38,132,149,132,205,132,0,0,75,141,116,138,121,137,127,130,28,131,40,136,137,171
96,16,9,130,135,131,190,130,25,132,14,132,149,132,224,132,0,0,68,141,122,138,138,137,136,130,41,131,24,136,124,171
97,16,10,130,145,131,188,130,22,132,70,132,117,132,211,132,0,0,88,141,119,138,205,137,164,130,42,131,13,136,131,171
98,16,13,130,141,131,177,130,37,132,102,132,111,132,200,132,0,0,122,141,111,138,202,137,169,130,32,131,41,136,137,171
99,16,21,130,142,131,201,130,35,132,49,132,142,132,208,132,0,0,114,141,115,138,131,137,157,130,19,131,54,136,133,171
100,16,25,130,127,131,220,130,16,132,25,132,151,132,210,132,0,0,94,141,109,138,98,137,146,130,22,131,24,136,137,171
101,16,7,130,125,131,185,130,255,131,58,132,137,132,211,132,0,0,91,141,101,138,143,137,137,130,39,131,9,136,131,171
102,16,251,129,148,131,178,130,3,132,51,132,143,132,218,132,0,0,87,141,114,138,206,137,141,130,42,131,23,136,118,171
103,16,6,130,157,131,211,130,25,132,22,132,150,132,217,132,0,0,78,141,116,138,195,137,139,130,27,131,23,136,124,171
104,16,22,130,157,131,220,130,30,132,45,132,144,132,201,132,0,0,84,141,103,138,175,137,141,130,22,131,34,136,123,171
105,16,25,130,141,131,210,130,17,132,56,132,148,132,180,132,0,0,95,141,109,138,189,137,163,130,26,131,48,136,124,171
106,16,20,130,116,131,202,130,28,132,21,132,145,132,185,132,0,0,107,141,122,138,187,137,164,130,41,131,28,136,134,171
107,16,14,130,111,131,217,130,53,132,9,132,126,132,199,132,0,0,105,141,113,138,182,137,142,130,59,131,14,136,125,171
108,16,6,130,136,131,217,130,40,132,42,132,128,132,209,132,0,0,83,141,115,138,177,137,135,130,48,131,26,136,118,171
109,16,2,130,146,131,196,130,6,132,57,132,149,132,210,132,0,0,70,141,128,138,174,137,154,130,24,131,41,136,129,171
110,16,3,130,134,131,224,130,11,132,43,132,133,132,176,132,0,0,73,141,120,138,185,137,149,130,22,131,45,136,143,171
111,16,1,130,143,131,240,130,11,132,45,132,123,132,162,132,0,0,86,141,104,138,187,137,123,130,20,131,32,136,146,171
112,16,15,130,153,131,208,130,248,131,47,132,146,132,207,132,0,0,71,141,99,138,160,137,135,130,13,131,30,136,143,171
113,16,28,130,158,131,207,130,6,132,39,132,147,132,220,132,0,0,67,141,104,138,112,137,153,130,23,131,47,136,132,171
114,16,9,130,151,131,219,130,23,132,42,132,139,132,196,132,0,0,89,141,108,138,90,137,141,130,47,131,40,136,119,171
115,16,5,130,134,131,195,130,6,132,39,132,149,132,213,132,0,0,93,141,111,138,138,137,143,130,41,131,16,136,121,171
116,16,19,130,123,131,188,130,0,132,32,132,138,132,250,132,0,0,89,141,123,138,199,137,144,130,19,131,21,136,130,171
117,16,20,130,119,131,240,130,24,132,36,132,108,132,216,132,0,0,85,141,132,138,156,137,114,130,38,131,36,136,134,171
118,16,10,130,123,131,240,130,35,132,46,132,111,132,181,132,0,0,76,141,123,138,103,137,122,130,59,131,35,136,135,171
119,16,14,130,129,131,186,130,8,132,49,132,139,132,208,132,0,0,67,141,109,138,151,137,153,130,24,131,41,136,135,171
120,16,28,130,142,131,211,130,254,131,55,132,138,132,228,132,0,0,68,141,107,138,201,137,136,130,2,131,57,136,147,171
121,16,30,130,141,131,246,130,23,132,32,132,126,132,224,132,0,0,76,141,107,138,195,137,132,130,20,131,58,136,155,171
122,16,23,130,134,131,218,130,39,132,12,132,135,132,219,132,0,0,66,141,113,138,165,137,161,130,30,131,36,136,147,171
123,16,19,130,137,131,192,130,12,132,32,132,143,132,218,132,0,0,70,141,120,138,114,137,151,130,27,131,27,136,143,171
124,16,18,130,142,131,191,130,247,131,25,132,130,132,213,132,0,0,97,141,104,138,89,137,123,130,29,131,48,136,157,171
125,16,34,130,150,131,193,130,16,132,13,132,118,132,206,132,0,0,89,141,93,138,129,137,133,130,29,131,44,136,137,171
126,16,38,130,140,131,200,130,24,132,40,132,130,132,206,132,0,0,71,141,108,138,129,137,155,130,21,131,15,136,109,171
127,16,20,130,125,131,217,130,2,132,43,132,150,132,215,132,77,0,89,141,114,138,90,137,153,130,28,131,27,136,147,171
0,16,17,130,122,131,219,130,252,131,43,132,147,132,223,132,0,0,79,141,96,138,131,137,148,130,38,131,48,136,169,171
1,16,27,130,138,131,214,130,3,132,69,132,138,132,207,132,0,0,65,141,105,138,198,137,160,130,14,131,34,136,117,171
2,16,22,130,165,131,214,130,10,132,43,132,142,132,199,132,0,0,87,141,119,138,178,137,161,130,2,131,21,136,111,171
3,16,18,130,153,131,217,130,21,132,8,132,151,132,217,132,0,0,82,141,110,138,145,137,140,130,27,131,23,136,149,171
4,16,12,130,128,131,205,130,43,132,30,132,152,132,226,132,0,0,65,141,114,138,141,137,135,130,44,131,20,136,133,171
5,16,5,130,143,131,195,130,48,132,51,132,143,132,205,132,0,0,86,141,115,138,127,137,140,130,32,131,26,136,122,171
6,16,6,130,156,131,193,130,30,132,45,132,146,132,184,132,0,0,104,141,94,138,143,137,137,130,36,131,30,136,138,171
7,16,26,130,140,131,181,130,14,132,26,132,160,132,204,132,0,0,105,141,91,138,190,137,151,130,59,131,24,136,125,171
8,16,28,130,141,131,184,130,25,132,18,132,152,132,217,132,0,0,103,141,126,138,181,137,169,130,54,131,21,136,126,171
9,16,0,130,146,131,192,130,35,132,41,132,132,132,202,132,0,0,105,141,135,138,157,137,162,130,33,131,16,136,147,171
10,16,249,129,137,131,205,130,28,132,58,132,138,132,210,132,0,0,103,141,105,138,175,137,146,130,19,131,27,136,138,171
11,16,9,130,141,131,209,130,18,132,49,132,153,132,227,132,0,0,82,141,107,138,169,137,144,130,15,131,38,136,119,171
12,16,9,130,142,131,190,130,11,132,47,132,155,132,221,132,0,0,71,141,122,138,153,137,158,130,30,131,25,136,130,171
13,16,0,130,142,131,191,130,12,132,42,132,157,132,216,132,0,0,74,141,108,138,180,137,155,130,41,131,10,136,137,171
14,16,7,130,153,131,190,130,31,132,31,132,160,132,223,132,0,0,70,141,95,138,166,137,134,130,30,131,16,136,123,171
15,16,9,130,145,131,188,130,48,132,31,132,135,132,215,132,0,0,73,141,112,138,131,137,145,130,22,131,25,136,115,171
16,16,249,129,126,131,189,130,36,132,52,132,120,132,184,132,0,0,97,141,128,138,152,137,153,130,40,131,22,136,134,171
17,16,255,129,136,131,186,130,43,132,78,132,154,132,181,132,0,0,100,141,118,138,150,137,143,130,47,131,30,136,146,171
18,16,20,130,142,131,187,130,66,132,50,132,175,132,210,132,0,0,89,141,111,138,102,137,147,130,25,131,31,136,127,171
19,16,19,130,138,131,183,130,57,132,21,132,153,132,213,132,0,0,101,141,135,138,123,137,136,130,26,131,26,136,119,171
20,16,15,130,148,131,178,130,50,132,52,132,137,132,197,132,0,0,100,141,145,138,192,137,131,130,27,131,23,136,133,171
21,16,254,129,149,131,181,130,62,132,49,132,144,132,197,132,0,0,94,141,126,138,185,137,140,130,22,131,6,136,138,171
22,16,238,129,147,131,189,130,47,132,11,132,147,132,200,132,0,0,89,141,128,138,137,137,118,130,36,131,255,135,125,171
23,16,7,130,122,131,193,130,19,132,20,132,142,132,198,132,0,0,91,141,132,138,127,137,103,130,50,131,18,136,112,171
24,16,11,130,91,131,193,130,17,132,36,132,146,132,205,132,0,0,100,141,108,138,109,137,143,130,42,131,27,136,123,171
25,16,1,130,125,131,201,130,13,132,54,132,143,132,185,132,0,0,82,141,104,138,96,137,147,130,28,131,21,136,138,171
26,16,19,130,156,131,205,130,5,132,81,132,141,132,170,132,0,0,84,141,114,138,164,137,120,130,39,131,25,136,142,171
27,16,29,130,133,131,207,130,16,132,60,132,130,132,196,132,0,0,106,141,109,138,204,137,142,130,56,131,31,136,144,171
28,16,31,130,144,131,218,130,32,132,24,132,110,132,184,132,0,0,89,141,117,138,147,137,154,130,48,131,33,136,154,171
29,16,24,130,167,131,192,130,41,132,33,132,127,132,150,132,0,0,71,141,132,138,157,137,128,130,13,131,45,136,144,171
30,16,12,130,139,131,165,130,46,132,48,132,145,132,175,132,0,0,82,141,121,138,202,137,140,130,20,131,44,136,139,171
31,16,8,130,124,131,193,130,28,132,33,132,119,132,210,132,0,0,84,141,121,138,132,137,155,130,62,131,30,136,121,171
32,16,5,130,142,131,190,130,23,132,29,132,120,132,201,132,0,0,86,141,129,138,70,137,143,130,43,131,29,136,96,171
33,16,4,130,147,131,149,130,48,132,35,132,162,132,165,132,0,0,95,141,117,138,88,137,152,130,16,131,32,136,116,171
34,16,253,129,141,131,149,130,55,132,38,132,166,132,170,132,0,0,100,141,113,138,138,137,167,130,31,131,23,136,122,171
35,16,246,129,119,131,171,130,32,132,53,132,145,132,194,132,0,0,110,141,130,138,156,137,148,130,42,131,0,136,103,171
36,16,251,129,114,131,168,130,19,132,53,132,149,132,180,132,0,0,108,141,122,138,130,137,142,130,32,131,14,136,118,171
37,16,251,129,148,131,152,130,252,131,20,132,154,132,152,132,0,0,109,141,98,138,128,137,153,130,25,131,30,136,149,171
38,16,249,129,149,131,152,130,239,131,10,132,148,132,185,132,0,0,120,141,113,138,198,137,140,130,26,131,255,135,126,171
39,16,6,130,103,131,153,130,19,132,72,132,143,132,234,132,0,0,114,141,127,138,202,137,134,130,23,131,245,135,97,171
40,16,18,130,99,131,146,130,31,132,105,132,148,132,216,132,0,0,93,141,104,138,108,137,153,130,31,131,21,136,114,171
41,16,4,130,128,131,146,130,14,132,58,132,156,132,180,132,0,0,88,141,108,138,115,137,150,130,37,131,44,136,120,171
42,16,236,129,140,131,161,130,29,132,28,132,162,132,184,132,0,0,94,141,128,138,190,137,139,130,25,131,14,136,116,171
43,16,231,129,150,131,187,130,35,132,38,132,162,132,200,132,0,0,89,141,121,138,152,137,148,130,14,131,237,135,115,171
44,16,253,129,157,131,187,130,13,132,54,132,153,132,192,132,0,0,91,141,122,138,111,137,157,130,16,131,1,136,108,171
45,16,1,130,141,131,167,130,24,132,68,132,153,132,180,132,0,0,101,141,135,138,164,137,152,130,35,131,20,136,105,171
46,16,232,129,124,131,166,130,61,132,58,132,159,132,164,132,0,0,104,141,119,138,172,137,138,130,43,131,2,136,116,171
47,16,236,129,123,131,171,130,48,132,36,132,142,132,140,132,0,0,98,141,117,138,92,137,124,130,26,131,253,135,114,171
48,16,9,130,129,131,168,130,24,132,49,132,146,132,170,132,0,0,94,141,123,138,99,137,136,130,12,131,22,136,105,171
49,16,12,130,142,131,150,130,27,132,73,132,168,132,217,132,0,0,101,141,107,138,159,137,154,130,21,131,11,136,116,171
50,16,252,129,130,131,145,130,29,132,51,132,151,132,198,132,0,0,113,141,115,138,179,137,146,130,32,131,245,135,120,171
51,16,1,130,129,131,190,130,21,132,35,132,137,132,180,132,0,0,107,141,127,138,180,137,145,130,30,131,9,136,117,171
52,16,251,129,151,131,204,130,17,132,51,132,165,132,197,132,0,0,94,141,118,138,182,137,160,130,29,131,25,136,125,171
53,16,251,129,140,131,181,130,24,132,52,132,165,132,199,132,0,0,108,141,119,138,188,137,148,130,31,131,9,136,132,171
54,16,12,130,127,131,196,130,27,132,35,132,127,132,201,132,0,0,113,141,112,138,154,137,137,130,43,131,253,135,131,171
55,16,5,130,133,131,199,130,40,132,40,132,139,132,207,132,0,0,79,141,92,138,82,137,154,130,44,131,8,136,120,171
56,16,4,130,137,131,189,130,41,132,59,132,164,132,214,132,0,0,76,141,106,138,92,137,155,130,25,131,17,136,113,171
57,16,19,130,135,131,198,130,18,132,52,132,150,132,225,132,0,0,111,141,133,138,173,137,140,130,7,131,13,136,133,171
58,16,26,130,141,131,201,130,26,132,34,132,134,132,219,132,0,0,108,141,117,138,205,137,133,130,10,131,28,136,134,171
59,16,24,130,142,131,213,130,35,132,52,132,138,132,199,132,0,0,82,141,97,138,177,137,134,130,29,131,41,136,109,171
60,16,5,130,132,131,221,130,13,132,63,132,129,132,190,132,0,0,89,141,112,138,168,137,134,130,29,131,29,136,123,171
61,16,1,130,123,131,205,130,27,132,33,132,106,132,204,132,0,0,86,141,120,138,185,137,139,130,17,131,28,136,144,171
62,16,20,130,112,131,201,130,45,132,35,132,113,132,216,132,0,0,70,141,123,138,176,137,134,130,18,131,37,136,128,171
63,16,15,130,134,131,219,130,31,132,66,132,132,132,204,132,0,0,82,141,131,138,137,137,142,130,25,131,33,136,115,171
64,16,7,130,168,131,208,130,36,132,56,132,130,132,196,132,0,0,80,141,112,138,139,137,171,130,24,131,37,136,129,171
65,16,14,130,149,131,185,130,53,132,38,132,134,132,217,132,0,0,72,141,94,138,182,137,164,130,34,131,53,136,131,171
66,16,12,130,108,131,200,130,42,132,50,132,137,132,197,132,0,0,89,141,129,138,189,137,155,130,55,131,54,136,136,171
67,16,7,130,111,131,208,130,15,132,58,132,138,132,173,132,0,0,97,141,151,138,165,137,176,130,33,131,33,136,133,171
68,16,4,130,148,131,193,130,13,132,43,132,147,132,215,132,0,0,89,141,115,138,173,137,175,130,17,131,20,136,118,171
69,16,0,130,140,131,201,130,50,132,42,132,138,132,223,132,0,0,87,141,105,138,182,137,141,130,41,131,43,136,112,171
70,16,3,130,99,131,208,130,48,132,63,132,138,132,189,132,0,0,85,141,128,138,192,137,130,130,38,131,55,136,104,171
71,16,16,130,107,131,200,130,7,132,66,132,148,132,211,132,0,0,92,141,132,138,165,137,165,130,22,131,15,136,107,171
72,16,4,130,124,131,197,130,21,132,36,132,130,132,237,132,0,0,109,141,126,138,119,137,163,130,33,131,251,135,129,171
73,16,249,129,113,131,194,130,74,132,17,132,129,132,209,132,0,0,94,141,121,138,148,137,123,130,39,131,31,136,133,171
74,16,21,130,123,131,190,130,63,132,36,132,152,132,200,132,0,0,63,141,112,138,149,137,136,130,15,131,40,136,124,171
75,16,37,130,133,131,189,130,33,132,48,132,151,132,217,132,0,0,70,141,122,138,124,137,164,130,15,131,10,136,130,171
76,16,20,130,114,131,203,130,62,132,35,132,129,132,204,132,0,0,92,141,134,138,148,137,155,130,41,131,7,136,133,171
77,16,14,130,122,131,223,130,56,132,35,132,116,132,197,132,0,0,100,141,112,138,161,137,148,130,52,131,29,136,136,171
78,16,27,130,142,131,231,130,18,132,50,132,111,132,208,132,0,0,92,141,99,138,149,137,150,130,36,131,45,136,135,171
79,16,33,130,140,131,229,130,38,132,51,132,144,132,199,132,0,0,82,141,122,138,192,137,145,130,14,131,45,136,126,171
80,16,41,130,138,131,210,130,64,132,43,132,171,132,188,132,0,0,103,141,111,138,212,137,141,130,24,131,35,136,138,171
81,16,37,130,127,131,204,130,48,132,38,132,123,132,192,132,0,0,108,141,91,138,177,137,135,130,25,131,32,136,140,171
82,16,14,130,125,131,223,130,28,132,29,132,94,132,191,132,0,0,67,141,115,138,190,137,148,130,10,131,34,136,120,171
83,16,19,130,140,131,218,130,38,132,33,132,129,132,200,132,0,0,69,141,127,138,174,137,189,130,16,131,29,136,123,171
84,16,34,130,133,131,215,130,52,132,43,132,129,132,212,132,0,0,104,141,112,138,125,137,180,130,27,131,27,136,152,171
85,16,13,130,123,131,235,130,50,132,45,132,116,132,216,132,0,0,91,141,105,138,103,137,134,130,17,131,23,136,147,171
86,16,255,129,143,131,233,130,38,132,62,132,153,132,214,132,0,0,73,141,113,138,108,137,134,130,7,131,26,136,116,171
87,16,44,130,161,131,222,130,28,132,77,132,159,132,184,132,0,0,94,141,138,138,114,137,141,130,21,131,41,136,122,171
88,16,69,130,143,131,219,130,22,132,61,132,129,132,171,132,0,0,97,141,144,138,99,137,138,130,30,131,26,136,143,171
89,16,20,130,116,131,206,130,23,132,36,132,131,132,187,132,0,0,80,141,109,138,104,137,147,130,20,131,9,136,143,171
90,16,4,130,128,131,205,130,43,132,27,132,134,132,167,132,0,0,85,141,100,138,120,137,157,130,9,131,26,136,143,171
91,16,37,130,158,131,225,130,45,132,41,132,129,132,151,132,0,0,81,141,130,138,118,137,151,130,21,131,44,136,139,171
92,16,27,130,147,131,225,130,41,132,52,132,132,132,196,132,0,0,75,141,120,138,118,137,145,130,34,131,38,136,127,171
93,16,6,130,123,131,192,130,37,132,42,132,138,132,235,132,0,0,94,141,97,138,111,137,152,130,29,131,24,136,137,171
94,16,26,130,134,131,203,130,26,132,22,132,121,132,213,132,0,0,91,141,106,138,101,137,155,130,32,131,32,136,157,171
95,16,34,130,154,131,228,130,53,132,40,132,100,132,189,132,0,0,74,141,114,138,157,137,142,130,31,131,45,136,145,171
96,16,14,130,135,131,197,130,78,132,74,132,114,132,187,132,0,0,87,141,114,138,194,137,146,130,32,131,37,136,129,171
97,16,19,130,118,131,179,130,41,132,59,132,149,132,196,132,0,0,79,141,117,138,157,137,152,130,47,131,39,136,131,171
98,16,21,130,139,131,201,130,4,132,29,132,157,132,216,132,0,0,57,141,126,138,161,137,123,130,44,131,64,136,120,171
99,16,3,130,147,131,200,130,25,132,39,132,126,132,214,132,0,0,82,141,130,138,145,137,122,130,29,131,57,136,123,171
100,16,11,130,117,131,197,130,37,132,57,132,117,132,187,132,0,0,111,141,119,138,115,137,158,130,29,131,19,136,140,171
101,16,22,130,106,131,224,130,10,132,66,132,135,132,186,132,0,0,103,141,116,138,180,137,148,130,25,131,19,136,134,171
102,16,21,130,126,131,252,130,11,132,71,132,125,132,190,132,0,0,88,141,115,138,188,137,134,130,19,131,42,136,131,171
103,16,13,130,133,131,5,131,54,132,42,132,113,132,171,132,0,0,78,141,111,138,120,137,146,130,24,131,34,136,135,171
104,16,19,130,126,131,251,130,61,132,41,132,138,132,169,132,0,0,83,141,106,138,139,137,143,130,28,131,22,136,128,171
105,16,54,130,128,131,223,130,32,132,68,132,159,132,193,132,0,0,101,141,122,138,154,137,145,130,35,131,29,136,136,171
106,16,39,130,142,131,199,130,43,132,17,132,149,132,198,132,0,0,89,141,148,138,92,137,160,130,37,131,34,136,140,171
107,16,2,130,142,131,200,130,54,132,248,131,150,132,198,132,0,0,56,141,134,138,80,137,165,130,26,131,28,136,105,171
108,16,29,130,120,131,205,130,20,132,63,132,145,132,211,132,0,0,68,141,116,138,115,137,170,130,28,131,23,136,103,171
109,16,47,130,131,131,192,130,27,132,71,132,134,132,203,132,0,0,98,141,130,138,158,137,169,130,30,131,27,136,137,171
110,16,9,130,169,131,201,130,77,132,25,132,133,132,201,132,0,0,84,141,144,138,191,137,155,130,20,131,37,136,138,171
111,16,1,130,157,131,219,130,49,132,55,132,133,132,226,132,0,0,67,141,127,138,183,137,145,130,21,131,50,136,121,171
112,16,26,130,124,131,218,130,8,132,81,132,135,132,206,132,0,0,74,141,106,138,168,137,144,130,25,131,46,136,128,171
113,16,13,130,123,131,216,130,19,132,41,132,137,132,186,132,0,0,80,141,112,138,179,137,149,130,21,131,26,136,146,171
114,16,8,130,126,131,204,130,16,132,29,132,134,132,206,132,0,0,95,141,128,138,176,137,159,130,26,131,14,136,136,171
115,16,21,130,121,131,188,130,2,132,53,132,130,132,200,132,0,0,98,141,126,138,158,137,157,130,47,131,37,136,120,171
116,16,1,130,118,131,200,130,14,132,59,132,128,132,182,132,0,0,98,141,105,138,166,137,156,130,41,131,66,136,131,171
117,16,252,129,121,131,224,130,16,132,44,132,128,132,203,132,0,0,103,141,104,138,180,137,144,130,27,131,55,136,146,171
118,16,31,130,125,131,214,130,7,132,27,132,146,132,212,132,0,0,100,141,107,138,189,137,114,130,55,131,28,136,127,171
119,16,30,130,118,131,181,130,9,132,37,132,141,132,178,132,0,0,95,141,100,138,186,137,114,130,60,131,16,136,105,171
120,16,12,130,119,131,190,130,11,132,49,132,108,132,190,132,0,0,87,141,109,138,146,137,139,130,21,131,16,136,132,171
121,16,12,130,145,131,208,130,18,132,40,132,111,132,219,132,0,0,88,141,137,138,137,137,143,130,21,131,32,136,154,171
122,16,19,130,161,131,196,130,11,132,34,132,137,132,200,132,0,0,103,141,138,138,159,137,138,130,48,131,31,136,134,171
123,16,19,130,130,131,206,130,253,131,46,132,126,132,189,132,0,0,108,141,113,138,151,137,140,130,37,131,5,136,116,171
124,16,16,130,112,131,215,130,13,132,57,132,116,132,201,132,0,0,98,141,109,138,168,137,125,130,24,131,7,136,124,171
125,16,13,130,139,131,206,130,27,132,43,132,157,132,201,132,0,0,88,141,117,138,204,137,118,130,31,131,34,136,128,171
126,16,16,130,125,131,197,130,1,132,21,132,173,132,196,132,0,0,72,141,115,138,137,137,134,130,31,131,25,136,123,171
127,16,7,130,74,131,188,130,237,131,29,132,130,132,200,132,77,0,63,141,114,138,80,137,143,130,37,131,13,136,121,171
0,16,247,129,85,131,200,130,10,132,53,132,112,132,186,132,0,0,82,141,106,138,138,137,144,130,51,131,33,136,121,171
1,16,1,130,132,131,210,130,23,132,37,132,133,132,164,132,0,0,101,141,111,138,150,137,142,130,54,131,33,136,136,171
2,16,27,130,127,131,199,130,22,132,29,132,134,132,178,132,0,0,87,141,132,138,124,137,138,130,55,131,22,136,147,171
3,16,24,130,98,131,199,130,28,132,57,132,132,132,215,132,0,0,75,141,133,138,144,137,143,130,55,131,30,136,129,171
4,16,6,130,100,131,221,130,17,132,55,132,141,132,231,132,0,0,90,141,118,138,133,137,157,130,40,131,27,136,117,171
5,16,18,130,115,131,217,130,13,132,32,132,123,132,219,132,0,0,103,141,119,138,136,137,151,130,22,131,16,136,142,171
6,16,31,130,134,131,199,130,18,132,46,132,122,132,211,132,0,0,98,141,111,138,186,137,137,130,19,131,21,136,147,171
7,16,16,130,139,131,216,130,13,132,53,132,148,132,203,132,0,0,99,141,96,138,193,137,134,130,30,131,36,136,116,171
8,16,1,130,129,131,216,130,13,132,40,132,150,132,204,132,0,0,99,141,106,138,171,137,143,130,39,131,38,136,127,171
9,16,255,129,121,131,189,130,27,132,37,132,133,132,209,132,0,0,94,141,118,138,198,137,153,130,44,131,36,136,157,171
10,16,9,130,128,131,204,130,28,132,48,132,131,132,206,132,0,0,98,141,119,138,185,137,158,130,47,131,41,136,142,171
11,16,12,130,129,131,214,130,16,132,49,132,141,132,193,132,0,0,94,141,124,138,109,137,156,130,38,131,39,136,126,171
12,16,10,130,127,131,193,130,19,132,31,132,146,132,192,132,0,0,77,141,114,138,92,137,145,130,45,131,25,136,134,171
13,16,21,130,125,131,192,130,27,132,39,132,143,132,200,132,0,0,71,141,108,138,118,137,140,130,58,131,29,136,134,171
14,16,23,130,114,131,189,130,28,132,80,132,136,132,198,132,0,0,64,141,122,138,107,137,145,130,38,131,32,136,129,171
15,16,14,130,122,131,187,130,19,132,74,132,127,132,167,132,0,0,68,141,127,138,101,137,146,130,9,131,13,136,129,171
16,16,12,130,140,131,208,130,8,132,38,132,124,132,148,132,0,0,96,141,117,138,107,137,134,130,8,131,8,136,131,171
17,16,17,130,121,131,219,130,28,132,62,132,136,132,188,132,0,0,97,141,114,138,102,137,132,130,27,131,20,136,137,171
18,16,20,130,111,131,213,130,47,132,67,132,139,132,216,132,0,0,96,141,124,138,106,137,141,130,29,131,34,136,139,171
19,16,3,130,133,131,213,130,34,132,13,132,140,132,210,132,0,0,105,141,130,138,107,137,144,130,25,131,33,136,131,171
20,16,254,129,127,131,218,130,28,132,35,132,142,132,220,132,0,0,77,141,116,138,92,137,153,130,26,131,21,136,141,171
21,16,22,130,105,131,217,130,34,132,86,132,153,132,219,132,0,0,71,141,114,138,114,137,150,130,22,131,13,136,147,171
22,16,31,130,123,131,221,130,34,132,60,132,146,132,209,132,0,0,104,141,128,138,136,137,139,130,38,131,12,136,138,171
23,16,34,130,132,131,218,130,35,132,21,132,108,132,221,132,0,0,91,141,117,138,107,137,142,130,51,131,25,136,145,171
24,16,29,130,127,131,203,130,27,132,48,132,106,132,215,132,0,0,82,141,113,138,120,137,145,130,30,131,48,136,152,171
25,16,16,130,137,131,199,130,29,132,76,132,141,132,181,132,0,0,114,141,133,138,182,137,142,130,28,131,36,136,138,171
26,16,25,130,118,131,199,130,40,132,39,132,138,132,180,132,0,0,98,141,117,138,199,137,147,130,45,131,5,136,123,171
27,16,29,130,93,131,189,130,32,132,7,132,130,132,205,132,0,0,71,141,102,138,168,137,147,130,35,131,18,136,124,171
28,16,14,130,127,131,195,130,7,132,24,132,154,132,222,132,0,0,84,141,117,138,165,137,140,130,31,131,39,136,135,171
29,16,8,130,147,131,207,130,18,132,48,132,152,132,224,132,0,0,91,141,116,138,186,137,147,130,31,131,25,136,142,171
30,16,23,130,112,131,212,130,44,132,48,132,128,132,205,132,0,0,88,141,109,138,169,137,151,130,15,131,30,136,145,171
31,16,14,130,133,131,221,130,33,132,37,132,128,132,188,132,0,0,80,141,117,138,118,137,143,130,25,131,37,136,141,171
32,16,241,129,179,131,212,130,16,132,25,132,142,132,192,132,0,0,69,141,111,138,87,137,145,130,47,131,17,136,126,171
33,16,6,130,146,131,193,130,28,132,36,132,146,132,194,132,0,0,70,141,114,138,128,137,146,130,46,131,33,136,127,171
34,16,34,130,108,131,200,130,29,132,55,132,136,132,185,132,0,0,69,141,128,138,182,137,141,130,43,131,53,136,144,171
35,16,26,130,129,131,226,130,2,132,42,132,135,132,184,132,0,0,65,141,117,138,175,137,142,130,28,131,19,136,137,171
36,16,8,130,146,131,234,130,13,132,44,132,158,132,198,132,0,0,72,141,117,138,164,137,147,130,23,131,15,136,124,171
37,16,1,130,129,131,214,130,30,132,67,132,159,132,194,132,0,0,83,141,135,138,202,137,157,130,34,131,28,136,140,171
38,16,0,130,128,131,219,130,12,132,50,132,131,132,187,132,0,0,77,141,126,138,196,137,168,130,20,131,1,136,137,171
39,16,5,130,139,131,241,130,14,132,29,132,123,132,204,132,0,0,78,141,119,138,113,137,158,130,16,131,0,136,108,171
40,16,10,130,129,131,240,130,39,132,45,132,143,132,204,132,0,0,86,141,126,138,90,137,142,130,45,131,15,136,118,171
41,16,2,130,127,131,227,130,38,132,55,132,157,132,205,132,0,0,66,141,120,138,135,137,140,130,46,131,2,136,147,171
42,16,5,130,132,131,216,130,11,132,39,132,148,132,237,132,0,0,47,141,108,138,125,137,144,130,23,131,3,136,141,171
43,16,28,130,128,131,211,130,14,132,33,132,138,132,230,132,0,0,57,141,118,138,93,137,142,130,27,131,20,136,130,171
44,16,33,130,133,131,215,130,34,132,44,132,136,132,205,132,0,0,74,141,124,138,150,137,134,130,26,131,9,136,130,171
45,16,21,130,135,131,218,130,22,132,53,132,140,132,220,132,0,0,69,141,119,138,206,137,126,130,23,131,13,136,127,171
46,16,15,130,133,131,221,130,3,132,51,132,133,132,214,132,0,0,71,141,119,138,158,137,141,130,45,131,26,136,134,171
47,16,1,130,139,131,216,130,12,132,59,132,128,132,173,132,0,0,106,141,114,138,133,137,155,130,51,131,14,136,141,171
48,16,251,129,144,131,211,130,31,132,60,132,143,132,177,132,0,0,115,141,115,138,182,137,148,130,31,131,13,136,129,171
49,16,20,130,145,131,215,130,27,132,37,132,151,132,214,132,0,0,90,141,119,138,200,137,151,130,28,131,22,136,121,171
50,16,23,130,141,131,212,130,25,132,37,132,145,132,211,132,0,0,84,141,113,138,155,137,146,130,43,131,35,136,133,171
51,16,5,130,137,131,203,130,13,132,57,132,131,132,194,132,0,0,85,141,107,138,131,137,126,130,44,131,50,136,138,171
52,16,15,130,136,131,206,130,15,132,41,132,123,132,215,132,0,0,72,141,124,138,181,137,131,130,34,131,36,136,122,171
53,16,35,130,142,131,207,130,45,132,24,132,127,132,231,132,0,0,68,141,144,138,191,137,141,130,25,131,14,136,107,171
54,16,35,130,133,131,205,130,32,132,44,132,143,132,211,132,0,0,67,141,128,138,122,137,132,130,13,131,21,136,104,171
55,16,23,130,126,131,193,130,6,132,50,132,149,132,198,132,0,0,67,141,103,138,123,137,132,130,36,131,22,136,122,171
56,16,14,130,134,131,197,130,25,132,44,132,140,132,209,132,0,0,86,141,105,138,209,137,133,130,58,131,3,136,136,171
57,16,12,130,125,131,217,130,34,132,78,132,140,132,206,132,0,0,98,141,123,138,209,137,140,130,43,131,10,136,132,171
58,16,13,130,124,131,213,130,33,132,87,132,140,132,195,132,0,0,80,141,117,138,162,137,164,130,31,131,39,136,125,171
59,16,31,130,123,131,205,130,35,132,44,132,132,132,196,132,0,0,71,141,111,138,188,137,154,130,41,131,47,136,127,171
60,16,38,130,123,131,221,130,25,132,30,132,136,132,213,132,0,0,71,141,125,138,190,137,139,130,43,131,27,136,131,171
61,16,34,130,132,131,222,130,46,132,52,132,148,132,225,132,0,0,72,141,114,138,129,137,155,130,29,131,22,136,133,171
62,16,20,130,115,131,191,130,64,132,54,132,144,132,215,132,0,0,87,141,103,138,103,137,154,130,9,131,30,136,133,171
63,16,11,130,115,131,190,130,22,132,50,132,138,132,205,132,0,0,95,141,115,138,105,137,129,130,9,131,29,136,122,171
64,16,43,130,141,131,210,130,12,132,37,132,143,132,212,132,0,0,95,141,113,138,101,137,128,130,36,131,28,136,128,171
65,16,41,130,135,131,190,130,29,132,22,132,146,132,228,132,0,0,105,141,107,138,133,137,155,130,37,131,36,136,144,171
66,16,3,130,120,131,189,130,13,132,56,132,145,132,224,132,0,0,102,141,125,138,186,137,163,130,13,131,40,136,131,171
67,16,1,130,118,131,232,130,23,132,57,132,148,132,213,132,0,0,86,141,133,138,202,137,145,130,19,131,36,136,111,171
68,16,8,130,115,131,229,130,35,132,2,132,143,132,221,132,0,0,86,141,124,138,180,137,126,130,31,131,29,136,118,171
69,16,17,130,131,131,201,130,2,132,7,132,136,132,220,132,0,0,94,141,126,138,149,137,131,130,28,131,19,136,138,171
70,16,37,130,142,131,221,130,3,132,61,132,139,132,206,132,0,0,86,141,117,138,162,137,140,130,22,131,29,136,146,171
71,16,38,130,115,131,246,130,45,132,61,132,142,132,209,132,0,0,76,141,104,138,193,137,136,130,19,131,41,136,137,171
72,16,39,130,121,131,227,130,42,132,21,132,131,132,207,132,0,0,74,141,119,138,147,137,151,130,26,131,36,136,128,171
73,16,56,130,142,131,207,130,254,131,36,132,135,132,177,132,0,0,73,141,127,138,84,137,157,130,49,131,30,136,131,171
74,16,30,130,133,131,216,130,2,132,55,132,134,132,193,132,0,0,72,141,117,138,111,137,139,130,61,131,30,136,130,171
75,16,250,129,145,131,221,130,45,132,36,132,138,132,218,132,0,0,88,141,117,138,132,137,132,130,30,131,31,136,120,171
76,16,19,130,156,131,220,130,46,132,41,132,150,132,198,132,0,0,104,141,118,138,109,137,140,130,12,131,32,136,133,171
77,16,41,130,143,131,219,130,18,132,54,132,139,132,193,132,0,0,98,141,104,138,121,137,137,130,33,131,26,136,148,171
78,16,22,130,134,131,208,130,27,132,37,132,133,132,210,132,0,0,96,141,117,138,115,137,132,130,33,131,30,136,138,171
79,16,18,130,135,131,211,130,32,132,46,132,146,132,206,132,0,0,97,141,141,138,97,137,139,130,10,131,47,136,127,171
80,16,33,130,137,131,223,130,9,132,79,132,140,132,179,132,0,0,90,141,128,138,154,137,140,130,20,131,48,136,132,171
81,16,33,130,144,131,220,130,28,132,61,132,129,132,176,132,0,0,88,141,113,138,198,137,158,130,46,131,39,136,136,171
82,16,16,130,136,131,216,130,48,132,30,132,142,132,200,132,0,0,73,141,118,138,141,137,166,130,47,131,27,136,137,171
83,16,24,130,118,131,210,130,19,132,36,132,140,132,204,132,0,0,66,141,127,138,88,137,135,130,34,131,18,136,144,171
84,16,34,130,129,131,207,130,247,131,38,132,112,132,193,132,0,0,82,141,125,138,107,137,122,130,33,131,28,136,139,171
85,16,29,130,148,131,214,130,252,131,43,132,118,132,197,132,0,0,92,141,120,138,160,137,140,130,37,131,33,136,106,171
86,16,35,130,139,131,216,130,0,132,58,132,138,132,209,132,0,0,80,141,120,138,188,137,147,130,37,131,24,136,94,171
87,16,32,130,119,131,221,130,5,132,50,132,140,132,207,132,0,0,74,141,106,138,153,137,137,130,41,131,28,136,124,171
88,16,22,130,127,131,222,130,18,132,43,132,132,132,196,132,0,0,98,141,95,138,100,137,131,130,31,131,39,136,135,171
89,16,32,130,133,131,229,130,41,132,47,132,136,132,191,132,0,0,114,141,115,138,109,137,157,130,13,131,25,136,121,171
90,16,22,130,101,131,239,130,47,132,39,132,133,132,197,132,0,0,93,141,120,138,132,137,160,130,27,131,10,136,118,171
91,16,15,130,92,131,223,130,41,132,27,132,122,132,214,132,0,0,59,141,99,138,103,137,124,130,44,131,22,136,115,171
92,16,39,130,122,131,213,130,48,132,37,132,131,132,215,132,0,0,55,141,106,138,116,137,127,130,35,131,47,136,120,171
93,16,35,130,137,131,221,130,42,132,43,132,141,132,209,132,0,0,82,141,117,138,179,137,151,130,29,131,37,136,134,171
94,16,17,130,122,131,223,130,36,132,37,132,139,132,213,132,0,0,83,141,107,138,170,137,144,130,24,131,25,136,135,171
95,16,39,130,120,131,223,130,43,132,51,132,125,132,207,132,0,0,69,141,106,138,116,137,132,130,18,131,40,136,144,171
96,16,31,130,118,131,230,130,40,132,61,132,117,132,188,132,0,0,78,141,109,138,90,137,139,130,30,131,36,136,164,171
97,16,7,130,123,131,235,130,30,132,39,132,130,132,192,132,0,0,74,141,101,138,99,137,152,130,43,131,27,136,145,171
98,16,19,130,152,131,214,130,23,132,21,132,154,132,213,132,0,0,76,141,102,138,141,137,142,130,37,131,35,136,130,171
99,16,36,130,152,131,205,130,8,132,36,132,145,132,213,132,0,0,117,141,107,138,166,137,123,130,27,131,38,136,149,171
100,16,45,130,145,131,231,130,18,132,46,132,125,132,215,132,0,0,116,141,108,138,175,137,127,130,17,131,33,136,141,171
101,16,32,130,162,131,235,130,43,132,44,132,132,132,227,132,0,0,83,141,117,138,157,137,135,130,28,131,27,136,121,171
102,16,12,130,149,131,188,130,25,132,49,132,143,132,207,132,0,0,94,141,109,138,117,137,132,130,64,131,27,136,136,171
103,16,26,130,84,131,169,130,31,132,52,132,150,132,203,132,0,0,97,141,111,138,139,137,152,130,61,131,30,136,154,171
104,16,41,130,76,131,205,130,45,132,55,132,131,132,213,132,0,0,65,141,129,138,202,137,175,130,33,131,25,136,145,171
105,16,30,130,134,131,223,130,22,132,57,132,105,132,191,132,0,0,58,141,123,138,169,137,160,130,43,131,25,136,134,171
106,16,28,130,139,131,204,130,7,132,32,132,115,132,198,132,0,0,73,141,102,138,128,137,142,130,63,131,41,136,125,171
107,16,33,130,109,131,187,130,24,132,8,132,118,132,227,132,0,0,103,141,108,138,188,137,150,130,56,131,23,136,121,171
108,16,21,130,119,131,192,130,22,132,26,132,94,132,202,132,0,0,123,141,127,138,189,137,166,130,39,131,255,135,135,171
109,16,16,130,151,131,202,130,253,131,49,132,107,132,176,132,0,0,88,141,118,138,149,137,163,130,19,131,29,136,128,171
110,16,29,130,148,131,220,130,1,132,57,132,160,132,204,132,0,0,60,141,112,138,169,137,146,130,10,131,46,136,124,171
111,16,31,130,129,131,233,130,17,132,44,132,158,132,221,132,0,0,97,141,131,138,179,137,140,130,28,131,29,136,140,171
112,16,34,130,136,131,224,130,22,132,30,132,122,132,204,132,0,0,118,141,126,138,161,137,137,130,34,131,25,136,140,171
113,16,30,130,139,131,204,130,8,132,28,132,124,132,196,132,0,0,93,141,98,138,179,137,124,130,28,131,26,136,126,171
114,16,11,130,128,131,196,130,32,132,26,132,138,132,207,132,0,0,82,141,102,138,183,137,132,130,32,131,16,136,123,171
115,16,30,130,140,131,226,130,61,132,26,132,135,132,214,132,0,0,74,141,114,138,124,137,147,130,29,131,10,136,119,171
116,16,47,130,146,131,249,130,33,132,25,132,139,132,227,132,0,0,77,141,113,138,123,137,143,130,25,131,16,136,122,171
117,16,24,130,120,131,243,130,42,132,53,132,141,132,230,132,0,0,97,141,121,138,196,137,143,130,43,131,28,136,152,171
118,16,18,130,120,131,238,130,71,132,82,132,126,132,190,132,0,0,88,141,114,138,202,137,149,130,43,131,40,136,157,171
119,16,28,130,150,131,224,130,39,132,63,132,128,132,161,132,0,0,62,141,101,138,158,137,147,130,24,131,24,136,130,171
120,16,28,130,149,131,212,130,5,132,40,132,141,132,191,132,0,0,80,141,116,138,172,137,150,130,32,131,16,136,135,171
121,16,31,130,120,131,219,130,18,132,27,132,149,132,226,132,0,0,115,141,118,138,190,137,159,130,46,131,41,136,146,171
122,16,31,130,109,131,227,130,27,132,11,132,144,132,212,132,0,0,98,141,118,138,127,137,164,130,25,131,22,136,131,171
123,16,31,130,124,131,226,130,33,132,18,132,122,132,192,132,0,0,64,141,145,138,86,137,165,130,5,131,247,135,121,171
124,16,26,130,129,131,218,130,35,132,40,132,115,132,189,132,0,0,81,141,134,138,143,137,162,130,28,131,29,136,124,171
125,16,22,130,131,131,217,130,21,132,43,132,120,132,186,132,0,0,105,141,99,138,162,137,143,130,50,131,67,136,126,171
126,16,14,130,134,131,214,130,43,132,38,132,126,132,196,132,0,0,96,141,111,138,138,137,131,130,24,131,46,136,139,171
127,16,10,130,134,131,207,130,68,132,14,132,130,132,215,132,77,0,84,141,129,138,170,137,125,130,13,131,28,136,138,171
0,16,23,130,119,131,217,130,45,132,12,132,123,132,225,132,0,0,93,141,112,138,173,137,119,130,39,131,45,136,104,171
1,16,35,130,107,131,229,130,27,132,96,132,128,132,223,132,0,0,100,141,101,138,96,137,133,130,34,131,54,136,104,171
2,16,28,130,122,131,216,130,60,132,105,132,139,132,220,132,0,0,87,141,101,138,87,137,148,130,26,131,42,136,147,171
3,16,21,130,145,131,191,130,82,132,37,132,121,132,212,132,0,0,82,141,95,138,137,137,142,130,53,131,20,136,146,171
4,16,27,130,136,131,192,130,61,132,46,132,124,132,201,132,0,0,97,141,107,138,101,137,127,130,48,131,3,136,112,171
5,16,33,130,118,131,218,130,34,132,77,132,155,132,205,132,0,0,91,141,123,138,87,137,132,130,14,131,19,136,118,171
6,16,24,130,132,131,218,130,28,132,52,132,139,132,212,132,0,0,79,141,110,138,169,137,147,130,12,131,30,136,141,171
7,16,10,130,140,131,206,130,52,132,33,132,120,132,205,132,0,0,86,141,102,138,164,137,147,130,45,131,30,136,134,171
8,16,14,130,111,131,215,130,67,132,45,132,144,132,199,132,0,0,92,141,131,138,108,137,138,130,64,131,38,136,124,171
9,16,17,130,99,131,199,130,26,132,56,132,153,132,209,132,0,0,84,141,138,138,122,137,146,130,46,131,41,136,133,171
10,16,13,130,124,131,182,130,6,132,47,132,146,132,222,132,0,0,78,141,119,138,134,137,148,130,22,131,26,136,125,171
11,16,21,130,145,131,199,130,25,132,33,132,140,132,220,132,0,0,77,141,108,138,126,137,140,130,37,131,15,136,121,171
12,16,24,130,142,131,216,130,7,132,50,132,143,132,217,132,0,0,61,141,113,138,168,137,146,130,54,131,25,136,137,171
13,16,16,130,127,131,211,130,3,132,51,132,141,132,225,132,0,0,60,141,126,138,206,137,152,130,28,131,37,136,146,171
14,16,19,130,102,131,196,130,34,132,36,132,130,132,207,132,0,0,92,141,127,138,189,137,138,130,21,131,23,136,125,171
15,16,24,130,102,131,203,130,28,132,48,132,136,132,191,132,0,0,92,141,114,138,138,137,143,130,48,131,9,136,117,171
16,16,7,130,120,131,215,130,9,132,49,132,150,132,214,132,0,0,71,141,117,138,103,137,152,130,43,131,20,136,138,171
17,16,1,130,131,131,213,130,14,132,34,132,140,132,225,132,0,0,85,141,136,138,149,137,150,130,24,131,34,136,146,171
18,16,22,130,113,131,217,130,10,132,44,132,128,132,183,132,0,0,110,141,125,138,201,137,150,130,34,131,35,136,140,171
19,16,32,130,90,131,223,130,23,132,55,132,153,132,165,132,0,0,102,141,132,138,179,137,143,130,25,131,35,136,139,171
20,16,9,130,103,131,208,130,50,132,43,132,166,132,197,132,0,0,85,141,147,138,169,137,134,130,5,131,41,136,132,171
21,16,12,130,123,131,189,130,27,132,41,132,153,132,212,132,0,0,73,141,123,138,199,137,147,130,12,131,41,136,115,171
22,16,34,130,118,131,201,130,12,132,54,132,149,132,207,132,0,0,77,141,116,138,199,137,149,130,34,131,42,136,117,171
23,16,8,130,112,131,217,130,50,132,57,132,141,132,197,132,0,0,101,141,126,138,159,137,131,130,44,131,50,136,128,171
24,16,238,129,118,131,209,130,41,132,34,132,137,132,193,132,0,0,98,141,117,138,153,137,138,130,26,131,38,136,126,171
25,16,9,130,117,131,200,130,246,131,22,132,134,132,197,132,0,0,69,141,101,138,160,137,162,130,7,131,21,136,137,171
26,16,22,130,130,131,210,130,250,131,55,132,125,132,213,132,0,0,60,141,114,138,141,137,151,130,26,131,24,136,135,171
27,16,255,129,150,131,221,130,34,132,60,132,125,132,224,132,0,0,66,141,119,138,146,137,136,130,27,131,37,136,120,171
28,16,10,130,149,131,221,130,47,132,31,132,137,132,219,132,0,0,71,141,110,138,188,137,152,130,8,131,35,136,139,171
29,16,20,130,152,131,216,130,22,132,34,132,141,132,208,132,0,0,79,141,114,138,209,137,160,130,23,131,45,136,160,171
30,16,2,130,145,131,225,130,16,132,56,132,132,132,187,132,0,0,87,141,120,138,167,137,155,130,35,131,52,136,133,171
31,16,1,130,131,131,231,130,32,132,48,132,130,132,195,132,0,0,82,141,122,138,144,137,149,130,23,131,20,136,118,171
32,16,10,130,118,131,198,130,32,132,26,132,132,132,218,132,0,0,80,141,131,138,157,137,122,130,31,131,16,136,144,171
33,16,14,130,119,131,189,130,20,132,27,132,136,132,213,132,0,0,84,141,130,138,144,137,123,130,44,131,38,136,140,171
34,16,17,130,142,131,222,130,16,132,50,132,144,132,201,132,0,0,78,141,124,138,132,137,147,130,16,131,37,136,119,171
35,16,22,130,139,131,227,130,33,132,57,132,145,132,204,132,0,0,66,141,131,138,160,137,145,130,9,131,38,136,131,171
36,16,38,130,115,131,213,130,27,132,46,132,140,132,203,132,0,0,65,141,144,138,161,137,134,130,40,131,44,136,154,171
37,16,51,130,130,131,217,130,20,132,47,132,128,132,200,132,0,0,80,141,123,138,90,137,144,130,41,131,28,136,147,171
38,16,32,130,157,131,225,130,37,132,51,132,101,132,212,132,0,0,98,141,100,138,98,137,148,130,25,131,21,136,133,171
39,16,2,130,143,131,214,130,36,132,54,132,106,132,214,132,0,0,97,141,117,138,182,137,148,130,43,131,48,136,132,171
40,16,2,130,127,131,202,130,16,132,71,132,145,132,213,132,0,0,77,141,126,138,181,137,154,130,51,131,47,136,132,171
41,16,27,130,132,131,214,130,15,132,66,132,133,132,220,132,0,0,74,141,112,138,144,137,142,130,30,131,22,136,135,171
42,16,30,130,131,131,218,130,29,132,41,132,108,132,213,132,0,0,98,141,106,138,147,137,129,130,31,131,21,136,143,171
43,16,8,130,135,131,214,130,33,132,35,132,134,132,211,132,0,0,103,141,118,138,184,137,135,130,54,131,35,136,151,171
44,16,23,130,137,131,226,130,23,132,37,132,163,132,223,132,0,0,91,141,114,138,191,137,152,130,54,131,38,136,139,171
45,16,52,130,125,131,228,130,252,131,39,132,154,132,201,132,0,0,95,141,106,138,139,137,150,130,26,131,29,136,130,171
46,16,39,130,122,131,217,130,1,132,45,132,125,132,177,132,0,0,97,141,116,138,107,137,128,130,22,131,33,136,144,171
47,16,16,130,125,131,223,130,35,132,48,132,118,132,201,132,0,0,98,141,137,138,149,137,131,130,46,131,33,136,136,171
48,16,13,130,126,131,215,130,17,132,48,132,144,132,222,132,0,0,86,141,137,138,205,137,149,130,48,131,24,136,120,171
49,16,15,130,135,131,208,130,244,131,47,132,147,132,203,132,0,0,69,141,116,138,180,137,157,130,24,131,30,136,128,171
50,16,14,130,138,131,235,130,27,132,43,132,117,132,203,132,0,0,79,141,116,138,150,137,150,130,14,131,30,136,128,171
51,16,21,130,131,131,244,130,63,132,45,132,125,132,224,132,0,0,92,141,123,138,179,137,145,130,31,131,11,136,129,171
52,16,8,130,135,131,222,130,34,132,44,132,142,132,235,132,0,0,89,141,120,138,187,137,145,130,45,131,8,136,149,171
53,16,7,130,151,131,210,130,37,132,37,132,127,132,214,132,0,0,86,141,125,138,141,137,143,130,37,131,24,136,137,171
54,16,40,130,158,131,233,130,62,132,34,132,138,132,164,132,0,0,92,141,128,138,91,137,145,130,31,131,23,136,113,171
55,16,26,130,142,131,221,130,28,132,33,132,139,132,165,132,0,0,88,141,124,138,126,137,150,130,35,131,15,136,133,171
56,16,5,130,121,131,184,130,2,132,42,132,107,132,192,132,0,0,81,141,120,138,196,137,142,130,25,131,24,136,145,171
57,16,28,130,128,131,205,130,16,132,35,132,116,132,164,132,0,0,89,141,126,138,186,137,129,130,11,131,27,136,126,171
58,16,35,130,144,131,234,130,9,132,13,132,138,132,150,132,0,0,93,141,113,138,154,137,147,130,28,131,17,136,122,171
59,16,22,130,137,131,214,130,7,132,22,132,114,132,207,132,0,0,89,141,103,138,169,137,163,130,45,131,30,136,134,171
60,16,34,130,127,131,199,130,36,132,61,132,113,132,237,132,0,0,90,141,122,138,188,137,158,130,33,131,31,136,140,171
61,16,53,130,143,131,235,130,50,132,68,132,160,132,198,132,0,0,92,141,124,138,147,137,142,130,22,131,6,136,136,171
62,16,35,130,162,131,236,130,40,132,45,132,166,132,193,132,0,0,84,141,111,138,106,137,133,130,25,131,9,136,130,171
63,16,15,130,153,131,195,130,19,132,31,132,123,132,214,132,0,0,77,141,120,138,143,137,144,130,40,131,39,136,135,171
64,16,24,130,128,131,208,130,5,132,32,132,101,132,198,132,0,0,66,141,125,138,194,137,152,130,33,131,51,136,151,171
65,16,28,130,125,131,236,130,22,132,52,132,125,132,185,132,0,0,71,141,114,138,175,137,143,130,11,131,27,136,137,171
66,16,15,130,151,131,228,130,26,132,44,132,148,132,202,132,0,0,97,141,107,138,158,137,149,130,36,131,2,136,135,171
67,16,8,130,156,131,213,130,3,132,45,132,141,132,187,132,0,0,101,141,110,138,192,137,155,130,55,131,10,136,163,171
68,16,13,130,128,131,211,130,17,132,98,132,122,132,165,132,0,0,95,141,121,138,177,137,147,130,19,131,32,136,154,171
69,16,19,130,110,131,220,130,48,132,104,132,110,132,201,132,0,0,90,141,119,138,115,137,152,130,0,131,17,136,119,171
70,16,23,130,107,131,212,130,27,132,37,132,119,132,229,132,0,0,75,141,89,138,91,137,148,130,34,131,1,136,129,171
71,16,25,130,111,131,192,130,5,132,16,132,135,132,205,132,0,0,76,141,89,138,110,137,132,130,48,131,18,136,156,171
72,16,23,130,124,131,187,130,16,132,54,132,130,132,164,132,0,0,95,141,120,138,111,137,142,130,24,131,24,136,142,171
73,16,15,130,138,131,203,130,13,132,42,132,121,132,149,132,0,0,93,141,130,138,94,137,151,130,20,131,22,136,129,171
74,16,28,130,139,131,220,130,4,132,21,132,130,132,187,132,0,0,76,141,124,138,106,137,145,130,49,131,23,136,144,171
75,16,43,130,128,131,218,130,14,132,43,132,138,132,221,132,0,0,62,141,122,138,123,137,153,130,54,131,30,136,135,171
76,16,29,130,123,131,214,130,18,132,52,132,142,132,210,132,0,0,60,141,109,138,105,137,159,130,30,131,45,136,124,171
77,16,34,130,123,131,213,130,13,132,40,132,144,132,205,132,0,0,74,141,93,138,106,137,155,130,39,131,41,136,149,171
78,16,44,130,131,131,207,130,20,132,42,132,125,132,212,132,0,0,72,141,96,138,157,137,164,130,62,131,26,136,145,171
79,16,9,130,136,131,216,130,40,132,54,132,116,132,189,132,0,0,64,141,102,138,187,137,162,130,46,131,29,136,119,171
80,16,250,129,125,131,231,130,35,132,48,132,141,132,181,132,0,0,84,141,105,138,176,137,134,130,21,131,33,136,120,171
81,16,31,130,124,131,235,130,21,132,37,132,144,132,201,132,0,0,92,141,115,138,145,137,132,130,28,131,27,136,119,171
82,16,26,130,136,131,216,130,32,132,50,132,122,132,202,132,0,0,82,141,120,138,139,137,151,130,46,131,24,136,117,171
83,16,244,129,142,131,200,130,49,132,70,132,125,132,191,132,0,0,93,141,112,138,179,137,145,130,52,131,21,136,131,171
84,16,13,130,143,131,200,130,37,132,56,132,148,132,198,132,0,0,94,141,99,138,190,137,143,130,28,131,37,136,146,171
85,16,44,130,150,131,209,130,23,132,37,132,146,132,210,132,0,0,75,141,119,138,155,137,163,130,19,131,51,136,143,171
86,16,27,130,150,131,221,130,26,132,47,132,143,132,208,132,0,0,88,141,139,138,162,137,162,130,55,131,23,136,129,171
87,16,11,130,151,131,222,130,11,132,42,132,151,132,181,132,0,0,107,141,116,138,202,137,146,130,53,131,15,136,126,171
88,16,12,130,160,131,227,130,14,132,32,132,150,132,162,132,0,0,101,141,106,138,166,137,132,130,21,131,43,136,132,171
89,16,21,130,154,131,247,130,53,132,56,132,139,132,188,132,0,0,98,141,120,138,116,137,131,130,29,131,41,136,125,171
90,16,25,130,145,131,231,130,63,132,48,132,125,132,225,132,0,0,96,141,110,138,114,137,143,130,36,131,21,136,118,171
91,16,8,130,133,131,191,130,44,132,23,132,139,132,213,132,0,0,93,141,105,138,111,137,149,130,10,131,27,136,137,171
92,16,2,130,125,131,214,130,31,132,44,132,157,132,194,132,0,0,96,141,127,138,100,137,142,130,16,131,47,136,138,171
93,16,18,130,130,131,240,130,22,132,60,132,145,132,201,132,0,0,106,141,127,138,111,137,134,130,35,131,42,136,126,171
94,16,22,130,136,131,219,130,35,132,47,132,137,132,189,132,0,0,111,141,115,138,96,137,139,130,36,131,13,136,128,171
95,16,22,130,143,131,212,130,60,132,45,132,148,132,201,132,0,0,91,141,116,138,106,137,156,130,53,131,252,135,133,171
96,16,27,130,137,131,216,130,37,132,38,132,155,132,231,132,0,0,62,141,113,138,180,137,155,130,63,131,16,136,155,171
97,16,16,130,125,131,222,130,23,132,35,132,141,132,204,132,0,0,56,141,116,138,163,137,142,130,32,131,37,136,165,171
98,16,11,130,129,131,215,130,51,132,49,132,141,132,197,132,0,0,81,141,123,138,120,137,145,130,0,131,30,136,139,171
99,16,17,130,141,131,178,130,46,132,34,132,152,132,228,132,0,0,94,141,119,138,171,137,156,130,20,131,12,136,128,171
100,16,20,130,143,131,187,130,28,132,33,132,144,132,199,132,0,0,94,141,118,138,201,137,157,130,36,131,16,136,145,171
101,16,24,130,131,131,232,130,21,132,61,132,129,132,151,132,0,0,110,141,115,138,186,137,149,130,20,131,41,136,149,171
102,16,19,130,129,131,221,130,11,132,51,132,128,132,165,132,0,0,113,141,112,138,181,137,147,130,17,131,38,136,139,171
103,16,15,130,140,131,197,130,18,132,28,132,134,132,185,132,0,0,83,141,121,138,130,137,156,130,34,131,6,136,155,171
104,16,25,130,153,131,216,130,32,132,35,132,129,132,183,132,0,0,86,141,126,138,83,137,164,130,53,131,4,136,154,171
105,16,42,130,131,131,231,130,29,132,43,132,126,132,192,132,0,0,106,141,108,138,128,137,146,130,47,131,27,136,125,171
106,16,40,130,81,131,232,130,9,132,38,132,138,132,190,132,0,0,80,141,96,138,126,137,133,130,28,131,23,136,128,171
107,16,11,130,79,131,216,130,10,132,46,132,133,132,188,132,0,0,60,141,100,138,91,137,152,130,38,131,21,136,151,171
108,16,1,130,120,131,202,130,27,132,59,132,123,132,211,132,0,0,85,141,111,138,157,137,150,130,54,131,46,136,154,171
109,16,14,130,144,131,214,130,10,132,48,132,141,132,221,132,0,0,82,141,128,138,203,137,146,130,28,131,38,136,140,171
110,16,18,130,147,131,223,130,2,132,27,132,156,132,204,132,0,0,59,141,120,138,141,137,167,130,1,131,16,136,128,171
111,16,20,130,150,131,215,130,40,132,33,132,146,132,208,132,0,0,96,141,94,138,125,137,160,130,18,131,24,136,124,171
112,16,36,130,132,131,220,130,38,132,53,132,126,132,223,132,0,0,126,141,96,138,161,137,135,130,33,131,30,136,130,171
113,16,47,130,129,131,217,130,0,132,44,132,128,132,191,132,0,0,81,141,115,138,154,137,139,130,32,131,17,136,147,171
114,16,29,130,147,131,205,130,24,132,35,132,138,132,163,132,0,0,72,141,119,138,154,137,145,130,28,131,13,136,145,171
115,16,12,130,128,131,211,130,51,132,50,132,131,132,190,132,0,0,110,141,120,138,194,137,138,130,32,131,6,136,126,171
116,16,7,130,116,131,210,130,13,132,54,132,129,132,204,132,0,0,97,141,119,138,185,137,128,130,44,131,253,135,119,171
117,16,19,130,140,131,215,130,9,132,42,132,145,132,187,132,0,0,64,141,116,138,170,137,129,130,30,131,16,136,129,171
118,16,30,130,123,131,244,130,53,132,48,132,146,132,193,132,0,0,94,141,136,138,189,137,144,130,9,131,29,136,138,171
119,16,21,130,108,131,230,130,55,132,49,132,132,132,209,132,0,0,108,141,138,138,155,137,148,130,31,131,19,136,136,171
120,16,31,130,151,131,191,130,20,132,34,132,141,132,208,132,0,0,75,141,107,138,112,137,136,130,46,131,26,136,147,171
121,16,35,130,149,131,198,130,8,132,24,132,145,132,203,132,0,0,77,141,113,138,105,137,136,130,17,131,44,136,151,171
122,16,14,130,121,131,229,130,25,132,33,132,133,132,191,132,0,0,90,141,127,138,104,137,138,130,26,131,29,136,136,171
123,16,15,130,144,131,233,130,28,132,44,132,127,132,186,132,0,0,77,141,105,138,105,137,138,130,64,131,16,136,134,171
124,16,29,130,145,131,202,130,13,132,37,132,120,132,196,132,0,0,80,141,98,138,111,137,146,130,49,131,22,136,131,171
125,16,20,130,112,131,187,130,21,132,30,132,133,132,205,132,0,0,96,141,122,138,96,137,147,130,27,131,20,136,117,171
126,16,15,130,118,131,208,130,42,132,38,132,143,132,211,132,0,0,83,141,121,138,123,137,144,130,43,131,17,136,116,171
127,16,23,130,137,131,214,130,38,132,45,132,128,132,204,132,77,0,62,141,107,138,194,137,161,130,50,131,26,136,130,171
0,16,12,130,110,131,217,130,17,132,32,132,129,132,184,132,0,0,74,141,118,138,166,137,163,130,46,131,28,136,132,171
1,16,18,130,92,131,231,130,19,132,35,132,140,132,178,132,0,0,108,141,126,138,111,137,146,130,37,131,22,136,123,171
2,16,40,130,107,131,231,130,34,132,58,132,137,132,194,132,0,0,117,141,114,138,135,137,146,130,30,131,30,136,134,171
3,16,24,130,121,131,215,130,31,132,46,132,132,132,208,132,0,0,93,141,113,138,136,137,160,130,28,131,37,136,148,171
4,16,254,129,128,131,214,130,25,132,30,132,145,132,214,132,0,0,70,141,122,138,95,137,160,130,15,131,24,136,141,171
5,16,13,130,136,131,216,130,30,132,35,132,156,132,212,132,0,0,69,141,114,138,100,137,148,130,11,131,28,136,134,171
6,16,29,130,151,131,196,130,27,132,42,132,147,132,221,132,0,0,86,141,99,138,115,137,156,130,26,131,34,136,140,171
7,16,23,130,148,131,174,130,19,132,38,132,129,132,224,132,0,0,95,141,107,138,98,137,163,130,28,131,19,136,131,171
8,16,24,130,129,131,176,130,13,132,43,132,133,132,186,132,0,0,73,141,116,138,92,137,148,130,18,131,15,136,123,171
9,16,22,130,114,131,200,130,10,132,72,132,146,132,170,132,0,0,70,141,120,138,124,137,132,130,25,131,34,136,134,171
10,16,24,130,116,131,212,130,30,132,79,132,131,132,195,132,0,0,111,141,118,138,183,137,124,130,24,131,47,136,138,171
11,16,15,130,128,131,220,130,39,132,24,132,130,132,193,132,0,0,110,141,122,138,200,137,132,130,13,131,38,136,133,171
12,16,5,130,140,131,233,130,9,132,17,132,149,132,204,132,0,0,59,141,125,138,181,137,148,130,23,131,26,136,135,171
13,16,12,130,144,131,227,130,248,131,86,132,139,132,242,132,0,0,58,141,115,138,179,137,140,130,40,131,37,136,133,171
14,16,24,130,137,131,208,130,252,131,77,132,136,132,223,132,0,0,109,141,111,138,189,137,127,130,23,131,38,136,134,171
15,16,20,130,133,131,210,130,255,131,25,132,149,132,179,132,0,0,105,141,116,138,184,137,134,130,2,131,17,136,145,171
16,16,11,130,115,131,220,130,9,132,35,132,142,132,201,132,0,0,66,141,112,138,174,137,135,130,23,131,29,136,142,171
17,16,21,130,88,131,215,130,18,132,26,132,119,132,217,132,0,0,80,141,109,138,166,137,132,130,42,131,53,136,127,171
18,16,39,130,106,131,218,130,7,132,18,132,102,132,174,132,0,0,102,141,120,138,188,137,143,130,32,131,37,136,130,171
19,16,34,130,142,131,208,130,12,132,59,132,116,132,149,132,0,0,83,141,126,138,192,137,144,130,35,131,16,136,144,171
20,16,12,130,151,131,209,130,26,132,54,132,135,132,185,132,0,0,59,141,121,138,117,137,133,130,42,131,46,136,138,171
21,16,24,130,157,131,237,130,24,132,10,132,131,132,227,132,0,0,80,141,114,138,110,137,134,130,32,131,58,136,125,171
22,16,53,130,157,131,226,130,11,132,31,132,116,132,222,132,0,0,97,141,114,138,166,137,145,130,37,131,28,136,138,171
23,16,46,130,140,131,209,130,16,132,52,132,117,132,207,132,0,0,81,141,109,138,159,137,144,130,35,131,12,136,147,171
24,16,25,130,123,131,206,130,27,132,23,132,130,132,214,132,0,0,79,141,112,138,156,137,140,130,20,131,21,136,146,171
25,16,17,130,113,131,213,130,11,132,15,132,126,132,208,132,0,0,92,141,121,138,199,137,150,130,33,131,32,136,154,171
26,16,30,130,122,131,231,130,2,132,47,132,125,132,204,132,0,0,94,141,112,138,190,137,157,130,41,131,29,136,134,171
27,16,38,130,149,131,224,130,7,132,68,132,128,132,223,132,0,0,92,141,95,138,153,137,157,130,37,131,24,136,110,171
28,16,36,130,165,131,221,130,9,132,52,132,125,132,230,132,0,0,100,141,107,138,173,137,155,130,43,131,36,136,126,171
29,16,17,130,162,131,249,130,17,132,37,132,124,132,220,132,0,0,105,141,118,138,173,137,148,130,46,131,48,136,139,171
30,16,10,130,157,131,239,130,36,132,33,132,133,132,221,132,0,0,94,141,115,138,166,137,144,130,41,131,37,136,132,171
31,16,16,130,151,131,204,130,49,132,53,132,141,132,223,132,0,0,94,141,122,138,187,137,150,130,37,131,14,136,136,171
32,16,12,130,143,131,223,130,31,132,64,132,135,132,223,132,0,0,103,141,114,138,183,137,148,130,38,131,27,136,144,171
33,16,23,130,134,131,248,130,19,132,39,132,129,132,227,132,0,0,87,141,96,138,177,137,137,130,39,131,34,136,149,171
34,16,35,130,138,131,230,130,18,132,32,132,133,132,229,132,0,0,68,141,121,138,182,137,140,130,38,131,21,136,153,171
35,16,25,130,137,131,225,130,12,132,59,132,140,132,224,132,0,0,79,141,138,138,185,137,145,130,27,131,32,136,147,171
36,16,26,130,120,131,220,130,17,132,47,132,117,132,215,132,0,0,78,141,110,138,186,137,143,130,25,131,53,136,150,171
37,16,32,130,114,131,206,130,24,132,10,132,98,132,214,132,0,0,70,141,102,138,187,137,138,130,27,131,33,136,146,171
38,16,23,130,123,131,219,130,39,132,54,132,131,132,216,132,0,0,80,141,119,138,180,137,137,130,15,131,18,136,128,171
39,16,39,130,131,131,238,130,53,132,87,132,153,132,209,132,0,0,75,141,112,138,198,137,144,130,26,131,60,136,127,171
40,16,45,130,120,131,230,130,52,132,51,132,139,132,207,132,0,0,64,141,106,138,188,137,150,130,40,131,71,136,136,171
41,16,10,130,117,131,215,130,38,132,41,132,136,132,221,132,0,0,58,141,111,138,143,137,146,130,38,131,22,136,141,171
42,16,11,130,132,131,202,130,24,132,42,132,153,132,221,132,0,0,57,141,126,138,170,137,143,130,26,131,1,136,138,171
43,16,35,130,138,131,189,130,16,132,21,132,160,132,204,132,0,0,82,141,132,138,180,137,141,130,15,131,21,136,128,171
44,16,19,130,126,131,202,130,7,132,21,132,147,132,211,132,0,0,96,141,107,138,141,137,134,130,21,131,36,136,136,171
45,16,6,130,131,131,214,130,31,132,46,132,134,132,215,132,0,0,79,141,88,138,163,137,122,130,31,131,31,136,143,171
46,16,36,130,147,131,197,130,55,132,34,132,133,132,207,132,0,0,90,141,112,138,198,137,123,130,20,131,32,136,141,171
47,16,50,130,136,131,200,130,28,132,35,132,144,132,222,132,0,0,110,141,138,138,173,137,128,130,6,131,41,136,145,171
48,16,30,130,130,131,221,130,15,132,64,132,138,132,237,132,0,0,93,141,129,138,171,137,143,130,29,131,41,136,137,171
49,16,20,130,137,131,208,130,26,132,48,132,119,132,228,132,0,0,99,141,115,138,193,137,154,130,48,131,28,136,130,171
50,16,18,130,138,131,188,130,19,132,18,132,130,132,213,132,0,0,125,141,108,138,180,137,134,130,33,131,20,136,137,171
51,16,6,130,136,131,209,130,25,132,26,132,136,132,198,132,0,0,113,141,99,138,155,137,127,130,34,131,36,136,137,171
52,16,5,130,120,131,210,130,33,132,59,132,131,132,195,132,0,0,73,141,113,138,120,137,152,130,45,131,39,136,133,171
53,16,22,130,126,131,192,130,11,132,59,132,134,132,217,132,0,0,44,141,132,138,91,137,156,130,39,131,25,136,131,171
54,16,25,130,155,131,202,130,7,132,33,132,137,132,222,132,0,0,59,141,119,138,111,137,142,130,42,131,34,136,124,171
55,16,15,130,155,131,197,130,29,132,33,132,138,132,204,132,0,0,88,141,95,138,163,137,136,130,47,131,41,136,135,171
56,16,16,130,141,131,196,130,32,132,48,132,142,132,216,132,0,0,79,141,104,138,179,137,138,130,32,131,30,136,165,171
57,16,16,130,144,131,211,130,26,132,54,132,142,132,218,132,0,0,75,141,133,138,183,137,142,130,13,131,24,136,169,171
58,16,20,130,145,131,208,130,20,132,51,132,130,132,207,132,0,0,102,141,134,138,183,137,146,130,13,131,39,136,149,171
59,16,25,130,126,131,209,130,10,132,57,132,133,132,222,132,0,0,91,141,124,138,148,137,138,130,42,131,46,136,124,171
60,16,16,130,126,131,210,130,17,132,51,132,141,132,236,132,0,0,75,141,121,138,153,137,131,130,64,131,43,136,117,171
61,16,7,130,145,131,200,130,17,132,35,132,149,132,220,132,0,0,103,141,113,138,145,137,131,130,38,131,29,136,125,171
62,16,32,130,160,131,203,130,9,132,45,132,153,132,202,132,0,0,97,141,113,138,117,137,141,130,4,131,20,136,129,171
63,16,48,130,155,131,222,130,30,132,63,132,144,132,209,132,0,0,71,141,118,138,147,137,162,130,23,131,29,136,132,171
64,16,35,130,132,131,225,130,46,132,52,132,142,132,214,132,0,0,102,141,114,138,172,137,150,130,45,131,33,136,127,171
65,16,23,130,131,131,209,130,15,132,55,132,144,132,221,132,0,0,117,141,120,138,126,137,125,130,27,131,22,136,117,171
66,16,19,130,141,131,199,130,248,131,70,132,139,132,219,132,0,0,75,141,132,138,112,137,136,130,16,131,19,136,130,171
67,16,19,130,118,131,203,130,3,132,55,132,144,132,193,132,0,0,81,141,122,138,170,137,141,130,16,131,32,136,147,171
68,16,33,130,103,131,219,130,9,132,35,132,134,132,188,132,0,0,132,141,106,138,199,137,131,130,30,131,28,136,127,171
69,16,39,130,124,131,224,130,4,132,35,132,108,132,209,132,0,0,112,141,114,138,155,137,134,130,46,131,24,136,101,171
70,16,20,130,131,131,219,130,22,132,32,132,116,132,217,132,0,0,72,141,120,138,113,137,142,130,42,131,30,136,125,171
71,16,10,130,130,131,212,130,38,132,29,132,139,132,201,132,0,0,91,141,111,138,153,137,142,130,35,131,35,136,153,171
72,16,23,130,157,131,208,130,26,132,33,132,135,132,209,132,0,0,113,141,114,138,177,137,145,130,38,131,39,136,127,171
73,16,25,130,161,131,232,130,20,132,34,132,128,132,226,132,0,0,110,141,120,138,97,137,142,130,38,131,35,136,112,171
74,16,31,130,140,131,238,130,20,132,31,132,150,132,205,132,0,0,102,141,113,138,79,137,147,130,43,131,26,136,141,171
75,16,45,130,127,131,220,130,19,132,26,132,150,132,203,132,0,0,92,141,103,138,143,137,159,130,46,131,18,136,148,171
76,16,35,130,111,131,220,130,16,132,33,132,123,132,234,132,0,0,91,141,117,138,176,137,145,130,26,131,30,136,139,171
77,16,11,130,112,131,230,130,7,132,47,132,121,132,239,132,0,0,112,141,131,138,177,137,137,130,24,131,35,136,151,171
78,16,1,130,135,131,220,130,14,132,40,132,147,132,215,132,0,0,116,141,121,138,172,137,143,130,41,131,17,136,151,171
79,16,11,130,135,131,216,130,34,132,27,132,151,132,208,132,0,0,94,141,117,138,179,137,134,130,51,131,24,136,129,171
80,16,24,130,135,131,219,130,24,132,33,132,136,132,220,132,0,0,87,141,116,138,183,137,130,130,50,131,38,136,133,171
81,16,27,130,155,131,206,130,16,132,49,132,150,132,230,132,0,0,83,141,110,138,170,137,145,130,36,131,19,136,139,171
82,16,18,130,151,131,206,130,30,132,51,132,150,132,230,132,0,0,67,141,123,138,173,137,157,130,31,131,17,136,133,171
83,16,3,130,129,131,214,130,22,132,14,132,128,132,209,132,0,0,80,141,136,138,169,137,148,130,20,131,38,136,136,171
84,16,12,130,138,131,212,130,16,132,12,132,132,132,197,132,0,0,83,141,120,138,165,137,141,130,9,131,8,136,140,171
85,16,36,130,137,131,223,130,29,132,38,132,134,132,214,132,0,0,57,141,96,138,182,137,148,130,29,131,251,135,137,171
86,16,41,130,111,131,231,130,27,132,23,132,132,132,204,132,0,0,76,141,92,138,176,137,157,130,49,131,40,136,130,171
87,16,39,130,126,131,234,130,14,132,26,132,148,132,186,132,0,0,103,141,103,138,129,137,157,130,37,131,45,136,126,171
88,16,41,130,148,131,231,130,13,132,36,132,157,132,200,132,0,0,87,141,113,138,109,137,154,130,26,131,13,136,127,171
89,16,53,130,130,131,210,130,11,132,16,132,143,132,217,132,0,0,95,141,124,138,102,137,138,130,33,131,20,136,139,171
90,16,44,130,122,131,188,130,3,132,23,132,141,132,203,132,0,0,108,141,120,138,112,137,130,130,33,131,39,136,143,171
91,16,17,130,128,131,206,130,255,131,52,132,154,132,196,132,0,0,74,141,97,138,154,137,152,130,38,131,33,136,134,171
92,16,11,130,120,131,242,130,12,132,31,132,158,132,226,132,0,0,68,141,95,138,150,137,153,130,45,131,22,136,146,171
93,16,14,130,113,131,237,130,30,132,26,132,154,132,237,132,0,0,108,141,131,138,100,137,130,130,34,131,20,136,155,171
94,16,13,130,129,131,212,130,22,132,58,132,127,132,223,132,0,0,97,141,139,138,71,137,142,130,32,131,26,136,137,171
95,16,19,130,148,131,222,130,2,132,44,132,110,132,216,132,0,0,77,141,110,138,115,137,162,130,42,131,35,136,123,171
96,16,25,130,141,131,239,130,246,131,35,132,127,132,214,132,0,0,96,141,96,138,179,137,151,130,35,131,35,136,135,171
97,16,26,130,118,131,238,130,251,131,45,132,144,132,202,132,0,0,90,141,112,138,165,137,143,130,14,131,15,136,135,171
98,16,19,130,116,131,220,130,7,132,47,132,138,132,195,132,0,0,62,141,120,138,154,137,140,130,11,131,0,136,122,171
99,16,10,130,129,131,204,130,8,132,37,132,119,132,204,132,0,0,69,141,107,138,192,137,134,130,21,131,23,136,137,171
100,16,10,130,119,131,207,130,3,132,46,132,129,132,205,132,0,0,84,141,97,138,175,137,151,130,36,131,48,136,161,171
101,16,16,130,108,131,192,130,2,132,59,132,160,132,210,132,0,0,82,141,122,138,129,137,155,130,32,131,32,136,147,171
102,16,7,130,115,131,188,130,19,132,49,132,149,132,224,132,0,0,99,141,138,138,139,137,132,130,7,131,13,136,121,171
103,16,7,130,125,131,221,130,39,132,51,132,126,132,206,132,0,0,125,141,111,138,146,137,129,130,2,131,21,136,129,171
104,16,35,130,123,131,227,130,27,132,43,132,137,132,180,132,0,0,108,141,92,138,153,137,156,130,25,131,42,136,130,171
105,16,47,130,122,131,210,130,9,132,29,132,140,132,201,132,0,0,71,141,105,138,199,137,160,130,37,131,44,136,106,171
106,16,22,130,137,131,224,130,16,132,35,132,130,132,219,132,0,0,73,141,122,138,183,137,138,130,26,131,38,136,120,171
107,16,254,129,132,131,232,130,19,132,42,132,132,132,192,132,0,0,102,141,120,138,115,137,138,130,31,131,28,136,145,171
108,16,9,130,126,131,203,130,4,132,28,132,127,132,192,132,0,0,100,141,114,138,104,137,148,130,44,131,28,136,127,171
109,16,19,130,145,131,202,130,9,132,35,132,126,132,227,132,0,0,86,141,113,138,153,137,142,130,40,131,43,136,117,171
110,16,4,130,147,131,244,130,36,132,50,132,133,132,223,132,0,0,84,141,105,138,199,137,140,130,30,131,38,136,146,171
111,16,10,130,123,131,239,130,50,132,43,132,131,132,205,132,0,0,66,141,113,138,183,137,157,130,39,131,21,136,154,171
112,16,24,130,144,131,192,130,40,132,45,132,139,132,208,132,0,0,70,141,129,138,162,137,155,130,44,131,17,136,142,171
113,16,20,130,177,131,195,130,21,132,32,132,151,132,214,132,0,0,97,141,124,138,176,137,139,130,37,131,21,136,145,171
114,16,15,130,151,131,237,130,27,132,31,132,138,132,210,132,0,0,104,141,121,138,178,137,148,130,39,131,31,136,139,171
115,16,24,130,132,131,227,130,45,132,51,132,119,132,196,132,0,0,100,141,121,138,167,137,151,130,36,131,33,136,125,171
116,16,20,130,147,131,191,130,32,132,43,132,120,132,195,132,0,0,98,141,116,138,189,137,127,130,33,131,22,136,137,171
117,16,4,130,140,131,202,130,11,132,25,132,136,132,205,132,0,0,88,141,115,138,180,137,122,130,35,131,25,136,149,171
118,16,13,130,125,131,238,130,11,132,33,132,139,132,213,132,0,0,94,141,128,138,131,137,154,130,32,131,46,136,141,171
119,16,24,130,126,131,234,130,5,132,41,132,129,132,214,132,0,0,112,141,133,138,138,137,156,130,35,131,34,136,129,171
120,16,20,130,126,131,207,130,253,131,31,132,141,132,213,132,0,0,93,141,117,138,179,137,131,130,51,131,24,136,124,171
121,16,11,130,131,131,193,130,3,132,42,132,151,132,214,132,0,0,82,141,107,138,196,137,141,130,37,131,33,136,133,171
122,16,10,130,136,131,214,130,250,131,55,132,127,132,208,132,0,0,104,141,122,138,175,137,156,130,16,131,21,136,149,171
123,16,19,130,122,131,232,130,237,131,52,132,116,132,205,132,0,0,103,141,132,138,128,137,137,130,29,131,15,136,145,171
124,16,12,130,119,131,215,130,255,131,40,132,130,132,210,132,0,0,91,141,121,138,123,137,134,130,26,131,36,136,123,171
125,16,15,130,132,131,206,130,24,132,32,132,133,132,220,132,0,0,90,141,117,138,180,137,158,130,20,131,50,136,120,171
126,16,38,130,129,131,218,130,24,132,45,132,144,132,207,132,0,0,80,141,120,138,203,137,158,130,33,131,26,136,126,171
127,16,35,130,141,131,223,130,27,132,63,132,161,132,189,132,77,0,71,141,120,138,167,137,146,130,41,131,0,136,120,171
0,16,12,130,141,131,215,130,42,132,50,132,138,132,203,132,0,0,75,141,122,138,163,137,134,130,38,131,15,136,113,171
1,16,252,129,95,131,219,130,48,132,30,132,121,132,215,132,0,0,83,141,108,138,188,137,130,130,24,131,31,136,118,171
2,16,254,129,96,131,223,130,53,132,46,132,136,132,216,132,0,0,87,141,104,138,167,137,142,130,15,131,23,136,130,171
3,16,11,130,133,131,209,130,44,132,47,132,129,132,215,132,0,0,98,141,121,138,136,137,148,130,25,131,18,136,138,171
4,16,30,130,104,131,191,130,17,132,17,132,129,132,199,132,0,0,116,141,127,138,117,137,141,130,45,131,32,136,143,171
5,16,44,130,78,131,179,130,7,132,31,132,149,132,192,132,0,0,95,141,115,138,131,137,132,130,43,131,32,136,134,171
6,16,33,130,126,131,196,130,19,132,61,132,146,132,207,132,0,0,55,141,115,138,161,137,125,130,31,131,18,136,126,171
7,16,18,130,145,131,218,130,3,132,39,132,137,132,214,132,0,0,82,141,123,138,185,137,133,130,36,131,26,136,129,171
8,16,30,130,131,131,224,130,245,131,24,132,144,132,206,132,0,0,118,141,118,138,188,137,154,130,35,131,44,136,135,171
9,16,31,130,144,131,207,130,1,132,53,132,151,132,225,132,0,0,76,141,104,138,178,137,155,130,27,131,27,136,133,171
10,16,6,130,143,131,195,130,7,132,54,132,142,132,243,132,0,0,62,141,110,138,174,137,138,130,35,131,0,136,128,171
11,16,253,129,122,131,205,130,13,132,34,132,131,132,224,132,0,0,106,141,133,138,182,137,140,130,40,131,14,136,147,171
12,16,3,130,131,131,206,130,19,132,42,132,136,132,202,132,0,0,100,141,133,138,185,137,152,130,26,131,13,136,164,171
13,16,11,130,150,131,203,130,14,132,46,132,146,132,204,132,0,0,60,141,105,138,140,137,154,130,36,131,250,135,136,171
14,16,33,130,131,131,199,130,15,132,35,132,139,132,209,132,0,0,57,141,101,138,89,137,135,130,57,131,6,136,112,171
15,16,27,130,126,131,212,130,25,132,48,132,139,132,205,132,0,0,71,141,117,138,97,137,132,130,38,131,21,136,131,171
16,16,239,129,154,131,214,130,25,132,33,132,145,132,206,132,0,0,81,141,119,138,136,137,147,130,18,131,23,136,146,171
17,16,241,129,154,131,202,130,7,132,13,132,136,132,211,132,0,0,97,141,116,138,158,137,143,130,29,131,24,136,133,171
18,16,35,130,133,131,205,130,248,131,61,132,133,132,208,132,0,0,107,141,99,138,162,137,128,130,40,131,23,136,126,171
19,16,28,130,132,131,198,130,254,131,91,132,142,132,198,132,0,0,94,141,79,138,175,137,141,130,27,131,19,136,133,171
20,16,252,129,128,131,189,130,12,132,43,132,144,132,200,132,0,0,64,141,90,138,159,137,159,130,20,131,28,136,129,171
21,16,21,130,122,131,208,130,17,132,23,132,132,132,221,132,0,0,50,141,119,138,120,137,144,130,35,131,33,136,115,171
22,16,47,130,143,131,214,130,18,132,55,132,129,132,214,132,0,0,78,141,132,138,87,137,124,130,29,131,26,136,127,171
23,16,24,130,146,131,208,130,24,132,51,132,134,132,190,132,0,0,103,141,122,138,92,137,130,130,9,131,31,136,143,171
24,16,1,130,131,131,212,130,22,132,9,132,134,132,208,132,0,0,92,141,111,138,139,137,142,130,8,131,23,136,131,171
25,16,4,130,129,131,203,130,0,132,9,132,138,132,227,132,0,0,76,141,109,138,151,137,153,130,13,131,19,136,128,171
26,16,20,130,120,131,195,130,253,131,32,132,136,132,198,132,0,0,77,141,111,138,116,137,144,130,13,131,27,136,139,171
27,16,23,130,111,131,208,130,22,132,18,132,145,132,207,132,0,0,70,141,112,138,89,137,121,130,25,131,23,136,131,171
28,16,13,130,125,131,214,130,16,132,5,132,153,132,238,132,0,0,66,141,111,138,103,137,127,130,41,131,15,136,136,171
29,16,16,130,131,131,206,130,248,131,50,132,146,132,201,132,0,0,98,141,106,138,134,137,151,130,45,131,14,136,135,171
30,16,29,130,122,131,202,130,253,131,62,132,122,132,182,132,0,0,119,141,104,138,170,137,138,130,30,131,10,136,105,171
31,16,28,130,120,131,198,130,12,132,28,132,118,132,230,132,0,0,86,141,121,138,194,137,129,130,17,131,6,136,113,171
32,16,22,130,116,131,206,130,1,132,59,132,133,132,230,132,0,0,72,141,129,138,199,137,144,130,25,131,26,136,139,171
33,16,24,130,120,131,214,130,6,132,89,132,123,132,179,132,0,0,87,141,114,138,161,137,129,130,21,131,40,136,145,171
34,16,14,130,134,131,196,130,17,132,45,132,116,132,190,132,0,0,82,141,116,138,132,137,128,130,10,131,29,136,151,171
35,16,2,130,125,131,196,130,7,132,15,132,143,132,222,132,0,0,73,141,122,138,151,137,156,130,40,131,31,136,144,171
36,16,13,130,107,131,216,130,4,132,40,132,167,132,207,132,0,0,83,141,100,138,170,137,149,130,60,131,31,136,128,171
37,16,11,130,118,131,209,130,14,132,53,132,149,132,195,132,0,0,84,141,89,138,169,137,121,130,41,131,14,136,132,171
38,16,4,130,123,131,194,130,15,132,30,132,131,132,217,132,0,0,73,141,109,138,169,137,136,130,31,131,13,136,139,171
39,16,20,130,119,131,203,130,10,132,28,132,145,132,233,132,0,0,82,141,123,138,182,137,156,130,37,131,37,136,132,171
40,16,36,130,131,131,193,130,11,132,42,132,136,132,206,132,0,0,103,141,117,138,171,137,139,130,38,131,36,136,133,171
41,16,22,130,123,131,183,130,15,132,53,132,132,132,182,132,0,0,100,141,110,138,137,137,133,130,35,131,14,136,136,171
42,16,0,130,94,131,207,130,5,132,49,132,146,132,205,132,0,0,86,141,119,138,149,137,150,130,30,131,6,136,138,171
43,16,5,130,105,131,207,130,1,132,42,132,128,132,210,132,0,0,93,141,132,138,186,137,157,130,26,131,13,136,135,171
44,16,19,130,130,131,186,130,250,131,53,132,102,132,183,132,0,0,104,141,133,138,173,137,140,130,32,131,25,136,119,171
45,16,15,130,128,131,192,130,236,131,48,132,128,132,201,132,0,0,86,141,129,138,121,137,143,130,33,131,26,136,122,171
46,16,255,129,129,131,210,130,249,131,47,132,149,132,235,132,0,0,66,141,132,138,134,137,156,130,18,131,14,136,145,171
47,16,6,130,140,131,208,130,19,132,60,132,133,132,216,132,0,0,84,141,116,138,170,137,145,130,17,131,22,136,146,171
48,16,16,130,134,131,201,130,22,132,50,132,126,132,199,132,0,0,109,141,106,138,157,137,142,130,28,131,35,136,125,171
49,16,254,129,125,131,215,130,22,132,30,132,140,132,200,132,0,0,111,141,131,138,117,137,144,130,25,131,22,136,123,171
50,16,252,129,134,131,206,130,37,132,41,132,125,132,193,132,0,0,101,141,147,138,94,137,139,130,24,131,15,136,138,171
51,16,26,130,139,131,197,130,45,132,49,132,116,132,198,132,0,0,90,141,121,138,103,137,147,130,40,131,36,136,134,171
52,16,39,130,142,131,208,130,41,132,31,132,141,132,208,132,0,0,88,141,106,138,129,137,148,130,40,131,39,136,126,171
53,16,7,130,146,131,201,130,37,132,38,132,134,132,211,132,0,0,93,141,108,138,166,137,131,130,26,131,27,136,127,171
54,16,236,129,147,131,197,130,32,132,47,132,102,132,221,132,0,0,99,141,97,138,185,137,130,130,42,131,31,136,130,171
55,16,254,129,137,131,211,130,44,132,43,132,134,132,222,132,0,0,104,141,99,138,173,137,138,130,55,131,43,136,126,171
56,16,23,130,123,131,216,130,52,132,65,132,181,132,217,132,0,0,106,141,125,138,176,137,136,130,29,131,31,136,138,171
57,16,17,130,135,131,201,130,32,132,54,132,159,132,212,132,0,0,101,141,118,138,191,137,137,130,22,131,19,136,152,171
58,16,10,130,154,131,190,130,16,132,10,132,131,132,204,132,0,0,89,141,96,138,187,137,152,130,41,131,27,136,140,171
59,16,34,130,141,131,201,130,13,132,18,132,144,132,190,132,0,0,78,141,121,138,158,137,153,130,36,131,27,136,126,171
60,16,33,130,136,131,210,130,20,132,47,132,144,132,173,132,0,0,101,141,126,138,154,137,135,130,21,131,21,136,133,171
61,16,4,130,146,131,220,130,48,132,36,132,131,132,177,132,0,0,139,141,93,138,149,137,128,130,26,131,39,136,136,171
62,16,254,129,130,131,212,130,61,132,34,132,138,132,204,132,0,0,106,141,100,138,148,137,141,130,24,131,44,136,128,171
63,16,8,130,117,131,189,130,34,132,50,132,161,132,204,132,0,0,54,141,126,138,147,137,157,130,11,131,4,136,134,171
64,16,21,130,145,131,189,130,15,132,45,132,147,132,185,132,0,0,77,141,128,138,145,137,151,130,17,131,241,135,128,171
65,16,24,130,145,131,209,130,17,132,36,132,133,132,208,132,0,0,114,141,121,138,179,137,135,130,23,131,13,136,112,171
66,16,7,130,122,131,222,130,22,132,37,132,153,132,221,132,0,0,95,141,125,138,188,137,131,130,35,131,16,136,134,171
67,16,9,130,132,131,201,130,25,132,46,132,153,132,189,132,0,0,77,141,123,138,152,137,146,130,48,131,13,136,154,171
68,16,18,130,149,131,189,130,6,132,50,132,113,132,190,132,0,0,97,141,114,138,158,137,159,130,33,131,29,136,141,171
69,16,0,130,156,131,221,130,253,131,45,132,106,132,222,132,0,0,102,141,101,138,175,137,155,130,23,131,8,136,137,171
70,16,0,130,156,131,226,130,25,132,51,132,141,132,226,132,0,0,88,141,109,138,152,137,144,130,38,131,0,136,145,171
71,16,19,130,152,131,198,130,37,132,54,132,161,132,203,132,0,0,87,141,135,138,133,137,135,130,34,131,31,136,129,171
72,16,4,130,157,131,202,130,26,132,43,132,149,132,191,132,0,0,94,141,137,138,124,137,143,130,16,131,33,136,121,171
73,16,0,130,152,131,224,130,31,132,43,132,142,132,193,132,0,0,100,141,127,138,138,137,145,130,19,131,26,136,134,171
74,16,24,130,140,131,208,130,28,132,49,132,143,132,194,132,0,0,96,141,121,138,202,137,133,130,30,131,27,136,131,171
75,16,22,130,132,131,193,130,14,132,40,132,133,132,202,132,0,0,85,141,116,138,203,137,147,130,23,131,2,136,124,171
76,16,6,130,134,131,225,130,35,132,39,132,130,132,204,132,0,0,64,141,119,138,166,137,137,130,27,131,243,135,121,171
77,16,13,130,141,131,233,130,37,132,37,132,142,132,197,132,0,0,78,141,127,138,190,137,109,130,40,131,1,136,121,171
78,16,11,130,150,131,214,130,7,132,44,132,135,132,213,132,0,0,109,141,115,138,190,137,131,130,39,131,4,136,146,171
79,16,20,130,139,131,217,130,18,132,61,132,112,132,228,132,0,0,96,141,95,138,150,137,147,130,32,131,17,136,161,171
80,16,37,130,119,131,224,130,39,132,42,132,113,132,219,132,0,0,77,141,106,138,123,137,129,130,32,131,33,136,140,171
81,16,16,130,113,131,212,130,13,132,34,132,129,132,211,132,0,0,91,141,126,138,107,137,133,130,42,131,21,136,125,171
82,16,0,130,117,131,204,130,252,131,65,132,129,132,207,132,0,0,92,141,121,138,114,137,150,130,47,131,18,136,135,171
83,16,15,130,129,131,210,130,16,132,79,132,139,132,207,132,0,0,79,141,107,138,143,137,140,130,44,131,26,136,134,171
84,16,24,130,142,131,203,130,16,132,61,132,140,132,233,132,0,0,90,141,110,138,183,137,148,130,35,131,22,136,122,171
85,16,26,130,127,131,198,130,13,132,51,132,108,132,241,132,0,0,100,141,120,138,147,137,168,130,36,131,20,136,123,171
86,16,15,130,124,131,203,130,39,132,48,132,107,132,204,132,0,0,85,141,117,138,81,137,166,130,47,131,29,136,131,171
87,16,8,130,130,131,202,130,47,132,40,132,152,132,196,132,0,0,72,141,116,138,124,137,160,130,38,131,35,136,137,171
88,16,24,130,110,131,203,130,26,132,44,132,161,132,224,132,0,0,61,141,127,138,199,137,134,130,31,131,17,136,131,171
89,16,37,130,109,131,224,130,25,132,44,132,138,132,213,132,0,0,71,141,122,138,186,137,126,130,33,131,6,136,119,171
90,16,14,130,136,131,234,130,57,132,40,132,132,132,192,132,0,0,85,141,101,138,171,137,142,130,31,131,34,136,121,171
91,16,253,129,131,131,212,130,62,132,46,132,133,132,216,132,0,0,82,141,102,138,195,137,142,130,22,131,43,136,119,171
92,16,11,130,112,131,209,130,36,132,48,132,136,132,232,132,0,0,92,141,117,138,154,137,142,130,30,131,21,136,125,171
93,16,8,130,135,131,219,130,14,132,30,132,146,132,210,132,0,0,104,141,109,138,146,137,152,130,42,131,14,136,140,171
94,16,252,129,151,131,205,130,11,132,25,132,143,132,216,132,0,0,87,141,105,138,190,137,155,130,26,131,27,136,136,171
95,16,6,130,115,131,209,130,21,132,40,132,134,132,221,132,0,0,90,141,119,138,135,137,148,130,19,131,35,136,130,171
96,16,15,130,107,131,219,130,21,132,38,132,142,132,202,132,0,0,104,141,125,138,97,137,137,130,34,131,30,136,138,171
97,16,10,130,135,131,205,130,7,132,32,132,144,132,211,132,0,0,74,141,126,138,180,137,134,130,41,131,30,136,131,171
98,16,8,130,147,131,218,130,8,132,45,132,133,132,222,132,0,0,62,141,119,138,213,137,142,130,33,131,31,136,121,171
99,16,11,130,123,131,247,130,35,132,56,132,122,132,190,132,0,0,104,141,110,138,157,137,143,130,32,131,30,136,142,171
100,16,11,130,118,131,233,130,41,132,42,132,107,132,180,132,0,0,103,141,112,138,170,137,125,130,42,131,23,136,141,171
101,16,253,129,141,131,210,130,24,132,42,132,110,132,211,132,0,0,66,141,122,138,199,137,120,130,26,131,21,136,119,171
102,16,246,129,152,131,219,130,19,132,69,132,146,132,212,132,0,0,72,141,109,138,177,137,133,130,8,131,21,136,133,171
103,16,18,130,113,131,221,130,35,132,64,132,162,132,198,132,0,0,94,141,102,138,179,137,152,130,27,131,21,136,150,171
104,16,35,130,76,131,210,130,27,132,30,132,130,132,205,132,0,0,102,141,120,138,186,137,155,130,47,131,26,136,139,171
105,16,17,130,104,131,218,130,1,132,24,132,121,132,218,132,0,0,103,141,117,138,178,137,133,130,26,131,29,136,123,171
106,16,16,130,133,131,209,130,12,132,43,132,151,132,220,132,0,0,103,141,112,138,188,137,134,130,11,131,36,136,136,171
107,16,21,130,115,131,180,130,36,132,41,132,153,132,204,132,0,0,110,141,121,138,183,137,149,130,37,131,42,136,142,171
108,16,19,130,110,131,186,130,26,132,29,132,136,132,201,132,0,0,103,141,129,138,157,137,150,130,47,131,32,136,123,171
109,16,24,130,126,131,201,130,10,132,33,132,143,132,208,132,0,0,82,141,126,138,164,137,143,130,41,131,26,136,119,171
110,16,15,130,147,131,193,130,20,132,35,132,141,132,207,132,0,0,76,141,113,138,190,137,138,130,52,131,32,136,130,171
111,16,250,129,147,131,202,130,17,132,25,132,127,132,197,132,0,0,80,141,114,138,197,137,145,130,44,131,39,136,130,171
112,16,5,130,117,131,214,130,5,132,33,132,152,132,199,132,0,0,83,141,113,138,166,137,151,130,28,131,38,136,125,171
113,16,31,130,109,131,202,130,13,132,46,132,156,132,204,132,0,0,96,141,113,138,131,137,144,130,42,131,34,136,122,171
114,16,30,130,134,131,200,130,16,132,25,132,115,132,203,132,0,0,94,141,130,138,152,137,130,130,46,131,28,136,124,171
115,16,8,130,128,131,198,130,6,132,17,132,121,132,199,132,0,0,73,141,144,138,196,137,136,130,23,131,29,136,129,171
116,16,9,130,136,131,187,130,20,132,46,132,156,132,199,132,0,0,68,141,132,138,178,137,144,130,25,131,31,136,123,171
117,16,29,130,159,131,201,130,32,132,59,132,146,132,201,132,0,0,80,141,118,138,161,137,132,130,43,131,29,136,118,171
118,16,29,130,135,131,212,130,19,132,54,132,129,132,185,132,0,0,99,141,120,138,187,137,136,130,39,131,47,136,132,171
119,16,4,130,117,131,203,130,18,132,48,132,131,132,189,132,0,0,109,141,118,138,171,137,168,130,39,131,50,136,122,171
120,16,254,129,134,131,211,130,42,132,42,132,120,132,217,132,0,0,92,141,114,138,157,137,172,130,47,131,25,136,105,171
121,16,0,130,117,131,215,130,43,132,47,132,121,132,227,132,0,0,84,141,118,138,172,137,136,130,35,131,27,136,126,171
122,16,244,129,90,131,198,130,25,132,43,132,136,132,218,132,0,0,101,141,130,138,170,137,137,130,35,131,56,136,138,171
123,16,247,129,117,131,198,130,29,132,28,132,136,132,201,132,0,0,96,141,138,138,171,137,158,130,50,131,58,136,139,171
124,16,9,130,136,131,210,130,12,132,37,132,133,132,178,132,0,0,73,141,126,138,187,137,143,130,41,131,24,136,149,171
125,16,18,130,126,131,211,130,241,131,56,132,137,132,177,132,0,0,70,141,119,138,174,137,127,130,19,131,0,136,142,171
126,16,9,130,127,131,207,130,0,132,42,132,131,132,205,132,0,0,84,141,126,138,166,137,133,130,12,131,30,136,116,171
127,16,5,130,145,131,181,130,18,132,33,132,139,132,202,132,77,0,88,141,134,138,190,137,141,130,27,131,62,136,115,171
0,16,17,130,162,131,174,130,9,132,67,132,147,132,196,132,0,0,87,141,121,138,161,137,148,130,39,131,44,136,144,171
1,16,13,130,153,131,201,130,10,132,97,132,141,132,222,132,0,0,93,141,109,138,141,137,142,130,24,131,24,136,137,171
2,16,247,129,145,131,195,130,37,132,83,132,152,132,217,132,0,0,93,141,126,138,193,137,129,130,13,131,41,136,119,171
3,16,251,129,150,131,184,130,37,132,51,132,153,132,195,132,0,0,96,141,133,138,179,137,140,130,27,131,34,136,132,171
4,16,18,130,136,131,203,130,19,132,45,132,123,132,204,132,0,0,99,141,123,138,102,137,151,130,41,131,11,136,148,171
5,16,26,130,133,131,210,130,16,132,47,132,113,132,223,132,0,0,102,141,119,138,90,137,143,130,33,131,28,136,139,171
6,16,23,130,154,131,191,130,38,132,31,132,132,132,226,132,0,0,95,141,122,138,123,137,134,130,26,131,43,136,132,171
7,16,20,130,145,131,193,130,53,132,20,132,127,132,225,132,0,0,72,141,121,138,144,137,141,130,33,131,28,136,144,171
8,16,19,130,122,131,208,130,39,132,38,132,125,132,219,132,0,0,66,141,126,138,197,137,162,130,35,131,39,136,147,171
9,16,20,130,132,131,201,130,20,132,53,132,150,132,224,132,0,0,96,141,137,138,186,137,169,130,35,131,68,136,142,171
10,16,15,130,139,131,201,130,19,132,43,132,140,132,226,132,0,0,110,141,125,138,114,137,145,130,28,131,55,136,132,171
11,16,20,130,138,131,213,130,24,132,35,132,115,132,200,132,0,0,81,141,119,138,132,137,126,130,24,131,31,136,138,171
12,16,32,130,134,131,218,130,5,132,34,132,128,132,198,132,0,0,76,141,131,138,192,137,128,130,36,131,36,136,158,171
13,16,24,130,127,131,224,130,247,131,37,132,143,132,224,132,0,0,96,141,132,138,195,137,136,130,43,131,46,136,141,171
14,16,252,129,147,131,223,130,10,132,31,132,142,132,224,132,0,0,98,141,118,138,176,137,137,130,35,131,54,136,108,171
15,16,244,129,148,131,211,130,20,132,37,132,147,132,217,132,0,0,92,141,113,138,146,137,143,130,36,131,40,136,131,171
16,16,6,130,111,131,199,130,2,132,35,132,146,132,224,132,0,0,86,141,115,138,154,137,152,130,51,131,26,136,168,171
17,16,20,130,116,131,198,130,248,131,15,132,135,132,214,132,0,0,87,141,114,138,192,137,152,130,40,131,44,136,143,171
18,16,28,130,149,131,206,130,7,132,22,132,126,132,197,132,0,0,103,141,120,138,155,137,135,130,24,131,43,136,127,171
19,16,27,130,139,131,207,130,18,132,48,132,126,132,204,132,0,0,115,141,119,138,129,137,139,130,42,131,17,136,151,171
20,16,24,130,126,131,211,130,5,132,47,132,133,132,208,132,0,0,96,141,116,138,187,137,154,130,55,131,35,136,144,171
21,16,27,130,130,131,221,130,6,132,26,132,160,132,198,132,0,0,92,141,116,138,175,137,138,130,48,131,56,136,133,171
22,16,13,130,123,131,217,130,28,132,38,132,153,132,193,132,0,0,107,141,105,138,133,137,121,130,42,131,33,136,147,171
23,16,254,129,121,131,211,130,19,132,63,132,119,132,205,132,0,0,94,141,110,138,182,137,138,130,29,131,22,136,142,171
24,16,5,130,120,131,211,130,250,131,30,132,124,132,202,132,0,0,88,141,124,138,211,137,155,130,9,131,32,136,130,171
25,16,19,130,137,131,213,130,3,132,10,132,129,132,198,132,0,0,107,141,133,138,163,137,157,130,18,131,35,136,144,171
26,16,13,130,151,131,212,130,5,132,33,132,116,132,214,132,0,0,107,141,122,138,162,137,157,130,52,131,34,136,144,171
27,16,5,130,133,131,209,130,253,131,29,132,125,132,213,132,0,0,75,141,107,138,193,137,142,130,48,131,33,136,124,171
28,16,6,130,137,131,204,130,14,132,11,132,138,132,202,132,0,0,62,141,116,138,178,137,125,130,18,131,33,136,133,171
29,16,8,130,144,131,197,130,23,132,32,132,133,132,213,132,0,0,99,141,133,138,152,137,125,130,14,131,31,136,152,171
30,16,21,130,106,131,206,130,8,132,51,132,142,132,236,132,0,0,122,141,131,138,156,137,120,130,26,131,30,136,152,171
31,16,25,130,103,131,238,130,8,132,36,132,148,132,219,132,0,0,91,141,126,138,183,137,121,130,26,131,36,136,157,171
32,16,14,130,152,131,253,130,20,132,38,132,143,132,191,132,0,0,84,141,127,138,190,137,125,130,15,131,26,136,156,171
33,16,11,130,145,131,235,130,30,132,53,132,143,132,205,132,0,0,101,141,121,138,166,137,122,130,22,131,0,136,134,171
34,16,20,130,115,131,233,130,35,132,40,132,126,132,210,132,0,0,83,141,123,138,139,137,141,130,39,131,255,135,121,171
35,16,13,130,141,131,239,130,17,132,18,132,145,132,192,132,0,0,76,141,131,138,155,137,151,130,47,131,15,136,148,171
36,16,14,130,136,131,221,130,4,132,17,132,173,132,190,132,0,0,95,141,119,138,190,137,127,130,46,131,21,136,143,171
37,16,35,130,103,131,202,130,28,132,50,132,142,132,222,132,0,0,100,141,113,138,171,137,132,130,48,131,18,136,101,171
38,16,25,130,128,131,232,130,48,132,53,132,116,132,210,132,0,0,91,141,125,138,163,137,152,130,55,131,17,136,107,171
39,16,5,130,156,131,12,131,30,132,39,132,141,132,182,132,0,0,87,141,124,138,185,137,136,130,49,131,25,136,138,171
40,16,16,130,130,131,251,130,7,132,39,132,138,132,190,132,0,0,100,141,117,138,173,137,117,130,46,131,32,136,133,171
41,16,21,130,118,131,230,130,12,132,29,132,109,132,201,132,0,0,113,141,125,138,163,137,137,130,45,131,28,136,121,171
42,16,11,130,142,131,224,130,16,132,32,132,123,132,213,132,0,0,87,141,131,138,184,137,148,130,32,131,19,136,135,171
43,16,8,130,148,131,212,130,16,132,46,132,135,132,223,132,0,0,64,141,121,138,185,137,128,130,38,131,16,136,130,171
44,16,9,130,135,131,202,130,1,132,44,132,121,132,223,132,0,0,92,141,120,138,175,137,121,130,60,131,26,136,126,171
45,16,4,130,123,131,196,130,16,132,37,132,131,132,216,132,0,0,106,141,127,138,190,137,144,130,53,131,41,136,142,171
46,16,14,130,125,131,191,130,65,132,32,132,142,132,213,132,0,0,82,141,123,138,165,137,152,130,25,131,33,136,135,171
47,16,26,130,144,131,195,130,43,132,27,132,136,132,214,132,0,0,78,141,133,138,111,137,145,130,32,131,6,136,130,171
48,16,19,130,146,131,206,130,252,131,35,132,147,132,214,132,0,0,100,141,146,138,103,137,149,130,54,131,18,136,138,171
49,16,9,130,135,131,218,130,8,132,44,132,151,132,209,132,0,0,98,141,130,138,115,137,140,130,45,131,54,136,137,171
50,16,14,130,125,131,223,130,32,132,43,132,132,132,215,132,0,0,76,141,107,138,137,137,127,130,35,131,58,136,125,171
51,16,28,130,117,131,205,130,21,132,49,132,142,132,244,132,0,0,64,141,116,138,167,137,138,130,31,131,41,136,129,171
52,16,25,130,123,131,205,130,3,132,43,132,157,132,239,132,0,0,81,141,131,138,195,137,148,130,30,131,22,136,142,171
53,16,20,130,133,131,229,130,1,132,25,132,136,132,199,132,0,0,102,141,111,138,196,137,156,130,38,131,15,136,135,171
54,16,22,130,138,131,214,130,22,132,40,132,127,132,193,132,0,0,96,141,101,138,147,137,140,130,48,131,34,136,123,171
55,16,21,130,129,131,180,130,31,132,59,132,139,132,213,132,0,0,78,141,133,138,96,137,110,130,36,131,52,136,123,171
56,16,25,130,129,131,187,130,11,132,44,132,135,132,216,132,0,0,81,141,140,138,116,137,131,130,21,131,35,136,137,171
57,16,21,130,132,131,225,130,1,132,30,132,134,132,210,132,0,0,100,141,112,138,136,137,155,130,29,131,25,136,140,171
58,16,15,130,116,131,229,130,20,132,38,132,144,132,208,132,0,0,83,141,109,138,104,137,131,130,32,131,47,136,129,171
59,16,25,130,123,131,213,130,31,132,43,132,145,132,217,132,0,0,73,141,128,138,109,137,128,130,27,131,49,136,131,171
60,16,26,130,158,131,212,130,15,132,35,132,145,132,238,132,0,0,104,141,130,138,132,137,143,130,28,131,22,136,139,171
61,16,23,130,147,131,217,130,7,132,45,132,153,132,232,132,0,0,106,141,109,138,115,137,135,130,44,131,23,136,137,171
62,16,25,130,109,131,225,130,35,132,42,132,143,132,212,132,0,0,87,141,102,138,115,137,146,130,43,131,46,136,126,171
63,16,13,130,138,131,227,130,32,132,2,132,128,132,215,132,0,0,104,141,119,138,151,137,149,130,24,131,57,136,132,171
64,16,19,130,159,131,211,130,2,132,2,132,143,132,221,132,0,0,112,141,131,138,179,137,108,130,36,131,55,136,130,171
65,16,32,130,116,131,200,130,4,132,47,132,135,132,218,132,0,0,73,141,117,138,196,137,115,130,66,131,35,136,122,171
66,16,12,130,115,131,222,130,8,132,55,132,113,132,221,132,0,0,87,141,118,138,182,137,147,130,60,131,19,136,150,171
67,16,11,130,148,131,219,130,12,132,36,132,136,132,222,132,0,0,118,141,130,138,148,137,139,130,40,131,26,136,169,171
68,16,24,130,139,131,205,130,48,132,39,132,159,132,222,132,0,0,89,141,115,138,164,137,140,130,56,131,34,136,139,171
69,16,12,130,117,131,214,130,49,132,37,132,136,132,220,132,0,0,66,141,106,138,179,137,161,130,67,131,33,136,120,171
70,16,255,129,118,131,205,130,15,132,35,132,140,132,205,132,0,0,78,141,109,138,174,137,151,130,33,131,34,136,126,171
71,16,12,130,119,131,205,130,16,132,46,132,161,132,204,132,0,0,91,141,111,138,175,137,139,130,14,131,44,136,126,171
72,16,29,130,114,131,222,130,21,132,38,132,135,132,219,132,0,0,80,141,114,138,157,137,145,130,46,131,40,136,130,171
73,16,26,130,120,131,208,130,2,132,21,132,120,132,211,132,0,0,73,141,127,138,139,137,134,130,58,131,31,136,138,171
74,16,7,130,129,131,196,130,17,132,26,132,141,132,191,132,0,0,97,141,129,138,173,137,130,130,24,131,34,136,129,171
75,16,8,130,136,131,215,130,34,132,48,132,147,132,199,132,0,0,124,141,112,138,183,137,134,130,19,131,39,136,136,171
76,16,23,130,129,131,216,130,20,132,52,132,133,132,223,132,0,0,94,141,111,138,159,137,117,130,38,131,38,136,168,171
77,16,14,130,131,131,195,130,16,132,37,132,121,132,223,132,0,0,60,141,118,138,180,137,119,130,43,131,51,136,157,171
78,16,10,130,137,131,175,130,20,132,43,132,133,132,213,132,0,0,95,141,112,138,175,137,152,130,24,131,56,136,131,171
79,16,26,130,140,131,186,130,2,132,63,132,146,132,222,132,0,0,110,141,102,138,156,137,161,130,15,131,42,136,140,171
80,16,30,130,152,131,233,130,250,131,36,132,132,132,223,132,0,0,80,141,107,138,182,137,135,130,26,131,47,136,140,171
81,16,21,130,151,131,239,130,27,132,18,132,122,132,218,132,0,0,56,141,124,138,153,137,133,130,26,131,46,136,126,171
82,16,21,130,131,131,201,130,50,132,68,132,130,132,228,132,0,0,57,141,132,138,139,137,150,130,25,131,32,136,123,171
83,16,30,130,111,131,200,130,38,132,76,132,123,132,225,132,0,0,89,141,121,138,186,137,137,130,24,131,36,136,124,171
84,16,35,130,121,131,221,130,26,132,26,132,113,132,218,132,0,0,110,141,102,138,148,137,124,130,24,131,49,136,129,171
85,16,28,130,155,131,207,130,21,132,21,132,127,132,225,132,0,0,96,141,111,138,114,137,139,130,23,131,48,136,138,171
86,16,10,130,161,131,202,130,19,132,57,132,141,132,214,132,0,0,88,141,132,138,194,137,154,130,19,131,36,136,129,171
87,16,0,130,130,131,222,130,17,132,40,132,138,132,191,132,0,0,98,141,128,138,182,137,160,130,19,131,40,136,127,171
88,16,11,130,121,131,218,130,20,132,36,132,137,132,195,132,0,0,81,141,124,138,138,137,154,130,30,131,44,136,147,171
89,16,34,130,131,131,208,130,33,132,71,132,143,132,203,132,0,0,70,141,121,138,163,137,142,130,47,131,22,136,151,171
90,16,30,130,126,131,226,130,32,132,68,132,149,132,197,132,0,0,98,141,115,138,153,137,138,130,36,131,11,136,140,171
91,16,14,130,132,131,220,130,255,131,49,132,145,132,197,132,0,0,102,141,134,138,142,137,145,130,36,131,33,136,146,171
92,16,27,130,127,131,205,130,234,131,37,132,139,132,215,132,0,0,82,141,141,138,158,137,146,130,45,131,37,136,166,171
93,16,38,130,104,131,221,130,12,132,45,132,142,132,231,132,0,0,88,141,113,138,139,137,126,130,32,131,20,136,161,171
94,16,33,130,136,131,209,130,47,132,71,132,157,132,214,132,0,0,98,141,113,138,150,137,124,130,29,131,35,136,135,171
95,16,28,130,180,131,188,130,33,132,75,132,148,132,200,132,0,0,83,141,133,138,197,137,158,130,36,131,50,136,137,171
96,16,24,130,149,131,206,130,10,132,45,132,126,132,215,132,0,0,89,141,119,138,182,137,173,130,38,131,44,136,149,171
97,16,22,130,107,131,208,130,20,132,39,132,133,132,216,132,0,0,108,141,109,138,169,137,146,130,37,131,39,136,132,171
98,16,18,130,133,131,195,130,28,132,68,132,144,132,208,132,0,0,87,141,110,138,181,137,127,130,28,131,46,136,129,171
99,16,6,130,166,131,206,130,4,132,56,132,131,132,223,132,0,0,65,141,100,138,173,137,133,130,25,131,38,136,145,171
100,16,7,130,134,131,221,130,1,132,33,132,137,132,230,132,0,0,68,141,99,138,178,137,140,130,42,131,20,136,136,171
101,16,16,130,119,131,218,130,23,132,35,132,154,132,228,132,0,0,84,141,114,138,175,137,148,130,44,131,40,136,132,171
102,16,13,130,164,131,218,130,20,132,38,132,145,132,233,132,0,0,90,141,109,138,179,137,150,130,28,131,60,136,151,171
103,16,17,130,183,131,225,130,19,132,37,132,134,132,193,132,0,0,81,141,102,138,181,137,142,130,39,131,35,136,155,171
104,16,27,130,150,131,205,130,35,132,47,132,123,132,155,132,0,0,85,141,114,138,166,137,138,130,37,131,22,136,137,171
105,16,22,130,150,131,190,130,34,132,46,132,108,132,188,132,0,0,95,141,120,138,173,137,138,130,21,131,42,136,125,171
106,16,15,130,176,131,205,130,7,132,24,132,117,132,230,132,0,0,85,141,123,138,187,137,138,130,24,131,43,136,126,171
107,16,10,130,154,131,205,130,0,132,28,132,137,132,211,132,0,0,89,141,121,138,181,137,142,130,15,131,27,136,146,171
108,16,11,130,134,131,198,130,6,132,36,132,146,132,182,132,0,0,94,141,108,138,176,137,155,130,14,131,40,136,157,171
109,16,19,130,149,131,221,130,238,131,30,132,144,132,197,132,0,0,73,141,106,138,193,137,168,130,31,131,50,136,136,171
110,16,17,130,142,131,225,130,239,131,42,132,142,132,227,132,0,0,76,141,105,138,175,137,165,130,31,131,47,136,130,171
111,16,21,130,126,131,197,130,17,132,35,132,143,132,223,132,0,0,103,141,113,138,111,137,149,130,28,131,41,136,138,171
112,16,38,130,147,131,212,130,24,132,31,132,149,132,198,132,0,0,101,141,122,138,92,137,141,130,42,131,26,136,137,171
113,16,31,130,154,131,229,130,14,132,45,132,150,132,212,132,0,0,93,141,115,138,123,137,157,130,44,131,16,136,139,171
114,16,5,130,121,131,202,130,22,132,22,132,141,132,222,132,0,0,101,141,101,138,107,137,161,130,35,131,31,136,139,171
115,16,10,130,122,131,198,130,28,132,14,132,133,132,209,132,0,0,95,141,116,138,80,137,141,130,39,131,53,136,129,171
116,16,32,130,150,131,212,130,18,132,55,132,137,132,214,132,0,0,92,141,137,138,138,137,143,130,42,131,46,136,130,171
117,16,29,130,153,131,194,130,6,132,65,132,148,132,205,132,0,0,103,141,135,138,195,137,154,130,23,131,31,136,125,171
118,16,18,130,156,131,195,130,247,131,37,132,144,132,181,132,0,0,94,141,123,138,185,137,147,130,11,131,42,136,119,171
119,16,14,130,164,131,196,130,254,131,34,132,134,132,198,132,0,0,78,141,117,138,181,137,140,130,22,131,48,136,147,171
120,16,4,130,160,131,176,130,15,132,34,132,140,132,228,132,0,0,100,141,130,138,178,137,141,130,37,131,31,136,155,171
121,16,11,130,154,131,191,130,15,132,39,132,150,132,213,132,0,0,120,141,132,138,156,137,135,130,25,131,26,136,129,171
122,16,21,130,146,131,221,130,12,132,54,132,147,132,192,132,0,0,90,141,113,138,162,137,134,130,15,131,42,136,129,171
123,16,17,130,138,131,219,130,3,132,44,132,141,132,198,132,0,0,78,141,117,138,182,137,135,130,32,131,37,136,154,171
124,16,33,130,130,131,207,130,6,132,37,132,148,132,214,132,0,0,104,141,118,138,164,137,146,130,49,131,23,136,156,171
125,16,46,130,128,131,212,130,31,132,42,132,144,132,215,132,0,0,106,141,104,138,163,137,157,130,44,131,29,136,131,171
126,16,26,130,134,131,210,130,36,132,38,132,120,132,208,132,0,0,86,141,108,138,179,137,149,130,25,131,23,136,126,171
127,16,17,130,136,131,225,130,29,132,45,132,125,132,217,132,77,0,86,141,126,138,168,137,150,130,32,131,18,136,130,171
0,16,34,130,149,131,247,130,40,132,66,132,155,132,228,132,0,0,84,141,124,138,171,137,153,130,48,131,18,136,122,171
1,16,28,130,160,131,227,130,24,132,38,132,155,132,220,132,0,0,80,141,115,138,191,137,141,130,36,131,22,136,117,171
2,16,17,130,141,131,208,130,255,131,5,132,142,132,192,132,0,0,92,141,113,138,185,137,146,130,34,131,29,136,131,171
3,16,29,130,124,131,215,130,19,132,34,132,140,132,197,132,0,0,106,141,123,138,176,137,161,130,48,131,21,136,143,171
4,16,30,130,130,131,214,130,45,132,55,132,138,132,224,132,0,0,108,141,125,138,176,137,152,130,55,131,20,136,127,171
5,16,46,130,128,131,211,130,45,132,24,132,135,132,225,132,0,0,95,141,120,138,173,137,150,130,54,131,35,136,116,171
6,16,50,130,128,131,217,130,30,132,16,132,134,132,199,132,0,0,92,141,135,138,195,137,157,130,41,131,32,136,133,171
7,16,17,130,134,131,212,130,12,132,58,132,117,132,187,132,0,0,105,141,129,138,164,137,145,130,11,131,25,136,146,171
8,16,25,130,130,131,219,130,1,132,52,132,114,132,198,132,0,0,110,141,101,138,95,137,148,130,12,131,43,136,130,171
9,16,41,130,141,131,215,130,19,132,23,132,138,132,199,132,0,0,106,141,113,138,147,137,158,130,39,131,34,136,124,171
10,16,17,130,147,131,198,130,54,132,42,132,136,132,206,132,0,0,103,141,129,138,193,137,142,130,47,131,17,136,132,171
11,16,9,130,122,131,203,130,49,132,39,132,129,132,215,132,0,0,106,141,116,138,147,137,139,130,49,131,42,136,115,171
12,16,32,130,124,131,216,130,7,132,3,132,143,132,221,132,0,0,104,141,125,138,133,137,153,130,38,131,39,136,117,171
13,16,35,130,129,131,210,130,0,132,6,132,149,132,225,132,0,0,108,141,131,138,161,137,154,130,26,131,4,136,137,171
14,16,30,130,111,131,201,130,35,132,48,132,133,132,221,132,0,0,109,141,106,138,160,137,156,130,33,131,15,136,122,171
15,16,49,130,115,131,201,130,49,132,56,132,124,132,216,132,0,0,110,141,96,138,183,137,153,130,34,131,47,136,109,171
16,16,54,130,115,131,189,130,31,132,39,132,143,132,222,132,0,0,127,141,119,138,223,137,131,130,25,131,42,136,108,171
17,16,37,130,107,131,183,130,12,132,39,132,153,132,227,132,0,0,115,141,141,138,195,137,130,130,30,131,24,136,106,171
18,16,25,130,128,131,190,130,10,132,47,132,128,132,202,132,0,0,88,141,122,138,161,137,147,130,37,131,16,136,118,171
19,16,27,130,155,131,200,130,18,132,39,132,114,132,180,132,0,0,98,141,94,138,182,137,143,130,31,131,22,136,134,171
20,16,25,130,155,131,224,130,21,132,31,132,135,132,195,132,0,0,100,141,109,138,162,137,140,130,36,131,33,136,132,171
21,16,14,130,138,131,234,130,24,132,34,132,142,132,215,132,0,0,81,141,137,138,111,137,152,130,41,131,29,136,127,171
22,16,15,130,129,131,209,130,39,132,14,132,133,132,204,132,0,0,96,141,128,138,136,137,153,130,46,131,22,136,128,171
23,16,10,130,139,131,207,130,44,132,3,132,144,132,196,132,0,0,113,141,118,138,194,137,145,130,68,131,32,136,134,171
24,16,6,130,149,131,228,130,38,132,35,132,151,132,212,132,0,0,92,141,113,138,194,137,133,130,67,131,29,136,144,171
25,16,25,130,151,131,214,130,39,132,43,132,136,132,215,132,0,0,79,141,104,138,167,137,129,130,40,131,12,136,140,171
26,16,36,130,157,131,204,130,36,132,37,132,134,132,201,132,0,0,87,141,113,138,156,137,136,130,31,131,30,136,140,171
27,16,25,130,141,131,222,130,6,132,53,132,137,132,198,132,0,0,111,141,117,138,155,137,136,130,51,131,46,136,148,171
28,16,21,130,129,131,215,130,253,131,56,132,111,132,201,132,0,0,134,141,111,138,165,137,145,130,30,131,23,136,141,171
29,16,25,130,144,131,189,130,30,132,43,132,106,132,204,132,0,0,106,141,108,138,165,137,162,130,10,131,16,136,133,171
30,16,26,130,143,131,190,130,24,132,43,132,143,132,214,132,0,0,77,141,105,138,170,137,164,130,42,131,4,136,134,171
31,16,32,130,131,131,202,130,253,131,31,132,163,132,217,132,0,0,102,141,113,138,194,137,153,130,49,131,244,135,135,171
32,16,29,130,138,131,214,130,15,132,29,132,148,132,205,132,0,0,117,141,119,138,186,137,156,130,25,131,8,136,135,171
33,16,7,130,153,131,232,130,47,132,43,132,136,132,192,132,0,0,101,141,114,138,180,137,165,130,32,131,15,136,140,171
34,16,7,130,158,131,230,130,43,132,43,132,134,132,200,132,0,0,106,141,112,138,185,137,144,130,44,131,9,136,136,171
35,16,31,130,141,131,220,130,27,132,47,132,132,132,218,132,0,0,108,141,112,138,169,137,135,130,24,131,29,136,147,171
36,16,38,130,116,131,219,130,39,132,46,132,130,132,217,132,0,0,81,141,117,138,190,137,168,130,29,131,33,136,167,171
37,16,12,130,111,131,218,130,55,132,36,132,130,132,199,132,0,0,72,141,121,138,177,137,182,130,52,131,15,136,155,171
38,16,7,130,135,131,217,130,46,132,36,132,136,132,193,132,0,0,96,141,106,138,113,137,146,130,46,131,19,136,128,171
39,16,36,130,163,131,229,130,23,132,40,132,146,132,203,132,0,0,106,141,105,138,115,137,146,130,40,131,18,136,135,171
40,16,31,130,157,131,231,130,33,132,32,132,144,132,203,132,0,0,102,141,131,138,181,137,191,130,31,131,16,136,145,171
41,16,3,130,129,131,207,130,60,132,30,132,121,132,198,132,0,0,108,141,121,138,192,137,182,130,24,131,27,136,132,171
42,16,6,130,119,131,190,130,28,132,42,132,111,132,209,132,0,0,101,141,103,138,165,137,142,130,23,131,7,136,132,171
43,16,19,130,134,131,187,130,242,131,42,132,135,132,219,132,0,0,85,141,118,138,183,137,128,130,23,131,8,136,138,171
44,16,13,130,145,131,199,130,12,132,48,132,149,132,210,132,0,0,97,141,117,138,188,137,139,130,34,131,40,136,128,171
45,16,17,130,136,131,224,130,40,132,50,132,133,132,213,132,0,0,115,141,116,138,165,137,153,130,47,131,30,136,125,171
46,16,36,130,125,131,226,130,5,132,43,132,124,132,212,132,0,0,87,141,125,138,174,137,156,130,37,131,28,136,129,171
47,16,22,130,138,131,208,130,254,131,20,132,135,132,190,132,0,0,66,141,122,138,186,137,149,130,18,131,61,136,132,171
48,16,4,130,138,131,187,130,32,132,8,132,132,132,197,132,0,0,89,141,121,138,186,137,145,130,47,131,49,136,142,171
49,16,23,130,119,131,184,130,25,132,30,132,113,132,216,132,0,0,87,141,130,138,176,137,153,130,63,131,12,136,153,171
50,16,31,130,131,131,207,130,33,132,23,132,124,132,203,132,0,0,70,141,128,138,171,137,137,130,27,131,26,136,136,171
51,16,11,130,146,131,216,130,73,132,14,132,155,132,206,132,0,0,95,141,129,138,174,137,115,130,11,131,40,136,116,171
52,16,15,130,139,131,207,130,49,132,43,132,143,132,228,132,0,0,117,141,128,138,174,137,126,130,28,131,16,136,132,171
53,16,41,130,135,131,210,130,15,132,64,132,116,132,217,132,0,0,96,141,114,138,171,137,156,130,47,131,13,136,142,171
54,16,41,130,135,131,219,130,43,132,40,132,129,132,188,132,0,0,83,141,109,138,173,137,159,130,38,131,33,136,128,171
55,16,33,130,126,131,215,130,52,132,23,132,139,132,193,132,0,0,102,141,119,138,175,137,135,130,31,131,39,136,126,171
56,16,34,130,136,131,212,130,14,132,41,132,126,132,218,132,0,0,108,141,131,138,176,137,129,130,41,131,24,136,128,171
57,16,32,130,157,131,198,130,9,132,39,132,127,132,220,132,0,0,81,141,119,138,178,137,144,130,42,131,19,136,125,171
58,16,36,130,143,131,179,130,10,132,21,132,127,132,204,132,0,0,73,141,96,138,176,137,153,130,30,131,38,136,130,171
59,16,23,130,131,131,208,130,255,131,18,132,106,132,203,132,0,0,88,141,104,138,194,137,144,130,35,131,43,136,130,171
60,16,0,130,139,131,221,130,14,132,39,132,121,132,215,132,0,0,83,141,118,138,202,137,145,130,50,131,29,136,111,171
61,16,252,129,151,131,191,130,16,132,54,132,160,132,216,132,0,0,80,141,107,138,132,137,145,130,48,131,15,136,119,171
62,16,1,130,147,131,193,130,6,132,43,132,143,132,214,132,0,0,99,141,111,138,110,137,137,130,36,131,16,136,139,171
63,16,0,130,137,131,206,130,1,132,21,132,96,132,223,132,0,0,100,141,137,138,162,137,143,130,31,131,25,136,140,171
64,16,16,130,155,131,188,130,252,131,11,132,103,132,223,132,0,0,93,141,125,138,152,137,150,130,34,131,33,136,138,171
65,16,38,130,168,131,185,130,9,132,43,132,137,132,201,132,0,0,105,141,109,138,95,137,131,130,36,131,30,136,130,171
66,16,25,130,148,131,209,130,35,132,67,132,133,132,175,132,0,0,99,141,129,138,88,137,136,130,38,131,18,136,127,171
67,16,18,130,136,131,212,130,46,132,51,132,110,132,183,132,0,0,73,141,138,138,139,137,164,130,54,131,28,136,136,171
68,16,25,130,143,131,205,130,34,132,39,132,134,132,210,132,0,0,72,141,128,138,170,137,155,130,51,131,39,136,137,171
69,16,27,130,138,131,218,130,14,132,37,132,155,132,207,132,0,0,88,141,126,138,136,137,138,130,33,131,32,136,126,171
70,16,34,130,128,131,218,130,5,132,39,132,122,132,212,132,0,0,93,141,124,138,101,137,138,130,42,131,35,136,123,171
71,16,26,130,130,131,200,130,29,132,39,132,113,132,219,132,0,0,86,141,114,138,104,137,146,130,56,131,52,136,123,171
72,16,10,130,133,131,215,130,42,132,36,132,141,132,196,132,0,0,73,141,118,138,117,137,159,130,44,131,46,136,118,171
73,16,21,130,138,131,231,130,22,132,37,132,148,132,182,132,0,0,73,141,135,138,159,137,161,130,33,131,27,136,121,171
74,16,43,130,137,131,202,130,3,132,39,132,147,132,199,132,0,0,70,141,133,138,206,137,160,130,36,131,42,136,125,171
75,16,20,130,121,131,184,130,4,132,34,132,153,132,218,132,0,0,64,141,121,138,187,137,155,130,31,131,35,136,133,171
76,16,244,129,124,131,199,130,13,132,32,132,144,132,215,132,0,0,86,141,124,138,166,137,147,130,20,131,8,136,140,171
77,16,7,130,150,131,202,130,11,132,40,132,139,132,200,132,0,0,102,141,138,138,179,137,145,130,34,131,35,136,127,171
78,16,30,130,159,131,197,130,20,132,33,132,150,132,202,132,0,0,93,141,125,138,176,137,150,130,41,131,55,136,127,171
79,16,31,130,148,131,212,130,23,132,38,132,140,132,225,132,0,0,80,141,115,138,165,137,147,130,24,131,15,136,141,171
80,16,26,130,133,131,218,130,10,132,44,132,126,132,236,132,0,0,91,141,131,138,179,137,147,130,19,131,5,136,127,171
81,16,22,130,137,131,199,130,19,132,26,132,122,132,217,132,0,0,111,141,131,138,178,137,167,130,31,131,42,136,121,171
82,16,18,130,151,131,196,130,36,132,18,132,118,132,208,132,0,0,107,141,126,138,140,137,162,130,45,131,30,136,149,171
83,16,14,130,158,131,227,130,25,132,36,132,120,132,214,132,0,0,86,141,127,138,137,137,135,130,44,131,3,136,135,171
84,16,25,130,152,131,238,130,27,132,45,132,114,132,207,132,0,0,83,141,119,138,191,137,139,130,27,131,38,136,105,171
85,16,35,130,152,131,212,130,38,132,25,132,115,132,195,132,0,0,80,141,117,138,205,137,150,130,21,131,53,136,127,171
86,16,31,130,161,131,216,130,23,132,3,132,133,132,218,132,0,0,64,141,130,138,187,137,139,130,26,131,16,136,146,171
87,16,32,130,159,131,223,130,21,132,26,132,123,132,226,132,0,0,76,141,140,138,191,137,132,130,25,131,15,136,130,171
88,16,36,130,154,131,209,130,29,132,53,132,97,132,173,132,0,0,106,141,138,138,179,137,148,130,20,131,38,136,128,171
89,16,23,130,149,131,213,130,24,132,42,132,121,132,159,132,0,0,103,141,131,138,137,137,154,130,23,131,26,136,140,171
90,16,11,130,127,131,226,130,27,132,17,132,148,132,206,132,0,0,75,141,125,138,118,137,139,130,31,131,15,136,133,171
91,16,27,130,121,131,219,130,22,132,18,132,131,132,227,132,0,0,69,141,133,138,114,137,134,130,27,131,28,136,121,171
92,16,51,130,146,131,220,130,16,132,62,132,139,132,223,132,0,0,75,141,127,138,116,137,139,130,13,131,24,136,125,171
93,16,39,130,148,131,235,130,29,132,83,132,139,132,214,132,0,0,78,141,125,138,107,137,148,130,13,131,25,136,139,171
94,16,14,130,134,131,231,130,27,132,43,132,117,132,200,132,0,0,92,141,136,138,107,137,148,130,26,131,59,136,148,171
95,16,30,130,135,131,228,130,21,132,23,132,134,132,209,132,0,0,111,141,123,138,123,137,147,130,26,131,57,136,136,171
96,16,27,130,125,131,210,130,27,132,38,132,147,132,227,132,0,0,102,141,114,138,122,137,142,130,16,131,20,136,123,171
97,16,253,129,108,131,194,130,30,132,23,132,137,132,219,132,0,0,94,141,129,138,96,137,139,130,29,131,11,136,132,171
98,16,12,130,135,131,212,130,26,132,20,132,144,132,225,132,0,0,116,141,137,138,119,137,138,130,35,131,27,136,148,171
99,16,34,130,156,131,214,130,29,132,50,132,145,132,235,132,0,0,99,141,119,138,184,137,135,130,19,131,19,136,143,171
100,16,20,130,140,131,195,130,35,132,33,132,124,132,215,132,0,0,62,141,105,138,189,137,140,130,18,131,243,135,127,171
101,16,10,130,142,131,211,130,31,132,22,132,121,132,204,132,0,0,71,141,114,138,191,137,153,130,34,131,254,135,128,171
102,16,25,130,154,131,253,130,43,132,50,132,134,132,212,132,0,0,94,141,128,138,201,137,161,130,35,131,31,136,142,171
103,16,28,130,157,131,231,130,52,132,44,132,141,132,205,132,0,0,99,141,126,138,152,137,152,130,28,131,26,136,146,171
104,16,27,130,146,131,182,130,25,132,18,132,137,132,195,132,0,0,104,141,113,138,136,137,141,130,27,131,12,136,134,171
105,16,33,130,131,131,198,130,15,132,28,132,133,132,196,132,0,0,103,141,106,138,186,137,140,130,28,131,36,136,121,171
106,16,24,130,135,131,221,130,47,132,47,132,141,132,189,132,0,0,72,141,97,138,182,137,145,130,39,131,44,136,126,171
107,16,11,130,147,131,208,130,52,132,39,132,147,132,181,132,0,0,54,141,106,138,149,137,150,130,35,131,2,136,133,171
108,16,10,130,141,131,204,130,26,132,24,132,141,132,202,132,0,0,81,141,124,138,188,137,144,130,23,131,255,135,125,171
109,16,14,130,135,131,220,130,40,132,29,132,142,132,213,132,0,0,100,141,117,138,186,137,128,130,25,131,34,136,127,171
110,16,11,130,158,131,233,130,58,132,43,132,151,132,200,132,0,0,81,141,114,138,126,137,124,130,27,131,30,136,133,171
111,16,8,130,153,131,229,130,34,132,28,132,153,132,197,132,0,0,88,141,128,138,153,137,146,130,27,131,7,136,132,171
112,16,25,130,127,131,203,130,32,132,4,132,148,132,201,132,0,0,98,141,127,138,181,137,141,130,30,131,30,136,135,171
113,16,34,130,125,131,206,130,49,132,10,132,144,132,181,132,0,0,65,141,113,138,152,137,121,130,26,131,61,136,153,171
114,16,18,130,135,131,233,130,26,132,32,132,146,132,176,132,0,0,55,141,127,138,152,137,129,130,33,131,34,136,148,171
115,16,15,130,138,131,215,130,10,132,49,132,143,132,208,132,0,0,79,141,147,138,184,137,142,130,38,131,14,136,121,171
116,16,34,130,136,131,192,130,28,132,47,132,132,132,209,132,0,0,72,141,131,138,193,137,143,130,20,131,34,136,129,171
117,16,30,130,140,131,211,130,31,132,21,132,127,132,187,132,0,0,66,141,114,138,172,137,147,130,22,131,41,136,151,171
118,16,22,130,131,131,223,130,27,132,14,132,132,132,205,132,0,0,97,141,121,138,147,137,150,130,57,131,20,136,146,171
119,16,33,130,119,131,213,130,28,132,45,132,147,132,217,132,0,0,106,141,118,138,166,137,146,130,63,131,15,136,139,171
120,16,34,130,139,131,223,130,27,132,50,132,137,132,191,132,0,0,83,141,110,138,173,137,152,130,36,131,27,136,145,171
121,16,16,130,152,131,229,130,38,132,22,132,126,132,190,132,0,0,64,141,122,138,141,137,156,130,21,131,21,136,142,171
122,16,27,130,137,131,218,130,49,132,28,132,150,132,210,132,0,0,61,141,126,138,144,137,149,130,24,131,15,136,138,171
123,16,38,130,129,131,225,130,27,132,37,132,155,132,202,132,0,0,67,141,126,138,139,137,145,130,26,131,27,136,145,171
124,16,23,130,131,131,234,130,15,132,43,132,128,132,198,132,0,0,82,141,128,138,132,137,139,130,23,131,40,136,146,171
125,16,14,130,124,131,234,130,39,132,67,132,123,132,202,132,0,0,89,141,132,138,149,137,139,130,29,131,23,136,148,171
126,16,18,130,128,131,234,130,39,132,55,132,143,132,183,132,0,0,74,141,122,138,151,137,137,130,40,131,11,136,141,171
127,16,29,130,140,131,221,130,23,132,24,132,138,132,169,132,77,0,78,141,111,138,165,137,141,130,42,131,40,136,132,171
0,16,34,130,134,131,216,130,26,132,34,132,105,132,188,132,0,0,106,141,124,138,172,137,146,130,33,131,45,136,132,171
1,16,18,130,139,131,222,130,34,132,60,132,113,132,218,132,0,0,101,141,133,138,125,137,135,130,21,131,17,136,126,171
2,16,6,130,149,131,218,130,31,132,53,132,156,132,211,132,0,0,88,141,126,138,139,137,132,130,29,131,15,136,124,171
3,16,25,130,145,131,206,130,26,132,49,132,153,132,191,132,0,0,105,141,116,138,211,137,144,130,34,131,37,136,145,171
4,16,40,130,142,131,213,130,42,132,55,132,121,132,195,132,0,0,105,141,132,138,185,137,145,130,27,131,41,136,139,171
5,16,11,130,142,131,225,130,46,132,40,132,131,132,198,132,0,0,85,141,134,138,168,137,138,130,23,131,38,136,117,171
6,16,8,130,147,131,224,130,26,132,30,132,152,132,205,132,0,0,103,141,117,138,196,137,142,130,24,131,34,136,122,171
7,16,26,130,131,131,231,130,16,132,36,132,132,132,226,132,0,0,121,141,111,138,181,137,141,130,37,131,31,136,130,171
8,16,11,130,120,131,227,130,17,132,41,132,108,132,226,132,0,0,88,141,109,138,176,137,124,130,40,131,45,136,130,171
9,16,7,130,145,131,208,130,23,132,31,132,124,132,212,132,0,0,69,141,106,138,179,137,123,130,30,131,48,136,130,171
10,16,32,130,157,131,207,130,47,132,29,132,145,132,204,132,0,0,90,141,118,138,173,137,128,130,28,131,29,136,124,171
11,16,28,130,122,131,222,130,58,132,38,132,133,132,210,132,0,0,105,141,133,138,182,137,120,130,31,131,13,136,124,171
12,16,11,130,113,131,231,130,32,132,51,132,132,132,225,132,0,0,98,141,116,138,178,137,128,130,25,131,24,136,132,171
13,16,31,130,144,131,222,130,18,132,53,132,141,132,222,132,0,0,70,141,107,138,156,137,155,130,41,131,48,136,132,171
14,16,37,130,138,131,213,130,22,132,21,132,127,132,204,132,0,0,73,141,119,138,156,137,149,130,49,131,44,136,119,171
15,16,10,130,126,131,212,130,29,132,12,132,127,132,211,132,0,0,100,141,121,138,178,137,135,130,34,131,34,136,123,171
16,16,24,130,146,131,216,130,47,132,29,132,143,132,216,132,0,0,89,141,125,138,191,137,154,130,37,131,46,136,148,171
17,16,45,130,143,131,213,130,44,132,36,132,136,132,201,132,0,0,70,141,126,138,166,137,156,130,39,131,49,136,155,171
18,16,25,130,102,131,215,130,30,132,60,132,132,132,205,132,0,0,81,141,116,138,127,137,133,130,30,131,36,136,124,171
19,16,14,130,105,131,228,130,15,132,62,132,145,132,209,132,0,0,76,141,124,138,102,137,128,130,37,131,37,136,113,171
20,16,31,130,155,131,235,130,254,131,34,132,155,132,201,132,0,0,49,141,129,138,76,137,135,130,39,131,37,136,127,171
21,16,18,130,159,131,228,130,4,132,24,132,143,132,194,132,0,0,65,141,113,138,120,137,148,130,26,131,10,136,129,171
22,16,250,129,144,131,204,130,12,132,37,132,128,132,204,132,0,0,86,141,124,138,184,137,143,130,22,131,253,135,136,171
23,16,14,130,155,131,201,130,11,132,63,132,126,132,211,132,0,0,79,141,132,138,150,137,128,130,22,131,25,136,146,171
24,16,27,130,143,131,219,130,28,132,82,132,136,132,177,132,0,0,88,141,111,138,111,137,151,130,25,131,36,136,132,171
25,16,11,130,107,131,216,130,34,132,57,132,149,132,166,132,0,0,104,141,123,138,174,137,161,130,41,131,24,136,126,171
26,16,19,130,120,131,208,130,10,132,32,132,159,132,205,132,0,0,114,141,145,138,206,137,138,130,32,131,41,136,140,171
27,16,30,130,160,131,213,130,17,132,53,132,143,132,213,132,0,0,105,141,125,138,149,137,135,130,18,131,45,136,143,171
28,16,21,130,146,131,217,130,31,132,55,132,130,132,191,132,0,0,77,141,104,138,155,137,138,130,40,131,21,136,135,171
29,16,18,130,106,131,200,130,18,132,53,132,152,132,208,132,0,0,74,141,114,138,189,137,121,130,50,131,30,136,126,171
30,16,18,130,118,131,198,130,26,132,57,132,151,132,223,132,0,0,107,141,116,138,140,137,131,130,34,131,45,136,126,171
31,16,14,130,156,131,232,130,41,132,37,132,127,132,205,132,0,0,108,141,106,138,89,137,166,130,32,131,26,136,135,171
32,16,24,130,146,131,231,130,32,132,43,132,141,132,205,132,0,0,78,141,106,138,131,137,147,130,29,131,20,136,126,171
33,16,30,130,125,131,185,130,33,132,56,132,159,132,209,132,0,0,69,141,122,138,173,137,114,130,9,131,44,136,115,171
34,16,15,130,154,131,184,130,37,132,43,132,140,132,201,132,0,0,84,141,134,138,125,137,130,130,10,131,44,136,128,171
35,16,0,130,167,131,218,130,27,132,28,132,127,132,194,132,0,0,88,141,125,138,87,137,154,130,51,131,26,136,132,171
36,16,252,129,133,131,206,130,32,132,32,132,142,132,201,132,0,0,85,141,106,138,113,137,160,130,71,131,34,136,129,171
37,16,0,130,133,131,190,130,15,132,54,132,141,132,206,132,0,0,95,141,106,138,163,137,159,130,43,131,46,136,136,171
38,16,20,130,160,131,205,130,246,131,72,132,132,132,198,132,0,0,100,141,116,138,190,137,158,130,13,131,30,136,140,171
39,16,23,130,119,131,225,130,21,132,53,132,138,132,204,132,0,0,99,141,118,138,186,137,138,130,14,131,23,136,145,171
40,16,255,129,77,131,224,130,37,132,25,132,141,132,219,132,0,0,101,141,121,138,178,137,127,130,18,131,39,136,144,171
41,16,12,130,111,131,217,130,17,132,30,132,134,132,219,132,0,0,92,141,130,138,177,137,136,130,23,131,35,136,127,171
42,16,22,130,134,131,224,130,30,132,43,132,148,132,202,132,0,0,86,141,121,138,185,137,146,130,22,131,19,136,120,171
43,16,252,129,110,131,226,130,55,132,42,132,160,132,198,132,0,0,110,141,100,138,173,137,152,130,10,131,22,136,132,171
44,16,249,129,113,131,209,130,32,132,36,132,137,132,211,132,0,0,113,141,115,138,149,137,150,130,23,131,30,136,125,171
45,16,16,130,134,131,190,130,2,132,41,132,130,132,218,132,0,0,77,141,131,138,156,137,147,130,33,131,42,136,123,171
46,16,26,130,137,131,215,130,0,132,41,132,151,132,208,132,0,0,80,141,121,138,190,137,139,130,20,131,47,136,129,171
47,16,13,130,141,131,237,130,20,132,38,132,153,132,208,132,0,0,105,141,121,138,185,137,139,130,27,131,30,136,111,171
48,16,255,129,137,131,215,130,33,132,36,132,143,132,220,132,0,0,93,141,124,138,175,137,148,130,28,131,25,136,120,171
49,16,18,130,117,131,210,130,18,132,28,132,141,132,213,132,0,0,79,141,110,138,207,137,142,130,14,131,44,136,151,171
50,16,37,130,120,131,219,130,16,132,26,132,135,132,200,132,0,0,97,141,104,138,212,137,125,130,21,131,34,136,143,171
51,16,19,130,138,131,206,130,36,132,33,132,119,132,202,132,0,0,110,141,128,138,181,137,126,130,26,131,21,136,123,171
52,16,19,130,139,131,204,130,40,132,37,132,124,132,211,132,0,0,100,141,138,138,173,137,139,130,18,131,34,136,132,171
53,16,28,130,125,131,201,130,38,132,36,132,144,132,227,132,0,0,86,141,116,138,177,137,139,130,32,131,23,136,133,171
54,16,19,130,136,131,177,130,28,132,42,132,144,132,217,132,0,0,82,141,114,138,175,137,160,130,45,131,17,136,123,171
55,16,30,130,139,131,189,130,20,132,41,132,123,132,203,132,0,0,99,141,144,138,173,137,171,130,35,131,37,136,136,171
56,16,44,130,124,131,232,130,49,132,33,132,123,132,206,132,0,0,103,141,135,138,184,137,148,130,33,131,30,136,145,171
57,16,32,130,122,131,229,130,52,132,36,132,149,132,204,132,0,0,95,141,103,138,171,137,139,130,30,131,19,136,140,171
58,16,14,130,128,131,197,130,20,132,28,132,148,132,205,132,0,0,104,141,116,138,153,137,159,130,19,131,31,136,138,171
59,16,25,130,117,131,212,130,29,132,16,132,137,132,211,132,0,0,104,141,124,138,166,137,147,130,24,131,25,136,134,171
60,16,38,130,118,131,233,130,38,132,62,132,140,132,211,132,0,0,93,141,110,138,177,137,120,130,35,131,11,136,130,171
61,16,23,130,139,131,210,130,10,132,109,132,141,132,220,132,0,0,92,141,110,138,161,137,136,130,49,131,17,136,133,171
62,16,5,130,130,131,193,130,17,132,66,132,139,132,220,132,0,0,104,141,109,138,164,137,154,130,53,131,15,136,133,171
63,16,16,130,125,131,193,130,43,132,20,132,138,132,186,132,0,0,107,141,105,138,196,137,147,130,37,131,22,136,120,171
64,16,27,130,134,131,199,130,25,132,46,132,134,132,179,132,0,0,91,141,109,138,161,137,155,130,31,131,36,136,134,171
65,16,10,130,114,131,206,130,11,132,68,132,129,132,204,132,0,0,74,141,104,138,120,137,156,130,25,131,28,136,150,171
66,16,255,129,106,131,209,130,25,132,36,132,131,132,196,132,0,0,85,141,101,138,166,137,125,130,22,131,27,136,125,171
67,16,1,130,145,131,211,130,40,132,42,132,129,132,183,132,0,0,99,141,114,138,192,137,107,130,34,131,32,136,111,171
68,16,23,130,147,131,209,130,34,132,98,132,133,132,182,132,0,0,85,141,115,138,175,137,138,130,28,131,25,136,134,171
69,16,38,130,113,131,215,130,22,132,95,132,143,132,189,132,0,0,70,141,119,138,183,137,159,130,15,131,37,136,145,171
70,16,6,130,124,131,238,130,26,132,37,132,142,132,214,132,0,0,87,141,132,138,195,137,142,130,25,131,46,136,132,171
71,16,243,129,135,131,234,130,43,132,25,132,140,132,222,132,0,0,103,141,118,138,180,137,139,130,33,131,17,136,135,171
72,16,8,130,121,131,197,130,41,132,50,132,139,132,189,132,0,0,89,141,108,138,177,137,152,130,23,131,8,136,151,171
73,16,24,130,136,131,200,130,20,132,40,132,137,132,186,132,0,0,76,141,133,138,195,137,150,130,24,131,34,136,142,171
74,16,19,130,147,131,236,130,16,132,32,132,129,132,207,132,0,0,97,141,142,138,190,137,150,130,39,131,41,136,136,171
75,16,12,130,126,131,220,130,26,132,32,132,135,132,181,132,0,0,105,141,116,138,140,137,159,130,49,131,21,136,144,171
76,16,10,130,126,131,193,130,16,132,22,132,149,132,163,132,0,0,82,141,113,138,105,137,142,130,40,131,15,136,141,171
77,16,22,130,149,131,211,130,11,132,24,132,138,132,207,132,0,0,80,141,118,138,105,137,123,130,19,131,32,136,129,171
78,16,27,130,135,131,217,130,36,132,35,132,124,132,231,132,0,0,90,141,114,138,107,137,130,130,29,131,34,136,124,171
79,16,17,130,120,131,206,130,48,132,55,132,139,132,205,132,0,0,79,141,114,138,140,137,138,130,36,131,22,136,126,171
80,16,32,130,120,131,205,130,31,132,43,132,143,132,202,132,0,0,70,141,114,138,194,137,126,130,12,131,25,136,131,171
81,16,37,130,108,131,208,130,30,132,8,132,128,132,221,132,0,0,82,141,111,138,194,137,125,130,22,131,34,136,139,171
82,16,14,130,110,131,216,130,41,132,25,132,132,132,215,132,0,0,92,141,127,138,149,137,133,130,50,131,19,136,130,171
83,16,4,130,137,131,234,130,28,132,63,132,137,132,216,132,0,0,87,141,127,138,145,137,134,130,37,131,5,136,122,171
84,16,12,130,134,131,231,130,18,132,49,132,129,132,225,132,0,0,90,141,103,138,174,137,135,130,28,131,28,136,124,171
85,16,22,130,111,131,207,130,46,132,27,132,135,132,221,132,0,0,88,141,96,138,185,137,136,130,49,131,35,136,119,171
86,16,26,130,126,131,210,130,48,132,54,132,145,132,205,132,0,0,80,141,112,138,174,137,136,130,47,131,31,136,129,171
87,16,12,130,142,131,228,130,16,132,64,132,129,132,196,132,0,0,85,141,111,138,174,137,153,130,22,131,27,136,149,171
88,16,5,130,109,131,221,130,12,132,49,132,126,132,204,132,0,0,102,141,106,138,183,137,164,130,17,131,22,136,147,171
89,16,29,130,108,131,214,130,27,132,39,132,147,132,215,132,0,0,100,141,115,138,170,137,148,130,29,131,29,136,123,171
90,16,25,130,144,131,228,130,18,132,45,132,150,132,204,132,0,0,100,141,118,138,175,137,137,130,29,131,33,136,121,171
91,16,252,129,132,131,218,130,12,132,53,132,144,132,191,132,0,0,119,141,112,138,180,137,154,130,27,131,28,136,150,171
92,16,2,130,102,131,208,130,22,132,50,132,141,132,191,132,0,0,99,141,116,138,168,137,168,130,39,131,32,136,149,171
93,16,18,130,112,131,218,130,24,132,31,132,148,132,205,132,0,0,77,141,127,138,196,137,153,130,35,131,41,136,133,171
94,16,6,130,114,131,205,130,15,132,27,132,146,132,212,132,0,0,82,141,127,138,190,137,137,130,13,131,36,136,142,171
95,16,255,129,110,131,207,130,9,132,67,132,139,132,212,132,0,0,81,141,129,138,131,137,154,130,24,131,27,136,142,171
96,16,3,130,138,131,222,130,19,132,75,132,141,132,218,132,0,0,85,141,134,138,150,137,168,130,48,131,18,136,122,171
97,16,13,130,146,131,199,130,29,132,33,132,130,132,219,132,0,0,106,141,130,138,188,137,155,130,50,131,16,136,119,171
98,16,37,130,112,131,186,130,18,132,27,132,118,132,210,132,0,0,89,141,122,138,120,137,146,130,36,131,24,136,127,171
99,16,36,130,96,131,215,130,21,132,55,132,142,132,215,132,0,0,62,141,118,138,68,137,147,130,22,131,25,136,125,171
100,16,7,130,121,131,236,130,33,132,59,132,158,132,212,132,0,0,82,141,117,138,143,137,137,130,29,131,37,136,133,171
101,16,254,129,155,131,219,130,18,132,44,132,136,132,175,132,0,0,100,141,119,138,202,137,132,130,38,131,46,136,148,171
102,16,15,130,146,131,213,130,12,132,31,132,141,132,173,132,0,0,94,141,121,138,179,137,137,130,18,131,32,136,150,171
103,16,15,130,118,131,234,130,47,132,24,132,156,132,219,132,0,0,89,141,119,138,171,137,139,130,3,131,30,136,146,171
104,16,7,130,121,131,230,130,64,132,40,132,132,132,209,132,0,0,90,141,124,138,188,137,135,130,19,131,31,136,149,171
105,16,22,130,134,131,203,130,43,132,53,132,114,132,173,132,0,0,91,141,125,138,182,137,123,130,23,131,25,136,151,171
106,16,25,130,132,131,211,130,29,132,46,132,118,132,202,132,0,0,89,141,117,138,173,137,117,130,12,131,27,136,141,171
107,16,18,130,134,131,249,130,24,132,56,132,117,132,216,132,0,0,80,141,111,138,195,137,131,130,15,131,29,136,130,171
108,16,24,130,139,131,242,130,18,132,53,132,121,132,191,132,0,0,63,141,116,138,180,137,140,130,26,131,26,136,135,171
109,16,28,130,122,131,214,130,6,132,18,132,133,132,209,132,0,0,70,141,122,138,154,137,120,130,24,131,33,136,126,171
110,16,27,130,115,131,230,130,11,132,1,132,138,132,227,132,0,0,79,141,112,138,185,137,113,130,16,131,42,136,113,171
111,16,29,130,143,131,248,130,27,132,19,132,137,132,191,132,0,0,71,141,116,138,188,137,133,130,22,131,46,136,127,171
112,16,12,130,148,131,232,130,21,132,35,132,138,132,180,132,0,0,66,141,134,138,154,137,143,130,31,131,46,136,138,171
113,16,247,129,120,131,212,130,15,132,39,132,135,132,217,132,0,0,81,141,126,138,158,137,138,130,25,131,44,136,131,171
114,16,10,130,124,131,198,130,18,132,48,132,131,132,221,132,0,0,89,141,105,138,169,137,137,130,33,131,38,136,124,171
115,16,38,130,139,131,210,130,13,132,44,132,139,132,193,132,0,0,80,141,100,138,158,137,142,130,59,131,37,136,128,171
116,16,31,130,117,131,243,130,21,132,37,132,145,132,202,132,0,0,103,141,119,138,165,137,150,130,55,131,43,136,131,171
117,16,16,130,107,131,240,130,43,132,44,132,143,132,223,132,0,0,125,141,138,138,168,137,151,130,41,131,40,136,127,171
118,16,22,130,136,131,199,130,40,132,38,132,138,132,201,132,0,0,113,141,127,138,171,137,135,130,47,131,25,136,126,171
119,16,20,130,153,131,194,130,24,132,71,132,135,132,199,132,0,0,98,141,108,138,202,137,132,130,53,131,23,136,133,171
120,16,7,130,137,131,210,130,26,132,108,132,141,132,226,132,0,0,95,141,127,138,161,137,149,130,38,131,23,136,142,171
121,16,13,130,128,131,199,130,29,132,76,132,142,132,194,132,0,0,86,141,141,138,128,137,156,130,26,131,11,136,140,171
122,16,24,130,148,131,178,130,31,132,33,132,138,132,171,132,0,0,78,141,119,138,173,137,136,130,35,131,19,136,134,171
123,16,19,130,145,131,185,130,19,132,37,132,135,132,186,132,0,0,98,141,110,138,135,137,127,130,28,131,47,136,135,171
124,16,18,130,102,131,199,130,13,132,38,132,123,132,167,132,0,0,105,141,133,138,102,137,153,130,19,131,39,136,134,171
125,16,29,130,93,131,208,130,38,132,38,132,119,132,164,132,0,0,90,141,135,138,184,137,163,130,40,131,12,136,133,171
126,16,24,130,132,131,212,130,47,132,60,132,135,132,205,132,0,0,71,141,118,138,196,137,138,130,56,131,29,136,126,171
127,16,250,129,135,131,198,130,32,132,47,132,150,132,225,132,77,0,74,141,127,138,134,137,123,130,35,131,45,136,122,171
0,16,252,129,119,131,193,130,29,132,20,132,156,132,208,132,0,0,94,141,128,138,171,137,144,130,23,131,29,136,130,171
1,16,27,130,136,131,196,130,33,132,29,132,156,132,183,132,0,0,84,141,104,138,205,137,148,130,29,131,22,136,115,171
2,16,28,130,144,131,156,130,34,132,48,132,163,132,175,132,0,0,56,141,107,138,174,137,138,130,30,131,22,136,91,171
3,16,251,129,124,131,131,130,51,132,44,132,160,132,192,132,0,0,62,141,127,138,184,137,138,130,37,131,15,136,91,171
4,16,242,129,115,131,163,130,52,132,27,132,151,132,209,132,0,0,110,141,106,138,187,137,136,130,42,131,20,136,105,171
5,16,0,130,129,131,174,130,35,132,42,132,159,132,194,132,0,0,118,141,104,138,178,137,147,130,33,131,35,136,110,171
6,16,249,129,123,131,135,130,36,132,83,132,167,132,157,132,0,0,96,141,129,138,183,137,149,130,19,131,36,136,90,171
7,16,233,129,112,131,125,130,28,132,90,132,165,132,151,132,0,0,91,141,104,138,173,137,133,130,27,131,11,136,85,171
8,16,234,129,134,131,155,130,17,132,55,132,168,132,205,132,0,0,75,141,94,138,175,137,142,130,39,131,236,135,114,171
9,16,243,129,135,131,145,130,39,132,52,132,183,132,225,132,0,0,74,141,129,138,188,137,173,130,29,131,3,136,123,171
10,16,249,129,116,131,118,130,72,132,87,132,195,132,198,132,0,0,93,141,131,138,184,137,168,130,38,131,42,136,97,171
11,16,240,129,116,131,112,130,65,132,88,132,177,132,202,132,0,0,112,141,120,138,180,137,156,130,43,131,18,136,99,171
12,16,212,129,129,131,97,130,54,132,45,132,172,132,220,132,0,0,124,141,131,138,192,137,169,130,33,131,0,136,108,171
13,16,199,129,116,131,75,130,58,132,24,132,189,132,223,132,0,0,130,141,126,138,187,137,168,130,50,131,15,136,72,171
14,16,197,129,90,131,73,130,44,132,52,132,193,132,209,132,0,0,114,141,127,138,170,137,165,130,67,131,0,136,58,171
15,16,173,129,98,131,73,130,28,132,63,132,200,132,187,132,0,0,94,141,138,138,179,137,166,130,35,131,228,135,81,171
16,16,160,129,101,131,52,130,30,132,71,132,215,132,187,132,0,0,119,141,129,138,184,137,168,130,14,131,230,135,85,171
17,16,161,129,96,131,17,130,61,132,110,132,235,132,193,132,0,0,145,141,121,138,165,137,167,130,32,131,242,135,73,171
18,16,160,129,114,131,6,130,86,132,107,132,2,133,199,132,0,0,136,141,129,138,174,137,155,130,33,131,237,135,61,171
19,16,165,129,124,131,26,130,68,132,83,132,12,133,221,132,0,0,128,141,124,138,191,137,158,130,28,131,238,135,50,171
20,16,168,129,116,131,21,130,72,132,105,132,13,133,223,132,0,0,123,141,108,138,185,137,177,130,38,131,229,135,45,171
21,16,138,129,106,131,238,129,105,132,130,132,40,133,201,132,0,0,115,141,119,138,187,137,159,130,46,131,225,135,48,171
22,16,115,129,103,131,222,129,96,132,106,132,43,133,213,132,0,0,105,141,131,138,187,137,146,130,43,131,229,135,36,171
23,16,142,129,98,131,222,129,76,132,80,132,7,133,206,132,0,0,103,141,120,138,182,137,186,130,32,131,215,135,15,171
24,16,134,129,96,131,216,129,81,132,89,132,20,133,157,132,0,0,118,141,119,138,182,137,185,130,12,131,200,135,13,171
25,16,102,129,83,131,196,129,65,132,94,132,11,133,150,132,0,0,164,141,150,138,157,137,146,130,242,130,201,135,22,171
26,16,103,129,72,131,186,129,35,132,58,132,203,132,164,132,0,0,203,141,166,138,145,137,143,130,226,130,234,135,40,171
27,16,97,129,78,131,193,129,255,131,25,132,170,132,164,132,0,0,206,141,158,138,186,137,143,130,231,130,248,135,62,171
28,16,100,129,77,131,217,129,241,131,53,132,172,132,156,132,0,0,181,141,163,138,210,137,148,130,252,130,218,135,65,171
29,16,137,129,81,131,226,129,27,132,85,132,186,132,146,132,0,0,154,141,177,138,182,137,170,130,249,130,213,135,63,171
30,16,152,129,75,131,233,129,48,132,78,132,205,132,169,132,0,0,153,141,181,138,181,137,169,130,245,130,247,135,69,171
31,16,149,129,62,131,9,130,32,132,82,132,217,132,200,132,0,0,146,141,159,138,206,137,168,130,30,131,1,136,67,171
32,16,156,129,89,131,36,130,64,132,111,132,224,132,175,132,0,0,128,141,140,138,204,137,185,130,68,131,222,135,61,171
33,16,136,129,118,131,43,130,104,132,116,132,238,132,156,132,0,0,112,141,134,138,176,137,178,130,47,131,220,135,63,171
34,16,134,129,102,131,31,130,92,132,105,132,253,132,192,132,0,0,101,141,128,138,190,137,174,130,30,131,250,135,63,171
35,16,161,129,94,131,19,130,96,132,108,132,19,133,206,132,0,0,96,141,131,138,194,137,187,130,62,131,239,135,50,171
36,16,146,129,125,131,14,130,105,132,111,132,26,133,164,132,0,0,102,141,132,138,132,137,174,130,84,131,203,135,30,171
37,16,124,129,131,131,239,129,93,132,119,132,12,133,150,132,0,0,110,141,122,138,131,137,156,130,70,131,194,135,14,171
38,16,147,129,99,131,217,129,111,132,108,132,32,133,177,132,0,0,115,141,115,138,199,137,167,130,54,131,206,135,24,171
39,16,156,129,106,131,218,129,119,132,95,132,54,133,174,132,0,0,134,141,124,138,200,137,173,130,56,131,198,135,37,171
40,16,109,129,152,131,215,129,93,132,101,132,25,133,154,132,0,0,134,141,125,138,165,137,164,130,39,131,184,135,25,171
41,16,97,129,151,131,221,129,92,132,136,132,14,133,196,132,0,0,126,141,116,138,181,137,168,130,23,131,198,135,17,171
42,16,138,129,99,131,239,129,110,132,157,132,43,133,231,132,0,0,143,141,112,138,199,137,181,130,25,131,213,135,15,171
43,16,142,129,95,131,235,129,106,132,116,132,29,133,187,132,0,0,144,141,129,138,185,137,175,130,31,131,189,135,23,171
44,16,138,129,117,131,243,129,104,132,80,132,254,132,179,132,0,0,132,141,139,138,178,137,165,130,50,131,184,135,57,171
45,16,187,129,94,131,35,130,104,132,116,132,16,133,240,132,0,0,116,141,114,138,181,137,166,130,53,131,235,135,72,171
46,16,229,129,96,131,63,130,99,132,153,132,2,133,248,132,0,0,108,141,106,138,187,137,169,130,30,131,7,136,58,171
47,16,214,129,126,131,88,130,111,132,91,132,191,132,208,132,0,0,115,141,128,138,178,137,154,130,25,131,243,135,73,171
48,16,207,129,111,131,137,130,114,132,47,132,168,132,204,132,0,0,122,141,133,138,171,137,143,130,32,131,246,135,102,171
49,16,236,129,99,131,167,130,92,132,89,132,179,132,226,132,0,0,109,141,118,138,183,137,153,130,22,131,8,136,110,171
50,16,254,129,136,131,158,130,68,132,75,132,156,132,214,132,0,0,102,141,121,138,187,137,160,130,16,131,12,136,114,171
51,16,251,129,150,131,146,130,49,132,31,132,118,132,198,132,0,0,115,141,132,138,173,137,160,130,8,131,23,136,120,171
52,16,249,129,94,131,165,130,30,132,46,132,125,132,198,132,0,0,120,141,130,138,188,137,157,130,236,130,31,136,124,171
53,16,245,129,65,131,171,130,13,132,63,132,115,132,187,132,0,0,121,141,128,138,198,137,145,130,248,130,25,136,133,171
54,16,241,129,101,131,154,130,24,132,38,132,70,132,184,132,0,0,109,141,119,138,161,137,132,130,5,131,7,136,145,171
55,16,245,129,118,131,146,130,22,132,37,132,81,132,196,132,0,0,88,141,136,138,158,137,151,130,223,130,253,135,147,171
56,16,241,129,99,131,172,130,9,132,63,132,119,132,189,132,0,0,108,141,149,138,192,137,164,130,223,130,16,136,155,171
57,16,242,129,108,131,219,130,36,132,50,132,108,132,194,132,0,0,117,141,126,138,195,137,143,130,17,131,26,136,149,171
58,16,24,130,133,131,233,130,52,132,32,132,70,132,209,132,0,0,91,141,115,138,181,137,136,130,20,131,25,136,121,171
59,16,66,130,142,131,239,130,31,132,61,132,78,132,197,132,0,0,84,141,129,138,183,137,161,130,8,131,42,136,130,171
60,16,57,130,148,131,16,131,48,132,78,132,116,132,194,132,0,0,85,141,122,138,186,137,175,130,29,131,45,136,173,171
61,16,48,130,141,131,35,131,98,132,44,132,107,132,209,132,0,0,56,141,106,138,177,137,163,130,50,131,22,136,173,171
62,16,67,130,138,131,16,131,91,132,32,132,81,132,210,132,0,0,17,141,108,138,140,137,164,130,32,131,36,136,139,171
63,16,50,130,138,131,10,131,67,132,50,132,93,132,200,132,0,0,19,141,103,138,102,137,175,130,34,131,59,136,135,171
64,16,23,130,115,131,24,131,79,132,40,132,107,132,194,132,0,0,55,141,106,138,98,137,159,130,55,131,47,136,159,171
65,16,42,130,118,131,27,131,74,132,34,132,103,132,194,132,0,0,67,141,113,138,113,137,133,130,48,131,47,136,178,171
66,16,65,130,138,131,35,131,80,132,40,132,113,132,199,132,0,0,57,141,115,138,160,137,132,130,43,131,64,136,166,171
67,16,56,130,132,131,34,131,69,132,32,132,96,132,204,132,0,0,51,141,120,138,198,137,154,130,45,131,59,136,154,171
68,16,39,130,121,131,20,131,30,132,42,132,83,132,205,132,0,0,65,141,114,138,195,137,148,130,41,131,39,136,160,171
69,16,40,130,125,131,26,131,49,132,49,132,99,132,203,132,0,0,84,141,106,138,179,137,133,130,32,131,36,136,148,171
70,16,62,130,113,131,37,131,70,132,31,132,76,132,205,132,0,0,91,141,122,138,135,137,154,130,37,131,36,136,150,171
71,16,68,130,90,131,16,131,26,132,51,132,60,132,219,132,0,0,87,141,138,138,93,137,169,130,27,131,32,136,184,171
72,16,50,130,100,131,4,131,6,132,82,132,65,132,231,132,0,0,80,141,112,138,107,137,141,130,9,131,39,136,185,171
73,16,52,130,121,131,23,131,31,132,50,132,31,132,212,132,0,0,85,141,101,138,124,137,112,130,17,131,39,136,159,171
74,16,75,130,120,131,60,131,12,132,30,132,20,132,190,132,0,0,79,141,126,138,99,137,104,130,10,131,32,136,186,171
75,16,92,130,109,131,70,131,252,131,41,132,38,132,190,132,0,0,67,141,130,138,123,137,113,130,248,130,40,136,217,171
76,16,90,130,126,131,62,131,12,132,20,132,10,132,189,132,0,0,74,141,110,138,159,137,131,130,253,130,57,136,205,171
77,16,85,130,156,131,103,131,1,132,19,132,244,131,200,132,0,0,78,141,106,138,122,137,135,130,15,131,63,136,191,171
78,16,111,130,146,131,137,131,1,132,25,132,14,132,207,132,0,0,59,141,110,138,113,137,129,130,28,131,72,136,182,171
79,16,133,130,145,131,132,131,12,132,14,132,26,132,196,132,0,0,42,141,97,138,159,137,141,130,34,131,72,136,187,171
80,16,124,130,179,131,150,131,19,132,21,132,12,132,196,132,0,0,48,141,96,138,196,137,147,130,51,131,60,136,198,171
81,16,130,130,168,131,174,131,8,132,25,132,16,132,218,132,0,0,47,141,108,138,201,137,142,130,45,131,69,136,210,171
82,16,156,130,132,131,173,131,6,132,15,132,33,132,232,132,0,0,33,141,106,138,151,137,142,130,19,131,68,136,223,171
83,16,143,130,143,131,167,131,35,132,30,132,28,132,213,132,0,0,27,141,95,138,115,137,136,130,26,131,54,136,215,171
84,16,124,130,162,131,159,131,30,132,52,132,29,132,202,132,0,0,38,141,104,138,141,137,131,130,54,131,58,136,197,171
85,16,134,130,158,131,156,131,8,132,37,132,44,132,199,132,0,0,62,141,112,138,142,137,133,130,49,131,65,136,194,171
86,16,128,130,155,131,154,131,28,132,34,132,38,132,185,132,0,0,46,141,104,138,71,137,141,130,30,131,67,136,197,171
87,16,133,130,141,131,133,131,49,132,48,132,34,132,189,132,0,0,17,141,98,138,95,137,139,130,27,131,79,136,199,171
88,16,143,130,120,131,123,131,25,132,19,132,39,132,210,132,0,0,41,141,82,138,193,137,132,130,19,131,71,136,213,171
89,16,113,130,139,131,137,131,249,131,4,132,33,132,210,132,0,0,59,141,75,138,160,137,142,130,19,131,42,136,223,171
90,16,102,130,167,131,140,131,249,131,35,132,36,132,185,132,0,0,44,141,96,138,99,137,157,130,29,131,39,136,213,171
91,16,128,130,152,131,138,131,4,132,36,132,51,132,188,132,0,0,46,141,108,138,153,137,142,130,25,131,57,136,198,171
92,16,127,130,153,131,125,131,21,132,2,132,52,132,211,132,0,0,43,141,100,138,200,137,117,130,31,131,53,136,178,171
93,16,89,130,177,131,90,131,23,132,24,132,65,132,215,132,0,0,17,141,91,138,167,137,122,130,45,131,39,136,182,171
94,16,74,130,170,131,71,131,47,132,64,132,92,132,214,132,0,0,19,141,94,138,176,137,149,130,38,131,46,136,188,171
95,16,82,130,148,131,70,131,85,132,43,132,118,132,227,132,0,0,36,141,86,138,184,137,156,130,35,131,48,136,152,171
96,16,86,130,148,131,40,131,65,132,21,132,144,132,234,132,0,0,35,141,90,138,115,137,141,130,42,131,27,136,129,171
97,16,87,130,152,131,20,131,40,132,37,132,111,132,203,132,0,0,48,141,99,138,85,137,142,130,26,131,26,136,154,171
98,16,75,130,158,131,36,131,56,132,32,132,76,132,182,132,0,0,65,141,102,138,115,137,141,130,18,131,43,136,175,171
99,16,56,130,157,131,26,131,65,132,26,132,111,132,211,132,0,0,71,141,112,138,152,137,132,130,40,131,45,136,150,171
100,16,51,130,135,131,249,130,54,132,47,132,144,132,199,132,0,0,63,141,110,138,181,137,149,130,59,131,50,136,132,171
101,16,53,130,135,131,0,131,39,132,39,132,124,132,150,132,0,0,55,141,108,138,199,137,163,130,45,131,40,136,152,171
102,16,38,130,143,131,19,131,31,132,2,132,92,132,165,132,0,0,60,141,116,138,179,137,137,130,46,131,20,136,167,171
103,16,25,130,134,131,254,130,30,132,27,132,94,132,212,132,0,0,75,141,119,138,123,137,123,130,81,131,41,136,160,171
104,16,39,130,138,131,220,130,44,132,78,132,121,132,202,132,0,0,98,141,112,138,93,137,132,130,61,131,57,136,153,171
105,16,53,130,155,131,229,130,44,132,56,132,132,132,187,132,0,0,100,141,97,138,117,137,133,130,12,131,31,136,154,171
106,16,36,130,153,131,249,130,38,132,14,132,116,132,201,132,0,0,81,141,99,138,126,137,137,130,23,131,15,136,143,171
107,16,15,130,132,131,247,130,68,132,41,132,116,132,213,132,0,0,71,141,105,138,107,137,125,130,57,131,18,136,133,171
108,16,23,130,142,131,226,130,85,132,83,132,134,132,205,132,0,0,78,141,107,138,108,137,118,130,40,131,19,136,136,171
109,16,33,130,152,131,199,130,51,132,68,132,142,132,195,132,0,0,90,141,94,138,109,137,146,130,33,131,18,136,132,171
110,16,13,130,145,131,195,130,17,132,35,132,144,132,202,132,0,0,88,141,86,138,114,137,152,130,51,131,16,136,148,171
111,16,0,130,142,131,209,130,33,132,32,132,145,132,234,132,0,0,78,141,113,138,129,137,135,130,51,131,14,136,171,171
112,16,8,130,130,131,203,130,63,132,43,132,162,132,248,132,0,0,76,141,126,138,115,137,147,130,47,131,17,136,143,171
113,16,251,129,125,131,176,130,57,132,66,132,183,132,218,132,0,0,87,141,106,138,96,137,165,130,44,131,251,135,94,171
114,16,231,129,141,131,137,130,31,132,110,132,185,132,212,132,0,0,102,141,99,138,143,137,162,130,36,131,242,135,89,171
115,16,246,129,157,131,132,130,41,132,87,132,188,132,233,132,0,0,103,141,120,138,182,137,159,130,36,131,5,136,110,171
116,16,5,130,153,131,158,130,56,132,55,132,189,132,229,132,0,0,97,141,124,138,133,137,142,130,30,131,255,135,95,171
117,16,219,129,144,131,143,130,34,132,100,132,189,132,206,132,0,0,97,141,109,138,88,137,130,130,17,131,9,136,71,171
118,16,186,129,134,131,124,130,46,132,103,132,196,132,195,132,0,0,87,141,108,138,118,137,146,130,31,131,29,136,90,171
119,16,222,129,121,131,135,130,70,132,48,132,188,132,206,132,0,0,93,141,107,138,115,137,159,130,47,131,247,135,109,171
120,16,248,129,123,131,133,130,42,132,50,132,188,132,197,132,0,0,114,141,107,138,80,137,159,130,30,131,217,135,101,171
121,16,212,129,130,131,136,130,27,132,80,132,184,132,190,132,0,0,116,141,120,138,131,137,146,130,25,131,2,136,94,171
122,16,191,129,144,131,162,130,40,132,48,132,160,132,195,132,0,0,102,141,119,138,186,137,137,130,30,131,26,136,110,171
123,16,235,129,146,131,182,130,17,132,31,132,148,132,197,132,0,0,91,141,123,138,184,137,140,130,15,131,7,136,121,171
124,16,3,130,149,131,191,130,16,132,53,132,153,132,188,132,0,0,106,141,133,138,186,137,145,130,13,131,11,136,116,171
125,16,248,129,151,131,199,130,49,132,49,132,139,132,202,132,0,0,118,141,125,138,162,137,158,130,29,131,31,136,126,171
126,16,3,130,122,131,195,130,47,132,45,132,106,132,215,132,0,0,111,141,122,138,134,137,165,130,26,131,38,136,139,171
127,16,31,130,117,131,204,130,20,132,46,132,86,132,185,132,77,0,103,141,131,138,173,137,117,130,2,131,38,136,137,171
0,16,33,130,141,131,239,130,22,132,48,132,77,132,191,132,0,0,101,141,125,138,203,137,79,130,5,131,36,136,146,171
1,16,9,130,121,131,16,131,15,132,33,132,69,132,223,132,0,0,104,141,129,138,177,137,113,130,35,131,19,136,170,171
2,16,26,130,88,131,44,131,242,131,14,132,65,132,208,132,0,0,113,141,141,138,176,137,114,130,40,131,15,136,169,171
3,16,66,130,99,131,62,131,238,131,19,132,50,132,191,132,0,0,111,141,136,138,197,137,97,130,14,131,52,136,168,171
4,16,65,130,113,131,69,131,251,131,38,132,36,132,210,132,0,0,94,141,137,138,189,137,115,130,6,131,72,136,179,171
5,16,82,130,109,131,84,131,4,132,49,132,26,132,201,132,0,0,101,141,138,138,146,137,112,130,20,131,51,136,169,171
6,16,109,130,132,131,78,131,8,132,24,132,22,132,174,132,0,0,81,141,121,138,118,137,104,130,20,131,38,136,174,171
7,16,87,130,162,131,68,131,3,132,5,132,43,132,191,132,0,0,41,141,116,138,151,137,136,130,30,131,45,136,192,171
8,16,77,130,152,131,102,131,8,132,16,132,55,132,210,132,0,0,58,141,114,138,191,137,146,130,51,131,61,136,196,171
9,16,102,130,143,131,117,131,10,132,17,132,49,132,216,132,0,0,70,141,99,138,176,137,122,130,38,131,60,136,189,171
10,16,101,130,170,131,90,131,1,132,23,132,60,132,215,132,0,0,40,141,103,138,160,137,132,130,27,131,41,136,169,171
11,16,90,130,177,131,81,131,1,132,43,132,67,132,200,132,0,0,38,141,107,138,178,137,148,130,41,131,37,136,159,171
12,16,83,130,146,131,81,131,33,132,52,132,56,132,205,132,0,0,63,141,92,138,186,137,129,130,36,131,50,136,177,171
13,16,73,130,138,131,76,131,45,132,37,132,59,132,223,132,0,0,61,141,90,138,155,137,110,130,34,131,56,136,182,171
14,16,76,130,143,131,84,131,12,132,28,132,85,132,212,132,0,0,59,141,118,138,105,137,120,130,43,131,54,136,172,171
15,16,79,130,141,131,68,131,247,131,35,132,89,132,186,132,0,0,74,141,133,138,81,137,139,130,33,131,49,136,172,171
16,16,64,130,163,131,61,131,13,132,41,132,73,132,194,132,0,0,65,141,118,138,122,137,131,130,21,131,45,136,184,171
17,16,58,130,164,131,74,131,23,132,35,132,67,132,213,132,0,0,45,141,116,138,182,137,122,130,32,131,49,136,180,171
18,16,55,130,117,131,42,131,1,132,31,132,73,132,219,132,0,0,64,141,115,138,171,137,117,130,48,131,49,136,160,171
19,16,50,130,116,131,14,131,1,132,26,132,90,132,222,132,0,0,100,141,103,138,108,137,97,130,41,131,51,136,148,171
20,16,48,130,162,131,58,131,18,132,13,132,83,132,223,132,0,0,85,141,109,138,78,137,103,130,17,131,56,136,157,171
21,16,58,130,156,131,86,131,4,132,29,132,83,132,216,132,0,0,50,141,115,138,136,137,138,130,7,131,55,136,162,171
22,16,72,130,123,131,52,131,241,131,52,132,108,132,218,132,0,0,66,141,91,138,196,137,148,130,33,131,51,136,164,171
23,16,80,130,138,131,45,131,254,131,31,132,110,132,210,132,0,0,76,141,86,138,158,137,149,130,41,131,48,136,173,171
24,16,88,130,151,131,65,131,18,132,16,132,100,132,197,132,0,0,68,141,124,138,117,137,150,130,15,131,47,136,158,171
25,16,81,130,143,131,47,131,22,132,39,132,87,132,206,132,0,0,74,141,127,138,142,137,125,130,34,131,44,136,151,171
26,16,61,130,146,131,13,131,17,132,42,132,79,132,210,132,0,0,60,141,105,138,146,137,119,130,74,131,49,136,168,171
27,16,45,130,134,131,18,131,11,132,23,132,89,132,205,132,0,0,49,141,116,138,88,137,128,130,60,131,52,136,161,171
28,16,40,130,125,131,38,131,26,132,18,132,102,132,198,132,0,0,69,141,122,138,79,137,112,130,17,131,49,136,161,171
29,16,52,130,150,131,24,131,22,132,24,132,106,132,196,132,0,0,72,141,120,138,139,137,109,130,5,131,52,136,175,171
30,16,72,130,153,131,12,131,250,131,46,132,113,132,194,132,0,0,63,141,122,138,175,137,115,130,24,131,55,136,153,171
31,16,53,130,136,131,24,131,14,132,45,132,107,132,200,132,0,0,82,141,114,138,182,137,104,130,41,131,46,136,127,171
32,16,22,130,132,131,16,131,25,132,26,132,95,132,199,132,0,0,75,141,105,138,181,137,133,130,34,131,32,136,143,171
33,16,32,130,134,131,5,131,244,131,31,132,107,132,203,132,0,0,49,141,113,138,142,137,174,130,12,131,36,136,142,171
34,16,45,130,148,131,0,131,251,131,48,132,122,132,211,132,0,0,74,141,107,138,117,137,141,130,31,131,31,136,118,171
35,16,32,130,155,131,235,130,24,132,49,132,122,132,192,132,0,0,89,141,97,138,179,137,122,130,49,131,29,136,124,171
36,16,25,130,133,131,235,130,9,132,33,132,122,132,199,132,0,0,67,141,107,138,191,137,156,130,32,131,38,136,142,171
37,16,21,130,127,131,229,130,18,132,31,132,130,132,220,132,0,0,62,141,121,138,98,137,150,130,32,131,28,136,126,171
38,16,0,130,144,131,203,130,52,132,37,132,159,132,206,132,0,0,56,141,121,138,82,137,137,130,30,131,10,136,100,171
39,16,255,129,143,131,226,130,41,132,33,132,162,132,183,132,0,0,44,141,103,138,131,137,163,130,6,131,12,136,110,171
40,16,1,130,133,131,237,130,22,132,47,132,140,132,185,132,0,0,78,141,98,138,116,137,170,130,21,131,26,136,142,171
41,16,243,129,130,131,185,130,31,132,72,132,152,132,190,132,0,0,100,141,124,138,94,137,134,130,54,131,35,136,128,171
42,16,247,129,131,131,170,130,55,132,71,132,174,132,189,132,0,0,86,141,134,138,135,137,133,130,35,131,27,136,94,171
43,16,254,129,134,131,182,130,58,132,37,132,167,132,204,132,0,0,99,141,113,138,173,137,162,130,16,131,15,136,111,171
44,16,242,129,128,131,157,130,33,132,42,132,154,132,181,132,0,0,107,141,112,138,185,137,153,130,32,131,12,136,142,171
45,16,210,129,123,131,152,130,23,132,61,132,154,132,152,132,0,0,97,141,127,138,192,137,120,130,37,131,17,136,130,171
46,16,230,129,134,131,173,130,14,132,45,132,143,132,183,132,0,0,102,141,119,138,156,137,124,130,32,131,27,136,120,171
47,16,34,130,148,131,183,130,247,131,32,132,129,132,207,132,0,0,102,141,114,138,116,137,138,130,28,131,23,136,155,171
48,16,16,130,143,131,207,130,244,131,46,132,124,132,191,132,0,0,81,141,121,138,152,137,116,130,14,131,18,136,162,171
49,16,231,129,117,131,251,130,19,132,56,132,123,132,194,132,0,0,78,141,124,138,201,137,120,130,17,131,38,136,129,171
50,16,6,130,113,131,253,130,20,132,48,132,134,132,212,132,0,0,100,141,117,138,178,137,149,130,29,131,38,136,143,171
51,16,33,130,141,131,222,130,0,132,35,132,119,132,204,132,0,0,100,141,116,138,160,137,142,130,22,131,19,136,170,171
52,16,15,130,157,131,232,130,5,132,41,132,98,132,199,132,0,0,83,141,105,138,201,137,115,130,20,131,35,136,163,171
53,16,22,130,146,131,5,131,3,132,63,132,113,132,205,132,0,0,84,141,99,138,171,137,119,130,25,131,51,136,164,171
54,16,51,130,147,131,240,130,251,131,59,132,126,132,209,132,0,0,100,141,111,138,103,137,139,130,17,131,41,136,167,171
55,16,41,130,151,131,220,130,243,131,23,132,106,132,212,132,0,0,94,141,118,138,144,137,134,130,13,131,51,136,153,171
56,16,23,130,125,131,1,131,247,131,23,132,78,132,207,132,0,0,78,141,118,138,189,137,133,130,37,131,60,136,167,171
57,16,35,130,119,131,11,131,8,132,41,132,93,132,206,132,0,0,73,141,111,138,167,137,129,130,46,131,39,136,171,171
58,16,53,130,144,131,230,130,18,132,31,132,112,132,217,132,0,0,74,141,112,138,155,137,125,130,38,131,26,136,142,171
59,16,52,130,138,131,230,130,9,132,23,132,96,132,221,132,0,0,77,141,123,138,149,137,133,130,39,131,25,136,142,171
60,16,29,130,124,131,0,131,252,131,42,132,87,132,208,132,0,0,72,141,109,138,126,137,134,130,30,131,31,136,165,171
61,16,13,130,127,131,251,130,17,132,51,132,126,132,202,132,0,0,63,141,86,138,132,137,131,130,31,131,36,136,158,171
62,16,19,130,138,131,227,130,33,132,37,132,155,132,208,132,0,0,70,141,95,138,126,137,132,130,37,131,22,136,146,171
63,16,29,130,143,131,217,130,9,132,32,132,141,132,202,132,0,0,90,141,129,138,88,137,146,130,38,131,19,136,146,171
64,16,19,130,140,131,209,130,11,132,40,132,136,132,196,132,0,0,97,141,120,138,106,137,153,130,47,131,36,136,138,171
65,16,6,130,131,131,197,130,53,132,46,132,149,132,207,132,0,0,74,141,77,138,111,137,157,130,42,131,25,136,132,171
66,16,13,130,123,131,208,130,70,132,43,132,150,132,210,132,0,0,64,141,69,138,92,137,167,130,32,131,246,135,132,171
67,16,22,130,132,131,207,130,56,132,51,132,151,132,200,132,0,0,98,141,99,138,109,137,156,130,42,131,238,135,126,171
68,16,9,130,142,131,177,130,41,132,54,132,159,132,209,132,0,0,125,141,113,138,114,137,130,130,37,131,5,136,124,171
69,16,247,129,136,131,189,130,9,132,42,132,158,132,217,132,0,0,106,141,108,138,105,137,129,130,20,131,29,136,113,171
70,16,248,129,122,131,202,130,253,131,50,132,153,132,219,132,0,0,107,141,118,138,115,137,141,130,40,131,33,136,103,171
71,16,11,130,123,131,164,130,22,132,50,132,148,132,210,132,0,0,136,141,125,138,159,137,139,130,60,131,16,136,119,171
72,16,17,130,130,131,160,130,21,132,40,132,143,132,196,132,0,0,137,141,115,138,187,137,135,130,44,131,14,136,149,171
73,16,2,130,122,131,199,130,252,131,52,132,143,132,207,132,0,0,115,141,115,138,181,137,132,130,27,131,31,136,144,171
74,16,8,130,135,131,209,130,255,131,46,132,127,132,204,132,0,0,106,141,114,138,180,137,128,130,14,131,36,136,122,171
75,16,26,130,154,131,213,130,11,132,24,132,115,132,196,132,0,0,104,141,119,138,190,137,135,130,15,131,32,136,126,171
76,16,24,130,140,131,235,130,253,131,41,132,117,132,221,132,0,0,93,141,127,138,176,137,143,130,28,131,31,136,151,171
77,16,22,130,115,131,250,130,239,131,52,132,110,132,234,132,0,0,78,141,121,138,126,137,135,130,28,131,33,136,165,171
78,16,29,130,113,131,250,130,255,131,31,132,98,132,214,132,0,0,88,141,116,138,100,137,127,130,20,131,26,136,147,171
79,16,32,130,131,131,249,130,2,132,34,132,92,132,200,132,0,0,113,141,125,138,109,137,123,130,24,131,30,136,150,171
80,16,29,130,119,131,8,131,245,131,32,132,71,132,205,132,0,0,101,141,121,138,104,137,128,130,27,131,48,136,185,171
81,16,41,130,95,131,16,131,247,131,20,132,64,132,209,132,0,0,65,141,105,138,115,137,138,130,21,131,51,136,183,171
82,16,60,130,112,131,17,131,250,131,44,132,85,132,210,132,0,0,64,141,111,138,173,137,146,130,28,131,42,136,145,171
83,16,59,130,128,131,10,131,244,131,41,132,88,132,200,132,0,0,77,141,114,138,213,137,137,130,38,131,41,136,138,171
84,16,47,130,125,131,2,131,252,131,28,132,85,132,199,132,0,0,68,141,101,138,177,137,120,130,35,131,43,136,168,171
85,16,40,130,144,131,12,131,8,132,72,132,96,132,201,132,0,0,63,141,101,138,128,137,124,130,36,131,46,136,183,171
86,16,55,130,156,131,24,131,4,132,81,132,87,132,187,132,0,0,93,141,109,138,88,137,133,130,31,131,44,136,176,171
87,16,75,130,131,131,24,131,13,132,31,132,76,132,188,132,0,0,101,141,117,138,78,137,123,130,30,131,43,136,168,171
88,16,63,130,115,131,15,131,24,132,20,132,103,132,211,132,0,0,65,141,106,138,163,137,126,130,37,131,50,136,182,171
89,16,53,130,130,131,16,131,34,132,41,132,116,132,209,132,0,0,59,141,93,138,204,137,138,130,41,131,49,136,182,171
90,16,60,130,146,131,18,131,41,132,36,132,105,132,184,132,0,0,80,141,95,138,131,137,135,130,41,131,50,136,149,171
91,16,33,130,148,131,246,130,20,132,43,132,117,132,198,132,0,0,68,141,102,138,135,137,123,130,44,131,59,136,135,171
92,16,22,130,130,131,226,130,255,131,53,132,125,132,229,132,0,0,54,141,113,138,180,137,123,130,46,131,53,136,153,171
93,16,55,130,122,131,226,130,255,131,35,132,113,132,229,132,0,0,73,141,125,138,152,137,125,130,28,131,26,136,168,171
94,16,52,130,136,131,216,130,8,132,41,132,122,132,207,132,0,0,93,141,120,138,142,137,135,130,20,131,10,136,149,171
95,16,35,130,140,131,218,130,2,132,49,132,137,132,190,132,0,0,90,141,108,138,148,137,146,130,51,131,25,136,123,171
96,16,46,130,134,131,223,130,9,132,37,132,137,132,198,132,0,0,94,141,115,138,105,137,136,130,60,131,23,136,121,171
97,16,38,130,153,131,206,130,44,132,34,132,138,132,204,132,0,0,112,141,115,138,93,137,137,130,41,131,14,136,137,171
98,16,33,130,165,131,211,130,58,132,56,132,124,132,200,132,0,0,105,141,110,138,129,137,162,130,52,131,22,136,148,171
99,16,20,130,147,131,216,130,36,132,51,132,140,132,209,132,0,0,95,141,120,138,143,137,155,130,54,131,31,136,136,171
100,16,246,129,121,131,189,130,17,132,19,132,186,132,222,132,0,0,107,141,115,138,184,137,145,130,24,131,28,136,130,171
101,16,255,129,125,131,183,130,19,132,54,132,162,132,211,132,0,0,110,141,99,138,205,137,164,130,39,131,30,136,140,171
102,16,19,130,151,131,194,130,9,132,99,132,136,132,203,132,0,0,100,141,104,138,135,137,158,130,49,131,38,136,140,171
103,16,243,129,132,131,183,130,9,132,60,132,162,132,218,132,0,0,88,141,118,138,93,137,150,130,13,131,23,136,119,171
104,16,230,129,95,131,160,130,14,132,42,132,169,132,224,132,0,0,79,141,122,138,140,137,165,130,12,131,16,136,119,171
105,16,1,130,95,131,156,130,0,132,89,132,157,132,206,132,0,0,92,141,121,138,190,137,150,130,42,131,33,136,126,171
106,16,252,129,110,131,171,130,0,132,88,132,163,132,194,132,0,0,121,141,129,138,178,137,121,130,42,131,31,136,104,171
107,16,238,129,117,131,187,130,22,132,43,132,175,132,208,132,0,0,96,141,127,138,171,137,138,130,41,131,23,136,99,171
108,16,247,129,128,131,184,130,24,132,64,132,162,132,218,132,0,0,62,141,107,138,186,137,154,130,40,131,24,136,110,171
109,16,255,129,127,131,165,130,9,132,111,132,157,132,225,132,0,0,93,141,114,138,182,137,138,130,40,131,3,136,105,171
110,16,11,130,125,131,157,130,20,132,94,132,170,132,232,132,0,0,123,141,139,138,186,137,146,130,40,131,236,135,109,171
111,16,13,130,140,131,162,130,32,132,52,132,162,132,216,132,0,0,100,141,131,138,187,137,157,130,33,131,12,136,120,171
112,16,241,129,132,131,165,130,16,132,36,132,154,132,213,132,0,0,74,141,122,138,179,137,145,130,45,131,29,136,102,171
113,16,199,129,126,131,161,130,11,132,48,132,171,132,216,132,0,0,87,141,137,138,180,137,139,130,58,131,10,136,98,171
114,16,198,129,140,131,149,130,30,132,58,132,175,132,206,132,0,0,114,141,134,138,182,137,148,130,37,131,9,136,119,171
115,16,231,129,136,131,135,130,25,132,56,132,166,132,216,132,0,0,126,141,118,138,180,137,154,130,27,131,6,136,105,171
116,16,236,129,125,131,142,130,10,132,57,132,184,132,199,132,0,0,108,141,124,138,178,137,143,130,38,131,1,136,84,171
117,16,212,129,130,131,150,130,31,132,71,132,178,132,159,132,0,0,96,141,134,138,184,137,145,130,34,131,3,136,98,171
118,16,226,129,115,131,144,130,39,132,66,132,157,132,191,132,0,0,102,141,132,138,190,137,145,130,26,131,255,135,114,171
119,16,5,130,95,131,147,130,12,132,36,132,162,132,234,132,0,0,110,141,136,138,173,137,133,130,39,131,3,136,108,171
120,16,251,129,105,131,157,130,255,131,39,132,145,132,208,132,0,0,110,141,140,138,146,137,134,130,47,131,2,136,122,171
121,16,236,129,114,131,168,130,23,132,51,132,131,132,190,132,0,0,101,141,132,138,173,137,147,130,45,131,247,135,131,171
122,16,247,129,116,131,159,130,50,132,40,132,150,132,213,132,0,0,101,141,120,138,202,137,141,130,48,131,255,135,103,171
123,16,2,130,121,131,160,130,57,132,38,132,146,132,220,132,0,0,101,141,115,138,137,137,140,130,44,131,19,136,101,171
124,16,3,130,121,131,175,130,40,132,45,132,134,132,203,132,0,0,107,141,120,138,112,137,154,130,23,131,20,136,136,171
125,16,250,129,127,131,174,130,18,132,40,132,151,132,182,132,0,0,117,141,118,138,180,137,142,130,26,131,29,136,129,171
126,16,1,130,136,131,175,130,39,132,42,132,161,132,190,132,0,0,111,141,95,138,192,137,141,130,61,131,45,136,98,171
127,16,4,130,126,131,184,130,56,132,55,132,148,132,213,132,77,0,89,141,100,138,167,137,179,130,55,131,18,136,116,171
0,16,4,130,107,131,182,130,39,132,55,132,135,132,212,132,0,0,87,141,140,138,159,137,178,130,18,131,242,135,125,171
1,16,19,130,130,131,181,130,28,132,42,132,143,132,200,132,0,0,112,141,141,138,143,137,148,130,37,131,252,135,92,171
2,16,17,130,139,131,183,130,40,132,46,132,148,132,189,132,0,0,111,141,118,138,147,137,138,130,56,131,2,136,101,171
3,16,248,129,121,131,182,130,40,132,74,132,135,132,167,132,0,0,106,141,135,138,191,137,141,130,39,131,238,135,138,171
4,16,235,129,129,131,175,130,34,132,65,132,136,132,169,132,0,0,119,141,133,138,195,137,139,130,23,131,245,135,138,171
5,16,2,130,140,131,191,130,35,132,32,132,144,132,178,132,0,0,113,141,104,138,171,137,137,130,25,131,23,136,128,171
6,16,13,130,135,131,207,130,22,132,46,132,143,132,195,132,0,0,88,141,109,138,186,137,144,130,23,131,22,136,128,171
7,16,246,129,132,131,190,130,35,132,56,132,140,132,226,132,0,0,79,141,127,138,184,137,148,130,22,131,8,136,116,171
8,16,230,129,137,131,186,130,52,132,45,132,144,132,239,132,0,0,100,141,126,138,141,137,140,130,33,131,16,136,110,171
9,16,251,129,139,131,192,130,12,132,46,132,155,132,215,132,0,0,124,141,118,138,110,137,157,130,37,131,18,136,114,171
10,16,21,130,141,131,185,130,251,131,40,132,163,132,198,132,0,0,116,141,114,138,99,137,177,130,46,131,9,136,114,171
11,16,6,130,123,131,179,130,40,132,27,132,166,132,214,132,0,0,92,141,120,138,114,137,147,130,40,131,5,136,125,171
12,16,254,129,97,131,187,130,66,132,46,132,157,132,221,132,0,0,96,141,128,138,147,137,130,130,22,131,11,136,134,171
13,16,14,130,113,131,197,130,29,132,63,132,130,132,215,132,0,0,102,141,121,138,174,137,164,130,24,131,29,136,133,171
14,16,14,130,125,131,194,130,12,132,41,132,116,132,219,132,0,0,105,141,124,138,178,137,166,130,19,131,35,136,126,171
15,16,2,130,123,131,195,130,48,132,28,132,131,132,224,132,0,0,110,141,123,138,157,137,130,130,15,131,27,136,107,171
16,16,27,130,122,131,195,130,69,132,37,132,134,132,195,132,0,0,102,141,104,138,123,137,132,130,26,131,24,136,119,171
17,16,36,130,120,131,200,130,36,132,46,132,129,132,189,132,0,0,97,141,108,138,99,137,151,130,35,131,26,136,144,171
18,16,10,130,111,131,207,130,13,132,46,132,136,132,226,132,0,0,95,141,121,138,111,137,152,130,30,131,33,136,131,171
19,16,5,130,106,131,203,130,25,132,35,132,148,132,204,132,0,0,87,141,109,138,117,137,154,130,35,131,43,136,132,171
20,16,16,130,131,131,204,130,19,132,35,132,136,132,177,132,0,0,100,141,98,138,83,137,166,130,45,131,13,136,152,171
21,16,25,130,137,131,219,130,4,132,39,132,125,132,219,132,0,0,112,141,109,138,111,137,152,130,28,131,240,135,134,171
22,16,14,130,96,131,234,130,14,132,39,132,133,132,245,132,0,0,84,141,113,138,194,137,133,130,20,131,23,136,108,171
23,16,10,130,95,131,223,130,33,132,40,132,125,132,214,132,0,0,75,141,93,138,167,137,145,130,46,131,51,136,128,171
24,16,23,130,143,131,207,130,36,132,53,132,124,132,217,132,0,0,99,141,94,138,104,137,151,130,47,131,26,136,142,171
25,16,18,130,143,131,201,130,27,132,68,132,146,132,226,132,0,0,84,141,124,138,168,137,139,130,33,131,21,136,128,171
26,16,7,130,133,131,203,130,44,132,53,132,140,132,191,132,0,0,56,141,126,138,175,137,143,130,46,131,47,136,128,171
27,16,7,130,151,131,202,130,63,132,20,132,129,132,180,132,0,0,79,141,109,138,97,137,157,130,50,131,39,136,138,171
28,16,27,130,141,131,197,130,47,132,26,132,138,132,201,132,0,0,103,141,117,138,150,137,156,130,20,131,22,136,124,171
29,16,41,130,122,131,199,130,33,132,38,132,141,132,211,132,0,0,95,141,129,138,219,137,139,130,21,131,39,136,119,171
30,16,26,130,119,131,198,130,53,132,33,132,138,132,200,132,0,0,102,141,117,138,181,137,133,130,50,131,54,136,133,171
31,16,16,130,124,131,207,130,68,132,39,132,143,132,194,132,0,0,105,141,104,138,176,137,140,130,57,131,49,136,133,171
32,16,17,130,130,131,205,130,43,132,37,132,130,132,198,132,0,0,104,141,108,138,189,137,139,130,36,131,34,136,132,171
33,16,13,130,131,131,190,130,30,132,25,132,129,132,197,132,0,0,102,141,106,138,180,137,122,130,17,131,33,136,133,171
34,16,18,130,134,131,191,130,36,132,41,132,150,132,201,132,0,0,76,141,113,138,189,137,122,130,19,131,46,136,126,171
35,16,25,130,142,131,189,130,12,132,54,132,140,132,220,132,0,0,61,141,117,138,188,137,144,130,23,131,36,136,140,171
36,16,25,130,128,131,208,130,9,132,43,132,115,132,212,132,0,0,74,141,106,138,186,137,151,130,30,131,12,136,157,171
37,16,24,130,116,131,234,130,32,132,43,132,109,132,172,132,0,0,78,141,111,138,188,137,138,130,42,131,28,136,147,171
38,16,31,130,141,131,232,130,11,132,42,132,111,132,178,132,0,0,56,141,138,138,187,137,144,130,39,131,59,136,147,171
39,16,35,130,164,131,230,130,240,131,29,132,116,132,205,132,0,0,57,141,130,138,189,137,147,130,40,131,30,136,165,171
40,16,26,130,157,131,241,130,14,132,39,132,132,132,207,132,0,0,83,141,101,138,193,137,131,130,50,131,3,136,158,171
41,16,24,130,132,131,228,130,41,132,49,132,144,132,210,132,0,0,88,141,112,138,180,137,136,130,58,131,26,136,138,171
42,16,28,130,115,131,205,130,20,132,48,132,133,132,227,132,0,0,68,141,126,138,186,137,148,130,64,131,40,136,136,171
43,16,27,130,117,131,211,130,9,132,43,132,130,132,213,132,0,0,63,141,119,138,206,137,146,130,44,131,25,136,133,171
44,16,29,130,126,131,220,130,28,132,47,132,135,132,195,132,0,0,76,141,118,138,147,137,147,130,4,131,19,136,133,171
45,16,22,130,124,131,199,130,42,132,58,132,140,132,219,132,0,0,89,141,109,138,109,137,152,130,19,131,24,136,139,171
46,16,4,130,120,131,184,130,45,132,73,132,146,132,223,132,0,0,99,141,102,138,165,137,149,130,59,131,30,136,136,171
47,16,9,130,117,131,194,130,44,132,74,132,135,132,188,132,0,0,103,141,127,138,204,137,146,130,43,131,36,136,129,171
48,16,10,130,125,131,204,130,37,132,42,132,136,132,182,132,0,0,103,141,127,138,176,137,141,130,21,131,19,136,135,171
49,16,2,130,140,131,210,130,37,132,25,132,141,132,206,132,0,0,90,141,101,138,138,137,142,130,51,131,7,136,155,171
50,16,24,130,136,131,211,130,35,132,41,132,138,132,201,132,0,0,84,141,119,138,119,137,142,130,64,131,17,136,160,171
51,16,35,130,130,131,209,130,5,132,46,132,141,132,191,132,0,0,98,141,136,138,91,137,122,130,18,131,38,136,151,171
52,16,254,129,127,131,215,130,249,131,47,132,146,132,208,132,0,0,100,141,113,138,114,137,120,130,250,130,45,136,136,171
53,16,246,129,122,131,228,130,17,132,53,132,134,132,214,132,0,0,95,141,112,138,158,137,143,130,37,131,24,136,124,171
54,16,32,130,126,131,250,130,20,132,51,132,133,132,209,132,0,0,95,141,124,138,158,137,148,130,59,131,9,136,140,171
55,16,42,130,126,131,244,130,1,132,42,132,139,132,205,132,0,0,76,141,117,138,160,137,147,130,43,131,14,136,164,171
56,16,20,130,117,131,213,130,14,132,36,132,106,132,191,132,0,0,75,141,121,138,183,137,148,130,48,131,31,136,150,171
57,16,23,130,124,131,199,130,31,132,25,132,84,132,192,132,0,0,93,141,129,138,193,137,138,130,47,131,40,136,125,171
58,16,35,130,131,131,222,130,17,132,39,132,120,132,215,132,0,0,89,141,135,138,171,137,135,130,27,131,51,136,129,171
59,16,19,130,140,131,233,130,20,132,48,132,154,132,228,132,0,0,80,141,127,138,169,137,148,130,23,131,55,136,140,171
60,16,10,130,170,131,213,130,32,132,30,132,146,132,207,132,0,0,98,141,104,138,190,137,148,130,24,131,34,136,140,171
61,16,28,130,156,131,223,130,14,132,40,132,119,132,188,132,0,0,108,141,104,138,189,137,137,130,22,131,28,136,142,171
62,16,29,130,132,131,245,130,255,131,56,132,114,132,195,132,0,0,85,141,114,138,184,137,140,130,25,131,39,136,140,171
63,16,7,130,148,131,215,130,250,131,45,132,121,132,196,132,0,0,74,141,114,138,178,137,150,130,33,131,46,136,136,171
64,16,3,130,140,131,185,130,251,131,45,132,119,132,200,132,0,0,87,141,109,138,174,137,158,130,40,131,23,136,137,171
65,16,18,130,120,131,204,130,2,132,45,132,128,132,229,132,0,0,84,141,107,138,193,137,153,130,37,131,9,136,140,171
66,16,29,130,148,131,234,130,7,132,26,132,149,132,234,132,0,0,70,141,114,138,185,137,138,130,31,131,25,136,133,171
67,16,21,130,159,131,237,130,255,131,29,132,130,132,207,132,0,0,89,141,120,138,133,137,154,130,39,131,17,136,126,171
68,16,14,130,140,131,218,130,247,131,52,132,114,132,190,132,0,0,110,141,111,138,143,137,166,130,44,131,12,136,122,171
69,16,27,130,149,131,225,130,254,131,51,132,148,132,206,132,0,0,88,141,105,138,191,137,156,130,39,131,36,136,130,171
70,16,22,130,144,131,6,131,3,132,39,132,147,132,218,132,0,0,69,141,121,138,188,137,144,130,39,131,37,136,135,171
71,16,0,130,113,131,248,130,250,131,30,132,117,132,203,132,0,0,82,141,126,138,169,137,127,130,18,131,28,136,137,171
72,16,16,130,125,131,212,130,251,131,31,132,139,132,195,132,0,0,77,141,125,138,159,137,123,130,15,131,44,136,133,171
73,16,35,130,138,131,225,130,9,132,37,132,154,132,216,132,0,0,73,141,134,138,150,137,144,130,41,131,42,136,134,171
74,16,22,130,138,131,241,130,12,132,38,132,122,132,224,132,0,0,96,141,131,138,176,137,157,130,34,131,30,136,151,171
75,16,12,130,157,131,224,130,9,132,36,132,109,132,203,132,0,0,94,141,109,138,190,137,142,130,15,131,47,136,159,171
76,16,30,130,150,131,224,130,11,132,36,132,121,132,191,132,0,0,85,141,94,138,157,137,148,130,29,131,34,136,149,171
77,16,37,130,124,131,232,130,5,132,32,132,129,132,196,132,0,0,97,141,109,138,155,137,165,130,42,131,13,136,142,171
78,16,24,130,129,131,224,130,255,131,29,132,131,132,197,132,0,0,93,141,115,138,186,137,152,130,41,131,34,136,136,171
79,16,22,130,140,131,239,130,7,132,48,132,130,132,199,132,0,0,86,141,100,138,186,137,138,130,42,131,31,136,123,171
80,16,27,130,128,131,249,130,10,132,50,132,122,132,202,132,0,0,97,141,104,138,134,137,145,130,38,131,5,136,125,171
81,16,26,130,123,131,215,130,10,132,20,132,116,132,195,132,0,0,83,141,123,138,89,137,159,130,23,131,15,136,146,171
82,16,42,130,141,131,210,130,8,132,13,132,121,132,196,132,0,0,62,141,119,138,115,137,155,130,23,131,34,136,155,171
83,16,32,130,145,131,247,130,246,131,43,132,129,132,218,132,0,0,86,141,103,138,139,137,138,130,20,131,29,136,142,171
84,16,2,130,136,131,251,130,7,132,56,132,139,132,231,132,0,0,98,141,112,138,103,137,127,130,23,131,15,136,141,171
85,16,30,130,121,131,234,130,43,132,40,132,138,132,205,132,0,0,68,141,125,138,114,137,138,130,34,131,2,136,142,171
86,16,54,130,115,131,220,130,30,132,57,132,135,132,192,132,0,0,52,141,121,138,171,137,155,130,40,131,3,136,122,171
87,16,27,130,124,131,221,130,20,132,76,132,146,132,214,132,0,0,61,141,113,138,145,137,141,130,43,131,32,136,101,171
88,16,26,130,132,131,232,130,31,132,33,132,144,132,206,132,0,0,82,141,118,138,119,137,124,130,34,131,40,136,117,171
89,16,36,130,134,131,216,130,13,132,0,132,146,132,191,132,0,0,102,141,119,138,168,137,126,130,30,131,25,136,146,171
90,16,31,130,115,131,214,130,253,131,25,132,142,132,204,132,0,0,92,141,111,138,197,137,126,130,40,131,32,136,153,171
91,16,35,130,101,131,236,130,16,132,51,132,135,132,208,132,0,0,68,141,110,138,178,137,130,130,38,131,40,136,134,171
92,16,33,130,123,131,236,130,20,132,52,132,129,132,201,132,0,0,69,141,115,138,196,137,138,130,25,131,20,136,122,171
93,16,16,130,131,131,226,130,246,131,37,132,126,132,209,132,0,0,86,141,134,138,199,137,135,130,28,131,9,136,141,171
94,16,21,130,119,131,228,130,222,131,24,132,132,132,220,132,0,0,80,141,143,138,137,137,144,130,48,131,27,136,144,171
95,16,33,130,118,131,230,130,240,131,61,132,126,132,214,132,0,0,68,141,120,138,114,137,159,130,62,131,31,136,126,171
96,16,25,130,111,131,226,130,13,132,85,132,133,132,230,132,0,0,80,141,106,138,117,137,126,130,68,131,20,136,138,171
97,16,26,130,106,131,218,130,11,132,44,132,121,132,240,132,0,0,89,141,118,138,103,137,106,130,39,131,17,136,155,171
98,16,34,130,124,131,228,130,254,131,30,132,93,132,213,132,0,0,85,141,109,138,122,137,143,130,12,131,19,136,138,171
99,16,25,130,137,131,3,131,3,132,48,132,107,132,202,132,0,0,92,141,101,138,170,137,147,130,14,131,15,136,130,171
100,16,35,130,134,131,255,130,21,132,33,132,120,132,220,132,0,0,83,141,119,138,183,137,116,130,8,131,254,135,157,171
101,16,49,130,118,131,212,130,29,132,27,132,107,132,219,132,0,0,66,141,126,138,172,137,127,130,6,131,4,136,151,171
102,16,28,130,95,131,203,130,14,132,48,132,117,132,198,132,0,0,70,141,124,138,179,137,148,130,21,131,37,136,126,171
103,16,31,130,103,131,223,130,251,131,40,132,141,132,206,132,0,0,80,141,128,138,184,137,134,130,29,131,41,136,135,171
104,16,51,130,132,131,227,130,8,132,28,132,134,132,226,132,0,0,94,141,125,138,185,137,120,130,26,131,21,136,129,171
105,16,30,130,130,131,234,130,11,132,40,132,130,132,209,132,0,0,99,141,116,138,188,137,146,130,30,131,23,136,110,171
106,16,13,130,137,131,230,130,255,131,39,132,148,132,198,132,0,0,90,141,123,138,179,137,165,130,36,131,27,136,123,171
107,16,22,130,145,131,222,130,3,132,32,132,130,132,201,132,0,0,73,141,132,138,163,137,126,130,42,131,17,136,131,171
108,16,29,130,127,131,232,130,4,132,37,132,111,132,195,132,0,0,53,141,121,138,137,137,102,130,36,131,31,136,118,171
109,16,28,130,140,131,232,130,247,131,53,132,114,132,202,132,0,0,58,141,105,138,107,137,146,130,26,131,55,136,134,171
110,16,18,130,164,131,218,130,6,132,52,132,128,132,230,132,0,0,82,141,109,138,103,137,158,130,50,131,56,136,153,171
111,16,8,130,138,131,215,130,24,132,40,132,149,132,223,132,0,0,97,141,111,138,160,137,121,130,67,131,35,136,132,171
112,16,29,130,122,131,214,130,20,132,36,132,145,132,188,132,0,0,90,141,101,138,195,137,130,130,33,131,18,136,131,171
113,16,38,130,128,131,228,130,33,132,41,132,144,132,199,132,0,0,75,141,111,138,146,137,164,130,12,131,19,136,152,171
114,16,12,130,107,131,241,130,32,132,47,132,160,132,225,132,0,0,99,141,115,138,144,137,152,130,38,131,20,136,148,171
115,16,9,130,96,131,221,130,255,131,40,132,152,132,212,132,0,0,125,141,105,138,154,137,135,130,49,131,28,136,126,171
116,16,23,130,116,131,211,130,232,131,29,132,125,132,193,132,0,0,104,141,107,138,131,137,140,130,39,131,50,136,124,171
117,16,15,130,124,131,222,130,247,131,21,132,108,132,208,132,0,0,89,141,105,138,146,137,143,130,35,131,41,136,143,171
118,16,8,130,126,131,207,130,9,132,34,132,97,132,223,132,0,0,106,141,102,138,167,137,148,130,25,131,21,136,159,171
119,16,24,130,138,131,191,130,11,132,53,132,106,132,222,132,0,0,102,141,115,138,161,137,148,130,12,131,32,136,153,171
120,16,37,130,128,131,210,130,17,132,34,132,133,132,220,132,0,0,80,141,128,138,174,137,136,130,28,131,32,136,134,171
121,16,28,130,125,131,231,130,20,132,25,132,123,132,207,132,0,0,79,141,126,138,188,137,140,130,46,131,19,136,127,171
122,16,24,130,144,131,217,130,5,132,56,132,112,132,210,132,0,0,83,141,131,138,181,137,161,130,32,131,24,136,130,171
123,16,40,130,140,131,212,130,6,132,58,132,123,132,225,132,0,0,73,141,124,138,179,137,149,130,22,131,32,136,126,171
124,16,28,130,128,131,219,130,34,132,39,132,131,132,208,132,0,0,74,141,107,138,123,137,118,130,39,131,25,136,124,171
125,16,249,129,135,131,215,130,43,132,58,132,136,132,195,132,0,0,80,141,111,138,77,137,123,130,48,131,32,136,135,171
126,16,14,130,138,131,212,130,33,132,80,132,140,132,214,132,0,0,82,141,117,138,127,137,131,130,31,131,37,136,144,171
127,16,38,130,128,131,209,130,34,132,69,132,140,132,203,132,77,0,94,141,106,138,126,137,136,130,14,131,19,136,141,171
0,16,13,130,136,131,205,130,42,132,44,132,139,132,194,132,0,0,113,141,108,138,86,137,159,130,37,131,14,136,137,171
1,16,5,130,133,131,197,130,35,132,23,132,129,132,225,132,0,0,116,141,119,138,137,137,148,130,62,131,18,136,131,171
2,16,36,130,117,131,175,130,42,132,39,132,113,132,217,132,0,0,85,141,113,138,193,137,126,130,36,131,13,136,124,171
3,16,52,130,110,131,176,130,63,132,56,132,125,132,200,132,0,0,64,141,108,138,170,137,156,130,20,131,20,136,125,171
4,16,27,130,98,131,202,130,50,132,33,132,151,132,219,132,0,0,73,141,111,138,159,137,170,130,48,131,29,136,129,171
5,16,16,130,108,131,206,130,29,132,24,132,140,132,220,132,0,0,91,141,105,138,178,137,130,130,52,131,14,136,128,171
6,16,30,130,122,131,187,130,28,132,42,132,109,132,196,132,0,0,97,141,108,138,164,137,124,130,26,131,8,136,138,171
7,16,21,130,105,131,199,130,18,132,44,132,121,132,193,132,0,0,95,141,125,138,149,137,123,130,36,131,39,136,153,171
8,16,11,130,109,131,236,130,250,131,28,132,133,132,201,132,0,0,89,141,128,138,184,137,96,130,52,131,55,136,139,171
9,16,28,130,143,131,234,130,7,132,28,132,113,132,208,132,0,0,83,141,131,138,187,137,116,130,21,131,38,136,116,171
10,16,21,130,135,131,208,130,28,132,35,132,106,132,212,132,0,0,92,141,133,138,130,137,143,130,12,131,29,136,125,171
11,16,16,130,116,131,212,130,21,132,47,132,120,132,207,132,0,0,97,141,117,138,123,137,129,130,36,131,42,136,140,171
12,16,35,130,127,131,227,130,18,132,46,132,123,132,217,132,0,0,93,141,114,138,169,137,134,130,44,131,35,136,130,171
13,16,18,130,140,131,231,130,11,132,37,132,131,132,217,132,0,0,84,141,129,138,193,137,151,130,51,131,13,136,139,171
14,16,255,129,150,131,213,130,4,132,52,132,143,132,194,132,0,0,74,141,126,138,187,137,157,130,47,131,16,136,161,171
15,16,30,130,136,131,196,130,30,132,58,132,136,132,193,132,0,0,81,141,105,138,183,137,166,130,18,131,29,136,144,171
16,16,39,130,134,131,212,130,55,132,35,132,136,132,215,132,0,0,84,141,96,138,184,137,152,130,7,131,32,136,127,171
17,16,253,129,150,131,218,130,28,132,23,132,145,132,230,132,0,0,77,141,115,138,199,137,132,130,26,131,28,136,139,171
18,16,8,130,135,131,206,130,4,132,37,132,145,132,230,132,0,0,89,141,117,138,165,137,146,130,33,131,26,136,129,171
19,16,41,130,115,131,196,130,21,132,42,132,147,132,219,132,0,0,100,141,111,138,107,137,151,130,24,131,29,136,105,171
20,16,8,130,131,131,184,130,13,132,28,132,146,132,213,132,0,0,100,141,123,138,158,137,131,130,26,131,24,136,100,171
21,16,235,129,136,131,184,130,247,131,29,132,127,132,220,132,0,0,102,141,125,138,217,137,123,130,31,131,18,136,114,171
22,16,12,130,118,131,189,130,6,132,47,132,120,132,210,132,0,0,89,141,124,138,168,137,137,130,25,131,22,136,125,171
23,16,35,130,126,131,204,130,9,132,53,132,136,132,198,132,0,0,73,141,133,138,152,137,150,130,31,131,38,136,134,171
24,16,21,130,126,131,228,130,244,131,52,132,124,132,203,132,0,0,88,141,129,138,195,137,122,130,52,131,41,136,136,171
25,16,24,130,114,131,206,130,245,131,49,132,107,132,195,132,0,0,102,141,119,138,171,137,102,130,44,131,29,136,125,171
26,16,25,130,132,131,173,130,11,132,44,132,131,132,187,132,0,0,96,141,123,138,116,137,130,130,33,131,26,136,132,171
27,16,10,130,139,131,189,130,16,132,52,132,145,132,224,132,0,0,104,141,117,138,107,137,147,130,54,131,30,136,144,171
28,16,17,130,113,131,212,130,18,132,71,132,129,132,249,132,0,0,96,141,105,138,104,137,138,130,51,131,29,136,155,171
29,16,27,130,119,131,202,130,33,132,69,132,127,132,219,132,0,0,69,141,113,138,100,137,151,130,20,131,20,136,145,171
30,16,27,130,153,131,206,130,47,132,49,132,142,132,193,132,0,0,85,141,116,138,148,137,158,130,31,131,14,136,110,171
31,16,34,130,151,131,222,130,55,132,34,132,142,132,216,132,0,0,107,141,122,138,202,137,144,130,40,131,12,136,101,171
32,16,22,130,109,131,208,130,43,132,42,132,133,132,244,132,0,0,89,141,128,138,189,137,159,130,19,131,21,136,140,171
33,16,4,130,97,131,206,130,18,132,54,132,122,132,224,132,0,0,78,141,115,138,172,137,157,130,21,131,37,136,160,171
34,16,17,130,138,131,229,130,26,132,51,132,119,132,192,132,0,0,102,141,116,138,190,137,131,130,40,131,30,136,132,171
35,16,18,130,153,131,216,130,45,132,45,132,139,132,199,132,0,0,105,141,130,138,190,137,136,130,30,131,15,136,122,171
36,16,16,130,122,131,189,130,27,132,46,132,134,132,233,132,0,0,71,141,130,138,170,137,160,130,28,131,22,136,129,171
37,16,32,130,117,131,195,130,11,132,42,132,107,132,230,132,0,0,72,141,121,138,182,137,149,130,41,131,49,136,135,171
38,16,23,130,128,131,211,130,33,132,43,132,117,132,192,132,0,0,98,141,113,138,187,137,114,130,44,131,44,136,145,171
39,16,20,130,123,131,215,130,37,132,45,132,144,132,195,132,0,0,84,141,109,138,151,137,128,130,31,131,26,136,136,171
40,16,36,130,145,131,209,130,1,132,38,132,136,132,224,132,0,0,68,141,125,138,101,137,154,130,41,131,25,136,123,171
41,16,24,130,162,131,194,130,243,131,34,132,102,132,204,132,0,0,102,141,137,138,86,137,147,130,57,131,13,136,134,171
42,16,1,130,136,131,191,130,4,132,39,132,110,132,181,132,0,0,127,141,120,138,150,137,140,130,42,131,9,136,146,171
43,16,4,130,123,131,196,130,8,132,48,132,131,132,200,132,0,0,100,141,114,138,203,137,150,130,26,131,25,136,137,171
44,16,20,130,145,131,196,130,22,132,54,132,113,132,212,132,0,0,74,141,122,138,151,137,152,130,39,131,23,136,133,171
45,16,26,130,153,131,194,130,39,132,53,132,99,132,208,132,0,0,74,141,118,138,132,137,147,130,49,131,3,136,128,171
46,16,23,130,144,131,197,130,20,132,42,132,118,132,194,132,0,0,75,141,115,138,190,137,149,130,25,131,20,136,128,171
47,16,19,130,142,131,201,130,255,131,35,132,121,132,199,132,0,0,67,141,109,138,150,137,144,130,13,131,42,136,140,171
48,16,35,130,141,131,209,130,29,132,36,132,127,132,231,132,0,0,72,141,117,138,73,137,149,130,27,131,24,136,137,171
49,16,58,130,144,131,213,130,58,132,33,132,153,132,229,132,0,0,92,141,151,138,136,137,164,130,44,131,29,136,133,171
50,16,30,130,133,131,199,130,26,132,33,132,141,132,205,132,0,0,105,141,136,138,210,137,141,130,32,131,40,136,134,171
51,16,4,130,123,131,193,130,8,132,40,132,118,132,201,132,0,0,95,141,104,138,184,137,112,130,12,131,30,136,134,171
52,16,25,130,125,131,204,130,18,132,36,132,144,132,220,132,0,0,87,141,121,138,174,137,137,130,21,131,30,136,135,171
53,16,27,130,125,131,201,130,11,132,41,132,154,132,227,132,0,0,107,141,126,138,192,137,166,130,30,131,33,136,130,171
54,16,5,130,131,131,196,130,4,132,52,132,113,132,200,132,0,0,99,141,93,138,155,137,151,130,28,131,22,136,113,171
55,16,21,130,144,131,213,130,11,132,56,132,94,132,190,132,0,0,62,141,104,138,97,137,127,130,27,131,27,136,123,171
56,16,37,130,150,131,242,130,23,132,63,132,128,132,218,132,0,0,73,141,140,138,101,137,135,130,26,131,43,136,149,171
57,16,17,130,140,131,250,130,26,132,52,132,131,132,186,132,0,0,104,141,127,138,116,137,143,130,19,131,35,136,157,171
58,16,8,130,130,131,205,130,24,132,40,132,100,132,134,132,0,0,94,141,102,138,83,137,139,130,17,131,37,136,147,171
59,16,20,130,122,131,190,130,34,132,51,132,109,132,192,132,0,0,73,141,111,138,74,137,141,130,26,131,57,136,132,171
60,16,16,130,133,131,228,130,33,132,38,132,136,132,242,132,0,0,66,141,124,138,103,137,147,130,32,131,61,136,129,171
61,16,2,130,158,131,223,130,5,132,26,132,116,132,188,132,0,0,68,141,114,138,78,137,153,130,28,131,51,136,135,171
62,16,18,130,141,131,200,130,4,132,46,132,88,132,176,132,0,0,91,141,99,138,82,137,149,130,26,131,30,136,130,171
63,16,33,130,117,131,196,130,23,132,48,132,108,132,221,132,0,0,110,141,115,138,173,137,131,130,24,131,24,136,138,171
64,16,25,130,149,131,206,130,8,132,28,132,146,132,214,132,0,0,98,141,120,138,201,137,124,130,16,131,39,136,156,171
65,16,24,130,171,131,227,130,7,132,36,132,149,132,200,132,0,0,82,141,114,138,124,137,131,130,34,131,43,136,149,171
66,16,41,130,134,131,231,130,42,132,44,132,130,132,201,132,0,0,80,141,125,138,70,137,142,130,39,131,26,136,147,171
67,16,51,130,116,131,215,130,40,132,15,132,130,132,195,132,0,0,93,141,129,138,114,137,143,130,15,131,20,136,151,171
68,16,28,130,126,131,203,130,8,132,242,131,144,132,216,132,0,0,98,141,131,138,188,137,137,130,22,131,26,136,119,171
69,16,12,130,133,131,221,130,2,132,11,132,140,132,226,132,0,0,84,141,133,138,190,137,133,130,45,131,32,136,104,171
70,16,30,130,136,131,233,130,9,132,41,132,134,132,192,132,0,0,73,141,116,138,154,137,136,130,29,131,27,136,128,171
71,16,39,130,134,131,206,130,22,132,12,132,137,132,188,132,0,0,87,141,111,138,195,137,147,130,20,131,14,136,148,171
72,16,21,130,133,131,191,130,35,132,13,132,125,132,214,132,0,0,80,141,115,138,196,137,147,130,46,131,30,136,136,171
73,16,19,130,136,131,220,130,23,132,50,132,109,132,207,132,0,0,57,141,104,138,110,137,137,130,42,131,40,136,116,171
74,16,31,130,136,131,226,130,22,132,40,132,129,132,204,132,0,0,67,141,93,138,122,137,138,130,23,131,18,136,124,171
75,16,33,130,125,131,206,130,42,132,20,132,139,132,229,132,0,0,84,141,103,138,202,137,151,130,26,131,23,136,146,171
76,16,30,130,119,131,218,130,28,132,34,132,136,132,230,132,0,0,88,141,121,138,201,137,152,130,38,131,33,136,138,171
77,16,25,130,114,131,244,130,1,132,48,132,136,132,203,132,0,0,90,141,131,138,143,137,143,130,42,131,0,136,128,171
78,16,22,130,104,131,223,130,18,132,40,132,127,132,206,132,0,0,92,141,132,138,157,137,150,130,38,131,242,135,141,171
79,16,25,130,109,131,195,130,31,132,33,132,130,132,234,132,0,0,90,141,121,138,184,137,152,130,33,131,8,136,145,171
80,16,31,130,124,131,212,130,11,132,45,132,144,132,216,132,0,0,79,141,114,138,156,137,136,130,24,131,8,136,134,171
81,16,37,130,112,131,237,130,252,131,68,132,139,132,192,132,0,0,89,141,123,138,163,137,132,130,27,131,7,136,115,171
82,16,46,130,103,131,238,130,11,132,53,132,121,132,216,132,0,0,99,141,124,138,191,137,154,130,47,131,24,136,109,171
83,16,36,130,138,131,210,130,14,132,25,132,130,132,216,132,0,0,94,141,120,138,187,137,157,130,50,131,30,136,145,171
84,16,14,130,164,131,184,130,0,132,40,132,156,132,204,132,0,0,93,141,128,138,173,137,134,130,22,131,33,136,159,171
85,16,18,130,160,131,202,130,16,132,53,132,153,132,234,132,0,0,100,141,128,138,171,137,151,130,16,131,35,136,141,171
86,16,30,130,167,131,213,130,31,132,41,132,134,132,245,132,0,0,103,141,106,138,149,137,170,130,23,131,24,136,125,171
87,16,27,130,166,131,212,130,13,132,26,132,132,132,219,132,0,0,78,141,104,138,138,137,149,130,20,131,7,136,121,171
88,16,14,130,142,131,212,130,6,132,25,132,152,132,219,132,0,0,64,141,116,138,181,137,138,130,31,131,15,136,130,171
89,16,4,130,126,131,196,130,27,132,35,132,154,132,229,132,0,0,83,141,110,138,201,137,147,130,53,131,45,136,133,171
90,16,14,130,114,131,201,130,32,132,45,132,133,132,215,132,0,0,93,141,112,138,153,137,134,130,63,131,47,136,106,171
91,16,22,130,100,131,225,130,18,132,43,132,116,132,211,132,0,0,85,141,121,138,118,137,142,130,51,131,23,136,105,171
92,16,6,130,120,131,194,130,11,132,37,132,127,132,214,132,0,0,95,141,120,138,171,137,148,130,48,131,28,136,138,171
93,16,3,130,153,131,149,130,6,132,28,132,156,132,210,132,0,0,112,141,118,138,214,137,122,130,54,131,38,136,141,171
94,16,9,130,145,131,162,130,9,132,23,132,148,132,204,132,0,0,99,141,128,138,173,137,128,130,39,131,31,136,126,171
95,16,21,130,115,131,208,130,24,132,59,132,129,132,205,132,0,0,76,141,125,138,175,137,146,130,10,131,24,136,128,171
96,16,30,130,131,131,211,130,14,132,69,132,147,132,221,132,0,0,71,141,106,138,187,137,130,130,12,131,18,136,128,171
97,16,21,130,152,131,177,130,5,132,47,132,152,132,222,132,0,0,72,141,107,138,114,137,130,130,38,131,16,136,130,171
98,16,13,130,112,131,189,130,28,132,44,132,128,132,219,132,0,0,66,141,117,138,95,137,136,130,26,131,35,136,132,171
99,16,14,130,101,131,220,130,21,132,30,132,131,132,222,132,0,0,74,141,120,138,150,137,129,130,11,131,24,136,127,171
100,16,23,130,125,131,209,130,246,131,20,132,149,132,221,132,0,0,96,141,113,138,131,137,148,130,48,131,249,135,137,171
101,16,21,130,95,131,203,130,0,132,30,132,135,132,198,132,0,0,94,141,108,138,128,137,155,130,73,131,2,136,126,171
102,16,7,130,76,131,191,130,16,132,36,132,125,132,181,132,0,0,84,141,109,138,190,137,135,130,46,131,22,136,92,171
103,16,6,130,122,131,159,130,15,132,34,132,135,132,199,132,0,0,85,141,117,138,164,137,152,130,27,131,15,136,95,171
104,16,255,129,137,131,162,130,16,132,39,132,147,132,203,132,0,0,93,141,116,138,117,137,166,130,42,131,25,136,119,171
105,16,243,129,121,131,173,130,12,132,21,132,158,132,200,132,0,0,94,141,106,138,163,137,151,130,38,131,44,136,123,171
106,16,250,129,119,131,158,130,6,132,22,132,155,132,223,132,0,0,92,141,128,138,199,137,149,130,21,131,32,136,120,171
107,16,8,130,95,131,179,130,12,132,54,132,140,132,233,132,0,0,90,141,139,138,178,137,156,130,36,131,14,136,125,171
108,16,15,130,89,131,225,130,7,132,48,132,140,132,211,132,0,0,93,141,114,138,172,137,158,130,40,131,29,136,132,171
109,16,22,130,130,131,213,130,255,131,49,132,153,132,203,132,0,0,99,141,110,138,165,137,139,130,28,131,44,136,138,171
110,16,16,130,143,131,184,130,6,132,64,132,143,132,206,132,0,0,93,141,121,138,177,137,116,130,19,131,30,136,122,171
111,16,4,130,104,131,185,130,14,132,39,132,124,132,205,132,0,0,99,141,128,138,190,137,122,130,14,131,32,136,104,171
112,16,5,130,90,131,214,130,7,132,32,132,140,132,212,132,0,0,107,141,145,138,160,137,128,130,17,131,49,136,120,171
113,16,23,130,109,131,242,130,15,132,69,132,157,132,206,132,0,0,97,141,138,138,171,137,127,130,33,131,62,136,142,171
114,16,27,130,101,131,211,130,30,132,46,132,147,132,200,132,0,0,90,141,102,138,182,137,154,130,44,131,59,136,143,171
115,16,1,130,95,131,192,130,34,132,0,132,137,132,207,132,0,0,82,141,110,138,142,137,160,130,35,131,39,136,129,171
116,16,4,130,113,131,223,130,29,132,27,132,132,132,215,132,0,0,82,141,131,138,102,137,129,130,32,131,29,136,124,171
117,16,34,130,114,131,217,130,13,132,59,132,129,132,223,132,0,0,98,141,112,138,91,137,142,130,20,131,35,136,130,171
118,16,34,130,110,131,204,130,4,132,38,132,141,132,220,132,0,0,87,141,120,138,106,137,179,130,16,131,46,136,132,171
119,16,19,130,133,131,241,130,3,132,27,132,151,132,223,132,0,0,65,141,149,138,118,137,160,130,24,131,46,136,134,171
120,16,27,130,138,131,0,131,0,132,35,132,138,132,225,132,0,0,73,141,129,138,98,137,137,130,27,131,39,136,130,171
121,16,28,130,115,131,225,130,255,131,48,132,131,132,207,132,0,0,84,141,104,138,112,137,148,130,33,131,30,136,107,171
122,16,10,130,117,131,209,130,250,131,51,132,143,132,193,132,0,0,96,141,120,138,179,137,158,130,18,131,18,136,111,171
123,16,11,130,139,131,228,130,6,132,27,132,130,132,198,132,0,0,109,141,131,138,162,137,161,130,8,131,10,136,145,171
124,16,21,130,127,131,236,130,24,132,31,132,112,132,202,132,0,0,86,141,119,138,103,137,167,130,22,131,14,136,141,171
125,16,25,130,99,131,214,130,19,132,41,132,126,132,195,132,0,0,63,141,115,138,100,137,161,130,34,131,37,136,125,171
126,16,27,130,137,131,214,130,13,132,16,132,135,132,194,132,0,0,76,141,129,138,104,137,144,130,35,131,42,136,149,171
127,16,22,130,161,131,225,130,18,132,22,132,129,132,208,132,77,0,82,141,128,138,146,137,138,130,35,131,31,136,152,171
0,16,15,130,120,131,221,130,20,132,51,132,142,132,220,132,0,0,69,141,120,138,170,137,153,130,39,131,38,136,123,171
1,16,29,130,112,131,220,130,26,132,49,132,148,132,215,132,0,0,72,141,115,138,116,137,149,130,39,131,38,136,125,171
2,16,34,130,125,131,218,130,23,132,43,132,144,132,205,132,0,0,84,141,104,138,121,137,137,130,31,131,18,136,132,171
3,16,22,130,130,131,213,130,7,132,49,132,147,132,193,132,0,0,81,141,105,138,195,137,154,130,17,131,27,136,135,171
4,16,15,130,136,131,218,130,18,132,32,132,144,132,179,132,0,0,90,141,128,138,200,137,162,130,19,131,55,136,138,171
5,16,11,130,126,131,216,130,36,132,19,132,127,132,200,132,0,0,110,141,128,138,162,137,140,130,22,131,51,136,129,171
6,16,5,130,132,131,200,130,9,132,36,132,136,132,231,132,0,0,96,141,108,138,134,137,135,130,26,131,51,136,134,171
7,16,17,130,153,131,207,130,5,132,51,132,155,132,226,132,0,0,75,141,125,138,91,137,153,130,45,131,72,136,142,171
8,16,32,130,139,131,236,130,31,132,44,132,148,132,192,132,0,0,80,141,133,138,101,137,157,130,24,131,55,136,132,171
9,16,17,130,132,131,227,130,30,132,43,132,139,132,169,132,0,0,86,141,118,138,173,137,143,130,254,130,23,136,125,171
10,16,0,130,141,131,192,130,25,132,56,132,150,132,173,132,0,0,85,141,119,138,189,137,138,130,38,131,40,136,132,171
11,16,8,130,120,131,214,130,23,132,51,132,133,132,191,132,0,0,106,141,123,138,161,137,142,130,60,131,47,136,129,171
12,16,12,130,108,131,237,130,249,131,32,132,106,132,215,132,0,0,122,141,122,138,163,137,136,130,14,131,28,136,130,171
13,16,31,130,127,131,201,130,238,131,32,132,119,132,221,132,0,0,93,141,119,138,163,137,123,130,10,131,31,136,130,171
14,16,46,130,132,131,174,130,14,132,44,132,143,132,199,132,0,0,77,141,112,138,121,137,132,130,38,131,28,136,108,171
15,16,23,130,132,131,209,130,38,132,46,132,137,132,192,132,0,0,107,141,105,138,86,137,148,130,20,131,24,136,115,171
16,16,16,130,131,131,238,130,21,132,28,132,130,132,212,132,0,0,115,141,108,138,112,137,151,130,10,131,36,136,152,171
17,16,33,130,119,131,217,130,4,132,21,132,140,132,213,132,0,0,90,141,121,138,164,137,146,130,23,131,26,136,146,171
18,16,18,130,132,131,212,130,26,132,55,132,128,132,204,132,0,0,83,141,119,138,205,137,144,130,31,131,19,136,136,171
19,16,0,130,146,131,222,130,36,132,48,132,111,132,215,132,0,0,85,141,98,138,202,137,140,130,43,131,39,136,159,171
20,16,28,130,136,131,207,130,5,132,0,132,134,132,223,132,0,0,82,141,92,138,173,137,140,130,47,131,32,136,151,171
21,16,41,130,137,131,190,130,1,132,17,132,141,132,226,132,0,0,94,141,114,138,187,137,147,130,25,131,14,136,125,171
22,16,9,130,149,131,197,130,30,132,38,132,126,132,211,132,0,0,111,141,122,138,195,137,146,130,19,131,30,136,137,171
23,16,0,130,146,131,214,130,17,132,17,132,128,132,190,132,0,0,105,141,110,138,175,137,143,130,42,131,29,136,145,171
24,16,13,130,139,131,213,130,253,131,27,132,141,132,193,132,0,0,90,141,113,138,175,137,142,130,46,131,7,136,132,171
25,16,2,130,136,131,192,130,11,132,49,132,149,132,198,132,0,0,88,141,124,138,191,137,132,130,36,131,15,136,128,171
26,16,14,130,125,131,185,130,6,132,39,132,144,132,199,132,0,0,92,141,119,138,184,137,135,130,24,131,33,136,126,171
27,16,40,130,128,131,205,130,250,131,49,132,131,132,202,132,0,0,98,141,120,138,169,137,149,130,18,131,27,136,127,171
28,16,33,130,143,131,222,130,19,132,64,132,134,132,205,132,0,0,91,141,131,138,182,137,154,130,38,131,29,136,130,171
29,16,16,130,149,131,233,130,41,132,42,132,141,132,208,132,0,0,78,141,117,138,174,137,142,130,47,131,34,136,125,171
30,16,13,130,151,131,229,130,16,132,31,132,136,132,208,132,0,0,72,141,113,138,177,137,139,130,32,131,28,136,130,171
31,16,25,130,143,131,226,130,10,132,36,132,139,132,206,132,0,0,73,141,129,138,196,137,150,130,27,131,40,136,142,171
32,16,17,130,124,131,223,130,30,132,37,132,150,132,217,132,0,0,82,141,111,138,135,137,157,130,40,131,38,136,140,171
33,16,254,129,124,131,205,130,46,132,38,132,138,132,221,132,0,0,88,141,93,138,85,137,136,130,32,131,13,136,128,171
34,16,0,130,154,131,209,130,51,132,25,132,135,132,197,132,0,0,79,141,117,138,150,137,122,130,20,131,18,136,127,171
35,16,20,130,150,131,208,130,22,132,21,132,146,132,196,132,0,0,82,141,122,138,202,137,151,130,35,131,29,136,132,171
36,16,29,130,126,131,175,130,2,132,42,132,140,132,210,132,0,0,89,141,103,138,172,137,159,130,42,131,17,136,119,171
37,16,18,130,130,131,178,130,12,132,28,132,146,132,198,132,0,0,87,141,112,138,172,137,127,130,44,131,20,136,110,171
38,16,19,130,128,131,203,130,11,132,255,131,145,132,185,132,0,0,95,141,119,138,188,137,131,130,56,131,30,136,127,171
39,16,20,130,117,131,193,130,248,131,21,132,120,132,192,132,0,0,96,141,105,138,165,137,160,130,42,131,34,136,138,171
40,16,15,130,121,131,182,130,2,132,55,132,111,132,202,132,0,0,94,141,110,138,158,137,138,130,21,131,44,136,135,171
41,16,30,130,127,131,214,130,39,132,51,132,131,132,198,132,0,0,96,141,127,138,180,137,125,130,37,131,54,136,126,171
42,16,47,130,118,131,235,130,36,132,43,132,133,132,192,132,0,0,94,141,120,138,190,137,155,130,45,131,48,136,116,171
43,16,29,130,126,131,213,130,12,132,54,132,117,132,193,132,0,0,99,141,113,138,184,137,148,130,21,131,42,136,122,171
44,16,16,130,142,131,215,130,20,132,42,132,114,132,202,132,0,0,107,141,115,138,182,137,131,130,36,131,39,136,141,171
45,16,28,130,129,131,227,130,25,132,31,132,131,132,209,132,0,0,90,141,117,138,188,137,152,130,57,131,34,136,143,171
46,16,21,130,137,131,221,130,15,132,56,132,148,132,204,132,0,0,71,141,117,138,183,137,168,130,33,131,38,136,130,171
47,16,20,130,154,131,204,130,23,132,55,132,137,132,194,132,0,0,92,141,123,138,182,137,158,130,19,131,42,136,135,171
48,16,24,130,147,131,191,130,43,132,38,132,137,132,181,132,0,0,107,141,136,138,180,137,150,130,34,131,31,136,137,171
49,16,17,130,148,131,210,130,48,132,41,132,157,132,188,132,0,0,82,141,134,138,183,137,137,130,48,131,26,136,118,171
50,16,12,130,143,131,219,130,44,132,32,132,140,132,209,132,0,0,82,141,111,138,196,137,143,130,50,131,56,136,114,171
51,16,17,130,141,131,202,130,30,132,30,132,125,132,204,132,0,0,117,141,116,138,145,137,155,130,51,131,64,136,128,171
52,16,32,130,149,131,186,130,18,132,44,132,158,132,194,132,0,0,115,141,136,138,89,137,137,130,40,131,41,136,140,171
53,16,20,130,133,131,188,130,18,132,21,132,155,132,210,132,0,0,66,141,112,138,150,137,135,130,31,131,41,136,121,171
54,16,9,130,130,131,214,130,0,132,17,132,101,132,216,132,0,0,52,141,102,138,167,137,160,130,39,131,48,136,108,171
55,16,18,130,151,131,237,130,246,131,38,132,101,132,185,132,0,0,93,141,132,138,105,137,161,130,29,131,43,136,114,171
56,16,20,130,135,131,218,130,8,132,22,132,128,132,172,132,0,0,111,141,125,138,132,137,126,130,15,131,38,136,121,171
57,16,17,130,116,131,188,130,10,132,15,132,116,132,203,132,0,0,73,141,104,138,209,137,123,130,33,131,40,136,129,171
58,16,17,130,127,131,202,130,14,132,21,132,105,132,222,132,0,0,59,141,130,138,182,137,153,130,36,131,43,136,133,171
59,16,36,130,119,131,236,130,46,132,16,132,124,132,204,132,0,0,92,141,140,138,107,137,167,130,16,131,49,136,142,171
60,16,36,130,114,131,242,130,40,132,27,132,133,132,188,132,0,0,92,141,112,138,138,137,151,130,27,131,43,136,148,171
61,16,3,130,129,131,227,130,2,132,24,132,136,132,186,132,0,0,66,141,105,138,188,137,140,130,44,131,27,136,145,171
62,16,5,130,114,131,212,130,8,132,26,132,147,132,198,132,0,0,83,141,116,138,142,137,147,130,31,131,36,136,143,171
63,16,27,130,86,131,194,130,22,132,60,132,145,132,224,132,0,0,102,141,124,138,120,137,141,130,44,131,60,136,140,171
64,16,25,130,95,131,191,130,9,132,55,132,139,132,210,132,0,0,85,141,108,138,161,137,137,130,77,131,62,136,133,171
65,16,19,130,137,131,200,130,1,132,27,132,136,132,170,132,0,0,67,141,96,138,146,137,142,130,48,131,40,136,128,171
66,16,36,130,164,131,196,130,20,132,40,132,147,132,197,132,0,0,76,141,113,138,100,137,141,130,16,131,30,136,136,171
67,16,46,130,147,131,207,130,42,132,47,132,144,132,222,132,0,0,79,141,117,138,152,137,133,130,52,131,44,136,135,171
68,16,15,130,129,131,217,130,28,132,48,132,125,132,189,132,0,0,74,141,108,138,178,137,140,130,70,131,49,136,132,171
69,16,255,129,132,131,197,130,1,132,52,132,127,132,178,132,0,0,85,141,110,138,119,137,157,130,41,131,33,136,145,171
70,16,20,130,127,131,199,130,6,132,39,132,143,132,217,132,0,0,91,141,119,138,102,137,149,130,26,131,29,136,145,171
71,16,7,130,121,131,217,130,15,132,33,132,157,132,237,132,0,0,82,141,120,138,159,137,137,130,37,131,36,136,128,171
72,16,242,129,123,131,208,130,253,131,27,132,149,132,217,132,0,0,80,141,118,138,204,137,137,130,45,131,29,136,136,171
73,16,10,130,128,131,186,130,253,131,43,132,131,132,201,132,0,0,101,141,120,138,177,137,131,130,37,131,13,136,146,171
74,16,22,130,135,131,178,130,15,132,77,132,144,132,195,132,0,0,100,141,116,138,162,137,129,130,20,131,23,136,126,171
75,16,1,130,145,131,202,130,24,132,58,132,155,132,201,132,0,0,69,141,109,138,181,137,143,130,27,131,37,136,127,171
76,16,6,130,146,131,219,130,20,132,30,132,127,132,216,132,0,0,67,141,122,138,184,137,144,130,58,131,29,136,146,171
77,16,20,130,127,131,206,130,4,132,42,132,119,132,218,132,0,0,85,141,123,138,175,137,141,130,50,131,20,136,133,171
78,16,26,130,107,131,188,130,1,132,30,132,139,132,203,132,0,0,84,141,99,138,123,137,153,130,20,131,22,136,123,171
79,16,33,130,116,131,199,130,20,132,10,132,130,132,206,132,0,0,77,141,97,138,83,137,144,130,30,131,20,136,140,171
80,16,16,130,138,131,228,130,33,132,35,132,115,132,211,132,0,0,70,141,124,138,110,137,132,130,41,131,30,136,141,171
81,16,4,130,136,131,219,130,15,132,43,132,118,132,181,132,0,0,63,141,121,138,109,137,150,130,31,131,39,136,129,171
82,16,11,130,131,131,217,130,21,132,24,132,129,132,184,132,0,0,68,141,108,138,89,137,150,130,32,131,18,136,136,171
83,16,19,130,146,131,234,130,38,132,37,132,141,132,210,132,0,0,96,141,122,138,157,137,143,130,40,131,4,136,133,171
84,16,21,130,153,131,220,130,10,132,46,132,145,132,209,132,0,0,109,141,124,138,201,137,153,130,44,131,30,136,122,171
85,16,28,130,147,131,208,130,0,132,34,132,132,132,207,132,0,0,78,141,111,138,128,137,150,130,46,131,52,136,133,171
86,16,26,130,138,131,212,130,19,132,46,132,140,132,204,132,0,0,64,141,123,138,83,137,141,130,29,131,36,136,144,171
87,16,12,130,134,131,194,130,27,132,58,132,141,132,191,132,0,0,82,141,141,138,121,137,143,130,26,131,22,136,127,171
88,16,19,130,133,131,183,130,30,132,47,132,127,132,200,132,0,0,84,141,125,138,127,137,140,130,60,131,35,136,115,171
89,16,16,130,133,131,204,130,24,132,45,132,132,132,210,132,0,0,78,141,112,138,110,137,139,130,49,131,37,136,130,171
90,16,15,130,142,131,221,130,254,131,49,132,135,132,192,132,0,0,88,141,113,138,123,137,149,130,12,131,32,136,131,171
91,16,37,130,153,131,222,130,255,131,37,132,131,132,199,132,0,0,89,141,107,138,118,137,161,130,28,131,38,136,121,171
92,16,43,130,145,131,227,130,41,132,29,132,141,132,214,132,0,0,62,141,111,138,110,137,162,130,49,131,52,136,119,171
93,16,23,130,125,131,227,130,42,132,29,132,141,132,185,132,0,0,59,141,126,138,116,137,160,130,31,131,56,136,125,171
94,16,1,130,126,131,206,130,9,132,22,132,132,132,172,132,0,0,96,141,128,138,109,137,157,130,16,131,33,136,135,171
95,16,18,130,152,131,205,130,11,132,21,132,134,132,200,132,0,0,118,141,121,138,112,137,144,130,29,131,17,136,136,171
96,16,27,130,152,131,216,130,20,132,36,132,135,132,199,132,0,0,103,141,119,138,117,137,138,130,36,131,33,136,127,171
97,16,9,130,128,131,201,130,254,131,42,132,124,132,189,132,0,0,86,141,126,138,99,137,155,130,33,131,49,136,127,171
98,16,16,130,126,131,203,130,250,131,31,132,121,132,205,132,0,0,98,141,126,138,122,137,154,130,55,131,36,136,145,171
99,16,34,130,126,131,216,130,16,132,31,132,130,132,204,132,0,0,106,141,136,138,185,137,135,130,61,131,32,136,144,171
100,16,39,130,132,131,218,130,20,132,61,132,137,132,189,132,0,0,86,141,136,138,192,137,150,130,28,131,44,136,135,171
101,16,26,130,160,131,221,130,22,132,43,132,133,132,182,132,0,0,72,141,119,138,164,137,151,130,23,131,23,136,142,171
102,16,10,130,160,131,233,130,27,132,2,132,127,132,188,132,0,0,79,141,107,138,171,137,121,130,30,131,13,136,143,171
103,16,15,130,131,131,241,130,28,132,26,132,127,132,195,132,0,0,93,141,110,138,178,137,130,130,18,131,45,136,142,171
104,16,26,130,122,131,209,130,20,132,35,132,127,132,192,132,0,0,115,141,118,138,169,137,155,130,28,131,45,136,145,171
105,16,15,130,127,131,188,130,1,132,16,132,123,132,193,132,0,0,110,141,124,138,178,137,151,130,40,131,13,136,145,171
106,16,10,130,131,131,216,130,254,131,28,132,119,132,198,132,0,0,77,141,130,138,185,137,150,130,13,131,21,136,143,171
107,16,19,130,146,131,226,130,254,131,33,132,128,132,184,132,0,0,87,141,121,138,180,137,151,130,12,131,38,136,137,171
108,16,25,130,154,131,215,130,252,131,22,132,138,132,179,132,0,0,104,141,107,138,188,137,151,130,42,131,35,136,122,171
109,16,29,130,132,131,217,130,244,131,26,132,126,132,217,132,0,0,80,141,107,138,194,137,152,130,44,131,40,136,118,171
110,16,23,130,109,131,214,130,251,131,20,132,104,132,220,132,0,0,85,141,113,138,154,137,151,130,36,131,28,136,129,171
111,16,18,130,127,131,203,130,13,132,20,132,109,132,203,132,0,0,109,141,122,138,150,137,140,130,36,131,23,136,129,171
112,16,28,130,159,131,221,130,7,132,60,132,142,132,214,132,0,0,93,141,119,138,203,137,129,130,45,131,52,136,130,171
113,16,33,130,145,131,254,130,249,131,61,132,145,132,218,132,0,0,71,141,111,138,156,137,145,130,51,131,53,136,129,171
114,16,21,130,120,131,239,130,8,132,41,132,131,132,207,132,0,0,80,141,111,138,107,137,162,130,35,131,21,136,115,171
115,16,21,130,136,131,186,130,45,132,45,132,145,132,198,132,0,0,83,141,118,138,179,137,150,130,33,131,25,136,128,171
116,16,25,130,158,131,181,130,41,132,32,132,166,132,206,132,0,0,61,141,119,138,192,137,134,130,44,131,45,136,152,171
117,16,11,130,148,131,207,130,7,132,28,132,155,132,205,132,0,0,52,141,116,138,130,137,143,130,40,131,38,136,143,171
118,16,11,130,132,131,210,130,4,132,35,132,128,132,190,132,0,0,75,141,115,138,146,137,150,130,35,131,26,136,136,171
119,16,23,130,129,131,208,130,31,132,42,132,128,132,194,132,0,0,103,141,115,138,194,137,128,130,46,131,31,136,140,171
120,16,35,130,136,131,204,130,60,132,49,132,149,132,212,132,0,0,94,141,121,138,188,137,128,130,57,131,42,136,112,171
121,16,36,130,136,131,211,130,50,132,47,132,148,132,209,132,0,0,78,141,122,138,151,137,162,130,51,131,34,136,109,171
122,16,27,130,141,131,206,130,20,132,35,132,143,132,195,132,0,0,95,141,111,138,105,137,180,130,44,131,22,136,135,171
123,16,26,130,139,131,190,130,14,132,43,132,149,132,202,132,0,0,95,141,114,138,103,137,156,130,47,131,32,136,128,171
124,16,14,130,109,131,201,130,25,132,37,132,136,132,210,132,0,0,90,141,115,138,123,137,125,130,52,131,36,136,122,171
125,16,242,129,99,131,209,130,25,132,6,132,127,132,209,132,0,0,96,141,109,138,111,137,133,130,35,131,30,136,131,171
126,16,246,129,128,131,195,130,16,132,4,132,135,132,198,132,0,0,90,141,118,138,112,137,154,130,16,131,27,136,125,171
127,16,25,130,127,131,186,130,9,132,27,132,138,132,187,132,77,0,107,141,132,138,124,137,162,130,24,131,20,136,128,171
0,16,31,130,110,131,201,130,4,132,35,132,130,132,181,132,0,0,116,141,130,138,107,137,164,130,38,131,31,136,151,171
1,16,18,130,133,131,217,130,6,132,26,132,116,132,180,132,0,0,81,141,130,138,106,137,147,130,31,131,55,136,153,171
2,16,15,130,139,131,220,130,13,132,25,132,121,132,179,132,0,0,67,141,138,138,144,137,129,130,10,131,41,136,133,171
3,16,13,130,134,131,214,130,19,132,34,132,138,132,189,132,0,0,88,141,131,138,186,137,141,130,30,131,31,136,122,171
4,16,5,130,143,131,191,130,17,132,45,132,147,132,201,132,0,0,88,141,115,138,185,137,150,130,60,131,38,136,117,171
5,16,10,130,138,131,187,130,23,132,35,132,139,132,206,132,0,0,83,141,113,138,158,137,142,130,52,131,27,136,122,171
6,16,33,130,137,131,214,130,40,132,33,132,137,132,203,132,0,0,83,141,122,138,166,137,146,130,30,131,21,136,135,171
7,16,24,130,133,131,222,130,20,132,65,132,134,132,193,132,0,0,81,141,134,138,198,137,148,130,22,131,28,136,137,171
8,16,14,130,122,131,208,130,248,131,61,132,129,132,196,132,0,0,89,141,136,138,170,137,154,130,39,131,30,136,151,171
9,16,20,130,123,131,197,130,1,132,40,132,135,132,216,132,0,0,92,141,126,138,151,137,171,130,53,131,23,136,154,171
10,16,2,130,144,131,205,130,16,132,56,132,136,132,207,132,0,0,86,141,123,138,145,137,155,130,37,131,5,136,133,171
11,16,0,130,129,131,222,130,21,132,59,132,135,132,187,132,0,0,78,141,111,138,125,137,140,130,23,131,7,136,138,171
12,16,25,130,94,131,219,130,21,132,28,132,141,132,185,132,0,0,81,141,103,138,150,137,160,130,34,131,40,136,150,171
13,16,28,130,132,131,209,130,16,132,28,132,146,132,197,132,0,0,84,141,120,138,192,137,165,130,53,131,30,136,137,171
14,16,14,130,159,131,211,130,15,132,48,132,129,132,203,132,0,0,80,141,128,138,197,137,157,130,47,131,2,136,132,171
15,16,9,130,122,131,217,130,35,132,39,132,126,132,201,132,0,0,91,141,111,138,182,137,158,130,26,131,25,136,142,171
16,16,14,130,93,131,218,130,46,132,45,132,152,132,204,132,0,0,88,141,112,138,164,137,142,130,38,131,29,136,141,171
17,16,5,130,107,131,199,130,13,132,69,132,153,132,217,132,0,0,76,141,133,138,147,137,122,130,57,131,11,136,145,171
18,16,246,129,124,131,193,130,241,131,59,132,132,132,219,132,0,0,82,141,118,138,177,137,146,130,40,131,19,136,147,171
19,16,243,129,116,131,203,130,243,131,35,132,134,132,200,132,0,0,98,141,96,138,194,137,154,130,24,131,22,136,128,171
20,16,255,129,95,131,186,130,255,131,41,132,134,132,205,132,0,0,92,141,113,138,158,137,125,130,32,131,26,136,129,171
21,16,255,129,101,131,177,130,11,132,54,132,113,132,210,132,0,0,84,141,123,138,164,137,136,130,28,131,43,136,136,171
22,16,245,129,156,131,194,130,19,132,38,132,129,132,182,132,0,0,115,141,97,138,190,137,146,130,16,131,23,136,138,171
23,16,6,130,164,131,197,130,29,132,23,132,141,132,168,132,0,0,115,141,97,138,176,137,128,130,26,131,8,136,134,171
24,16,18,130,116,131,198,130,38,132,37,132,121,132,191,132,0,0,69,141,132,138,161,137,138,130,40,131,36,136,121,171
25,16,7,130,114,131,207,130,17,132,46,132,123,132,204,132,0,0,73,141,131,138,174,137,141,130,45,131,31,136,118,171
26,16,27,130,154,131,210,130,251,131,40,132,122,132,192,132,0,0,106,141,114,138,177,137,105,130,33,131,250,135,129,171
27,16,44,130,164,131,202,130,17,132,36,132,122,132,195,132,0,0,96,141,122,138,174,137,123,130,22,131,2,136,131,171
28,16,24,130,128,131,194,130,29,132,34,132,139,132,205,132,0,0,85,141,123,138,165,137,169,130,29,131,31,136,122,171
29,16,16,130,125,131,215,130,13,132,36,132,123,132,200,132,0,0,107,141,107,138,125,137,155,130,37,131,37,136,129,171
30,16,21,130,163,131,221,130,3,132,41,132,109,132,197,132,0,0,106,141,129,138,112,137,140,130,25,131,33,136,134,171
31,16,27,130,163,131,188,130,8,132,41,132,148,132,192,132,0,0,90,141,134,138,151,137,144,130,14,131,44,136,135,171
32,16,37,130,131,131,168,130,10,132,27,132,154,132,201,132,0,0,99,141,118,138,196,137,136,130,40,131,43,136,144,171
33,16,26,130,126,131,212,130,16,132,30,132,123,132,221,132,0,0,90,141,132,138,189,137,144,130,57,131,14,136,130,171
34,16,16,130,139,131,251,130,31,132,42,132,123,132,193,132,0,0,69,141,130,138,152,137,157,130,20,131,11,136,120,171
35,16,13,130,131,131,213,130,30,132,36,132,138,132,167,132,0,0,86,141,111,138,152,137,143,130,6,131,35,136,133,171
36,16,5,130,124,131,173,130,14,132,41,132,148,132,194,132,0,0,98,141,120,138,155,137,124,130,53,131,42,136,142,171
37,16,12,130,142,131,203,130,13,132,36,132,147,132,213,132,0,0,96,141,121,138,117,137,125,130,55,131,39,136,132,171
38,16,24,130,143,131,233,130,32,132,30,132,125,132,205,132,0,0,91,141,102,138,84,137,136,130,21,131,22,136,134,171
39,16,27,130,122,131,219,130,45,132,66,132,128,132,217,132,0,0,80,141,109,138,121,137,143,130,25,131,9,136,141,171
40,16,7,130,127,131,201,130,23,132,73,132,147,132,233,132,0,0,94,141,118,138,175,137,148,130,24,131,21,136,130,171
41,16,251,129,146,131,200,130,7,132,47,132,117,132,205,132,0,0,104,141,104,138,192,137,153,130,20,131,29,136,139,171
42,16,4,130,127,131,198,130,11,132,57,132,105,132,194,132,0,0,89,141,109,138,188,137,143,130,25,131,21,136,152,171
43,16,255,129,115,131,198,130,6,132,78,132,139,132,214,132,0,0,86,141,114,138,173,137,139,130,14,131,25,136,136,171
44,16,2,130,154,131,226,130,10,132,46,132,142,132,212,132,0,0,105,141,110,138,174,137,159,130,16,131,35,136,123,171
45,16,25,130,173,131,239,130,27,132,17,132,130,132,191,132,0,0,114,141,111,138,183,137,155,130,44,131,26,136,124,171
46,16,23,130,144,131,218,130,21,132,29,132,135,132,196,132,0,0,110,141,118,138,188,137,140,130,36,131,21,136,113,171
47,16,23,130,135,131,212,130,5,132,51,132,120,132,215,132,0,0,101,141,116,138,182,137,163,130,11,131,14,136,105,171
48,16,29,130,144,131,200,130,7,132,63,132,123,132,208,132,0,0,87,141,113,138,172,137,165,130,21,131,16,136,122,171
49,16,19,130,139,131,201,130,13,132,39,132,140,132,203,132,0,0,87,141,116,138,181,137,138,130,24,131,33,136,130,171
50,16,17,130,119,131,208,130,6,132,36,132,126,132,210,132,0,0,101,141,120,138,187,137,137,130,28,131,27,136,127,171
51,16,32,130,108,131,184,130,5,132,61,132,129,132,202,132,0,0,117,141,128,138,179,137,142,130,43,131,13,136,139,171
52,16,26,130,121,131,181,130,254,131,49,132,147,132,187,132,0,0,113,141,127,138,176,137,139,130,32,131,25,136,137,171
53,16,15,130,125,131,204,130,249,131,34,132,146,132,211,132,0,0,95,141,119,138,192,137,150,130,19,131,24,136,114,171
54,16,29,130,110,131,221,130,25,132,58,132,143,132,206,132,0,0,93,141,120,138,198,137,159,130,36,131,7,136,126,171
55,16,32,130,115,131,219,130,38,132,41,132,146,132,145,132,0,0,94,141,133,138,173,137,155,130,23,131,17,136,145,171
56,16,23,130,141,131,196,130,0,132,250,131,146,132,143,132,0,0,88,141,127,138,163,137,160,130,5,131,32,136,124,171
57,16,17,130,161,131,187,130,0,132,19,132,147,132,205,132,0,0,70,141,99,138,177,137,162,130,44,131,25,136,117,171
58,16,28,130,165,131,210,130,25,132,33,132,149,132,233,132,0,0,82,141,107,138,194,137,146,130,61,131,26,136,141,171
59,16,45,130,146,131,237,130,18,132,250,131,137,132,217,132,0,0,102,141,125,138,188,137,136,130,34,131,34,136,136,171
60,16,30,130,129,131,225,130,13,132,6,132,138,132,205,132,0,0,92,141,111,138,158,137,130,130,35,131,29,136,120,171
61,16,253,129,145,131,183,130,11,132,51,132,141,132,211,132,0,0,101,141,109,138,151,137,141,130,64,131,17,136,136,171
62,16,0,130,155,131,189,130,249,131,42,132,124,132,222,132,0,0,114,141,130,138,178,137,158,130,60,131,8,136,137,171
63,16,17,130,153,131,214,130,11,132,28,132,113,132,222,132,0,0,92,141,131,138,202,137,144,130,33,131,15,136,102,171
64,16,20,130,151,131,203,130,30,132,40,132,133,132,221,132,0,0,75,141,118,138,148,137,117,130,30,131,24,136,101,171
65,16,16,130,138,131,194,130,10,132,41,132,143,132,228,132,0,0,89,141,125,138,101,137,121,130,42,131,17,136,149,171
66,16,243,129,124,131,199,130,6,132,56,132,131,132,225,132,0,0,98,141,123,138,151,137,138,130,35,131,8,136,152,171
67,16,253,129,139,131,207,130,24,132,55,132,128,132,216,132,0,0,88,141,119,138,176,137,150,130,26,131,16,136,99,171
68,16,31,130,138,131,196,130,13,132,19,132,138,132,208,132,0,0,83,141,116,138,148,137,153,130,38,131,29,136,96,171
69,16,28,130,115,131,177,130,253,131,22,132,135,132,193,132,0,0,80,141,105,138,167,137,156,130,39,131,29,136,138,171
70,16,30,130,136,131,188,130,15,132,54,132,119,132,201,132,0,0,83,141,109,138,172,137,140,130,18,131,17,136,143,171
71,16,27,130,162,131,202,130,13,132,27,132,123,132,211,132,0,0,97,141,126,138,108,137,118,130,22,131,8,136,126,171
72,16,14,130,138,131,200,130,248,131,251,131,145,132,208,132,0,0,95,141,118,138,78,137,136,130,53,131,13,136,131,171
73,16,19,130,92,131,208,130,6,132,27,132,139,132,203,132,0,0,90,141,101,138,126,137,152,130,55,131,30,136,135,171
74,16,14,130,104,131,217,130,25,132,52,132,119,132,195,132,0,0,97,141,121,138,147,137,139,130,23,131,39,136,123,171
75,16,4,130,156,131,204,130,17,132,49,132,122,132,199,132,0,0,102,141,135,138,132,137,140,130,11,131,30,136,126,171
76,16,19,130,158,131,183,130,24,132,56,132,138,132,203,132,0,0,86,141,106,138,142,137,152,130,35,131,21,136,132,171
77,16,31,130,134,131,185,130,41,132,35,132,135,132,191,132,0,0,72,141,98,138,180,137,142,130,60,131,32,136,141,171
78,16,13,130,144,131,200,130,16,132,15,132,136,132,199,132,0,0,97,141,123,138,202,137,137,130,44,131,32,136,149,171
79,16,249,129,154,131,200,130,3,132,44,132,148,132,225,132,0,0,125,141,134,138,161,137,155,130,16,131,5,136,129,171
80,16,4,130,144,131,197,130,24,132,51,132,144,132,221,132,0,0,110,141,117,138,118,137,157,130,35,131,7,136,121,171
81,16,22,130,136,131,208,130,26,132,35,132,134,132,220,132,0,0,94,141,122,138,128,137,146,130,58,131,20,136,137,171
82,16,12,130,128,131,216,130,17,132,36,132,141,132,229,132,0,0,100,141,132,138,144,137,143,130,47,131,2,136,143,171
83,16,247,129,151,131,205,130,19,132,40,132,148,132,207,132,0,0,83,141,120,138,121,137,138,130,37,131,3,136,140,171
84,16,2,130,168,131,206,130,12,132,37,132,154,132,181,132,0,0,67,141,107,138,82,137,137,130,32,131,31,136,130,171
85,16,18,130,138,131,231,130,15,132,42,132,152,132,188,132,0,0,71,141,107,138,126,137,145,130,23,131,42,136,112,171
86,16,14,130,124,131,218,130,18,132,40,132,144,132,208,132,0,0,75,141,119,138,185,137,153,130,24,131,23,136,125,171
87,16,18,130,145,131,188,130,2,132,26,132,131,132,198,132,0,0,69,141,128,138,187,137,152,130,43,131,7,136,143,171
88,16,15,130,142,131,199,130,254,131,29,132,124,132,194,132,0,0,69,141,129,138,182,137,156,130,44,131,11,136,121,171
89,16,2,130,114,131,206,130,254,131,44,132,131,132,210,132,0,0,90,141,118,138,190,137,155,130,36,131,14,136,116,171
90,16,4,130,115,131,198,130,8,132,44,132,141,132,205,132,0,0,105,141,115,138,150,137,153,130,40,131,17,136,132,171
91,16,2,130,136,131,198,130,16,132,73,132,140,132,189,132,0,0,93,141,115,138,126,137,158,130,39,131,24,136,131,171
92,16,2,130,150,131,191,130,4,132,113,132,143,132,194,132,0,0,77,141,114,138,154,137,152,130,41,131,39,136,128,171
93,16,20,130,138,131,207,130,13,132,84,132,148,132,202,132,0,0,76,141,123,138,162,137,140,130,46,131,44,136,131,171
94,16,16,130,124,131,222,130,24,132,44,132,150,132,207,132,0,0,80,141,125,138,162,137,137,130,43,131,38,136,130,171
95,16,11,130,142,131,208,130,14,132,62,132,134,132,197,132,0,0,88,141,112,138,139,137,138,130,39,131,35,136,134,171
96,16,29,130,126,131,204,130,251,131,67,132,123,132,173,132,0,0,93,141,107,138,125,137,138,130,39,131,28,136,137,171
97,16,20,130,104,131,204,130,251,131,30,132,136,132,194,132,0,0,79,141,120,138,160,137,154,130,34,131,17,136,140,171
98,16,16,130,130,131,192,130,5,132,36,132,152,132,216,132,0,0,66,141,125,138,158,137,161,130,34,131,14,136,146,171
99,16,21,130,151,131,188,130,12,132,61,132,143,132,192,132,0,0,72,141,112,138,85,137,134,130,47,131,20,136,134,171
100,16,15,130,138,131,209,130,14,132,44,132,143,132,204,132,0,0,75,141,113,138,89,137,130,130,37,131,26,136,126,171
101,16,20,130,114,131,215,130,8,132,28,132,153,132,242,132,0,0,84,141,128,138,129,137,156,130,17,131,19,136,143,171
102,16,28,130,112,131,183,130,24,132,47,132,150,132,238,132,0,0,103,141,132,138,86,137,150,130,29,131,8,136,138,171
103,16,17,130,137,131,189,130,40,132,60,132,131,132,211,132,0,0,91,141,113,138,90,137,134,130,60,131,24,136,110,171
104,16,7,130,157,131,215,130,37,132,28,132,122,132,205,132,0,0,71,141,118,138,169,137,148,130,43,131,37,136,115,171
105,16,15,130,130,131,203,130,34,132,32,132,147,132,198,132,0,0,82,141,123,138,202,137,138,130,1,131,8,136,133,171
106,16,17,130,116,131,189,130,22,132,83,132,161,132,194,132,0,0,97,141,112,138,137,137,128,130,25,131,253,135,130,171
107,16,13,130,139,131,190,130,5,132,73,132,140,132,192,132,0,0,77,141,113,138,91,137,159,130,53,131,29,136,124,171
108,16,24,130,147,131,198,130,14,132,28,132,127,132,191,132,0,0,60,141,115,138,121,137,164,130,30,131,47,136,127,171
109,16,19,130,139,131,195,130,23,132,55,132,143,132,203,132,0,0,90,141,117,138,137,137,127,130,19,131,42,136,133,171
110,16,252,129,128,131,200,130,1,132,89,132,150,132,209,132,0,0,108,141,131,138,115,137,133,130,24,131,23,136,137,171
111,16,253,129,127,131,215,130,253,131,51,132,140,132,212,132,0,0,90,141,131,138,102,137,158,130,12,131,8,136,142,171
112,16,12,130,131,131,201,130,19,132,36,132,141,132,205,132,0,0,86,141,126,138,146,137,137,130,20,131,15,136,136,171
113,16,18,130,132,131,197,130,34,132,57,132,146,132,208,132,0,0,91,141,128,138,172,137,124,130,37,131,7,136,144,171
114,16,2,130,116,131,206,130,27,132,47,132,149,132,215,132,0,0,82,141,119,138,122,137,141,130,26,131,247,135,153,171
115,16,243,129,104,131,194,130,7,132,45,132,141,132,201,132,0,0,98,141,116,138,91,137,149,130,33,131,19,136,137,171
116,16,23,130,130,131,200,130,13,132,57,132,136,132,195,132,0,0,101,141,125,138,117,137,140,130,48,131,45,136,120,171
117,16,41,130,167,131,230,130,27,132,20,132,152,132,213,132,0,0,75,141,119,138,121,137,142,130,21,131,37,136,121,171
118,16,13,130,154,131,227,130,13,132,11,132,157,132,228,132,0,0,85,141,118,138,89,137,155,130,15,131,42,136,140,171
119,16,15,130,130,131,217,130,3,132,52,132,152,132,218,132,0,0,102,141,131,138,113,137,150,130,23,131,48,136,153,171
120,16,31,130,143,131,224,130,17,132,46,132,161,132,212,132,0,0,82,141,124,138,178,137,132,130,20,131,30,136,143,171
121,16,27,130,154,131,221,130,33,132,23,132,145,132,191,132,0,0,79,141,110,138,194,137,129,130,33,131,15,136,121,171
122,16,21,130,139,131,206,130,16,132,47,132,124,132,163,132,0,0,105,141,115,138,169,137,156,130,45,131,17,136,129,171
123,16,30,130,138,131,200,130,246,131,63,132,145,132,179,132,0,0,103,141,119,138,169,137,167,130,42,131,23,136,153,171
124,16,20,130,141,131,192,130,250,131,37,132,150,132,212,132,0,0,81,141,124,138,192,137,141,130,44,131,26,136,134,171
125,16,249,129,128,131,198,130,13,132,28,132,135,132,207,132,0,0,78,141,130,138,175,137,115,130,38,131,37,136,108,171
126,16,9,130,136,131,244,130,24,132,39,132,150,132,188,132,0,0,74,141,122,138,130,137,136,130,35,131,41,136,119,171
127,16,37,130,162,131,246,130,12,132,43,132,155,132,194,132,77,0,57,141,115,138,124,137,160,130,32,131,13,136,132,171
0,16,27,130,156,131,205,130,10,132,35,132,136,132,199,132,0,0,64,141,118,138,164,137,148,130,18,131,5,136,129,171
1,16,22,130,142,131,202,130,18,132,28,132,138,132,194,132,0,0,88,141,132,138,183,137,138,130,28,131,34,136,133,171
2,16,38,130,130,131,208,130,4,132,48,132,147,132,184,132,0,0,103,141,122,138,187,137,156,130,44,131,26,136,125,171
3,16,23,130,116,131,204,130,250,131,66,132,147,132,184,132,0,0,89,141,103,138,203,137,158,130,31,131,14,136,119,171
4,16,4,130,114,131,207,130,32,132,38,132,159,132,204,132,0,0,82,141,124,138,155,137,146,130,26,131,35,136,134,171
5,16,22,130,123,131,217,130,58,132,28,132,160,132,206,132,0,0,94,141,148,138,92,137,158,130,28,131,16,136,129,171
6,16,21,130,128,131,222,130,15,132,73,132,130,132,194,132,0,0,79,141,123,138,110,137,166,130,36,131,8,136,120,171
7,16,11,130,130,131,206,130,251,131,77,132,124,132,210,132,0,0,62,141,102,138,116,137,149,130,38,131,35,136,126,171
8,16,23,130,129,131,197,130,40,132,34,132,142,132,222,132,0,0,72,141,117,138,93,137,148,130,32,131,23,136,133,171
9,16,21,130,141,131,219,130,42,132,23,132,140,132,194,132,0,0,79,141,116,138,106,137,160,130,32,131,254,135,147,171
10,16,5,130,158,131,219,130,255,131,33,132,148,132,180,132,0,0,65,141,112,138,101,137,156,130,37,131,23,136,148,171
11,16,16,130,126,131,198,130,9,132,36,132,165,132,197,132,0,0,58,141,110,138,88,137,152,130,34,131,42,136,124,171
12,16,28,130,87,131,204,130,32,132,38,132,152,132,214,132,0,0,92,141,100,138,164,137,154,130,35,131,24,136,114,171
13,16,15,130,111,131,212,130,16,132,36,132,136,132,211,132,0,0,109,141,108,138,192,137,138,130,40,131,17,136,147,171
14,16,22,130,138,131,207,130,14,132,43,132,145,132,194,132,0,0,96,141,104,138,143,137,132,130,28,131,33,136,139,171
15,16,30,130,123,131,203,130,5,132,47,132,142,132,184,132,0,0,84,141,88,138,165,137,153,130,31,131,45,136,107,171
16,16,23,130,126,131,216,130,254,131,21,132,141,132,198,132,0,0,62,141,101,138,190,137,161,130,37,131,32,136,122,171
17,16,15,130,136,131,205,130,35,132,19,132,152,132,228,132,0,0,61,141,120,138,114,137,142,130,27,131,11,136,149,171
18,16,9,130,122,131,198,130,66,132,44,132,145,132,232,132,0,0,97,141,111,138,81,137,142,130,28,131,18,136,148,171
19,16,18,130,130,131,218,130,29,132,51,132,139,132,220,132,0,0,118,141,112,138,127,137,144,130,31,131,37,136,135,171
20,16,20,130,148,131,214,130,8,132,43,132,140,132,231,132,0,0,102,141,130,138,108,137,138,130,29,131,33,136,132,171
21,16,19,130,136,131,209,130,40,132,35,132,126,132,227,132,0,0,97,141,123,138,100,137,150,130,35,131,32,136,130,171
22,16,20,130,121,131,198,130,40,132,24,132,124,132,212,132,0,0,113,141,114,138,187,137,127,130,48,131,46,136,130,171
23,16,29,130,133,131,186,130,23,132,34,132,143,132,230,132,0,0,110,141,120,138,191,137,115,130,47,131,28,136,129,171
24,16,48,130,138,131,206,130,32,132,33,132,145,132,237,132,0,0,89,141,119,138,107,137,167,130,37,131,254,135,130,171
25,16,34,130,126,131,216,130,39,132,23,132,131,132,196,132,0,0,98,141,121,138,141,137,181,130,40,131,13,136,138,171
26,16,16,130,125,131,211,130,30,132,41,132,137,132,191,132,0,0,104,141,128,138,202,137,145,130,42,131,42,136,142,171
27,16,22,130,128,131,212,130,30,132,57,132,150,132,233,132,0,0,88,141,126,138,127,137,147,130,40,131,39,136,143,171
28,16,28,130,131,131,211,130,33,132,39,132,144,132,222,132,0,0,89,141,126,138,73,137,151,130,48,131,30,136,139,171
29,16,41,130,112,131,210,130,36,132,25,132,137,132,160,132,0,0,93,141,121,138,111,137,137,130,48,131,28,136,133,171
30,16,31,130,80,131,210,130,51,132,42,132,158,132,160,132,0,0,88,141,109,138,106,137,147,130,30,131,29,136,137,171
31,16,18,130,102,131,209,130,52,132,54,132,152,132,207,132,0,0,96,141,107,138,79,137,150,130,33,131,38,136,155,171
32,16,26,130,148,131,211,130,24,132,48,132,118,132,219,132,0,0,94,141,112,138,99,137,136,130,51,131,33,136,147,171
33,16,21,130,137,131,203,130,18,132,53,132,136,132,192,132,0,0,81,141,112,138,110,137,132,130,46,131,20,136,118,171
34,16,29,130,122,131,209,130,42,132,42,132,150,132,181,132,0,0,80,141,111,138,92,137,130,130,36,131,35,136,121,171
35,16,41,130,134,131,218,130,29,132,25,132,137,132,199,132,0,0,100,141,113,138,106,137,134,130,33,131,38,136,135,171
36,16,33,130,130,131,215,130,2,132,41,132,138,132,203,132,0,0,111,141,115,138,170,137,132,130,24,131,23,136,139,171
37,16,13,130,121,131,218,130,17,132,56,132,129,132,200,132,0,0,92,141,113,138,193,137,132,130,15,131,33,136,151,171
38,16,0,130,129,131,208,130,18,132,33,132,130,132,213,132,0,0,73,141,116,138,166,137,145,130,22,131,23,136,145,171
39,16,21,130,124,131,207,130,14,132,28,132,142,132,222,132,0,0,94,141,119,138,184,137,138,130,35,131,6,136,110,171
40,16,38,130,85,131,220,130,21,132,42,132,131,132,200,132,0,0,114,141,121,138,217,137,130,130,31,131,40,136,112,171
41,16,22,130,98,131,229,130,1,132,28,132,121,132,184,132,0,0,93,141,112,138,194,137,160,130,30,131,73,136,127,171
42,16,15,130,129,131,240,130,255,131,38,132,137,132,204,132,0,0,86,141,118,138,191,137,176,130,32,131,48,136,124,171
43,16,22,130,100,131,226,130,16,132,62,132,142,132,220,132,0,0,105,141,135,138,226,137,156,130,32,131,26,136,121,171
44,16,18,130,97,131,217,130,15,132,47,132,139,132,209,132,0,0,97,141,123,138,159,137,137,130,41,131,40,136,120,171
45,16,10,130,140,131,225,130,9,132,27,132,144,132,195,132,0,0,84,141,109,138,102,137,126,130,38,131,43,136,125,171
46,16,10,130,137,131,223,130,255,131,37,132,128,132,201,132,0,0,92,141,130,138,157,137,143,130,29,131,31,136,132,171
47,16,18,130,111,131,219,130,247,131,37,132,120,132,217,132,0,0,96,141,132,138,175,137,161,130,43,131,33,136,135,171
48,16,26,130,127,131,232,130,8,132,28,132,144,132,221,132,0,0,95,141,104,138,152,137,135,130,45,131,29,136,135,171
49,16,22,130,139,131,252,130,23,132,51,132,146,132,205,132,0,0,80,141,100,138,170,137,136,130,17,131,15,136,138,171
50,16,16,130,128,131,232,130,9,132,50,132,115,132,175,132,0,0,63,141,118,138,147,137,174,130,17,131,20,136,132,171
51,16,24,130,122,131,197,130,29,132,10,132,125,132,163,132,0,0,76,141,112,138,71,137,168,130,43,131,36,136,119,171
52,16,24,130,139,131,208,130,51,132,10,132,157,132,190,132,0,0,93,141,103,138,112,137,152,130,41,131,40,136,123,171
53,16,14,130,155,131,221,130,20,132,44,132,152,132,206,132,0,0,88,141,111,138,195,137,153,130,36,131,21,136,134,171
54,16,13,130,132,131,208,130,6,132,40,132,149,132,195,132,0,0,69,141,115,138,196,137,139,130,42,131,17,136,140,171
55,16,13,130,132,131,205,130,21,132,39,132,154,132,204,132,0,0,76,141,114,138,171,137,142,130,40,131,40,136,131,171
56,16,13,130,152,131,204,130,13,132,52,132,146,132,217,132,0,0,102,141,118,138,163,137,156,130,30,131,26,136,127,171
57,16,17,130,141,131,205,130,2,132,49,132,141,132,209,132,0,0,100,141,112,138,179,137,136,130,30,131,237,135,139,171
58,16,13,130,135,131,207,130,25,132,54,132,143,132,214,132,0,0,83,141,116,138,175,137,126,130,28,131,241,135,138,171
59,16,17,130,148,131,198,130,39,132,46,132,140,132,233,132,0,0,87,141,122,138,160,137,155,130,20,131,21,136,127,171
60,16,45,130,132,131,204,130,20,132,26,132,143,132,224,132,0,0,84,141,116,138,173,137,160,130,28,131,30,136,130,171
61,16,31,130,119,131,205,130,6,132,42,132,153,132,202,132,0,0,67,141,117,138,193,137,127,130,31,131,34,136,147,171
62,16,1,130,138,131,200,130,5,132,53,132,143,132,198,132,0,0,76,141,129,138,164,137,124,130,14,131,27,136,133,171
63,16,27,130,145,131,195,130,11,132,52,132,138,132,196,132,0,0,93,141,127,138,119,137,147,130,18,131,15,136,109,171
64,16,43,130,136,131,196,130,13,132,57,132,153,132,191,132,0,0,95,141,122,138,89,137,150,130,58,131,34,136,131,171
65,16,27,130,137,131,218,130,37,132,41,132,158,132,194,132,0,0,85,141,127,138,104,137,135,130,76,131,46,136,139,171
66,16,15,130,129,131,214,130,58,132,31,132,152,132,192,132,0,0,84,141,128,138,192,137,130,130,49,131,23,136,101,171
67,16,28,130,121,131,198,130,34,132,48,132,145,132,197,132,0,0,78,141,126,138,187,137,144,130,40,131,27,136,101,171
68,16,31,130,124,131,206,130,5,132,37,132,149,132,201,132,0,0,69,141,127,138,111,137,157,130,34,131,43,136,122,171
69,16,9,130,126,131,208,130,18,132,18,132,142,132,180,132,0,0,77,141,127,138,142,137,150,130,20,131,27,136,119,171
70,16,10,130,131,131,199,130,36,132,26,132,137,132,180,132,0,0,83,141,122,138,175,137,139,130,29,131,21,136,116,171
71,16,18,130,137,131,193,130,17,132,36,132,146,132,210,132,0,0,76,141,124,138,102,137,137,130,31,131,27,136,116,171
72,16,18,130,141,131,206,130,11,132,35,132,150,132,205,132,0,0,66,141,129,138,73,137,147,130,38,131,19,136,104,171
73,16,17,130,154,131,216,130,15,132,46,132,137,132,193,132,0,0,84,141,110,138,144,137,138,130,63,131,18,136,117,171
74,16,9,130,148,131,205,130,14,132,65,132,140,132,218,132,0,0,111,141,91,138,168,137,125,130,58,131,21,136,137,171
75,16,9,130,133,131,204,130,28,132,66,132,161,132,218,132,0,0,106,141,107,138,138,137,151,130,45,131,10,136,126,171
76,16,4,130,127,131,204,130,11,132,40,132,161,132,194,132,0,0,95,141,133,138,107,137,166,130,45,131,20,136,120,171
77,16,2,130,133,131,183,130,250,131,26,132,149,132,192,132,0,0,94,141,126,138,95,137,125,130,30,131,31,136,132,171
78,16,16,130,137,131,186,130,19,132,34,132,150,132,200,132,0,0,102,141,118,138,130,137,108,130,19,131,15,136,134,171
79,16,9,130,133,131,204,130,17,132,29,132,152,132,194,132,0,0,117,141,125,138,172,137,143,130,33,131,19,136,119,171
80,16,4,130,119,131,203,130,249,131,21,132,141,132,186,132,0,0,104,141,113,138,187,137,152,130,42,131,39,136,116,171
81,16,11,130,113,131,182,130,6,132,34,132,137,132,202,132,0,0,88,141,103,138,173,137,141,130,36,131,40,136,134,171
82,16,9,130,125,131,181,130,19,132,41,132,148,132,208,132,0,0,104,141,110,138,163,137,158,130,38,131,29,136,136,171
83,16,11,130,127,131,210,130,21,132,26,132,149,132,198,132,0,0,102,141,108,138,185,137,158,130,41,131,20,136,128,171
84,16,28,130,122,131,213,130,27,132,20,132,146,132,190,132,0,0,91,141,114,138,186,137,142,130,41,131,19,136,137,171
85,16,36,130,128,131,188,130,20,132,34,132,140,132,194,132,0,0,96,141,127,138,128,137,151,130,31,131,35,136,139,171
86,16,27,130,131,131,173,130,255,131,41,132,147,132,209,132,0,0,90,141,119,138,128,137,151,130,19,131,42,136,127,171
87,16,33,130,135,131,178,130,2,132,38,132,159,132,209,132,0,0,78,141,108,138,164,137,128,130,32,131,36,136,129,171
88,16,27,130,141,131,198,130,16,132,40,132,152,132,200,132,0,0,74,141,114,138,130,137,136,130,52,131,42,136,129,171
89,16,4,130,137,131,205,130,8,132,48,132,142,132,218,132,0,0,86,141,117,138,153,137,162,130,53,131,42,136,122,171
90,16,12,130,126,131,199,130,13,132,53,132,153,132,239,132,0,0,93,141,113,138,188,137,149,130,48,131,38,136,131,171
91,16,27,130,106,131,204,130,19,132,40,132,167,132,212,132,0,0,90,141,112,138,119,137,124,130,43,131,39,136,141,171
92,16,27,130,100,131,200,130,9,132,21,132,144,132,182,132,0,0,90,141,118,138,110,137,134,130,31,131,30,136,128,171
93,16,34,130,131,131,193,130,8,132,31,132,119,132,194,132,0,0,97,141,124,138,211,137,146,130,30,131,40,136,123,171
94,16,33,130,134,131,193,130,7,132,57,132,142,132,200,132,0,0,99,141,121,138,200,137,154,130,37,131,55,136,127,171
95,16,23,130,106,131,202,130,11,132,51,132,159,132,192,132,0,0,81,141,117,138,118,137,168,130,25,131,47,136,129,171
96,16,17,130,115,131,215,130,26,132,30,132,139,132,188,132,0,0,87,141,118,138,151,137,154,130,14,131,30,136,128,171
97,16,5,130,125,131,213,130,20,132,33,132,144,132,199,132,0,0,110,141,111,138,204,137,126,130,22,131,20,136,114,171
98,16,13,130,109,131,208,130,12,132,43,132,160,132,212,132,0,0,106,141,104,138,152,137,142,130,28,131,27,136,115,171
99,16,34,130,114,131,203,130,19,132,38,132,147,132,218,132,0,0,87,141,119,138,103,137,151,130,33,131,34,136,137,171
100,16,23,130,134,131,209,130,25,132,45,132,141,132,219,132,0,0,81,141,128,138,158,137,120,130,41,131,30,136,144,171
101,16,14,130,127,131,214,130,19,132,52,132,153,132,222,132,0,0,91,141,113,138,212,137,117,130,41,131,37,136,139,171
102,16,22,130,112,131,193,130,10,132,44,132,151,132,208,132,0,0,91,141,111,138,180,137,145,130,25,131,49,136,130,171
103,16,28,130,111,131,196,130,17,132,41,132,147,132,191,132,0,0,83,141,112,138,145,137,158,130,19,131,40,136,131,171
104,16,30,130,130,131,217,130,20,132,34,132,154,132,205,132,0,0,96,141,111,138,113,137,146,130,23,131,13,136,130,171
105,16,19,130,144,131,215,130,19,132,31,132,150,132,207,132,0,0,113,141,109,138,83,137,146,130,22,131,19,136,126,171
106,16,24,130,128,131,197,130,27,132,41,132,138,132,195,132,0,0,101,141,115,138,143,137,161,130,38,131,34,136,137,171
107,16,30,130,117,131,197,130,25,132,47,132,139,132,206,132,0,0,91,141,134,138,206,137,154,130,61,131,29,136,141,171
108,16,19,130,146,131,213,130,5,132,42,132,137,132,215,132,0,0,102,141,129,138,148,137,139,130,44,131,31,136,130,171
109,16,12,130,168,131,198,130,253,131,30,132,134,132,201,132,0,0,93,141,102,138,126,137,138,130,18,131,31,136,123,171
110,16,17,130,141,131,188,130,6,132,26,132,147,132,197,132,0,0,79,141,103,138,190,137,145,130,46,131,26,136,128,171
111,16,30,130,121,131,212,130,3,132,41,132,146,132,207,132,0,0,112,141,131,138,169,137,138,130,64,131,36,136,137,171
112,16,25,130,141,131,203,130,3,132,49,132,134,132,217,132,0,0,129,141,135,138,112,137,141,130,34,131,51,136,137,171
113,16,22,130,144,131,191,130,7,132,33,132,136,132,234,132,0,0,89,141,126,138,174,137,156,130,28,131,41,136,130,171
114,16,32,130,110,131,214,130,6,132,23,132,143,132,215,132,0,0,84,141,113,138,221,137,149,130,34,131,21,136,124,171
115,16,30,130,101,131,205,130,9,132,40,132,143,132,202,132,0,0,131,141,107,138,150,137,140,130,43,131,29,136,125,171
116,16,26,130,122,131,190,130,254,131,44,132,133,132,230,132,0,0,121,141,125,138,95,137,154,130,59,131,40,136,133,171
117,16,28,130,130,131,198,130,242,131,22,132,139,132,241,132,0,0,89,141,133,138,144,137,160,130,47,131,20,136,135,171
118,16,38,130,126,131,209,130,4,132,35,132,158,132,221,132,0,0,100,141,116,138,198,137,155,130,21,131,10,136,131,171
119,16,40,130,140,131,221,130,5,132,57,132,142,132,220,132,0,0,86,141,119,138,142,137,150,130,32,131,37,136,138,171
120,16,23,130,148,131,219,130,236,131,18,132,122,132,227,132,0,0,70,141,132,138,66,137,142,130,36,131,27,136,137,171
121,16,21,130,144,131,216,130,2,132,6,132,120,132,198,132,0,0,83,141,115,138,104,137,135,130,22,131,6,136,119,171
122,16,32,130,144,131,214,130,26,132,55,132,123,132,196,132,0,0,79,141,109,138,124,137,140,130,24,131,42,136,119,171
123,16,33,130,143,131,212,130,8,132,52,132,138,132,206,132,0,0,70,141,124,138,77,137,144,130,25,131,57,136,144,171
124,16,30,130,119,131,221,130,4,132,27,132,151,132,200,132,0,0,80,141,119,138,116,137,143,130,18,131,21,136,157,171
125,16,29,130,100,131,214,130,25,132,39,132,148,132,217,132,0,0,102,141,119,138,217,137,146,130,33,131,17,136,138,171
126,16,28,130,110,131,210,130,20,132,41,132,132,132,228,132,0,0,86,141,109,138,196,137,146,130,62,131,49,136,132,171
127,16,21,130,102,131,223,130,250,131,37,132,129,132,218,132,77,0,67,141,100,138,140,137,143,130,40,131,43,136,150,171
0,16,20,130,100,131,220,130,249,131,44,132,136,132,208,132,0,0,89,141,119,138,159,137,144,130,255,130,19,136,142,171
1,16,32,130,116,131,203,130,20,132,33,132,131,132,205,132,0,0,106,141,129,138,144,137,140,130,33,131,24,136,122,171
2,16,33,130,100,131,211,130,22,132,39,132,124,132,200,132,0,0,88,141,118,138,88,137,139,130,60,131,35,136,134,171
3,16,23,130,92,131,221,130,12,132,61,132,126,132,206,132,0,0,70,141,108,138,102,137,148,130,26,131,39,136,142,171
4,16,15,130,128,131,205,130,24,132,44,132,134,132,213,132,0,0,72,141,112,138,128,137,133,130,11,131,33,136,122,171
5,16,15,130,146,131,191,130,12,132,34,132,132,132,197,132,0,0,70,141,126,138,111,137,117,130,39,131,26,136,122,171
6,16,35,130,125,131,212,130,246,131,44,132,130,132,195,132,0,0,81,141,133,138,107,137,151,130,51,131,30,136,144,171
7,16,22,130,115,131,211,130,9,132,36,132,126,132,216,132,0,0,99,141,121,138,145,137,167,130,38,131,34,136,145,171
8,16,4,130,131,131,193,130,40,132,30,132,119,132,218,132,0,0,91,141,117,138,182,137,138,130,15,131,33,136,130,171
9,16,38,130,132,131,206,130,39,132,33,132,132,132,210,132,0,0,93,141,126,138,183,137,146,130,10,131,59,136,135,171
10,16,52,130,117,131,206,130,24,132,40,132,140,132,220,132,0,0,95,141,117,138,169,137,171,130,38,131,74,136,159,171
11,16,35,130,139,131,202,130,18,132,45,132,130,132,204,132,0,0,66,141,108,138,181,137,157,130,37,131,31,136,164,171
12,16,30,130,165,131,214,130,21,132,22,132,138,132,173,132,0,0,70,141,98,138,188,137,129,130,19,131,7,136,146,171
13,16,37,130,137,131,231,130,22,132,1,132,149,132,201,132,0,0,102,141,101,138,181,137,125,130,35,131,32,136,135,171
14,16,39,130,131,131,227,130,10,132,32,132,137,132,234,132,0,0,97,141,125,138,176,137,128,130,41,131,37,136,128,171
15,16,11,130,146,131,195,130,250,131,60,132,139,132,218,132,0,0,81,141,140,138,160,137,138,130,27,131,17,136,120,171
16,16,4,130,132,131,205,130,252,131,40,132,132,132,211,132,0,0,64,141,114,138,160,137,156,130,42,131,31,136,129,171
17,16,29,130,121,131,223,130,5,132,24,132,114,132,220,132,0,0,84,141,97,138,186,137,151,130,47,131,46,136,137,171
18,16,36,130,131,131,204,130,11,132,35,132,124,132,206,132,0,0,112,141,108,138,180,137,120,130,23,131,24,136,132,171
19,16,24,130,136,131,206,130,21,132,41,132,145,132,189,132,0,0,84,141,105,138,170,137,117,130,22,131,25,136,149,171
20,16,18,130,135,131,230,130,22,132,41,132,123,132,196,132,0,0,73,141,114,138,195,137,157,130,35,131,46,136,157,171
21,16,33,130,138,131,235,130,14,132,43,132,81,132,197,132,0,0,115,141,137,138,161,137,167,130,44,131,45,136,146,171
22,16,40,130,137,131,237,130,255,131,32,132,85,132,195,132,0,0,114,141,139,138,111,137,144,130,31,131,32,136,154,171
23,16,23,130,133,131,251,130,244,131,21,132,111,132,208,132,0,0,85,141,115,138,156,137,141,130,255,130,34,136,158,171
24,16,16,130,116,131,248,130,3,132,27,132,102,132,204,132,0,0,93,141,108,138,206,137,139,130,255,130,36,136,144,171
25,16,13,130,91,131,213,130,3,132,29,132,93,132,192,132,0,0,106,141,125,138,180,137,117,130,26,131,35,136,130,171
26,16,16,130,106,131,185,130,0,132,16,132,133,132,212,132,0,0,89,141,124,138,159,137,116,130,26,131,37,136,120,171
27,16,37,130,131,131,194,130,2,132,18,132,155,132,222,132,0,0,97,141,103,138,183,137,134,130,20,131,33,136,119,171
28,16,38,130,130,131,207,130,242,131,51,132,129,132,206,132,0,0,118,141,90,138,187,137,122,130,40,131,30,136,133,171
29,16,4,130,126,131,207,130,243,131,56,132,128,132,215,132,0,0,112,141,110,138,147,137,124,130,46,131,37,136,142,171
30,16,7,130,137,131,185,130,5,132,41,132,152,132,225,132,0,0,102,141,127,138,110,137,145,130,37,131,30,136,128,171
31,16,24,130,148,131,146,130,1,132,36,132,152,132,205,132,0,0,102,141,114,138,105,137,145,130,25,131,10,136,119,171
32,16,252,129,145,131,152,130,252,131,54,132,130,132,200,132,0,0,91,141,97,138,112,137,136,130,18,131,13,136,127,171
33,16,235,129,136,131,167,130,255,131,86,132,145,132,215,132,0,0,88,141,106,138,138,137,138,130,33,131,38,136,126,171
34,16,251,129,131,131,152,130,1,132,78,132,178,132,221,132,0,0,98,141,114,138,188,137,152,130,48,131,42,136,118,171
35,16,224,129,105,131,106,130,11,132,68,132,184,132,230,132,0,0,112,141,115,138,194,137,142,130,29,131,26,136,108,171
36,16,199,129,93,131,62,130,30,132,59,132,182,132,236,132,0,0,131,141,127,138,163,137,124,130,5,131,34,136,100,171
37,16,207,129,129,131,61,130,41,132,46,132,201,132,232,132,0,0,134,141,122,138,174,137,129,130,15,131,24,136,89,171
38,16,181,129,140,131,56,130,33,132,63,132,224,132,234,132,0,0,114,141,113,138,191,137,124,130,21,131,217,135,79,171
39,16,153,129,113,131,39,130,17,132,75,132,225,132,229,132,0,0,102,141,131,138,135,137,112,130,5,131,208,135,63,171
40,16,165,129,117,131,9,130,12,132,67,132,229,132,229,132,0,0,113,141,137,138,125,137,115,130,237,130,16,136,46,171
41,16,159,129,141,131,252,129,15,132,59,132,234,132,240,132,0,0,130,141,113,138,182,137,113,130,239,130,7,136,49,171
42,16,150,129,117,131,4,130,12,132,61,132,235,132,238,132,0,0,131,141,113,138,171,137,110,130,2,131,222,135,54,171
43,16,148,129,85,131,232,129,2,132,43,132,242,132,238,132,0,0,138,141,135,138,131,137,128,130,254,130,238,135,47,171
44,16,137,129,93,131,219,129,0,132,35,132,231,132,242,132,0,0,148,141,128,138,138,137,146,130,254,130,220,135,49,171
45,16,148,129,96,131,236,129,251,131,48,132,225,132,229,132,0,0,136,141,106,138,133,137,135,130,10,131,191,135,59,171
46,16,172,129,109,131,227,129,19,132,63,132,233,132,232,132,0,0,122,141,113,138,87,137,122,130,21,131,204,135,56,171
47,16,163,129,126,131,231,129,50,132,73,132,223,132,254,132,0,0,131,141,127,138,105,137,126,130,23,131,217,135,49,171
48,16,143,129,109,131,0,130,30,132,66,132,225,132,240,132,0,0,151,141,121,138,169,137,145,130,254,130,209,135,56,171
49,16,155,129,90,131,9,130,253,131,79,132,245,132,224,132,0,0,147,141,108,138,194,137,163,130,247,130,218,135,59,171
50,16,176,129,117,131,33,130,9,132,88,132,231,132,233,132,0,0,127,141,109,138,183,137,149,130,23,131,241,135,52,171
51,16,165,129,135,131,65,130,57,132,57,132,204,132,227,132,0,0,115,141,131,138,176,137,144,130,40,131,253,135,64,171
52,16,175,129,117,131,92,130,73,132,52,132,214,132,218,132,0,0,100,141,127,138,184,137,167,130,31,131,4,136,93,171
53,16,193,129,125,131,99,130,61,132,73,132,233,132,225,132,0,0,94,141,102,138,194,137,173,130,38,131,251,135,90,171
54,16,186,129,135,131,79,130,73,132,55,132,227,132,214,132,0,0,111,141,106,138,185,137,162,130,36,131,241,135,62,171
55,16,183,129,127,131,65,130,85,132,47,132,205,132,208,132,0,0,102,141,123,138,130,137,157,130,28,131,238,135,60,171
56,16,184,129,134,131,66,130,66,132,81,132,205,132,236,132,0,0,82,141,121,138,112,137,165,130,22,131,248,135,61,171
57,16,189,129,147,131,78,130,46,132,74,132,205,132,211,132,0,0,116,141,122,138,183,137,164,130,15,131,4,136,58,171
58,16,197,129,112,131,88,130,23,132,28,132,154,132,161,132,0,0,157,141,157,138,210,137,137,130,13,131,16,136,82,171
59,16,220,129,57,131,122,130,253,131,37,132,82,132,169,132,0,0,131,141,163,138,181,137,120,130,9,131,41,136,111,171
60,16,4,130,70,131,198,130,6,132,56,132,69,132,188,132,0,0,112,141,131,138,181,137,136,130,15,131,39,136,127,171
61,16,17,130,98,131,246,130,9,132,28,132,115,132,193,132,0,0,137,141,124,138,193,137,155,130,18,131,35,136,146,171
62,16,31,130,104,131,5,131,249,131,23,132,111,132,194,132,0,0,120,141,130,138,185,137,148,130,5,131,55,136,169,171
63,16,65,130,115,131,19,131,255,131,45,132,48,132,167,132,0,0,78,141,122,138,186,137,143,130,5,131,52,136,170,171
64,16,65,130,130,131,17,131,24,132,50,132,43,132,153,132,0,0,100,141,122,138,178,137,150,130,37,131,29,136,155,171
65,16,41,130,145,131,15,131,37,132,41,132,75,132,191,132,0,0,108,141,119,138,160,137,157,130,50,131,46,136,163,171
66,16,53,130,152,131,4,131,29,132,17,132,82,132,206,132,0,0,81,141,99,138,165,137,157,130,25,131,60,136,174,171
67,16,74,130,138,131,242,130,42,132,18,132,90,132,183,132,0,0,82,141,104,138,184,137,149,130,16,131,40,136,163,171
68,16,57,130,133,131,254,130,77,132,34,132,90,132,188,132,0,0,86,141,134,138,184,137,151,130,26,131,43,136,139,171
69,16,31,130,130,131,10,131,69,132,18,132,85,132,196,132,0,0,77,141,134,138,182,137,159,130,24,131,57,136,136,171
70,16,41,130,122,131,16,131,37,132,11,132,106,132,179,132,0,0,55,141,101,138,179,137,151,130,25,131,53,136,136,171
71,16,55,130,128,131,15,131,44,132,45,132,132,132,178,132,0,0,28,141,95,138,190,137,132,130,43,131,36,136,118,171
72,16,54,130,140,131,23,131,69,132,44,132,145,132,197,132,0,0,24,141,123,138,184,137,151,130,58,131,33,136,116,171
73,16,50,130,118,131,25,131,66,132,27,132,153,132,204,132,0,0,54,141,104,138,150,137,183,130,60,131,42,136,132,171
74,16,28,130,95,131,1,131,62,132,63,132,147,132,198,132,0,0,86,141,75,138,151,137,173,130,53,131,30,136,131,171
75,16,11,130,127,131,226,130,69,132,81,132,133,132,198,132,0,0,75,141,105,138,202,137,161,130,34,131,33,136,105,171
76,16,16,130,165,131,193,130,48,132,46,132,141,132,194,132,0,0,67,141,130,138,204,137,163,130,37,131,39,136,107,171
77,16,17,130,145,131,194,130,27,132,32,132,161,132,191,132,0,0,73,141,109,138,175,137,149,130,62,131,17,136,131,171
78,16,2,130,111,131,229,130,52,132,41,132,152,132,204,132,0,0,87,141,99,138,193,137,132,130,45,131,21,136,135,171
79,16,239,129,122,131,216,130,55,132,39,132,141,132,221,132,0,0,96,141,115,138,171,137,136,130,11,131,57,136,118,171
80,16,3,130,142,131,180,130,33,132,30,132,146,132,199,132,0,0,87,141,118,138,104,137,155,130,26,131,59,136,132,171
81,16,27,130,135,131,202,130,36,132,42,132,142,132,160,132,0,0,98,141,104,138,113,137,162,130,32,131,29,136,163,171
82,16,11,130,134,131,230,130,40,132,45,132,128,132,171,132,0,0,106,141,101,138,173,137,162,130,8,131,27,136,147,171
83,16,6,130,141,131,218,130,34,132,37,132,114,132,215,132,0,0,77,141,124,138,184,137,157,130,8,131,30,136,127,171
84,16,21,130,142,131,201,130,36,132,53,132,123,132,210,132,0,0,80,141,134,138,163,137,141,130,32,131,25,136,141,171
85,16,33,130,144,131,216,130,36,132,62,132,150,132,182,132,0,0,112,141,109,138,171,137,143,130,45,131,31,136,153,171
86,16,36,130,115,131,227,130,21,132,37,132,159,132,198,132,0,0,101,141,103,138,177,137,152,130,45,131,31,136,149,171
87,16,32,130,94,131,215,130,10,132,30,132,130,132,209,132,0,0,62,141,120,138,168,137,141,130,37,131,23,136,135,171
88,16,40,130,148,131,227,130,11,132,52,132,102,132,201,132,0,0,55,141,125,138,175,137,139,130,26,131,34,136,140,171
89,16,37,130,180,131,236,130,22,132,54,132,123,132,205,132,0,0,87,141,136,138,198,137,150,130,17,131,54,136,152,171
90,16,32,130,138,131,244,130,44,132,46,132,117,132,198,132,0,0,95,141,139,138,162,137,139,130,33,131,59,136,148,171
91,16,31,130,116,131,245,130,48,132,49,132,106,132,188,132,0,0,72,141,124,138,114,137,128,130,60,131,53,136,132,171
92,16,12,130,142,131,215,130,28,132,46,132,127,132,195,132,0,0,76,141,134,138,147,137,135,130,41,131,40,136,133,171
93,16,27,130,136,131,218,130,13,132,47,132,106,132,203,132,0,0,86,141,135,138,197,137,145,130,15,131,33,136,141,171
94,16,54,130,101,131,240,130,19,132,23,132,90,132,195,132,0,0,83,141,113,138,188,137,151,130,26,131,42,136,132,171
95,16,30,130,121,131,238,130,34,132,10,132,128,132,185,132,0,0,87,141,108,138,164,137,146,130,32,131,36,136,135,171
96,16,26,130,138,131,236,130,31,132,51,132,130,132,205,132,0,0,84,141,105,138,174,137,143,130,27,131,14,136,154,171
97,16,51,130,115,131,230,130,36,132,73,132,110,132,227,132,0,0,61,141,93,138,191,137,148,130,29,131,13,136,141,171
98,16,36,130,117,131,217,130,63,132,48,132,136,132,212,132,0,0,54,141,89,138,197,137,150,130,32,131,42,136,122,171
99,16,7,130,133,131,216,130,54,132,33,132,147,132,197,132,0,0,75,141,95,138,176,137,147,130,32,131,40,136,126,171
100,16,13,130,113,131,205,130,30,132,33,132,126,132,193,132,0,0,93,141,107,138,167,137,141,130,45,131,23,136,135,171
101,16,28,130,101,131,205,130,27,132,40,132,132,132,193,132,0,0,99,141,112,138,186,137,140,130,46,131,28,136,134,171
102,16,21,130,132,131,219,130,21,132,53,132,135,132,213,132,0,0,105,141,110,138,183,137,148,130,29,131,24,136,143,171
103,16,15,130,152,131,214,130,24,132,55,132,119,132,207,132,0,0,97,141,110,138,179,137,151,130,23,131,24,136,156,171
104,16,8,130,144,131,206,130,36,132,37,132,123,132,180,132,0,0,80,141,103,138,174,137,150,130,29,131,27,136,142,171
105,16,12,130,123,131,202,130,40,132,18,132,138,132,185,132,0,0,81,141,103,138,169,137,167,130,31,131,13,136,131,171
106,16,27,130,120,131,197,130,48,132,17,132,131,132,193,132,0,0,80,141,119,138,176,137,161,130,21,131,20,136,154,171
107,16,23,130,122,131,183,130,57,132,39,132,124,132,171,132,0,0,70,141,122,138,176,137,127,130,15,131,35,136,159,171
108,16,28,130,106,131,189,130,51,132,42,132,127,132,181,132,0,0,81,141,109,138,161,137,124,130,28,131,0,136,129,171
109,16,40,130,118,131,219,130,32,132,26,132,107,132,200,132,0,0,92,141,113,138,186,137,144,130,42,131,242,135,124,171
110,16,16,130,124,131,231,130,32,132,33,132,102,132,189,132,0,0,78,141,115,138,198,137,147,130,26,131,34,136,151,171
111,16,9,130,121,131,232,130,61,132,44,132,133,132,200,132,0,0,75,141,110,138,142,137,140,130,18,131,47,136,154,171
112,16,35,130,129,131,219,130,67,132,41,132,146,132,210,132,0,0,101,141,122,138,154,137,132,130,40,131,21,136,135,171
113,16,41,130,129,131,213,130,41,132,36,132,139,132,197,132,0,0,96,141,134,138,185,137,137,130,42,131,32,136,135,171
114,16,31,130,127,131,227,130,40,132,33,132,127,132,206,132,0,0,47,141,124,138,157,137,150,130,29,131,59,136,153,171
115,16,40,130,129,131,227,130,22,132,64,132,125,132,227,132,0,0,49,141,113,138,139,137,159,130,36,131,51,136,146,171
116,16,44,130,120,131,234,130,3,132,77,132,139,132,210,132,0,0,98,141,120,138,153,137,165,130,46,131,34,136,122,171
117,16,30,130,125,131,223,130,33,132,42,132,135,132,189,132,0,0,98,141,130,138,159,137,153,130,29,131,44,136,134,171
118,16,30,130,154,131,212,130,69,132,30,132,98,132,204,132,0,0,65,141,127,138,178,137,143,130,31,131,55,136,158,171
119,16,41,130,141,131,234,130,69,132,49,132,95,132,214,132,0,0,76,141,119,138,196,137,147,130,58,131,37,136,139,171
120,16,36,130,98,131,231,130,38,132,42,132,132,132,217,132,0,0,87,141,120,138,179,137,138,130,46,131,17,136,124,171
121,16,33,130,115,131,217,130,24,132,39,132,132,132,210,132,0,0,67,141,120,138,174,137,143,130,18,131,31,136,153,171
122,16,32,130,141,131,231,130,23,132,38,132,118,132,211,132,0,0,90,141,117,138,181,137,154,130,20,131,40,136,163,171
123,16,28,130,131,131,222,130,20,132,15,132,133,132,221,132,0,0,102,141,111,138,187,137,142,130,34,131,20,136,146,171
124,16,40,130,140,131,222,130,20,132,22,132,143,132,221,132,0,0,76,141,116,138,200,137,142,130,30,131,17,136,149,171
125,16,29,130,153,131,252,130,11,132,41,132,135,132,211,132,0,0,112,141,126,138,181,137,147,130,28,131,29,136,135,171
126,16,11,130,139,131,15,131,7,132,34,132,113,132,186,132,0,0,135,141,121,138,154,137,131,130,31,131,37,136,121,171
127,16,23,130,130,131,11,131,4,132,34,132,104,132,190,132,77,0,85,141,114,138,181,137,127,130,23,131,39,136,147,171
0,16,26,130,124,131,236,130,255,131,42,132,126,132,223,132,0,0,73,141,113,138,200,137,149,130,24,131,34,136,159,171
1,16,33,130,129,131,231,130,5,132,34,132,135,132,224,132,0,0,90,141,111,138,148,137,152,130,41,131,27,136,140,171
2,16,38,130,146,131,245,130,2,132,25,132,118,132,203,132,0,0,68,141,116,138,137,137,132,130,37,131,37,136,136,171
3,16,24,130,129,131,244,130,3,132,23,132,109,132,209,132,0,0,53,141,121,138,184,137,126,130,19,131,50,136,148,171
4,16,19,130,106,131,244,130,33,132,35,132,125,132,230,132,0,0,64,141,112,138,211,137,136,130,20,131,30,136,142,171
5,16,23,130,130,131,230,130,37,132,57,132,130,132,219,132,0,0,74,141,104,138,172,137,140,130,36,131,12,136,127,171
6,16,19,130,150,131,229,130,7,132,42,132,109,132,198,132,0,0,84,141,100,138,115,137,132,130,44,131,38,136,136,171
7,16,8,130,129,131,232,130,21,132,36,132,108,132,202,132,0,0,109,141,101,138,133,137,139,130,35,131,50,136,152,171
8,16,8,130,126,131,241,130,46,132,64,132,125,132,218,132,0,0,128,141,119,138,179,137,156,130,20,131,37,136,154,171
9,16,17,130,121,131,227,130,24,132,47,132,121,132,194,132,0,0,114,141,130,138,148,137,145,130,2,131,47,136,146,171
10,16,19,130,95,131,203,130,16,132,28,132,104,132,165,132,0,0,104,141,117,138,79,137,130,130,13,131,45,136,137,171
11,16,31,130,109,131,233,130,32,132,55,132,108,132,196,132,0,0,111,141,116,138,88,137,148,130,43,131,2,136,120,171
12,16,50,130,128,131,251,130,25,132,40,132,121,132,229,132,0,0,105,141,127,138,148,137,163,130,31,131,239,135,120,171
13,16,39,130,108,131,230,130,22,132,18,132,121,132,224,132,0,0,78,141,129,138,194,137,147,130,12,131,3,136,140,171
14,16,27,130,107,131,237,130,29,132,46,132,120,132,204,132,0,0,78,141,126,138,192,137,141,130,35,131,16,136,149,171
15,16,29,130,133,131,235,130,18,132,35,132,135,132,187,132,0,0,112,141,117,138,157,137,153,130,48,131,10,136,134,171
16,16,33,130,123,131,214,130,18,132,8,132,136,132,198,132,0,0,105,141,116,138,181,137,153,130,21,131,27,136,126,171
17,16,26,130,98,131,230,130,24,132,40,132,112,132,219,132,0,0,82,141,115,138,202,137,142,130,19,131,47,136,135,171
18,16,8,130,110,131,235,130,12,132,59,132,109,132,204,132,0,0,82,141,98,138,137,137,149,130,32,131,33,136,132,171
19,16,32,130,114,131,215,130,21,132,40,132,127,132,194,132,0,0,82,141,90,138,112,137,159,130,21,131,23,136,121,171
20,16,57,130,95,131,213,130,33,132,42,132,123,132,215,132,0,0,86,141,112,138,186,137,138,130,3,131,27,136,127,171
21,16,31,130,108,131,234,130,15,132,44,132,118,132,217,132,0,0,94,141,113,138,202,137,111,130,7,131,35,136,130,171
22,16,15,130,127,131,253,130,2,132,26,132,130,132,204,132,0,0,95,141,106,138,135,137,110,130,26,131,37,136,143,171
23,16,41,130,118,131,231,130,5,132,40,132,132,132,194,132,0,0,82,141,126,138,142,137,137,130,22,131,32,136,164,171
24,16,57,130,133,131,225,130,26,132,53,132,128,132,189,132,0,0,71,141,124,138,200,137,156,130,5,131,33,136,154,171
25,16,32,130,153,131,246,130,37,132,23,132,132,132,212,132,0,0,77,141,110,138,190,137,140,130,16,131,41,136,127,171
26,16,14,130,133,131,251,130,18,132,33,132,135,132,228,132,0,0,81,141,120,138,168,137,126,130,46,131,40,136,130,171
27,16,25,130,140,131,234,130,252,131,89,132,132,132,211,132,0,0,80,141,119,138,193,137,142,130,47,131,31,136,133,171
28,16,26,130,155,131,224,130,2,132,79,132,132,132,206,132,0,0,105,141,104,138,182,137,153,130,13,131,31,136,121,171
29,16,19,130,131,131,237,130,23,132,30,132,122,132,212,132,0,0,114,141,110,138,131,137,148,130,7,131,32,136,135,171
30,16,20,130,120,131,233,130,21,132,37,132,125,132,207,132,0,0,89,141,112,138,164,137,140,130,19,131,23,136,151,171
31,16,34,130,140,131,214,130,27,132,48,132,142,132,210,132,0,0,98,141,106,138,194,137,131,130,25,131,14,136,140,171
32,16,40,130,150,131,220,130,43,132,27,132,127,132,213,132,0,0,93,141,110,138,151,137,141,130,28,131,25,136,120,171
33,16,9,130,131,131,230,130,32,132,41,132,105,132,197,132,0,0,53,141,109,138,156,137,148,130,22,131,41,136,118,171
34,16,4,130,115,131,229,130,21,132,55,132,108,132,194,132,0,0,70,141,109,138,156,137,127,130,28,131,38,136,135,171
35,16,41,130,123,131,220,130,31,132,33,132,117,132,221,132,0,0,98,141,124,138,116,137,126,130,32,131,31,136,138,171
36,16,46,130,140,131,215,130,45,132,27,132,125,132,223,132,0,0,71,141,128,138,142,137,150,130,25,131,30,136,133,171
37,16,26,130,132,131,223,130,37,132,29,132,138,132,205,132,0,0,59,141,117,138,161,137,139,130,23,131,25,136,146,171
38,16,22,130,97,131,223,130,24,132,29,132,135,132,212,132,0,0,93,141,110,138,100,137,116,130,25,131,21,136,154,171
39,16,35,130,106,131,235,130,24,132,35,132,119,132,210,132,0,0,94,141,104,138,88,137,138,130,31,131,35,136,140,171
40,16,21,130,143,131,239,130,30,132,38,132,113,132,186,132,0,0,59,141,123,138,144,137,149,130,45,131,54,136,151,171
41,16,11,130,130,131,197,130,16,132,33,132,134,132,180,132,0,0,69,141,150,138,180,137,125,130,42,131,52,136,172,171
42,16,49,130,115,131,195,130,8,132,34,132,143,132,196,132,0,0,92,141,131,138,203,137,128,130,19,131,34,136,152,171
43,16,52,130,140,131,243,130,13,132,40,132,132,132,203,132,0,0,88,141,126,138,192,137,137,130,19,131,23,136,135,171
44,16,19,130,150,131,244,130,10,132,39,132,134,132,209,132,0,0,83,141,144,138,129,137,137,130,48,131,28,136,147,171
45,16,20,130,120,131,215,130,19,132,44,132,134,132,208,132,0,0,90,141,120,138,106,137,144,130,51,131,45,136,157,171
46,16,24,130,122,131,232,130,46,132,30,132,133,132,197,132,0,0,82,141,100,138,152,137,129,130,26,131,43,136,145,171
47,16,7,130,158,131,3,131,42,132,23,132,129,132,210,132,0,0,73,141,113,138,161,137,120,130,18,131,32,136,132,171
48,16,10,130,169,131,222,130,24,132,48,132,134,132,222,132,0,0,93,141,124,138,110,137,153,130,40,131,32,136,136,171
49,16,22,130,148,131,175,130,31,132,60,132,140,132,216,132,0,0,86,141,125,138,94,137,164,130,54,131,25,136,145,171
50,16,12,130,142,131,224,130,28,132,55,132,133,132,223,132,0,0,69,141,127,138,123,137,130,130,43,131,31,136,140,171
51,16,250,129,153,131,1,131,11,132,52,132,140,132,218,132,0,0,88,141,124,138,162,137,129,130,28,131,44,136,118,171
52,16,9,130,149,131,219,130,45,132,46,132,132,132,175,132,0,0,96,141,116,138,168,137,157,130,19,131,43,136,128,171
53,16,32,130,141,131,214,130,46,132,35,132,118,132,181,132,0,0,84,141,121,138,109,137,147,130,19,131,43,136,143,171
54,16,19,130,122,131,241,130,5,132,30,132,120,132,212,132,0,0,87,141,114,138,92,137,126,130,44,131,54,136,127,171
55,16,12,130,81,131,242,130,24,132,37,132,122,132,197,132,0,0,90,141,105,138,141,137,144,130,51,131,52,136,135,171
56,16,15,130,78,131,214,130,26,132,58,132,113,132,205,132,0,0,78,141,121,138,122,137,161,130,31,131,51,136,160,171
57,16,25,130,131,131,220,130,240,131,78,132,117,132,223,132,0,0,75,141,125,138,96,137,138,130,33,131,51,136,148,171
58,16,29,130,158,131,245,130,12,132,67,132,129,132,216,132,0,0,83,141,107,138,161,137,130,130,51,131,20,136,121,171
59,16,13,130,120,131,235,130,56,132,36,132,133,132,216,132,0,0,95,141,117,138,199,137,147,130,28,131,21,136,127,171
60,16,14,130,102,131,229,130,40,132,37,132,135,132,223,132,0,0,87,141,130,138,145,137,149,130,7,131,55,136,141,171
61,16,15,130,109,131,232,130,26,132,90,132,130,132,211,132,0,0,74,141,95,138,90,137,139,130,26,131,44,136,137,171
62,16,8,130,107,131,252,130,35,132,106,132,116,132,202,132,0,0,82,141,85,138,113,137,150,130,47,131,18,136,134,171
63,16,21,130,114,131,242,130,24,132,47,132,97,132,211,132,0,0,97,141,122,138,142,137,146,130,51,131,35,136,141,171
64,16,25,130,122,131,208,130,18,132,17,132,107,132,213,132,0,0,90,141,136,138,109,137,128,130,26,131,34,136,136,171
65,16,11,130,127,131,219,130,13,132,41,132,136,132,200,132,0,0,71,141,116,138,106,137,146,130,20,131,16,136,124,171
66,16,4,130,127,131,235,130,253,131,45,132,137,132,184,132,0,0,86,141,117,138,181,137,159,130,37,131,29,136,131,171
67,16,9,130,123,131,232,130,20,132,33,132,127,132,189,132,0,0,102,141,127,138,203,137,136,130,29,131,36,136,134,171
68,16,26,130,131,131,227,130,46,132,37,132,119,132,210,132,0,0,85,141,128,138,130,137,138,130,30,131,18,136,125,171
69,16,34,130,138,131,216,130,24,132,36,132,111,132,227,132,0,0,91,141,126,138,94,137,157,130,44,131,28,136,132,171
70,16,29,130,128,131,230,130,13,132,33,132,115,132,226,132,0,0,88,141,116,138,115,137,134,130,32,131,52,136,145,171
71,16,21,130,128,131,234,130,22,132,31,132,144,132,213,132,0,0,65,141,111,138,117,137,117,130,11,131,37,136,143,171
72,16,28,130,140,131,208,130,19,132,24,132,143,132,217,132,0,0,73,141,115,138,89,137,128,130,13,131,26,136,141,171
73,16,46,130,136,131,215,130,25,132,28,132,123,132,215,132,0,0,94,141,116,138,91,137,127,130,25,131,40,136,151,171
74,16,36,130,132,131,232,130,26,132,37,132,121,132,211,132,0,0,101,141,119,138,159,137,125,130,26,131,34,136,146,171
75,16,22,130,133,131,232,130,16,132,41,132,121,132,199,132,0,0,88,141,110,138,184,137,141,130,27,131,31,136,133,171
76,16,25,130,122,131,239,130,22,132,49,132,133,132,158,132,0,0,73,141,105,138,126,137,146,130,31,131,33,136,129,171
77,16,22,130,126,131,221,130,22,132,61,132,142,132,156,132,0,0,86,141,124,138,90,137,122,130,33,131,28,136,128,171
78,16,25,130,128,131,206,130,0,132,57,132,119,132,191,132,0,0,107,141,116,138,120,137,108,130,24,131,45,136,146,171
79,16,30,130,98,131,221,130,3,132,25,132,114,132,206,132,0,0,95,141,92,138,136,137,137,130,23,131,46,136,143,171
80,16,14,130,99,131,228,130,35,132,15,132,138,132,209,132,0,0,57,141,100,138,122,137,164,130,47,131,16,136,127,171
81,16,2,130,138,131,224,130,44,132,38,132,152,132,207,132,0,0,70,141,102,138,114,137,138,130,38,131,20,136,132,171
82,16,16,130,131,131,221,130,14,132,45,132,134,132,191,132,0,0,95,141,104,138,109,137,122,130,9,131,44,136,148,171
83,16,23,130,106,131,228,130,2,132,30,132,122,132,190,132,0,0,73,141,119,138,116,137,146,130,37,131,48,136,163,171
84,16,8,130,126,131,225,130,22,132,42,132,132,132,217,132,0,0,63,141,109,138,121,137,138,130,59,131,43,136,159,171
85,16,2,130,142,131,225,130,40,132,62,132,138,132,214,132,0,0,79,141,102,138,108,137,129,130,20,131,35,136,143,171
86,16,26,130,139,131,236,130,40,132,37,132,114,132,202,132,0,0,75,141,125,138,124,137,150,130,253,130,24,136,134,171
87,16,45,130,137,131,232,130,21,132,19,132,114,132,208,132,0,0,74,141,127,138,163,137,149,130,32,131,21,136,142,171
88,16,42,130,138,131,231,130,14,132,35,132,147,132,213,132,0,0,94,141,103,138,147,137,133,130,55,131,21,136,137,171
89,16,30,130,136,131,217,130,20,132,51,132,147,132,223,132,0,0,98,141,114,138,93,137,133,130,32,131,25,136,132,171
90,16,40,130,141,131,195,130,20,132,53,132,134,132,218,132,0,0,93,141,137,138,100,137,135,130,28,131,39,136,147,171
91,16,54,130,158,131,204,130,26,132,49,132,142,132,205,132,0,0,99,141,131,138,133,137,143,130,38,131,40,136,148,171
92,16,7,130,144,131,221,130,21,132,50,132,144,132,210,132,0,0,90,141,124,138,108,137,154,130,32,131,28,136,135,171
93,16,241,129,126,131,236,130,11,132,45,132,118,132,228,132,0,0,77,141,121,138,95,137,153,130,28,131,22,136,126,171
94,16,25,130,142,131,237,130,3,132,30,132,100,132,219,132,0,0,87,141,108,138,173,137,150,130,32,131,20,136,141,171
95,16,28,130,144,131,206,130,8,132,17,132,107,132,201,132,0,0,98,141,104,138,192,137,167,130,35,131,15,136,157,171
96,16,5,130,129,131,212,130,24,132,47,132,108,132,208,132,0,0,99,141,110,138,138,137,160,130,38,131,27,136,158,171
96,16,5,130,129,131,212,130,24,132,47,132,108,132,208,132,0,0,99,141,110,138,138,137,160,130,38,131,27,136,158,171
97,16,15,130,138,131,230,130,27,132,69,132,105,132,226,132,0,0,112,141,109,138,152,137,145,130,47,131,37,136,146,171
98,16,34,130,137,131,214,130,25,132,43,132,110,132,221,132,0,0,108,141,113,138,203,137,152,130,59,131,31,136,133,171
99,16,26,130,129,131,212,130,27,132,33,132,137,132,178,132,0,0,91,141,122,138,182,137,140,130,53,131,18,136,138,171
100,16,12,130,152,131,212,130,37,132,56,132,148,132,160,132,0,0,97,141,115,138,161,137,126,130,38,131,6,136,144,171
101,16,23,130,153,131,210,130,42,132,50,132,105,132,211,132,0,0,105,141,107,138,184,137,146,130,37,131,10,136,150,171
102,16,32,130,122,131,222,130,29,132,32,132,100,132,228,132,0,0,96,141,114,138,184,137,167,130,37,131,9,136,150,171
103,16,22,130,125,131,235,130,15,132,35,132,143,132,193,132,0,0,78,141,112,138,169,137,157,130,30,131,12,136,147,171
104,16,24,130,140,131,224,130,14,132,40,132,143,132,207,132,0,0,66,141,112,138,188,137,148,130,24,131,39,136,139,171
105,16,30,130,147,131,216,130,33,132,44,132,126,132,235,132,0,0,77,141,127,138,201,137,145,130,29,131,47,136,144,171
106,16,25,130,143,131,238,130,48,132,45,132,142,132,215,132,0,0,78,141,134,138,136,137,137,130,43,131,31,136,171,171
107,16,25,130,109,131,233,130,39,132,38,132,140,132,204,132,0,0,82,141,123,138,111,137,142,130,48,131,23,136,164,171
108,16,34,130,108,131,227,130,17,132,37,132,119,132,212,132,0,0,89,141,108,138,169,137,146,130,44,131,31,136,139,171
109,16,28,130,144,131,234,130,13,132,52,132,133,132,213,132,0,0,80,141,116,138,160,137,146,130,36,131,36,136,139,171
110,16,11,130,150,131,203,130,26,132,45,132,148,132,209,132,0,0,85,141,135,138,127,137,146,130,47,131,41,136,138,171
111,16,18,130,147,131,192,130,37,132,26,132,134,132,209,132,0,0,80,141,116,138,188,137,142,130,53,131,44,136,138,171
112,16,12,130,144,131,214,130,32,132,30,132,131,132,213,132,0,0,70,141,92,138,205,137,136,130,26,131,39,136,171,171
113,16,4,130,123,131,225,130,20,132,37,132,134,132,202,132,0,0,83,141,112,138,131,137,130,130,11,131,32,136,181,171
114,16,23,130,119,131,228,130,33,132,46,132,116,132,194,132,0,0,88,141,134,138,115,137,142,130,23,131,15,136,154,171
115,16,30,130,131,131,212,130,38,132,57,132,119,132,206,132,0,0,90,141,117,138,103,137,150,130,37,131,15,136,153,171
116,16,25,130,127,131,198,130,18,132,48,132,138,132,209,132,0,0,97,141,114,138,94,137,145,130,41,131,37,136,161,171
117,16,22,130,124,131,213,130,254,131,37,132,126,132,206,132,0,0,102,141,135,138,158,137,138,130,35,131,36,136,147,171
118,16,11,130,127,131,203,130,242,131,39,132,120,132,221,132,0,0,96,141,134,138,198,137,144,130,26,131,15,136,130,171
119,16,8,130,130,131,186,130,8,132,28,132,125,132,230,132,0,0,93,141,110,138,180,137,160,130,43,131,24,136,132,171
120,16,17,130,141,131,206,130,27,132,29,132,128,132,214,132,0,0,93,141,101,138,189,137,160,130,45,131,39,136,130,171
121,16,23,130,157,131,221,130,14,132,59,132,134,132,201,132,0,0,78,141,119,138,188,137,153,130,21,131,24,136,114,171
122,16,14,130,143,131,208,130,7,132,63,132,130,132,199,132,0,0,63,141,124,138,154,137,140,130,19,131,30,136,123,171
123,16,14,130,117,131,213,130,29,132,46,132,122,132,189,132,0,0,68,141,101,138,176,137,122,130,35,131,52,136,147,171
124,16,27,130,113,131,237,130,25,132,47,132,128,132,184,132,0,0,84,141,101,138,182,137,121,130,48,131,44,136,150,171
125,16,14,130,144,131,217,130,253,131,56,132,140,132,209,132,0,0,88,141,117,138,147,137,134,130,61,131,37,136,145,171
126,16,1,130,159,131,197,130,20,132,55,132,150,132,221,132,0,0,82,141,115,138,155,137,147,130,43,131,33,136,147,171
127,16,15,130,104,131,218,130,39,132,35,132,148,132,180,132,77,0,88,141,112,138,191,137,148,130,16,131,26,136,137,171
0,16,11,130,68,131,215,130,11,132,35,132,136,132,166,132,0,0,89,141,122,138,186,137,148,130,33,131,43,136,120,171
1,16,16,130,121,131,206,130,4,132,50,132,125,132,193,132,0,0,83,141,116,138,133,137,157,130,46,131,46,136,128,171
2,16,33,130,154,131,213,130,17,132,42,132,120,132,204,132,0,0,80,141,110,138,119,137,160,130,29,131,26,136,155,171
3,16,19,130,116,131,187,130,12,132,27,132,118,132,204,132,0,0,90,141,118,138,183,137,158,130,35,131,25,136,166,171
4,16,10,130,122,131,173,130,10,132,22,132,125,132,223,132,0,0,90,141,122,138,220,137,148,130,56,131,31,136,146,171
5,16,23,130,158,131,217,130,9,132,35,132,142,132,233,132,0,0,68,141,125,138,177,137,144,130,39,131,21,136,121,171
6,16,29,130,137,131,0,131,1,132,52,132,144,132,216,132,0,0,54,141,125,138,168,137,153,130,11,131,13,136,127,171
7,16,25,130,113,131,235,130,7,132,46,132,133,132,211,132,0,0,73,141,116,138,191,137,150,130,23,131,17,136,137,171
8,16,28,130,131,131,213,130,34,132,35,132,127,132,207,132,0,0,110,141,116,138,179,137,143,130,35,131,34,136,123,171
9,16,28,130,154,131,229,130,52,132,37,132,140,132,206,132,0,0,108,141,125,138,178,137,149,130,39,131,53,136,129,171
10,16,255,129,137,131,237,130,22,132,52,132,145,132,203,132,0,0,89,141,119,138,187,137,148,130,39,131,47,136,148,171
11,16,253,129,115,131,236,130,246,131,63,132,123,132,198,132,0,0,86,141,109,138,192,137,143,130,27,131,33,136,137,171
12,16,27,130,136,131,217,130,249,131,58,132,117,132,210,132,0,0,93,141,115,138,185,137,147,130,19,131,20,136,123,171
13,16,27,130,150,131,195,130,7,132,40,132,126,132,210,132,0,0,97,141,114,138,174,137,144,130,25,131,20,136,136,171
14,16,14,130,139,131,231,130,10,132,32,132,117,132,188,132,0,0,89,141,114,138,195,137,125,130,25,131,48,136,143,171
15,16,2,130,136,131,245,130,16,132,32,132,119,132,192,132,0,0,100,141,122,138,180,137,126,130,9,131,41,136,122,171
16,16,12,130,145,131,201,130,30,132,27,132,139,132,206,132,0,0,88,141,115,138,107,137,151,130,25,131,25,136,131,171
17,16,37,130,149,131,206,130,26,132,31,132,146,132,175,132,0,0,63,141,111,138,138,137,155,130,53,131,43,136,159,171
18,16,28,130,144,131,229,130,13,132,43,132,133,132,163,132,0,0,77,141,121,138,214,137,140,130,37,131,44,136,141,171
19,16,25,130,132,131,219,130,23,132,48,132,115,132,195,132,0,0,85,141,121,138,151,137,139,130,22,131,29,136,118,171
20,16,33,130,98,131,219,130,33,132,46,132,126,132,206,132,0,0,78,141,108,138,110,137,147,130,32,131,28,136,127,171
21,16,30,130,101,131,249,130,21,132,47,132,144,132,192,132,0,0,75,141,108,138,177,137,154,130,49,131,31,136,146,171
22,16,32,130,144,131,0,131,15,132,55,132,123,132,199,132,0,0,66,141,125,138,186,137,157,130,43,131,27,136,147,171
23,16,28,130,151,131,212,130,5,132,55,132,103,132,203,132,0,0,68,141,137,138,166,137,150,130,35,131,33,136,134,171
24,16,14,130,134,131,217,130,248,131,43,132,113,132,199,132,0,0,90,141,133,138,170,137,143,130,33,131,39,136,129,171
25,16,21,130,133,131,247,130,11,132,36,132,115,132,208,132,0,0,101,141,126,138,145,137,147,130,23,131,23,136,130,171
26,16,37,130,147,131,226,130,28,132,50,132,120,132,201,132,0,0,91,141,122,138,148,137,144,130,27,131,17,136,139,171
27,16,43,130,120,131,210,130,10,132,57,132,133,132,176,132,0,0,79,141,114,138,211,137,135,130,27,131,30,136,148,171
28,16,33,130,94,131,222,130,8,132,20,132,129,132,183,132,0,0,77,141,114,138,191,137,132,130,28,131,27,136,149,171
29,16,19,130,114,131,230,130,38,132,253,131,127,132,213,132,0,0,78,141,115,138,104,137,125,130,41,131,24,136,132,171
30,16,19,130,136,131,215,130,36,132,31,132,131,132,221,132,0,0,82,141,113,138,133,137,127,130,35,131,33,136,124,171
31,16,21,130,157,131,217,130,254,131,53,132,132,132,215,132,0,0,88,141,134,138,197,137,136,130,31,131,35,136,138,171
32,16,30,130,158,131,248,130,250,131,31,132,116,132,205,132,0,0,80,141,139,138,148,137,134,130,43,131,47,136,132,171
33,16,29,130,137,131,244,130,15,132,31,132,118,132,185,132,0,0,71,141,119,138,129,137,133,130,34,131,53,136,121,171
34,16,21,130,128,131,222,130,18,132,53,132,135,132,186,132,0,0,82,141,115,138,192,137,148,130,25,131,36,136,136,171
35,16,16,130,138,131,219,130,12,132,46,132,134,132,203,132,0,0,104,141,111,138,157,137,163,130,50,131,36,136,141,171
36,16,1,130,127,131,217,130,31,132,30,132,123,132,196,132,0,0,107,141,115,138,83,137,157,130,51,131,52,136,124,171
37,16,3,130,122,131,227,130,44,132,34,132,96,132,186,132,0,0,94,141,123,138,99,137,160,130,35,131,38,136,132,171
38,16,18,130,143,131,225,130,18,132,42,132,103,132,213,132,0,0,105,141,124,138,123,137,159,130,43,131,34,136,141,171
39,16,19,130,145,131,216,130,11,132,37,132,127,132,208,132,0,0,118,141,117,138,160,137,136,130,32,131,52,136,128,171
40,16,17,130,144,131,224,130,36,132,36,132,125,132,179,132,0,0,105,141,117,138,195,137,125,130,20,131,41,136,136,171
41,16,22,130,145,131,221,130,36,132,49,132,124,132,191,132,0,0,93,141,129,138,174,137,147,130,24,131,12,136,131,171
42,16,21,130,134,131,224,130,22,132,45,132,143,132,203,132,0,0,80,141,133,138,172,137,154,130,22,131,31,136,111,171
43,16,17,130,118,131,238,130,10,132,34,132,139,132,199,132,0,0,73,141,129,138,185,137,126,130,20,131,65,136,126,171
44,16,22,130,136,131,227,130,0,132,41,132,121,132,202,132,0,0,86,141,119,138,173,137,136,130,32,131,44,136,135,171
45,16,16,130,153,131,204,130,18,132,35,132,133,132,190,132,0,0,84,141,120,138,173,137,154,130,34,131,22,136,122,171
46,16,6,130,120,131,202,130,32,132,24,132,152,132,187,132,0,0,60,141,135,138,175,137,132,130,24,131,35,136,136,171
47,16,28,130,130,131,226,130,10,132,48,132,149,132,219,132,0,0,59,141,131,138,173,137,136,130,39,131,31,136,143,171
48,16,43,130,152,131,244,130,11,132,54,132,130,132,221,132,0,0,87,141,118,138,174,137,151,130,40,131,9,136,128,171
49,16,20,130,109,131,231,130,48,132,13,132,124,132,192,132,0,0,90,141,121,138,172,137,140,130,21,131,10,136,145,171
50,16,22,130,104,131,232,130,42,132,16,132,139,132,192,132,0,0,66,141,129,138,177,137,137,130,28,131,18,136,150,171
51,16,33,130,156,131,230,130,253,131,63,132,142,132,221,132,0,0,76,141,122,138,181,137,150,130,27,131,29,136,128,171
52,16,31,130,152,131,223,130,244,131,62,132,120,132,229,132,0,0,89,141,110,138,167,137,145,130,9,131,41,136,128,171
53,16,29,130,115,131,226,130,6,132,27,132,115,132,212,132,0,0,78,141,114,138,182,137,145,130,14,131,46,136,143,171
54,16,25,130,132,131,209,130,4,132,32,132,144,132,217,132,0,0,80,141,117,138,193,137,151,130,35,131,50,136,140,171
55,16,23,130,148,131,204,130,0,132,47,132,144,132,217,132,0,0,90,141,100,138,139,137,146,130,34,131,45,136,131,171
56,16,7,130,123,131,216,130,21,132,39,132,123,132,207,132,0,0,99,141,102,138,100,137,147,130,18,131,34,136,127,171
57,16,14,130,111,131,223,130,38,132,29,132,122,132,199,132,0,0,99,141,122,138,103,137,158,130,25,131,36,136,131,171
58,16,33,130,99,131,217,130,28,132,43,132,128,132,172,132,0,0,75,141,117,138,107,137,150,130,45,131,51,136,134,171
59,16,16,130,88,131,214,130,16,132,54,132,117,132,169,132,0,0,69,141,110,138,146,137,147,130,40,131,50,136,127,171
60,16,4,130,121,131,225,130,10,132,49,132,96,132,208,132,0,0,97,141,118,138,203,137,154,130,15,131,37,136,136,171
61,16,21,130,167,131,217,130,2,132,39,132,94,132,202,132,0,0,98,141,110,138,201,137,150,130,11,131,39,136,137,171
62,16,23,130,149,131,208,130,11,132,31,132,112,132,163,132,0,0,88,141,97,138,171,137,148,130,14,131,47,136,126,171
63,16,2,130,114,131,221,130,23,132,38,132,121,132,193,132,0,0,95,141,116,138,180,137,143,130,11,131,36,136,137,171
64,16,254,129,133,131,216,130,4,132,47,132,107,132,214,132,0,0,99,141,127,138,199,137,133,130,27,131,26,136,135,171
65,16,21,130,146,131,211,130,6,132,32,132,106,132,194,132,0,0,102,141,100,138,173,137,143,130,42,131,44,136,120,171
66,16,24,130,130,131,213,130,16,132,25,132,135,132,205,132,0,0,104,141,101,138,115,137,154,130,38,131,45,136,132,171
67,16,10,130,119,131,206,130,18,132,44,132,141,132,206,132,0,0,89,141,133,138,87,137,139,130,49,131,33,136,149,171
68,16,28,130,141,131,222,130,46,132,61,132,119,132,197,132,0,0,82,141,133,138,132,137,133,130,53,131,49,136,136,171
69,16,27,130,162,131,248,130,47,132,47,132,121,132,206,132,0,0,102,141,108,138,189,137,140,130,25,131,61,136,129,171
70,16,7,130,136,131,243,130,28,132,30,132,147,132,205,132,0,0,90,141,100,138,159,137,137,130,28,131,49,136,138,171
71,16,13,130,126,131,208,130,23,132,35,132,141,132,197,132,0,0,66,141,120,138,100,137,154,130,45,131,31,136,141,171
72,16,9,130,152,131,186,130,17,132,70,132,110,132,193,132,0,0,79,141,128,138,97,137,165,130,20,131,24,136,134,171
73,16,18,130,138,131,196,130,9,132,75,132,108,132,193,132,0,0,74,141,114,138,123,137,150,130,16,131,30,136,120,171
74,16,31,130,91,131,198,130,14,132,38,132,138,132,206,132,0,0,61,141,113,138,105,137,146,130,39,131,44,136,137,171
75,16,9,130,98,131,201,130,24,132,31,132,145,132,213,132,0,0,76,141,114,138,82,137,156,130,36,131,55,136,161,171
76,16,4,130,139,131,213,130,24,132,39,132,126,132,211,132,0,0,100,141,103,138,155,137,155,130,33,131,48,136,145,171
77,16,25,130,151,131,208,130,7,132,27,132,127,132,213,132,0,0,95,141,111,138,197,137,150,130,36,131,25,136,127,171
78,16,27,130,150,131,213,130,12,132,36,132,132,132,192,132,0,0,78,141,124,138,153,137,142,130,29,131,8,136,132,171
79,16,15,130,142,131,203,130,29,132,32,132,120,132,187,132,0,0,95,141,117,138,155,137,138,130,42,131,14,136,132,171
80,16,31,130,128,131,186,130,26,132,247,131,128,132,216,132,0,0,104,141,125,138,183,137,135,130,48,131,32,136,126,171
81,16,32,130,128,131,212,130,21,132,25,132,150,132,220,132,0,0,86,141,143,138,172,137,121,130,21,131,30,136,134,171
82,16,3,130,133,131,226,130,22,132,108,132,156,132,218,132,0,0,79,141,127,138,141,137,123,130,23,131,17,136,132,171
83,16,5,130,127,131,212,130,29,132,108,132,139,132,233,132,0,0,84,141,100,138,115,137,150,130,46,131,21,136,128,171
84,16,25,130,125,131,210,130,24,132,65,132,131,132,226,132,0,0,87,141,117,138,136,137,157,130,29,131,20,136,128,171
85,16,8,130,131,131,216,130,4,132,48,132,145,132,206,132,0,0,91,141,127,138,190,137,153,130,21,131,21,136,115,171
86,16,249,129,143,131,221,130,247,131,41,132,148,132,202,132,0,0,92,141,109,138,157,137,162,130,29,131,42,136,132,171
87,16,20,130,129,131,218,130,17,132,43,132,125,132,193,132,0,0,79,141,133,138,87,137,149,130,20,131,50,136,165,171
88,16,45,130,119,131,200,130,56,132,46,132,118,132,192,132,0,0,68,141,146,138,95,137,133,130,40,131,35,136,159,171
89,16,29,130,148,131,194,130,45,132,37,132,134,132,202,132,0,0,94,141,120,138,123,137,136,130,62,131,18,136,137,171
90,16,11,130,156,131,207,130,27,132,48,132,133,132,196,132,0,0,106,141,128,138,164,137,135,130,37,131,15,136,130,171
91,16,0,130,134,131,197,130,41,132,63,132,117,132,205,132,0,0,67,141,147,138,198,137,141,130,21,131,23,136,127,171
92,16,228,129,133,131,189,130,44,132,49,132,134,132,210,132,0,0,80,141,124,138,181,137,153,130,29,131,35,136,117,171
93,16,249,129,147,131,219,130,24,132,41,132,155,132,191,132,0,0,117,141,110,138,179,137,158,130,27,131,41,136,119,171
94,16,37,130,153,131,218,130,6,132,37,132,146,132,193,132,0,0,85,141,121,138,184,137,154,130,28,131,44,136,130,171
95,16,21,130,148,131,185,130,1,132,28,132,137,132,217,132,0,0,82,141,118,138,180,137,144,130,26,131,43,136,132,171
96,16,2,130,130,131,212,130,254,131,34,132,132,132,212,132,0,0,115,141,117,138,186,137,140,130,22,131,53,136,135,171
97,16,6,130,107,131,215,130,251,131,52,132,128,132,195,132,0,0,101,141,123,138,175,137,137,130,32,131,44,136,143,171
98,16,4,130,118,131,197,130,254,131,50,132,136,132,185,132,0,0,77,141,121,138,152,137,148,130,23,131,8,136,152,171
99,16,19,130,121,131,229,130,5,132,52,132,135,132,202,132,0,0,91,141,122,138,177,137,150,130,8,131,5,136,144,171
100,16,33,130,95,131,217,130,17,132,70,132,127,132,220,132,0,0,99,141,126,138,194,137,141,130,31,131,28,136,131,171
101,16,34,130,118,131,201,130,32,132,60,132,133,132,197,132,0,0,82,141,118,138,136,137,144,130,42,131,45,136,126,171
102,16,27,130,151,131,231,130,27,132,37,132,149,132,183,132,0,0,81,141,114,138,130,137,151,130,22,131,44,136,123,171
103,16,15,130,130,131,213,130,24,132,42,132,141,132,202,132,0,0,88,141,127,138,199,137,138,130,25,131,30,136,135,171
104,16,14,130,115,131,181,130,27,132,57,132,128,132,210,132,0,0,90,141,119,138,167,137,122,130,29,131,25,136,147,171
105,16,14,130,129,131,196,130,17,132,38,132,128,132,198,132,0,0,93,141,114,138,81,137,130,130,20,131,12,136,134,171
106,16,18,130,139,131,219,130,36,132,20,132,122,132,192,132,0,0,75,141,143,138,87,137,147,130,36,131,20,136,119,171
107,16,22,130,119,131,198,130,47,132,34,132,119,132,198,132,0,0,51,141,145,138,118,137,161,130,34,131,38,136,128,171
108,16,20,130,135,131,189,130,11,132,53,132,133,132,202,132,0,0,67,141,119,138,101,137,163,130,10,131,31,136,143,171
109,16,17,130,148,131,239,130,4,132,52,132,142,132,204,132,0,0,92,141,126,138,89,137,151,130,16,131,22,136,143,171
110,16,7,130,109,131,240,130,30,132,35,132,139,132,191,132,0,0,77,141,128,138,124,137,156,130,22,131,29,136,130,171
111,16,13,130,115,131,208,130,6,132,38,132,132,132,171,132,0,0,66,141,107,138,181,137,163,130,21,131,20,136,124,171
112,16,21,130,160,131,205,130,234,131,45,132,133,132,199,132,0,0,82,141,116,138,193,137,143,130,28,131,8,136,137,171
113,16,5,130,153,131,197,130,31,132,40,132,144,132,237,132,0,0,80,141,130,138,161,137,122,130,34,131,31,136,135,171
114,16,6,130,119,131,198,130,78,132,35,132,138,132,210,132,0,0,66,141,118,138,166,137,131,130,39,131,58,136,122,171
115,16,36,130,113,131,219,130,35,132,34,132,122,132,196,132,0,0,86,141,107,138,200,137,142,130,32,131,39,136,130,171
116,16,42,130,120,131,231,130,239,131,57,132,116,132,212,132,0,0,91,141,109,138,175,137,146,130,34,131,3,136,141,171
117,16,23,130,129,131,211,130,250,131,80,132,123,132,198,132,0,0,79,141,106,138,142,137,145,130,47,131,5,136,136,171
118,16,7,130,129,131,194,130,16,132,60,132,132,132,203,132,0,0,102,141,115,138,159,137,135,130,32,131,21,136,124,171
119,16,21,130,131,131,203,130,21,132,24,132,120,132,209,132,0,0,108,141,123,138,186,137,143,130,13,131,36,136,121,171
120,16,26,130,155,131,197,130,10,132,43,132,120,132,173,132,0,0,78,141,115,138,181,137,150,130,23,131,52,136,123,171
121,16,8,130,147,131,185,130,249,131,74,132,133,132,169,132,0,0,76,141,116,138,140,137,140,130,40,131,49,136,135,171
122,16,11,130,94,131,197,130,8,132,42,132,135,132,206,132,0,0,84,141,126,138,143,137,132,130,48,131,36,136,138,171
123,16,13,130,85,131,200,130,12,132,11,132,141,132,210,132,0,0,73,141,119,138,195,137,113,130,47,131,30,136,120,171
124,16,11,130,138,131,192,130,2,132,27,132,132,132,177,132,0,0,68,141,101,138,182,137,101,130,28,131,17,136,129,171
125,16,19,130,152,131,208,130,12,132,55,132,118,132,169,132,0,0,69,141,99,138,131,137,133,130,22,131,7,136,159,171
126,16,19,130,129,131,213,130,14,132,59,132,133,132,208,132,0,0,82,141,112,138,161,137,166,130,35,131,37,136,153,171
127,16,19,130,149,131,206,130,13,132,48,132,139,132,239,132,77,0,107,141,127,138,203,137,149,130,38,131,48,136,134,171
0,16,26,130,157,131,197,130,11,132,39,132,118,132,205,132,0,0,115,141,131,138,184,137,124,130,21,131,26,136,137,171
1,16,35,130,115,131,205,130,5,132,40,132,123,132,184,132,0,0,100,141,122,138,162,137,137,130,5,131,26,136,140,171
2,16,16,130,114,131,217,130,22,132,56,132,151,132,207,132,0,0,87,141,104,138,131,137,153,130,14,131,37,136,134,171
3,16,7,130,130,131,220,130,44,132,59,132,148,132,203,132,0,0,80,141,101,138,87,137,135,130,30,131,31,136,128,171
4,16,34,130,115,131,213,130,26,132,47,132,119,132,197,132,0,0,82,141,117,138,114,137,109,130,29,131,15,136,135,171
5,16,26,130,124,131,182,130,242,131,41,132,120,132,207,132,0,0,102,141,124,138,173,137,113,130,29,131,18,136,139,171
6,16,0,130,157,131,191,130,248,131,43,132,146,132,205,132,0,0,83,141,111,138,172,137,135,130,52,131,33,136,137,171
7,16,24,130,166,131,215,130,10,132,51,132,142,132,209,132,0,0,67,141,114,138,126,137,146,130,52,131,34,136,131,171
8,16,41,130,136,131,188,130,255,131,49,132,113,132,224,132,0,0,106,141,137,138,91,137,157,130,33,131,32,136,122,171
9,16,11,130,120,131,182,130,246,131,35,132,107,132,190,132,0,0,112,141,132,138,123,137,151,130,47,131,31,136,125,171
10,16,244,129,136,131,218,130,2,132,30,132,128,132,152,132,0,0,88,141,123,138,191,137,138,130,72,131,22,136,129,171
11,16,8,130,146,131,227,130,21,132,38,132,145,132,179,132,0,0,79,141,127,138,191,137,141,130,52,131,28,136,130,171
12,16,18,130,125,131,198,130,23,132,41,132,136,132,179,132,0,0,66,141,127,138,127,137,139,130,17,131,49,136,119,171
13,16,252,129,112,131,185,130,33,132,50,132,129,132,157,132,0,0,58,141,129,138,88,137,134,130,30,131,42,136,106,171
14,16,249,129,139,131,194,130,48,132,48,132,139,132,192,132,0,0,71,141,119,138,99,137,149,130,51,131,35,136,106,171
15,16,8,130,164,131,181,130,24,132,29,132,150,132,226,132,0,0,86,141,107,138,149,137,146,130,29,131,42,136,122,171
16,16,15,130,137,131,169,130,255,131,29,132,143,132,204,132,0,0,95,141,116,138,190,137,129,130,7,131,28,136,139,171
17,16,25,130,109,131,210,130,5,132,44,132,132,132,182,132,0,0,112,141,127,138,152,137,137,130,20,131,13,136,146,171
18,16,30,130,136,131,223,130,13,132,43,132,147,132,188,132,0,0,115,141,115,138,93,137,148,130,31,131,23,136,137,171
19,16,37,130,164,131,203,130,12,132,28,132,146,132,204,132,0,0,93,141,108,138,98,137,137,130,23,131,42,136,130,171
20,16,26,130,136,131,199,130,13,132,24,132,130,132,202,132,0,0,94,141,111,138,137,137,141,130,19,131,49,136,143,171
21,16,0,130,106,131,191,130,10,132,39,132,128,132,185,132,0,0,104,141,119,138,151,137,157,130,24,131,16,136,138,171
22,16,10,130,123,131,200,130,12,132,47,132,131,132,199,132,0,0,94,141,131,138,132,137,160,130,20,131,242,135,120,171
23,16,22,130,149,131,201,130,24,132,34,132,139,132,224,132,0,0,87,141,132,138,97,137,156,130,22,131,253,135,124,171
24,16,18,130,139,131,203,130,12,132,24,132,132,132,217,132,0,0,82,141,117,138,115,137,160,130,45,131,14,136,113,171
25,16,22,130,133,131,222,130,248,131,51,132,127,132,221,132,0,0,79,141,102,138,172,137,165,130,46,131,15,136,111,171
26,16,22,130,137,131,212,130,30,132,77,132,148,132,235,132,0,0,98,141,110,138,197,137,145,130,24,131,25,136,141,171
27,16,28,130,135,131,209,130,63,132,48,132,152,132,227,132,0,0,101,141,110,138,176,137,120,130,20,131,46,136,149,171
28,16,24,130,138,131,231,130,32,132,37,132,131,132,203,132,0,0,81,141,108,138,106,137,129,130,30,131,42,136,133,171
29,16,6,130,144,131,240,130,13,132,66,132,127,132,186,132,0,0,74,141,117,138,92,137,136,130,44,131,33,136,140,171
30,16,6,130,137,131,210,130,16,132,55,132,127,132,201,132,0,0,78,141,115,138,160,137,123,130,45,131,29,136,139,171
31,16,21,130,128,131,183,130,3,132,35,132,133,132,227,132,0,0,87,141,120,138,159,137,137,130,21,131,18,136,136,171
32,16,24,130,132,131,207,130,30,132,42,132,151,132,209,132,0,0,98,141,138,138,115,137,168,130,7,131,24,136,165,171
33,16,14,130,129,131,211,130,64,132,42,132,142,132,181,132,0,0,110,141,145,138,109,137,152,130,18,131,37,136,164,171
34,16,4,130,126,131,199,130,28,132,47,132,123,132,190,132,0,0,99,141,124,138,107,137,124,130,25,131,40,136,143,171
35,16,1,130,127,131,224,130,254,131,53,132,145,132,202,132,0,0,91,141,111,138,135,137,135,130,26,131,40,136,145,171
36,16,17,130,119,131,233,130,19,132,48,132,145,132,180,132,0,0,117,141,123,138,188,137,150,130,29,131,37,136,147,171
37,16,34,130,146,131,207,130,21,132,50,132,114,132,167,132,0,0,107,141,121,138,163,137,145,130,30,131,30,136,146,171
38,16,25,130,165,131,186,130,7,132,41,132,123,132,197,132,0,0,80,141,113,138,91,137,131,130,25,131,32,136,148,171
39,16,16,130,139,131,185,130,7,132,24,132,137,132,214,132,0,0,96,141,116,138,103,137,121,130,32,131,33,136,140,171
40,16,23,130,125,131,194,130,14,132,30,132,110,132,184,132,0,0,110,141,118,138,135,137,122,130,42,131,23,136,133,171
41,16,13,130,135,131,184,130,11,132,44,132,115,132,173,132,0,0,103,141,121,138,115,137,138,130,41,131,24,136,132,171
42,16,5,130,132,131,191,130,15,132,40,132,150,132,194,132,0,0,104,141,121,138,87,137,151,130,29,131,29,136,118,171
43,16,14,130,115,131,225,130,20,132,35,132,134,132,201,132,0,0,85,141,120,138,128,137,143,130,8,131,24,136,122,171
44,16,22,130,122,131,212,130,9,132,32,132,109,132,200,132,0,0,76,141,115,138,194,137,132,130,12,131,25,136,147,171
45,16,37,130,142,131,172,130,5,132,34,132,127,132,204,132,0,0,83,141,115,138,158,137,144,130,58,131,39,136,137,171
46,16,21,130,144,131,179,130,23,132,51,132,134,132,199,132,0,0,68,141,118,138,84,137,157,130,62,131,33,136,114,171
47,16,5,130,139,131,215,130,42,132,60,132,138,132,198,132,0,0,63,141,111,138,100,137,160,130,24,131,25,136,132,171
48,16,32,130,140,131,205,130,27,132,54,132,154,132,211,132,0,0,82,141,110,138,177,137,149,130,28,131,37,136,155,171
49,16,28,130,149,131,177,130,18,132,38,132,155,132,195,132,0,0,89,141,123,138,213,137,141,130,51,131,38,136,137,171
50,16,255,129,149,131,214,130,35,132,36,132,162,132,186,132,0,0,103,141,118,138,144,137,149,130,53,131,26,136,129,171
51,16,2,130,143,131,224,130,19,132,48,132,164,132,214,132,0,0,110,141,111,138,99,137,141,130,45,131,24,136,138,171
52,16,16,130,157,131,178,130,18,132,47,132,145,132,208,132,0,0,96,141,122,138,164,137,145,130,30,131,28,136,129,171
53,16,26,130,171,131,192,130,34,132,39,132,134,132,189,132,0,0,114,141,123,138,201,137,154,130,22,131,44,136,123,171
54,16,44,130,144,131,236,130,12,132,44,132,151,132,218,132,0,0,132,141,122,138,160,137,154,130,21,131,53,136,118,171
55,16,55,130,122,131,209,130,253,131,51,132,146,132,227,132,0,0,92,141,124,138,169,137,162,130,11,131,41,136,130,171
56,16,31,130,139,131,175,130,1,132,45,132,133,132,192,132,0,0,81,141,126,138,204,137,155,130,19,131,30,136,142,171
57,16,8,130,149,131,213,130,248,131,42,132,129,132,198,132,0,0,97,141,125,138,147,137,136,130,53,131,29,136,130,171
58,16,11,130,118,131,242,130,2,132,48,132,119,132,226,132,0,0,87,141,116,138,109,137,133,130,55,131,29,136,124,171
59,16,8,130,95,131,209,130,20,132,42,132,143,132,223,132,0,0,99,141,105,138,162,137,142,130,29,131,28,136,148,171
60,16,14,130,116,131,201,130,15,132,33,132,153,132,202,132,0,0,111,141,103,138,198,137,141,130,22,131,25,136,150,171
61,16,19,130,134,131,233,130,10,132,30,132,128,132,187,132,0,0,89,141,111,138,183,137,139,130,22,131,27,136,130,171
62,16,10,130,121,131,237,130,9,132,39,132,132,132,192,132,0,0,85,141,106,138,162,137,142,130,26,131,32,136,136,171
63,16,12,130,109,131,217,130,13,132,39,132,148,132,188,132,0,0,88,141,110,138,139,137,145,130,43,131,27,136,151,171
64,16,31,130,111,131,186,130,27,132,22,132,149,132,179,132,0,0,96,141,120,138,89,137,140,130,48,131,27,136,144,171
65,16,36,130,120,131,188,130,38,132,22,132,137,132,192,132,0,0,104,141,130,138,104,137,126,130,34,131,35,136,131,171
66,16,13,130,132,131,214,130,26,132,45,132,133,132,226,132,0,0,93,141,138,138,184,137,137,130,31,131,35,136,117,171
67,16,7,130,138,131,200,130,7,132,52,132,118,132,223,132,0,0,99,141,123,138,184,137,153,130,47,131,32,136,133,171
68,16,28,130,119,131,200,130,12,132,39,132,105,132,195,132,0,0,108,141,107,138,123,137,160,130,47,131,31,136,153,171
69,16,16,130,100,131,214,130,22,132,45,132,126,132,212,132,0,0,91,141,125,138,136,137,161,130,29,131,26,136,132,171
70,16,255,129,115,131,202,130,34,132,47,132,145,132,224,132,0,0,72,141,135,138,201,137,150,130,22,131,25,136,129,171
71,16,19,130,136,131,195,130,36,132,23,132,130,132,201,132,0,0,79,141,105,138,195,137,137,130,38,131,31,136,149,171
72,16,23,130,136,131,208,130,14,132,25,132,129,132,192,132,0,0,81,141,93,138,174,137,144,130,52,131,29,136,123,171
73,16,255,129,140,131,205,130,0,132,41,132,153,132,202,132,0,0,78,141,119,138,187,137,141,130,42,131,32,136,110,171
74,16,245,129,138,131,189,130,6,132,34,132,155,132,194,132,0,0,106,141,118,138,181,137,125,130,26,131,31,136,141,171
75,16,1,130,138,131,201,130,15,132,37,132,145,132,200,132,0,0,111,141,108,138,181,137,132,130,31,131,18,136,139,171
76,16,20,130,137,131,229,130,8,132,54,132,137,132,221,132,0,0,70,141,123,138,193,137,152,130,48,131,12,136,106,171
77,16,23,130,119,131,213,130,12,132,55,132,137,132,203,132,0,0,60,141,126,138,190,137,121,130,44,131,17,136,107,171
78,16,32,130,134,131,192,130,38,132,40,132,139,132,188,132,0,0,91,141,117,138,178,137,90,130,28,131,4,136,134,171
79,16,33,130,169,131,199,130,39,132,25,132,136,132,205,132,0,0,99,141,123,138,193,137,126,130,12,131,233,135,141,171
80,16,9,130,146,131,213,130,14,132,31,132,136,132,220,132,0,0,91,141,124,138,197,137,147,130,24,131,255,135,137,171
81,16,6,130,123,131,223,130,8,132,48,132,139,132,215,132,0,0,107,141,112,138,139,137,123,130,55,131,32,136,127,171
82,16,19,130,136,131,221,130,19,132,44,132,141,132,203,132,0,0,113,141,123,138,131,137,136,130,47,131,17,136,109,171
83,16,17,130,129,131,221,130,12,132,27,132,132,132,198,132,0,0,74,141,137,138,184,137,170,130,24,131,3,136,112,171
84,16,14,130,126,131,220,130,253,131,28,132,131,132,192,132,0,0,56,141,135,138,195,137,142,130,29,131,26,136,136,171
85,16,34,130,143,131,215,130,11,132,31,132,144,132,210,132,0,0,86,141,131,138,175,137,115,130,40,131,36,136,136,171
86,16,58,130,143,131,237,130,35,132,33,132,140,132,235,132,0,0,96,141,117,138,191,137,149,130,30,131,18,136,117,171
87,16,25,130,130,131,211,130,29,132,53,132,138,132,227,132,0,0,82,141,107,138,194,137,166,130,25,131,13,136,123,171
88,16,245,129,118,131,179,130,36,132,57,132,143,132,192,132,0,0,84,141,115,138,123,137,160,130,32,131,17,136,136,171
89,16,5,130,126,131,200,130,53,132,41,132,141,132,189,132,0,0,87,141,116,138,123,137,164,130,38,131,19,136,128,171
90,16,27,130,144,131,209,130,21,132,40,132,141,132,200,132,0,0,78,141,109,138,178,137,173,130,43,131,35,136,123,171
91,16,36,130,129,131,202,130,1,132,45,132,135,132,190,132,0,0,88,141,114,138,152,137,168,130,25,131,51,136,135,171
92,16,31,130,107,131,207,130,23,132,37,132,124,132,204,132,0,0,103,141,130,138,114,137,141,130,9,131,45,136,131,171
93,16,15,130,139,131,219,130,20,132,32,132,119,132,218,132,0,0,93,141,133,138,176,137,122,130,34,131,38,136,123,171
94,16,26,130,157,131,220,130,3,132,32,132,122,132,213,132,0,0,106,141,120,138,208,137,138,130,49,131,54,136,137,171
95,16,27,130,132,131,215,130,11,132,55,132,132,132,224,132,0,0,133,141,105,138,152,137,164,130,21,131,60,136,137,171
96,16,16,130,127,131,223,130,25,132,81,132,142,132,237,132,0,0,107,141,90,138,167,137,165,130,4,131,32,136,118,171
97,16,15,130,132,131,217,130,6,132,50,132,131,132,218,132,0,0,66,141,110,138,197,137,149,130,10,131,254,135,109,171
98,16,22,130,133,131,205,130,248,131,41,132,119,132,187,132,0,0,73,141,125,138,124,137,140,130,29,131,252,135,111,171
99,16,24,130,159,131,221,130,4,132,87,132,130,132,197,132,0,0,86,141,107,138,107,137,144,130,47,131,16,136,131,171
100,16,9,130,167,131,205,130,4,132,71,132,134,132,219,132,0,0,82,141,115,138,182,137,149,130,22,131,11,136,137,171
101,16,15,130,117,131,174,130,17,132,38,132,137,132,224,132,0,0,82,141,137,138,158,137,144,130,9,131,2,136,106,171
102,16,21,130,99,131,191,130,37,132,72,132,152,132,224,132,0,0,91,141,121,138,131,137,138,130,23,131,19,136,107,171
103,16,7,130,140,131,218,130,24,132,91,132,140,132,225,132,0,0,95,141,108,138,184,137,142,130,26,131,12,136,136,171
104,16,16,130,118,131,224,130,14,132,47,132,116,132,217,132,0,0,82,141,123,138,167,137,145,130,41,131,4,136,130,171
105,16,26,130,63,131,206,130,15,132,27,132,133,132,207,132,0,0,88,141,115,138,122,137,146,130,63,131,19,136,115,171
106,16,26,130,90,131,201,130,2,132,48,132,148,132,202,132,0,0,103,141,89,138,138,137,152,130,42,131,9,136,125,171
107,16,36,130,124,131,204,130,251,131,34,132,143,132,203,132,0,0,94,141,111,138,152,137,146,130,20,131,249,135,131,171
108,16,40,130,102,131,198,130,8,132,18,132,154,132,217,132,0,0,78,141,149,138,132,137,144,130,40,131,18,136,129,171
109,16,35,130,123,131,213,130,17,132,65,132,149,132,220,132,0,0,64,141,132,138,159,137,156,130,45,131,44,136,136,171
110,16,26,130,156,131,217,130,19,132,85,132,132,132,208,132,0,0,68,141,108,138,180,137,164,130,35,131,24,136,135,171
111,16,15,130,132,131,211,130,8,132,39,132,145,132,212,132,0,0,77,141,129,138,158,137,154,130,31,131,10,136,133,171
112,16,16,130,122,131,212,130,243,131,25,132,152,132,215,132,0,0,70,141,138,138,159,137,143,130,23,131,36,136,128,171
113,16,20,130,133,131,182,130,243,131,28,132,140,132,211,132,0,0,63,141,118,138,179,137,141,130,20,131,34,136,122,171
114,16,11,130,129,131,174,130,14,132,21,132,132,132,219,132,0,0,62,141,109,138,182,137,146,130,46,131,7,136,129,171
115,16,255,129,123,131,210,130,32,132,49,132,137,132,226,132,0,0,80,141,122,138,179,137,143,130,56,131,2,136,138,171
116,16,254,129,129,131,205,130,15,132,62,132,142,132,231,132,0,0,87,141,112,138,192,137,142,130,26,131,17,136,127,171
117,16,5,130,128,131,187,130,253,131,28,132,143,132,227,132,0,0,61,141,103,138,147,137,146,130,25,131,27,136,120,171
118,16,12,130,117,131,195,130,24,132,31,132,148,132,206,132,0,0,64,141,123,138,138,137,138,130,42,131,16,136,130,171
119,16,19,130,121,131,202,130,59,132,50,132,125,132,193,132,0,0,95,141,131,138,211,137,140,130,31,131,255,135,125,171
120,16,14,130,140,131,198,130,38,132,42,132,110,132,205,132,0,0,108,141,118,138,166,137,145,130,20,131,6,136,121,171
121,16,13,130,147,131,194,130,30,132,36,132,146,132,189,132,0,0,91,141,119,138,64,137,143,130,28,131,29,136,130,171
122,16,24,130,139,131,204,130,51,132,23,132,155,132,178,132,0,0,99,141,124,138,117,137,139,130,37,131,20,136,134,171
123,16,7,130,137,131,202,130,37,132,24,132,121,132,224,132,0,0,119,141,115,138,209,137,135,130,38,131,5,136,125,171
124,16,0,130,146,131,203,130,33,132,38,132,124,132,242,132,0,0,93,141,113,138,146,137,144,130,38,131,28,136,124,171
125,16,16,130,144,131,217,130,45,132,37,132,150,132,213,132,0,0,60,141,130,138,98,137,149,130,24,131,33,136,129,171
126,16,16,130,122,131,219,130,25,132,29,132,137,132,208,132,0,0,84,141,130,138,186,137,153,130,14,131,25,136,120,171
127,16,26,130,123,131,210,130,20,132,31,132,123,132,221,132,77,0,99,141,110,138,201,137,156,130,26,131,35,136,118,171
0,16,32,130,130,131,205,130,33,132,46,132,141,132,207,132,0,0,72,141,116,138,102,137,153,130,33,131,23,136,135,171
1,16,22,130,113,131,219,130,28,132,56,132,148,132,197,132,0,0,74,141,131,138,90,137,145,130,29,131,15,136,150,171
2,16,12,130,110,131,216,130,22,132,54,132,125,132,203,132,0,0,92,141,113,138,121,137,137,130,29,131,32,136,142,171
3,16,19,130,135,131,199,130,16,132,36,132,114,132,194,132,0,0,85,141,100,138,93,137,136,130,37,131,34,136,132,171
4,16,26,130,143,131,211,130,1,132,28,132,138,132,190,132,0,0,76,141,111,138,103,137,144,130,27,131,16,136,141,171
5,16,239,129,135,131,215,130,4,132,38,132,154,132,194,132,0,0,84,141,116,138,106,137,158,130,19,131,14,136,132,171
6,16,218,129,139,131,205,130,17,132,38,132,138,132,192,132,0,0,86,141,114,138,93,137,150,130,35,131,26,136,116,171
7,16,15,130,145,131,206,130,16,132,35,132,139,132,194,132,0,0,66,141,115,138,165,137,142,130,30,131,31,136,125,171
8,16,40,130,141,131,192,130,15,132,39,132,147,132,193,132,0,0,71,141,110,138,212,137,149,130,23,131,29,136,129,171
9,16,5,130,138,131,186,130,30,132,41,132,117,132,197,132,0,0,89,141,113,138,153,137,147,130,42,131,25,136,116,171
10,16,3,130,135,131,192,130,35,132,41,132,105,132,204,132,0,0,87,141,133,138,103,137,145,130,44,131,21,136,117,171
11,16,19,130,123,131,195,130,31,132,49,132,141,132,210,132,0,0,85,141,132,138,105,137,151,130,45,131,19,136,138,171
12,16,20,130,107,131,201,130,36,132,56,132,145,132,200,132,0,0,91,141,118,138,139,137,146,130,42,131,17,136,151,171
13,16,27,130,98,131,198,130,27,132,51,132,124,132,185,132,0,0,92,141,135,138,192,137,135,130,23,131,11,136,133,171
14,16,21,130,122,131,213,130,9,132,41,132,130,132,184,132,0,0,88,141,141,138,177,137,145,130,30,131,17,136,121,171
15,16,7,130,154,131,227,130,13,132,20,132,139,132,206,132,0,0,98,141,109,138,103,137,147,130,40,131,35,136,140,171
16,16,14,130,153,131,208,130,25,132,26,132,143,132,214,132,0,0,85,141,99,138,98,137,138,130,24,131,38,136,141,171
17,16,38,130,132,131,202,130,17,132,52,132,140,132,200,132,0,0,67,141,120,138,138,137,141,130,38,131,41,136,121,171
18,16,33,130,111,131,226,130,10,132,31,132,130,132,193,132,0,0,95,141,127,138,124,137,148,130,60,131,43,136,118,171
19,16,21,130,107,131,231,130,18,132,7,132,152,132,194,132,0,0,101,141,123,138,96,137,150,130,37,131,33,136,126,171
20,16,22,130,124,131,209,130,18,132,30,132,172,132,197,132,0,0,71,141,109,138,140,137,149,130,20,131,27,136,130,171
21,16,255,129,135,131,203,130,30,132,53,132,142,132,198,132,0,0,69,141,101,138,166,137,151,130,38,131,21,136,151,171
22,16,2,130,139,131,222,130,41,132,44,132,131,132,190,132,0,0,88,141,123,138,106,137,148,130,51,131,19,136,149,171
23,16,27,130,147,131,204,130,25,132,39,132,161,132,187,132,0,0,97,141,125,138,127,137,145,130,30,131,23,136,114,171
24,16,23,130,144,131,176,130,24,132,46,132,158,132,214,132,0,0,83,141,107,138,182,137,145,130,15,131,26,136,117,171
25,16,18,130,128,131,193,130,32,132,55,132,137,132,225,132,0,0,86,141,120,138,132,137,139,130,31,131,32,136,139,171
26,16,25,130,140,131,192,130,5,132,46,132,136,132,198,132,0,0,97,141,133,138,118,137,141,130,49,131,36,136,133,171
27,16,25,130,157,131,187,130,3,132,33,132,139,132,194,132,0,0,99,141,123,138,198,137,150,130,37,131,15,136,136,171
28,16,18,130,129,131,202,130,21,132,47,132,141,132,224,132,0,0,117,141,125,138,194,137,134,130,19,131,16,136,154,171
29,16,19,130,113,131,200,130,4,132,40,132,133,132,225,132,0,0,125,141,122,138,132,137,116,130,39,131,44,136,150,171
30,16,19,130,149,131,196,130,255,131,15,132,109,132,203,132,0,0,82,141,121,138,167,137,138,130,66,131,38,136,125,171
31,16,1,130,150,131,209,130,8,132,35,132,114,132,201,132,0,0,57,141,140,138,189,137,148,130,45,131,12,136,118,171
32,16,0,130,126,131,221,130,0,132,75,132,138,132,206,132,0,0,74,141,123,138,147,137,124,130,13,131,16,136,141,171
33,16,24,130,139,131,202,130,249,131,47,132,149,132,200,132,0,0,84,141,105,138,158,137,132,130,19,131,23,136,157,171
34,16,27,130,169,131,185,130,0,132,6,132,144,132,194,132,0,0,93,141,126,138,175,137,169,130,29,131,16,136,130,171
35,16,20,130,162,131,196,130,15,132,22,132,144,132,200,132,0,0,105,141,125,138,162,137,158,130,15,131,19,136,119,171
36,16,19,130,123,131,196,130,9,132,44,132,141,132,212,132,0,0,106,141,107,138,175,137,122,130,14,131,27,136,149,171
37,16,22,130,120,131,197,130,254,131,48,132,126,132,217,132,0,0,101,141,117,138,176,137,146,130,37,131,35,136,145,171
38,16,23,130,143,131,208,130,19,132,27,132,118,132,226,132,0,0,110,141,127,138,118,137,170,130,42,131,43,136,131,171
39,16,20,130,137,131,205,130,31,132,14,132,128,132,221,132,0,0,120,141,116,138,91,137,148,130,27,131,28,136,144,171
40,16,20,130,127,131,217,130,16,132,39,132,145,132,207,132,0,0,106,141,104,138,104,137,146,130,43,131,8,136,145,171
41,16,6,130,130,131,236,130,16,132,60,132,156,132,201,132,0,0,93,141,114,138,129,137,167,130,54,131,19,136,117,171
42,16,17,130,126,131,220,130,26,132,45,132,148,132,196,132,0,0,97,141,123,138,172,137,158,130,28,131,43,136,121,171
43,16,45,130,117,131,183,130,12,132,22,132,129,132,200,132,0,0,101,141,107,138,175,137,130,130,18,131,34,136,146,171
44,16,26,130,142,131,179,130,8,132,21,132,124,132,213,132,0,0,95,141,102,138,167,137,133,130,27,131,10,136,131,171
45,16,5,130,151,131,217,130,7,132,30,132,118,132,206,132,0,0,93,141,109,138,191,137,161,130,34,131,25,136,127,171
46,16,254,129,107,131,215,130,5,132,42,132,109,132,204,132,0,0,100,141,117,138,192,137,157,130,35,131,39,136,144,171
47,16,244,129,95,131,182,130,29,132,45,132,127,132,216,132,0,0,98,141,128,138,180,137,122,130,42,131,18,136,137,171
48,16,249,129,122,131,186,130,32,132,37,132,147,132,198,132,0,0,97,141,122,138,178,137,123,130,33,131,16,136,128,171
49,16,27,130,118,131,201,130,10,132,23,132,142,132,189,132,0,0,100,141,104,138,174,137,142,130,17,131,34,136,127,171
50,16,38,130,116,131,215,130,17,132,15,132,123,132,227,132,0,0,89,141,115,138,184,137,146,130,43,131,29,136,121,171
51,16,2,130,145,131,215,130,31,132,32,132,132,132,237,132,0,0,89,141,129,138,181,137,142,130,57,131,18,136,122,171
52,16,250,129,132,131,199,130,31,132,53,132,149,132,201,132,0,0,99,141,117,138,162,137,134,130,42,131,27,136,136,171
53,16,20,130,113,131,202,130,38,132,38,132,143,132,184,132,0,0,80,141,120,138,164,137,122,130,42,131,33,136,127,171
54,16,5,130,147,131,208,130,26,132,18,132,144,132,209,132,0,0,82,141,128,138,194,137,128,130,42,131,24,136,115,171
55,16,254,129,168,131,199,130,2,132,26,132,142,132,225,132,0,0,98,141,118,138,174,137,151,130,20,131,17,136,129,171
56,16,20,130,157,131,186,130,9,132,45,132,139,132,215,132,0,0,80,141,125,138,125,137,164,130,23,131,20,136,146,171
57,16,16,130,137,131,188,130,15,132,44,132,156,132,211,132,0,0,68,141,140,138,135,137,166,130,43,131,28,136,133,171
58,16,0,130,132,131,207,130,4,132,27,132,152,132,207,132,0,0,92,141,128,138,196,137,149,130,36,131,24,136,105,171
59,16,4,130,131,131,205,130,254,131,30,132,123,132,187,132,0,0,110,141,104,138,203,137,134,130,25,131,9,136,117,171
60,16,3,130,135,131,205,130,26,132,54,132,119,132,183,132,0,0,94,141,119,138,143,137,134,130,26,131,28,136,147,171
61,16,251,129,144,131,220,130,29,132,37,132,130,132,212,132,0,0,92,141,137,138,142,137,124,130,20,131,47,136,135,171
62,16,2,130,149,131,208,130,253,131,8,132,123,132,221,132,0,0,107,141,122,138,179,137,115,130,27,131,31,136,120,171
63,16,17,130,142,131,196,130,10,132,19,132,130,132,205,132,0,0,109,141,108,138,185,137,132,130,47,131,29,136,140,171
64,16,16,130,129,131,193,130,28,132,44,132,150,132,212,132,0,0,115,141,118,138,198,137,150,130,32,131,35,136,153,171
65,16,24,130,118,131,202,130,1,132,46,132,133,132,217,132,0,0,115,141,117,138,179,137,138,130,253,130,18,136,142,171
66,16,46,130,117,131,222,130,252,131,43,132,120,132,196,132,0,0,99,141,112,138,141,137,120,130,254,130,15,136,132,171
67,16,28,130,136,131,223,130,12,132,47,132,148,132,173,132,0,0,87,141,125,138,170,137,125,130,30,131,36,136,130,171
68,16,9,130,150,131,227,130,4,132,38,132,156,132,182,132,0,0,92,141,119,138,186,137,133,130,30,131,37,136,134,171
69,16,24,130,142,131,220,130,2,132,34,132,137,132,212,132,0,0,102,141,118,138,110,137,128,130,6,131,18,136,137,171
70,16,28,130,152,131,181,130,32,132,37,132,121,132,216,132,0,0,85,141,132,138,83,137,141,130,30,131,19,136,141,171
71,16,30,130,142,131,183,130,35,132,31,132,114,132,186,132,0,0,64,141,115,138,131,137,155,130,57,131,34,136,141,171
72,16,25,130,108,131,208,130,9,132,47,132,142,132,184,132,0,0,88,141,97,138,156,137,145,130,38,131,33,136,134,171
73,16,20,130,110,131,196,130,35,132,53,132,152,132,219,132,0,0,91,141,116,138,162,137,148,130,27,131,18,136,129,171
74,16,25,130,131,131,187,130,41,132,38,132,124,132,229,132,0,0,72,141,124,138,188,137,150,130,41,131,17,136,135,171
75,16,23,130,133,131,210,130,250,131,30,132,132,132,196,132,0,0,94,141,115,138,183,137,140,130,38,131,28,136,135,171
76,16,21,130,140,131,224,130,245,131,27,132,155,132,183,132,0,0,107,141,120,138,164,137,150,130,27,131,28,136,137,171
77,16,24,130,151,131,211,130,12,132,27,132,146,132,211,132,0,0,82,141,115,138,169,137,139,130,28,131,22,136,129,171
78,16,24,130,149,131,206,130,18,132,34,132,138,132,219,132,0,0,70,141,107,138,141,137,110,130,22,131,25,136,126,171
79,16,11,130,139,131,206,130,9,132,42,132,145,132,190,132,0,0,91,141,121,138,106,137,132,130,9,131,22,136,139,171
80,16,254,129,123,131,208,130,24,132,46,132,145,132,188,132,0,0,96,141,139,138,147,137,161,130,13,131,19,136,133,171
81,16,10,130,120,131,216,130,43,132,40,132,140,132,207,132,0,0,85,141,138,138,202,137,129,130,26,131,37,136,128,171
82,16,9,130,122,131,201,130,23,132,38,132,142,132,193,132,0,0,91,141,131,138,184,137,122,130,30,131,33,136,140,171
83,16,11,130,127,131,205,130,11,132,46,132,144,132,187,132,0,0,103,141,130,138,166,137,168,130,44,131,19,136,137,171
84,16,20,130,147,131,219,130,31,132,41,132,138,132,217,132,0,0,111,141,128,138,178,137,162,130,45,131,36,136,127,171
85,16,14,130,137,131,205,130,29,132,28,132,127,132,225,132,0,0,100,141,133,138,171,137,135,130,8,131,44,136,128,171
86,16,21,130,125,131,216,130,254,131,39,132,127,132,185,132,0,0,73,141,126,138,182,137,154,130,3,131,25,136,134,171
87,16,21,130,145,131,216,130,2,132,49,132,139,132,157,132,0,0,82,141,122,138,178,137,153,130,40,131,10,136,132,171
88,16,17,130,146,131,190,130,27,132,37,132,141,132,178,132,0,0,117,141,137,138,165,137,129,130,37,131,18,136,128,171
89,16,22,130,134,131,197,130,31,132,29,132,128,132,212,132,0,0,106,141,135,138,178,137,140,130,16,131,27,136,131,171
90,16,14,130,134,131,199,130,24,132,35,132,134,132,204,132,0,0,85,141,110,138,182,137,158,130,29,131,40,136,142,171
91,16,12,130,136,131,203,130,14,132,35,132,145,132,190,132,0,0,109,141,109,138,176,137,148,130,41,131,36,136,142,171
92,16,19,130,130,131,222,130,13,132,36,132,126,132,206,132,0,0,116,141,130,138,204,137,135,130,41,131,23,136,131,171
93,16,18,130,123,131,214,130,12,132,51,132,118,132,208,132,0,0,83,141,117,138,183,137,136,130,31,131,40,136,138,171
94,16,6,130,114,131,213,130,1,132,46,132,135,132,195,132,0,0,71,141,98,138,118,137,141,130,24,131,53,136,140,171
95,16,18,130,103,131,221,130,8,132,32,132,143,132,193,132,0,0,91,141,118,138,140,137,152,130,42,131,38,136,121,171
96,16,36,130,109,131,207,130,40,132,34,132,145,132,187,132,0,0,100,141,126,138,200,137,156,130,48,131,27,136,123,171
97,16,5,130,128,131,195,130,45,132,29,132,144,132,199,132,0,0,99,141,111,138,202,137,151,130,23,131,33,136,133,171
98,16,226,129,144,131,202,130,20,132,40,132,146,132,223,132,0,0,83,141,114,138,166,137,146,130,28,131,8,136,122,171
99,16,2,130,138,131,211,130,13,132,61,132,162,132,202,132,0,0,63,141,126,138,145,137,163,130,60,131,255,135,120,171
100,16,26,130,130,131,208,130,12,132,25,132,148,132,191,132,0,0,82,141,133,138,165,137,166,130,61,131,18,136,133,171
101,16,254,129,136,131,198,130,0,132,3,132,113,132,229,132,0,0,95,141,129,138,177,137,138,130,43,131,10,136,132,171
102,16,247,129,145,131,186,130,7,132,55,132,138,132,231,132,0,0,86,141,109,138,159,137,138,130,40,131,3,136,128,171
103,16,2,130,150,131,197,130,22,132,57,132,149,132,195,132,0,0,104,141,115,138,162,137,155,130,44,131,15,136,132,171
104,16,253,129,156,131,232,130,10,132,15,132,109,132,198,132,0,0,110,141,142,138,187,137,139,130,40,131,27,136,133,171
105,16,249,129,146,131,229,130,248,131,31,132,120,132,217,132,0,0,100,141,141,138,186,137,122,130,25,131,32,136,134,171
106,16,8,130,135,131,215,130,253,131,58,132,140,132,194,132,0,0,112,141,133,138,175,137,135,130,28,131,34,136,137,171
107,16,15,130,148,131,227,130,20,132,48,132,112,132,185,132,0,0,108,141,147,138,174,137,143,130,40,131,31,136,141,171
108,16,0,130,153,131,223,130,30,132,35,132,130,132,220,132,0,0,85,141,136,138,154,137,136,130,25,131,32,136,131,171
109,16,2,130,132,131,215,130,18,132,43,132,175,132,227,132,0,0,89,141,107,138,136,137,145,130,23,131,43,136,124,171
110,16,26,130,131,131,219,130,251,131,58,132,164,132,224,132,0,0,99,141,116,138,163,137,150,130,32,131,33,136,126,171
111,16,33,130,143,131,218,130,9,132,49,132,143,132,227,132,0,0,94,141,134,138,186,137,143,130,25,131,21,136,123,171
112,16,9,130,118,131,207,130,37,132,29,132,144,132,209,132,0,0,86,141,127,138,155,137,138,130,27,131,30,136,119,171
113,16,241,129,94,131,184,130,9,132,40,132,144,132,205,132,0,0,95,141,120,138,140,137,124,130,35,131,30,136,128,171
114,16,5,130,115,131,191,130,252,131,52,132,131,132,216,132,0,0,114,141,115,138,186,137,132,130,19,131,14,136,144,171
115,16,36,130,138,131,211,130,8,132,33,132,123,132,215,132,0,0,109,141,118,138,198,137,143,130,249,130,11,136,128,171
116,16,23,130,140,131,210,130,3,132,30,132,141,132,221,132,0,0,88,141,134,138,174,137,113,130,9,131,30,136,112,171
117,16,14,130,149,131,213,130,13,132,48,132,151,132,216,132,0,0,89,141,136,138,181,137,101,130,36,131,28,136,125,171
118,16,13,130,155,131,201,130,34,132,40,132,147,132,191,132,0,0,104,141,124,138,182,137,122,130,27,131,245,135,130,171
119,16,12,130,126,131,197,130,36,132,27,132,140,132,194,132,0,0,87,141,109,138,179,137,128,130,16,131,228,135,123,171
120,16,22,130,86,131,209,130,39,132,51,132,129,132,221,132,0,0,70,141,102,138,182,137,126,130,25,131,254,135,130,171
121,16,17,130,104,131,189,130,45,132,61,132,131,132,203,132,0,0,85,141,112,138,167,137,138,130,36,131,30,136,130,171
122,16,16,130,132,131,186,130,19,132,25,132,141,132,188,132,0,0,94,141,125,138,168,137,152,130,41,131,37,136,129,171
123,16,16,130,106,131,207,130,19,132,17,132,138,132,210,132,0,0,96,141,131,138,183,137,165,130,40,131,23,136,139,171
124,16,16,130,96,131,223,130,46,132,47,132,125,132,215,132,0,0,96,141,130,138,177,137,154,130,35,131,32,136,139,171
125,16,17,130,115,131,229,130,31,132,46,132,121,132,207,132,0,0,91,141,125,138,182,137,123,130,32,131,43,136,133,171
126,16,17,130,112,131,217,130,26,132,34,132,128,132,214,132,0,0,96,141,126,138,189,137,131,130,24,131,25,136,129,171
127,16,18,130,121,131,209,130,51,132,45,132,134,132,205,132,77,0,87,141,132,138,145,137,155,130,40,131,17,136,130,171
0,16,17,130,148,131,187,130,38,132,45,132,151,132,187,132,0,0,86,141,113,138,114,137,141,130,45,131,26,136,138,171
1,16,20,130,141,131,178,130,19,132,35,132,155,132,198,132,0,0,99,141,94,138,141,137,126,130,25,131,15,136,134,171
2,16,21,130,121,131,212,130,36,132,37,132,134,132,210,132,0,0,99,141,111,138,169,137,138,130,26,131,16,136,124,171
3,16,20,130,130,131,227,130,36,132,43,132,136,132,204,132,0,0,91,141,118,138,187,137,157,130,53,131,33,136,130,171
4,16,33,130,158,131,220,130,25,132,40,132,157,132,212,132,0,0,76,141,114,138,188,137,169,130,70,131,38,136,141,171
5,16,28,130,153,131,213,130,37,132,45,132,150,132,218,132,0,0,81,141,129,138,122,137,154,130,50,131,36,136,133,171
6,16,13,130,125,131,216,130,37,132,51,132,135,132,195,132,0,0,90,141,124,138,83,137,139,130,24,131,39,136,126,171
7,16,16,130,124,131,239,130,28,132,46,132,140,132,186,132,0,0,68,141,111,138,118,137,143,130,15,131,44,136,126,171
8,16,11,130,125,131,232,130,35,132,34,132,153,132,214,132,0,0,60,141,128,138,103,137,144,130,27,131,40,136,135,171
9,16,4,130,111,131,199,130,38,132,36,132,144,132,233,132,0,0,78,141,121,138,83,137,129,130,35,131,37,136,147,171
10,16,8,130,110,131,201,130,14,132,46,132,125,132,224,132,0,0,84,141,95,138,159,137,132,130,30,131,42,136,144,171
11,16,16,130,121,131,216,130,9,132,27,132,128,132,214,132,0,0,89,141,113,138,214,137,151,130,39,131,36,136,136,171
12,16,29,130,112,131,230,130,38,132,15,132,149,132,212,132,0,0,93,141,121,138,147,137,138,130,48,131,10,136,142,171
13,16,24,130,95,131,230,130,29,132,42,132,155,132,214,132,0,0,72,141,96,138,94,137,119,130,33,131,9,136,156,171
14,16,15,130,94,131,213,130,10,132,55,132,128,132,225,132,0,0,75,141,106,138,103,137,139,130,24,131,34,136,147,171
15,16,24,130,98,131,206,130,28,132,40,132,122,132,217,132,0,0,109,141,132,138,115,137,157,130,49,131,29,136,119,171
16,16,25,130,121,131,208,130,36,132,42,132,150,132,192,132,0,0,95,141,121,138,166,137,146,130,45,131,23,136,114,171
17,16,24,130,128,131,222,130,32,132,52,132,139,132,200,132,0,0,66,141,105,138,190,137,145,130,19,131,40,136,127,171
18,16,16,130,97,131,231,130,27,132,35,132,124,132,226,132,0,0,97,141,132,138,123,137,137,130,21,131,42,136,126,171
19,16,17,130,90,131,219,130,15,132,41,132,147,132,231,132,0,0,113,141,141,138,77,137,134,130,30,131,21,136,123,171
20,16,33,130,142,131,200,130,15,132,46,132,148,132,226,132,0,0,78,141,109,138,116,137,154,130,22,131,16,136,132,171
21,16,17,130,149,131,201,130,24,132,14,132,132,132,223,132,0,0,90,141,113,138,176,137,153,130,27,131,19,136,124,171
22,16,7,130,122,131,214,130,21,132,8,132,135,132,219,132,0,0,106,141,132,138,193,137,142,130,39,131,11,136,118,171
23,16,21,130,146,131,195,130,26,132,48,132,142,132,212,132,0,0,90,141,104,138,176,137,162,130,35,131,23,136,122,171
24,16,19,130,176,131,192,130,60,132,69,132,140,132,202,132,0,0,98,141,84,138,163,137,170,130,40,131,41,136,130,171
25,16,14,130,165,131,229,130,56,132,51,132,134,132,198,132,0,0,120,141,105,138,185,137,135,130,30,131,40,136,145,171
26,16,21,130,145,131,226,130,254,131,42,132,142,132,211,132,0,0,113,141,121,138,187,137,122,130,15,131,18,136,138,171
27,16,35,130,155,131,194,130,6,132,57,132,163,132,219,132,0,0,97,141,109,138,137,137,134,130,28,131,15,136,122,171
28,16,37,130,159,131,188,130,50,132,33,132,153,132,211,132,0,0,88,141,113,138,148,137,136,130,30,131,50,136,127,171
29,16,21,130,140,131,197,130,35,132,3,132,135,132,205,132,0,0,75,141,129,138,170,137,136,130,15,131,51,136,137,171
30,16,13,130,144,131,213,130,31,132,29,132,141,132,206,132,0,0,82,141,122,138,140,137,135,130,20,131,22,136,135,171
31,16,27,130,151,131,218,130,48,132,51,132,136,132,205,132,0,0,106,141,115,138,137,137,126,130,42,131,25,136,126,171
32,16,28,130,131,131,182,130,24,132,32,132,126,132,212,132,0,0,92,141,118,138,193,137,134,130,44,131,28,136,128,171
33,16,16,130,121,131,161,130,252,131,33,132,122,132,224,132,0,0,59,141,127,138,203,137,155,130,22,131,10,136,134,171
34,16,19,130,137,131,197,130,19,132,42,132,117,132,221,132,0,0,69,141,128,138,121,137,152,130,20,131,22,136,121,171
35,16,25,130,138,131,229,130,39,132,36,132,136,132,211,132,0,0,76,141,107,138,104,137,146,130,39,131,57,136,105,171
36,16,13,130,131,131,211,130,18,132,58,132,150,132,217,132,0,0,66,141,106,138,177,137,156,130,40,131,54,136,121,171
37,16,19,130,124,131,205,130,1,132,67,132,129,132,230,132,0,0,78,141,116,138,185,137,153,130,33,131,32,136,140,171
38,16,23,130,100,131,231,130,9,132,35,132,137,132,225,132,0,0,97,141,115,138,149,137,139,130,30,131,18,136,139,171
39,16,1,130,99,131,220,130,11,132,34,132,164,132,207,132,0,0,98,141,118,138,159,137,145,130,19,131,20,136,140,171
40,16,14,130,126,131,186,130,13,132,47,132,130,132,208,132,0,0,90,141,123,138,154,137,152,130,22,131,35,136,158,171
41,16,41,130,125,131,184,130,23,132,31,132,108,132,225,132,0,0,78,141,114,138,122,137,142,130,38,131,30,136,155,171
42,16,28,130,122,131,210,130,10,132,28,132,127,132,221,132,0,0,86,141,109,138,176,137,140,130,24,131,25,136,126,171
43,16,21,130,147,131,234,130,250,131,35,132,124,132,195,132,0,0,116,141,110,138,207,137,146,130,18,131,33,136,119,171
44,16,30,130,147,131,219,130,18,132,13,132,126,132,194,132,0,0,121,141,99,138,172,137,154,130,32,131,28,136,143,171
45,16,28,130,123,131,222,130,42,132,15,132,141,132,219,132,0,0,89,141,109,138,189,137,153,130,35,131,20,136,145,171
46,16,13,130,115,131,233,130,34,132,45,132,129,132,229,132,0,0,87,141,129,138,208,137,138,130,28,131,21,136,118,171
47,16,19,130,118,131,225,130,15,132,39,132,117,132,211,132,0,0,107,141,125,138,195,137,131,130,30,131,26,136,115,171
48,16,40,130,121,131,229,130,2,132,19,132,129,132,193,132,0,0,100,141,116,138,191,137,143,130,26,131,26,136,136,171
49,16,28,130,127,131,211,130,14,132,34,132,138,132,206,132,0,0,92,141,119,138,171,137,139,130,17,131,24,136,126,171
50,16,5,130,134,131,201,130,35,132,48,132,123,132,227,132,0,0,102,141,106,138,163,137,140,130,25,131,40,136,110,171
51,16,10,130,126,131,209,130,12,132,32,132,127,132,211,132,0,0,112,141,95,138,169,137,159,130,22,131,37,136,132,171
52,16,253,129,118,131,187,130,236,131,25,132,152,132,192,132,0,0,109,141,118,138,153,137,165,130,19,131,16,136,145,171
53,16,9,130,112,131,185,130,254,131,37,132,146,132,211,132,0,0,94,141,122,138,121,137,154,130,28,131,30,136,122,171
54,16,42,130,106,131,204,130,17,132,54,132,138,132,220,132,0,0,98,141,103,138,94,137,144,130,27,131,36,136,123,171
55,16,38,130,108,131,214,130,3,132,52,132,146,132,189,132,0,0,109,141,117,138,93,137,159,130,42,131,16,136,142,171
56,16,25,130,133,131,224,130,253,131,21,132,136,132,185,132,0,0,104,141,134,138,154,137,168,130,60,131,14,136,132,171
57,16,27,130,157,131,231,130,18,132,20,132,128,132,210,132,0,0,83,141,115,138,204,137,163,130,48,131,16,136,125,171
58,16,28,130,153,131,218,130,31,132,68,132,147,132,212,132,0,0,78,141,98,138,162,137,152,130,35,131,28,136,137,171
59,16,7,130,146,131,190,130,28,132,82,132,145,132,203,132,0,0,98,141,119,138,140,137,145,130,27,131,44,136,141,171
60,16,253,129,150,131,195,130,52,132,44,132,107,132,203,132,0,0,108,141,126,138,181,137,151,130,13,131,15,136,138,171
61,16,16,130,123,131,216,130,58,132,29,132,109,132,196,132,0,0,105,141,101,138,191,137,146,130,11,131,253,135,130,171
62,16,29,130,96,131,212,130,6,132,45,132,127,132,190,132,0,0,121,141,88,138,167,137,139,130,19,131,35,136,124,171
63,16,23,130,124,131,219,130,239,131,52,132,117,132,199,132,0,0,101,141,111,138,163,137,146,130,15,131,35,136,134,171
64,16,24,130,133,131,230,130,19,132,27,132,113,132,204,132,0,0,60,141,124,138,177,137,156,130,15,131,6,136,145,171
65,16,33,130,96,131,224,130,15,132,34,132,110,132,211,132,0,0,80,141,117,138,183,137,156,130,24,131,32,136,145,171
66,16,31,130,119,131,217,130,251,131,88,132,111,132,212,132,0,0,102,141,113,138,176,137,155,130,26,131,52,136,154,171
67,16,23,130,150,131,217,130,18,132,89,132,125,132,196,132,0,0,70,141,109,138,173,137,152,130,19,131,24,136,143,171
68,16,32,130,123,131,232,130,41,132,27,132,133,132,194,132,0,0,67,141,103,138,185,137,156,130,30,131,16,136,124,171
69,16,25,130,121,131,239,130,19,132,16,132,124,132,217,132,0,0,97,141,106,138,192,137,167,130,47,131,31,136,137,171
70,16,15,130,152,131,211,130,6,132,50,132,126,132,215,132,0,0,82,141,114,138,182,137,160,130,39,131,12,136,151,171
71,16,23,130,148,131,205,130,36,132,33,132,123,132,193,132,0,0,75,141,121,138,197,137,147,130,34,131,254,135,139,171
72,16,15,130,114,131,219,130,34,132,26,132,114,132,194,132,0,0,111,141,126,138,190,137,140,130,42,131,25,136,116,171
73,16,19,130,98,131,222,130,14,132,44,132,128,132,196,132,0,0,112,141,120,138,147,137,145,130,28,131,34,136,130,171
74,16,28,130,117,131,212,130,20,132,31,132,146,132,200,132,0,0,105,141,110,138,160,137,154,130,18,131,17,136,159,171
75,16,15,130,146,131,193,130,41,132,21,132,140,132,201,132,0,0,123,141,111,138,201,137,148,130,26,131,10,136,146,171
76,16,19,130,131,131,180,130,52,132,35,132,97,132,190,132,0,0,123,141,113,138,186,137,130,130,22,131,6,136,121,171
77,16,20,130,99,131,176,130,28,132,55,132,101,132,188,132,0,0,93,141,114,138,165,137,131,130,20,131,10,136,115,171
78,16,15,130,121,131,196,130,4,132,56,132,153,132,187,132,0,0,71,141,114,138,193,137,157,130,36,131,30,136,116,171
79,16,23,130,142,131,211,130,254,131,53,132,140,132,193,132,0,0,81,141,124,138,204,137,156,130,34,131,34,136,121,171
80,16,17,130,135,131,200,130,247,131,51,132,119,132,209,132,0,0,107,141,127,138,188,137,131,130,13,131,23,136,127,171
81,16,4,130,140,131,216,130,245,131,49,132,135,132,188,132,0,0,96,141,113,138,186,137,140,130,20,131,31,136,128,171
82,16,10,130,134,131,231,130,2,132,43,132,140,132,150,132,0,0,73,141,114,138,188,137,160,130,46,131,35,136,137,171
83,16,15,130,118,131,236,130,23,132,23,132,130,132,169,132,0,0,91,141,124,138,184,137,148,130,41,131,20,136,145,171
84,16,19,130,142,131,242,130,27,132,42,132,139,132,215,132,0,0,111,141,120,138,182,137,132,130,17,131,25,136,131,171
85,16,28,130,145,131,201,130,27,132,52,132,145,132,213,132,0,0,105,141,119,138,201,137,144,130,24,131,25,136,130,171
86,16,29,130,107,131,174,130,31,132,39,132,138,132,198,132,0,0,84,141,117,138,189,137,154,130,39,131,249,135,121,171
87,16,12,130,123,131,212,130,22,132,51,132,136,132,202,132,0,0,84,141,105,138,111,137,142,130,23,131,2,136,112,171
88,16,0,130,155,131,232,130,10,132,62,132,129,132,207,132,0,0,105,141,108,138,80,137,136,130,22,131,39,136,133,171
89,16,18,130,146,131,206,130,11,132,45,132,127,132,204,132,0,0,90,141,126,138,142,137,139,130,38,131,40,136,149,171
90,16,33,130,133,131,170,130,18,132,40,132,150,132,200,132,0,0,72,141,133,138,198,137,145,130,33,131,12,136,147,171
91,16,14,130,131,131,188,130,22,132,63,132,158,132,206,132,0,0,85,141,121,138,182,137,149,130,29,131,22,136,143,171
92,16,0,130,131,131,221,130,25,132,41,132,138,132,212,132,0,0,93,141,107,138,158,137,153,130,24,131,42,136,136,171
93,16,22,130,129,131,205,130,21,132,253,131,124,132,202,132,0,0,91,141,103,138,168,137,158,130,12,131,25,136,136,171
94,16,36,130,118,131,208,130,21,132,8,132,130,132,199,132,0,0,94,141,110,138,188,137,155,130,25,131,15,136,158,171
95,16,18,130,116,131,219,130,31,132,47,132,128,132,201,132,0,0,95,141,124,138,192,137,142,130,37,131,29,136,148,171
96,16,8,130,146,131,206,130,49,132,56,132,120,132,197,132,0,0,90,141,122,138,172,137,128,130,28,131,32,136,122,171
97,16,14,130,135,131,212,130,50,132,36,132,125,132,205,132,0,0,111,141,95,138,172,137,130,130,15,131,21,136,136,171
98,16,8,130,108,131,234,130,23,132,41,132,138,132,227,132,0,0,120,141,93,138,185,137,142,130,10,131,19,136,129,171
99,16,7,130,128,131,246,130,25,132,56,132,142,132,211,132,0,0,95,141,113,138,152,137,151,130,36,131,18,136,116,171
100,16,1,130,126,131,218,130,34,132,46,132,137,132,178,132,0,0,89,141,121,138,101,137,142,130,42,131,17,136,134,171
101,16,4,130,105,131,186,130,13,132,28,132,126,132,193,132,0,0,94,141,112,138,100,137,123,130,13,131,39,136,144,171
102,16,27,130,136,131,204,130,12,132,27,132,129,132,219,132,0,0,111,141,110,138,126,137,126,130,22,131,39,136,126,171
103,16,26,130,156,131,231,130,34,132,32,132,142,132,220,132,0,0,134,141,123,138,108,137,141,130,55,131,23,136,122,171
104,16,19,130,131,131,217,130,35,132,28,132,142,132,198,132,0,0,117,141,114,138,106,137,147,130,50,131,27,136,129,171
105,16,11,130,130,131,195,130,21,132,39,132,130,132,172,132,0,0,78,141,99,138,161,137,148,130,22,131,29,136,131,171
106,16,7,130,156,131,202,130,23,132,52,132,128,132,176,132,0,0,91,141,107,138,194,137,155,130,23,131,23,136,141,171
107,16,26,130,174,131,214,130,26,132,53,132,124,132,209,132,0,0,113,141,117,138,181,137,161,130,44,131,31,136,138,171
108,16,28,130,152,131,208,130,13,132,58,132,142,132,229,132,0,0,106,141,129,138,178,137,158,130,46,131,30,136,127,171
109,16,12,130,126,131,202,130,14,132,52,132,151,132,215,132,0,0,98,141,133,138,195,137,145,130,17,131,20,136,127,171
110,16,2,130,146,131,214,130,23,132,27,132,133,132,222,132,0,0,90,141,110,138,185,137,127,130,14,131,23,136,131,171
111,16,8,130,152,131,221,130,12,132,51,132,139,132,230,132,0,0,82,141,100,138,163,137,125,130,31,131,17,136,135,171
112,16,24,130,125,131,204,130,7,132,76,132,144,132,213,132,0,0,65,141,114,138,183,137,133,130,22,131,7,136,141,171
113,16,34,130,110,131,171,130,25,132,22,132,121,132,219,132,0,0,68,141,112,138,205,137,134,130,21,131,15,136,138,171
114,16,27,130,123,131,185,130,46,132,8,132,122,132,202,132,0,0,82,141,103,138,166,137,135,130,34,131,41,136,132,171
115,16,19,130,136,131,214,130,39,132,50,132,136,132,148,132,0,0,87,141,109,138,131,137,137,130,24,131,40,136,134,171
116,16,26,130,147,131,209,130,16,132,25,132,134,132,151,132,0,0,88,141,122,138,175,137,145,130,23,131,12,136,122,171
117,16,36,130,146,131,216,130,24,132,7,132,141,132,204,132,0,0,73,141,135,138,205,137,147,130,32,131,15,136,119,171
118,16,21,130,118,131,216,130,44,132,64,132,161,132,205,132,0,0,65,141,121,138,180,137,138,130,19,131,49,136,129,171
119,16,13,130,115,131,203,130,32,132,77,132,152,132,183,132,0,0,72,141,105,138,176,137,145,130,24,131,57,136,134,171
120,16,31,130,136,131,216,130,11,132,25,132,124,132,202,132,0,0,84,141,120,138,185,137,150,130,27,131,29,136,137,171
121,16,29,130,142,131,211,130,20,132,14,132,122,132,224,132,0,0,79,141,132,138,173,137,133,130,11,131,17,136,139,171
122,16,23,130,135,131,208,130,26,132,32,132,133,132,219,132,0,0,71,141,125,138,171,137,126,130,23,131,40,136,142,171
123,16,23,130,133,131,208,130,17,132,38,132,123,132,205,132,0,0,93,141,117,138,188,137,138,130,39,131,46,136,138,171
124,16,11,130,133,131,200,130,43,132,33,132,125,132,204,132,0,0,96,141,120,138,171,137,146,130,24,131,31,136,150,171
125,16,15,130,130,131,203,130,56,132,33,132,143,132,187,132,0,0,94,141,120,138,152,137,149,130,16,131,36,136,154,171
126,16,27,130,128,131,189,130,28,132,52,132,140,132,169,132,0,0,122,141,114,138,178,137,145,130,11,131,44,136,131,171
127,16,33,130,127,131,193,130,27,132,46,132,120,132,195,132,77,0,125,141,117,138,169,137,143,130,16,131,37,136,126,171
0,16,19,130,124,131,213,130,44,132,28,132,125,132,203,132,0,0,95,141,120,138,108,137,151,130,32,131,28,136,147,171
1,16,0,130,136,131,203,130,50,132,37,132,141,132,183,132,0,0,85,141,103,138,82,137,155,130,15,131,28,136,144,171
2,16,21,130,145,131,206,130,63,132,52,132,137,132,199,132,0,0,102,141,99,138,116,137,142,130,5,131,27,136,133,171
3,16,30,130,122,131,218,130,43,132,55,132,135,132,223,132,0,0,107,141,131,138,173,137,131,130,34,131,20,136,152,171
4,16,11,130,113,131,204,130,254,131,38,132,136,132,205,132,0,0,95,141,140,138,191,137,151,130,35,131,10,136,145,171
5,16,4,130,141,131,193,130,7,132,36,132,134,132,205,132,0,0,92,141,126,138,185,137,155,130,17,131,12,136,108,171
6,16,17,130,146,131,190,130,26,132,49,132,125,132,205,132,0,0,112,141,124,138,190,137,132,130,34,131,22,136,119,171
7,16,22,130,115,131,186,130,23,132,54,132,115,132,187,132,0,0,121,141,127,138,168,137,144,130,40,131,14,136,151,171
8,16,13,130,114,131,192,130,19,132,52,132,122,132,203,132,0,0,95,141,138,138,134,137,166,130,25,131,13,136,145,171
9,16,15,130,135,131,201,130,1,132,54,132,128,132,219,132,0,0,72,141,123,138,160,137,152,130,33,131,27,136,125,171
10,16,16,130,120,131,208,130,3,132,53,132,133,132,219,132,0,0,84,141,99,138,200,137,144,130,33,131,27,136,135,171
11,16,10,130,103,131,227,130,26,132,39,132,141,132,225,132,0,0,109,141,123,138,194,137,150,130,18,131,26,136,162,171
12,16,27,130,126,131,236,130,14,132,34,132,129,132,219,132,0,0,96,141,141,138,184,137,140,130,28,131,41,136,156,171
13,16,40,130,147,131,205,130,246,131,39,132,131,132,188,132,0,0,87,141,120,138,182,137,151,130,32,131,48,136,131,171
14,16,29,130,136,131,198,130,33,132,31,132,161,132,173,132,0,0,103,141,107,138,172,137,174,130,19,131,21,136,132,171
15,16,21,130,137,131,229,130,54,132,33,132,160,132,199,132,0,0,93,141,115,138,181,137,161,130,21,131,12,136,144,171
16,16,17,130,144,131,202,130,10,132,49,132,140,132,205,132,0,0,81,141,122,138,187,137,130,130,27,131,32,136,131,171
17,16,13,130,131,131,172,130,2,132,53,132,131,132,191,132,0,0,91,141,120,138,177,137,131,130,21,131,35,136,121,171
18,16,21,130,132,131,203,130,22,132,43,132,133,132,204,132,0,0,110,141,101,138,183,137,145,130,22,131,25,136,128,171
19,16,18,130,155,131,229,130,27,132,53,132,145,132,216,132,0,0,107,141,95,138,175,137,129,130,32,131,31,136,130,171
20,16,253,129,160,131,203,130,30,132,52,132,146,132,207,132,0,0,93,141,118,138,124,137,123,130,31,131,33,136,117,171
21,16,250,129,134,131,166,130,34,132,17,132,137,132,204,132,0,0,96,141,125,138,114,137,152,130,30,131,19,136,102,171
22,16,16,130,122,131,190,130,28,132,18,132,139,132,199,132,0,0,86,141,110,138,174,137,163,130,36,131,21,136,118,171
23,16,20,130,120,131,219,130,30,132,45,132,142,132,186,132,0,0,86,141,117,138,208,137,130,130,29,131,20,136,148,171
24,16,15,130,113,131,197,130,68,132,29,132,132,132,204,132,0,0,115,141,127,138,147,137,115,130,18,131,17,136,150,171
25,16,14,130,111,131,196,130,90,132,26,132,130,132,194,132,0,0,109,141,115,138,102,137,148,130,25,131,36,136,135,171
26,16,254,129,124,131,203,130,36,132,67,132,135,132,157,132,0,0,84,141,109,138,150,137,162,130,45,131,40,136,122,171
27,16,2,130,149,131,192,130,247,131,70,132,141,132,178,132,0,0,87,141,122,138,200,137,134,130,42,131,39,136,131,171
28,16,25,130,124,131,199,130,15,132,35,132,152,132,219,132,0,0,99,141,128,138,181,137,130,130,19,131,37,136,142,171
29,16,17,130,103,131,201,130,44,132,46,132,148,132,231,132,0,0,102,141,111,138,165,137,149,130,20,131,31,136,136,171
30,16,17,130,154,131,193,130,36,132,65,132,130,132,202,132,0,0,94,141,109,138,192,137,149,130,44,131,42,136,126,171
31,16,18,130,170,131,194,130,8,132,50,132,116,132,167,132,0,0,89,141,129,138,200,137,148,130,44,131,39,136,124,171
32,16,10,130,118,131,203,130,252,131,32,132,124,132,173,132,0,0,100,141,122,138,187,137,156,130,27,131,20,136,126,171
33,16,24,130,121,131,202,130,9,132,26,132,139,132,220,132,0,0,106,141,113,138,183,137,139,130,21,131,28,136,118,171
34,16,25,130,156,131,203,130,14,132,44,132,144,132,228,132,0,0,100,141,131,138,178,137,119,130,26,131,37,136,108,171
35,16,17,130,145,131,205,130,15,132,48,132,144,132,191,132,0,0,101,141,125,138,164,137,130,130,51,131,22,136,119,171
36,16,30,130,130,131,176,130,2,132,31,132,136,132,194,132,0,0,107,141,94,138,159,137,136,130,48,131,23,136,140,171
37,16,26,130,119,131,188,130,241,131,36,132,126,132,226,132,0,0,101,141,116,138,179,137,148,130,16,131,22,136,129,171
38,16,12,130,122,131,230,130,5,132,43,132,133,132,225,132,0,0,86,141,144,138,188,137,155,130,8,131,13,136,116,171
39,16,12,130,141,131,208,130,26,132,53,132,152,132,202,132,0,0,83,141,117,138,171,137,145,130,35,131,11,136,124,171
40,16,22,130,144,131,194,130,27,132,64,132,141,132,206,132,0,0,92,141,100,138,171,137,152,130,52,131,15,136,141,171
41,16,24,130,142,131,217,130,28,132,57,132,130,132,214,132,0,0,98,141,118,138,183,137,138,130,37,131,20,136,151,171
42,16,13,130,153,131,217,130,34,132,38,132,139,132,194,132,0,0,88,141,123,138,174,137,121,130,25,131,33,136,138,171
43,16,14,130,152,131,204,130,39,132,43,132,138,132,196,132,0,0,89,141,123,138,176,137,138,130,42,131,39,136,130,171
44,16,23,130,134,131,205,130,38,132,75,132,124,132,203,132,0,0,90,141,129,138,182,137,151,130,55,131,25,136,123,171
45,16,21,130,128,131,197,130,22,132,88,132,116,132,200,132,0,0,72,141,119,138,157,137,128,130,31,131,25,136,117,171
46,16,7,130,141,131,192,130,11,132,67,132,127,132,203,132,0,0,77,141,103,138,106,137,108,130,30,131,35,136,109,171
47,16,9,130,149,131,197,130,16,132,29,132,134,132,197,132,0,0,104,141,103,138,86,137,125,130,50,131,30,136,96,171
48,16,20,130,128,131,198,130,1,132,19,132,113,132,185,132,0,0,108,141,112,138,134,137,146,130,37,131,13,136,108,171
49,16,249,129,118,131,200,130,251,131,69,132,120,132,216,132,0,0,98,141,131,138,184,137,135,130,37,131,19,136,128,171
50,16,247,129,157,131,209,130,16,132,99,132,138,132,233,132,0,0,89,141,133,138,191,137,129,130,66,131,42,136,134,171
51,16,36,130,163,131,216,130,24,132,60,132,110,132,203,132,0,0,74,141,103,138,180,137,156,130,52,131,32,136,139,171
52,16,53,130,122,131,213,130,21,132,30,132,111,132,191,132,0,0,80,141,104,138,145,137,158,130,8,131,22,136,142,171
53,16,47,130,103,131,228,130,26,132,43,132,144,132,198,132,0,0,94,141,118,138,111,137,130,130,18,131,35,136,128,171
54,16,29,130,113,131,233,130,15,132,41,132,144,132,182,132,0,0,95,141,92,138,115,137,133,130,30,131,31,136,130,171
55,16,13,130,127,131,215,130,8,132,41,132,138,132,179,132,0,0,89,141,92,138,141,137,140,130,19,131,24,136,137,171
56,16,21,130,119,131,213,130,32,132,41,132,144,132,203,132,0,0,87,141,129,138,161,137,137,130,30,131,48,136,129,171
57,16,19,130,100,131,213,130,46,132,34,132,146,132,200,132,0,0,95,141,126,138,185,137,152,130,37,131,42,136,127,171
58,16,13,130,120,131,225,130,40,132,56,132,150,132,188,132,0,0,97,141,95,138,194,137,152,130,16,131,10,136,146,171
59,16,22,130,154,131,218,130,32,132,75,132,148,132,210,132,0,0,97,141,108,138,173,137,135,130,11,131,30,136,156,171
60,16,28,130,136,131,197,130,34,132,48,132,142,132,212,132,0,0,86,141,130,138,179,137,142,130,32,131,54,136,135,171
61,16,25,130,105,131,211,130,40,132,24,132,148,132,204,132,0,0,65,141,113,138,182,137,149,130,32,131,31,136,122,171
62,16,24,130,119,131,209,130,8,132,38,132,145,132,227,132,0,0,71,141,103,138,179,137,141,130,15,131,15,136,136,171
63,16,20,130,147,131,192,130,245,131,49,132,131,132,221,132,0,0,97,141,113,138,186,137,146,130,24,131,37,136,135,171
64,16,8,130,147,131,191,130,27,132,36,132,138,132,185,132,0,0,108,141,130,138,191,137,141,130,49,131,43,136,121,171
65,16,249,129,115,131,197,130,46,132,34,132,144,132,205,132,0,0,105,141,127,138,195,137,122,130,35,131,23,136,143,171
66,16,15,130,103,131,214,130,31,132,46,132,138,132,234,132,0,0,89,141,113,138,156,137,133,130,19,131,25,136,160,171
67,16,35,130,130,131,216,130,21,132,31,132,140,132,220,132,0,0,84,141,125,138,96,137,143,130,34,131,35,136,133,171
68,16,20,130,135,131,194,130,14,132,29,132,135,132,214,132,0,0,82,141,126,138,94,137,124,130,38,131,30,136,124,171
69,16,6,130,130,131,201,130,6,132,61,132,131,132,221,132,0,0,75,141,112,138,132,137,125,130,14,131,26,136,134,171
70,16,12,130,137,131,226,130,2,132,50,132,123,132,205,132,0,0,85,141,114,138,115,137,135,130,25,131,31,136,132,171
71,16,20,130,129,131,218,130,6,132,19,132,111,132,189,132,0,0,96,141,117,138,103,137,117,130,58,131,44,136,125,171
72,16,15,130,120,131,191,130,6,132,38,132,133,132,198,132,0,0,95,141,120,138,166,137,116,130,38,131,44,136,135,171
73,16,7,130,130,131,208,130,6,132,52,132,137,132,209,132,0,0,93,141,119,138,202,137,134,130,15,131,44,136,155,171
74,16,5,130,145,131,228,130,5,132,27,132,118,132,204,132,0,0,91,141,112,138,178,137,136,130,34,131,59,136,157,171
75,16,15,130,133,131,213,130,5,132,29,132,135,132,206,132,0,0,84,141,121,138,162,137,129,130,33,131,51,136,132,171
76,16,18,130,129,131,206,130,250,131,45,132,149,132,217,132,0,0,83,141,129,138,176,137,130,130,23,131,28,136,112,171
77,16,5,130,143,131,221,130,248,131,40,132,135,132,233,132,0,0,91,141,104,138,191,137,128,130,35,131,29,136,125,171
78,16,14,130,142,131,246,130,38,132,48,132,140,132,239,132,0,0,79,141,100,138,162,137,143,130,44,131,32,136,136,171
79,16,29,130,136,131,244,130,53,132,58,132,153,132,197,132,0,0,72,141,132,138,145,137,156,130,37,131,20,136,116,171
80,16,13,130,133,131,207,130,21,132,35,132,145,132,166,132,0,0,88,141,136,138,179,137,140,130,35,131,22,136,100,171
81,16,6,130,134,131,218,130,17,132,27,132,119,132,188,132,0,0,84,141,112,138,185,137,144,130,18,131,31,136,127,171
82,16,24,130,132,131,234,130,29,132,40,132,118,132,228,132,0,0,86,141,105,138,169,137,148,130,14,131,14,136,150,171
83,16,35,130,154,131,206,130,24,132,32,132,142,132,215,132,0,0,100,141,109,138,142,137,137,130,42,131,11,136,134,171
84,16,28,130,162,131,220,130,21,132,29,132,134,132,159,132,0,0,89,141,129,138,116,137,143,130,43,131,33,136,123,171
85,16,23,130,114,131,228,130,2,132,41,132,115,132,155,132,0,0,86,141,136,138,158,137,147,130,32,131,25,136,120,171
86,16,32,130,102,131,193,130,248,131,39,132,129,132,207,132,0,0,109,141,122,138,191,137,142,130,38,131,252,135,117,171
87,16,18,130,135,131,183,130,5,132,38,132,141,132,225,132,0,0,109,141,103,138,136,137,158,130,29,131,1,136,132,171
88,16,245,129,156,131,197,130,1,132,47,132,127,132,193,132,0,0,92,141,102,138,129,137,172,130,31,131,26,136,138,171
89,16,14,130,139,131,203,130,7,132,45,132,135,132,195,132,0,0,95,141,109,138,201,137,157,130,54,131,18,136,129,171
90,16,39,130,99,131,197,130,22,132,33,132,145,132,204,132,0,0,98,141,113,138,201,137,132,130,35,131,9,136,129,171
91,16,28,130,97,131,216,130,9,132,28,132,121,132,178,132,0,0,93,141,117,138,160,137,127,130,4,131,17,136,133,171
92,16,21,130,131,131,231,130,5,132,37,132,105,132,191,132,0,0,102,141,116,138,188,137,144,130,19,131,9,136,133,171
93,16,24,130,132,131,209,130,24,132,67,132,130,132,218,132,0,0,87,141,112,138,203,137,143,130,27,131,14,136,134,171
94,16,41,130,121,131,198,130,11,132,66,132,147,132,199,132,0,0,61,141,113,138,130,137,115,130,17,131,33,136,136,171
95,16,38,130,147,131,203,130,244,131,32,132,136,132,183,132,0,0,93,141,121,138,109,137,113,130,16,131,29,136,148,171
96,16,12,130,147,131,213,130,2,132,16,132,135,132,207,132,0,0,139,141,123,138,175,137,131,130,23,131,22,136,151,171
97,16,22,130,113,131,221,130,20,132,47,132,141,132,214,132,0,0,119,141,118,138,157,137,132,130,39,131,28,136,141,171
98,16,41,130,122,131,199,130,4,132,78,132,129,132,196,132,0,0,91,141,125,138,73,137,132,130,28,131,32,136,140,171
99,16,20,130,134,131,196,130,250,131,48,132,113,132,192,132,0,0,94,141,118,138,109,137,138,130,17,131,27,136,131,171
100,16,1,130,91,131,224,130,16,132,13,132,118,132,192,132,0,0,91,141,94,138,193,137,134,130,39,131,22,136,107,171
101,16,18,130,77,131,215,130,29,132,40,132,142,132,193,132,0,0,87,141,100,138,186,137,141,130,56,131,22,136,113,171
102,16,31,130,128,131,189,130,13,132,65,132,140,132,200,132,0,0,98,141,123,138,171,137,171,130,28,131,34,136,144,171
103,16,14,130,132,131,185,130,7,132,44,132,132,132,193,132,0,0,94,141,130,138,184,137,173,130,10,131,30,136,144,171
104,16,5,130,108,131,206,130,16,132,34,132,134,132,192,132,0,0,76,141,120,138,161,137,137,130,28,131,16,136,112,171
105,16,10,130,121,131,217,130,249,131,51,132,132,132,210,132,0,0,85,141,122,138,140,137,125,130,32,131,19,136,116,171
106,16,6,130,139,131,204,130,229,131,46,132,134,132,209,132,0,0,107,141,124,138,176,137,146,130,33,131,29,136,148,171
107,16,9,130,150,131,231,130,247,131,29,132,133,132,195,132,0,0,78,141,102,138,203,137,155,130,36,131,45,136,145,171
108,16,9,130,144,131,242,130,243,131,35,132,128,132,216,132,0,0,54,141,112,138,180,137,140,130,34,131,38,136,116,171
109,16,3,130,116,131,195,130,243,131,59,132,127,132,219,132,0,0,88,141,133,138,173,137,137,130,37,131,36,136,114,171
110,16,255,129,115,131,188,130,20,132,40,132,119,132,170,132,0,0,111,141,112,138,194,137,138,130,29,131,50,136,128,171
111,16,13,130,126,131,210,130,32,132,25,132,136,132,157,132,0,0,85,141,95,138,188,137,140,130,31,131,36,136,128,171
112,16,39,130,113,131,187,130,16,132,47,132,170,132,203,132,0,0,72,141,116,138,149,137,147,130,43,131,22,136,134,171
113,16,23,130,111,131,180,130,6,132,43,132,166,132,223,132,0,0,92,141,136,138,152,137,149,130,34,131,27,136,128,171
114,16,250,129,143,131,215,130,10,132,24,132,132,132,208,132,0,0,92,141,132,138,173,137,152,130,27,131,17,136,119,171
115,16,16,130,143,131,211,130,19,132,25,132,133,132,221,132,0,0,82,141,120,138,151,137,140,130,41,131,13,136,134,171
116,16,31,130,133,131,181,130,18,132,45,132,127,132,237,132,0,0,77,141,108,138,155,137,134,130,40,131,31,136,131,171
117,16,19,130,140,131,204,130,11,132,64,132,95,132,208,132,0,0,56,141,119,138,196,137,152,130,21,131,24,136,114,171
118,16,29,130,136,131,219,130,3,132,41,132,105,132,183,132,0,0,79,141,117,138,189,137,144,130,18,131,5,136,115,171
119,16,31,130,134,131,198,130,3,132,5,132,138,132,189,132,0,0,117,141,94,138,160,137,122,130,34,131,1,136,135,171
120,16,9,130,150,131,210,130,13,132,21,132,135,132,209,132,0,0,98,141,102,138,189,137,135,130,35,131,6,136,141,171
121,16,7,130,140,131,213,130,10,132,54,132,133,132,211,132,0,0,81,141,127,138,205,137,148,130,25,131,16,136,125,171
122,16,23,130,114,131,197,130,252,131,42,132,137,132,199,132,0,0,92,141,124,138,151,137,140,130,44,131,31,136,119,171
123,16,3,130,130,131,189,130,248,131,32,132,126,132,202,132,0,0,94,141,111,138,141,137,153,130,64,131,39,136,134,171
124,16,242,129,147,131,183,130,6,132,51,132,119,132,208,132,0,0,98,141,117,138,185,137,166,130,32,131,34,136,151,171
125,16,21,130,128,131,198,130,9,132,46,132,124,132,200,132,0,0,108,141,122,138,160,137,144,130,19,131,34,136,144,171
126,16,31,130,128,131,212,130,248,131,36,132,131,132,209,132,0,0,115,141,125,138,90,137,133,130,45,131,42,136,123,171
127,16,25,130,125,131,202,130,251,131,45,132,132,132,200,132,77,0,110,141,119,138,91,137,142,130,33,131,42,136,135,171
0,16,43,130,100,131,192,130,13,132,40,132,144,132,159,132,0,0,105,141,108,138,123,137,139,130,5,131,29,136,158,171
1,16,37,130,107,131,207,130,12,132,28,132,127,132,167,132,0,0,103,141,114,138,152,137,131,130,13,131,25,136,139,171
2,16,19,130,124,131,217,130,4,132,37,132,78,132,213,132,0,0,103,141,132,138,190,137,137,130,37,131,14,136,110,171
3,16,12,130,120,131,211,130,255,131,52,132,87,132,215,132,0,0,112,141,142,138,183,137,154,130,44,131,2,136,128,171
4,16,23,130,123,131,221,130,6,132,45,132,134,132,206,132,0,0,105,141,128,138,179,137,161,130,40,131,21,136,151,171
5,16,38,130,117,131,214,130,12,132,47,132,137,132,214,132,0,0,72,141,105,138,193,137,143,130,39,131,31,136,140,171
6,16,34,130,115,131,195,130,11,132,54,132,117,132,203,132,0,0,68,141,95,138,180,137,129,130,44,131,7,136,123,171
7,16,5,130,154,131,218,130,1,132,59,132,114,132,190,132,0,0,86,141,104,138,176,137,143,130,44,131,251,135,115,171
8,16,238,129,150,131,230,130,252,131,53,132,123,132,214,132,0,0,79,141,116,138,180,137,153,130,29,131,17,136,122,171
9,16,0,130,108,131,208,130,29,132,30,132,140,132,228,132,0,0,66,141,120,138,177,137,146,130,15,131,31,136,141,171
10,16,18,130,130,131,194,130,34,132,33,132,144,132,213,132,0,0,78,141,125,138,181,137,151,130,24,131,32,136,140,171
11,16,255,129,143,131,198,130,251,131,56,132,142,132,197,132,0,0,90,141,135,138,192,137,168,130,47,131,33,136,120,171
12,16,5,130,118,131,216,130,4,132,52,132,150,132,199,132,0,0,92,141,133,138,162,137,161,130,45,131,40,136,126,171
13,16,35,130,133,131,208,130,42,132,37,132,133,132,219,132,0,0,94,141,124,138,152,137,141,130,30,131,31,136,132,171
14,16,35,130,147,131,197,130,28,132,42,132,124,132,214,132,0,0,80,141,128,138,168,137,137,130,39,131,24,136,107,171
15,16,28,130,133,131,215,130,4,132,50,132,139,132,190,132,0,0,57,141,134,138,150,137,139,130,60,131,43,136,113,171
16,16,28,130,141,131,198,130,9,132,25,132,132,132,199,132,0,0,80,141,122,138,149,137,136,130,53,131,43,136,133,171
17,16,23,130,152,131,184,130,252,131,17,132,122,132,222,132,0,0,110,141,108,138,184,137,146,130,27,131,25,136,123,171
18,16,12,130,127,131,224,130,254,131,38,132,144,132,218,132,0,0,95,141,110,138,187,137,151,130,9,131,42,136,119,171
19,16,255,129,105,131,236,130,19,132,48,132,159,132,206,132,0,0,91,141,111,138,166,137,137,130,26,131,55,136,138,171
20,16,13,130,139,131,217,130,18,132,37,132,133,132,197,132,0,0,110,141,116,138,177,137,121,130,52,131,37,136,138,171
21,16,31,130,155,131,228,130,11,132,34,132,121,132,192,132,0,0,94,141,120,138,190,137,104,130,32,131,23,136,120,171
22,16,26,130,122,131,228,130,35,132,62,132,124,132,198,132,0,0,62,141,116,138,179,137,110,130,22,131,23,136,133,171
23,16,10,130,119,131,199,130,32,132,81,132,123,132,208,132,0,0,71,141,121,138,180,137,131,130,51,131,23,136,149,171
24,16,12,130,139,131,180,130,246,131,54,132,122,132,200,132,0,0,106,141,133,138,181,137,129,130,48,131,39,136,138,171
25,16,49,130,132,131,207,130,251,131,24,132,111,132,203,132,0,0,116,141,120,138,160,137,124,130,27,131,48,136,143,171
26,16,55,130,120,131,224,130,17,132,31,132,121,132,211,132,0,0,100,141,107,138,142,137,135,130,28,131,27,136,151,171
27,16,36,130,122,131,202,130,8,132,45,132,154,132,204,132,0,0,83,141,126,138,170,137,145,130,37,131,17,136,134,171
28,16,39,130,116,131,200,130,6,132,43,132,156,132,203,132,0,0,86,141,143,138,184,137,141,130,36,131,23,136,126,171
29,16,26,130,147,131,202,130,2,132,35,132,127,132,207,132,0,0,95,141,128,138,167,137,130,130,32,131,24,136,135,171
30,16,12,130,179,131,198,130,248,131,25,132,129,132,214,132,0,0,84,141,106,138,170,137,135,130,32,131,33,136,135,171
31,16,22,130,130,131,201,130,249,131,38,132,147,132,217,132,0,0,74,141,118,138,178,137,143,130,36,131,30,136,135,171
32,16,38,130,107,131,207,130,250,131,68,132,139,132,198,132,0,0,74,141,129,138,165,137,139,130,50,131,25,136,132,171
33,16,36,130,139,131,205,130,250,131,68,132,131,132,194,132,0,0,77,141,107,138,171,137,143,130,64,131,31,136,121,171
34,16,17,130,136,131,180,130,7,132,41,132,141,132,211,132,0,0,87,141,97,138,184,137,148,130,48,131,32,136,131,171
35,16,18,130,114,131,185,130,17,132,31,132,145,132,209,132,0,0,98,141,120,138,178,137,130,130,20,131,33,136,140,171
36,16,22,130,114,131,204,130,248,131,43,132,137,132,211,132,0,0,115,141,140,138,184,137,122,130,30,131,44,136,127,171
37,16,13,130,122,131,198,130,239,131,41,132,122,132,231,132,0,0,101,141,135,138,176,137,137,130,37,131,48,136,131,171
38,16,13,130,142,131,196,130,19,132,30,132,121,132,215,132,0,0,70,141,118,138,165,137,138,130,23,131,37,136,146,171
39,16,23,130,140,131,211,130,22,132,49,132,142,132,205,132,0,0,93,141,122,138,186,137,125,130,21,131,33,136,144,171
40,16,20,130,121,131,223,130,254,131,55,132,128,132,219,132,0,0,117,141,137,138,152,137,124,130,24,131,42,136,133,171
41,16,255,129,132,131,211,130,20,132,32,132,112,132,198,132,0,0,100,141,129,138,128,137,131,130,26,131,37,136,132,171
42,16,4,130,138,131,210,130,38,132,46,132,140,132,179,132,0,0,96,141,119,138,163,137,150,130,28,131,16,136,135,171
43,16,30,130,122,131,233,130,6,132,63,132,142,132,208,132,0,0,94,141,130,138,167,137,152,130,24,131,13,136,133,171
44,16,22,130,112,131,218,130,4,132,26,132,141,132,220,132,0,0,83,141,132,138,163,137,129,130,35,131,31,136,135,171
45,16,7,130,111,131,185,130,33,132,33,132,155,132,194,132,0,0,107,141,108,138,180,137,143,130,56,131,27,136,121,171
46,16,23,130,108,131,193,130,24,132,84,132,136,132,200,132,0,0,122,141,101,138,158,137,161,130,35,131,21,136,108,171
47,16,28,130,103,131,200,130,255,131,70,132,119,132,225,132,0,0,85,141,120,138,133,137,138,130,23,131,40,136,128,171
48,16,22,130,110,131,197,130,6,132,22,132,139,132,211,132,0,0,67,141,122,138,199,137,128,130,45,131,41,136,151,171
49,16,35,130,141,131,200,130,11,132,23,132,141,132,186,132,0,0,92,141,126,138,223,137,140,130,43,131,15,136,128,171
50,16,34,130,153,131,196,130,252,131,39,132,116,132,194,132,0,0,108,141,147,138,126,137,136,130,38,131,26,136,108,171
51,16,16,130,124,131,209,130,13,132,29,132,117,132,208,132,0,0,88,141,137,138,119,137,137,130,37,131,51,136,134,171
52,16,13,130,127,131,205,130,34,132,33,132,140,132,202,132,0,0,77,141,111,138,190,137,146,130,13,131,37,136,142,171
53,16,30,130,131,131,197,130,15,132,43,132,154,132,198,132,0,0,84,141,108,138,162,137,143,130,7,131,21,136,124,171
54,16,23,130,110,131,200,130,242,131,19,132,151,132,203,132,0,0,80,141,130,138,131,137,154,130,31,131,31,136,124,171
55,16,6,130,108,131,197,130,252,131,29,132,139,132,215,132,0,0,71,141,131,138,147,137,161,130,35,131,30,136,137,171
56,16,16,130,107,131,198,130,12,132,90,132,141,132,218,132,0,0,89,141,109,138,140,137,139,130,19,131,23,136,140,171
57,16,7,130,97,131,197,130,254,131,88,132,151,132,204,132,0,0,113,141,112,138,128,137,133,130,22,131,29,136,132,171
58,16,0,130,118,131,203,130,251,131,42,132,134,132,200,132,0,0,89,141,127,138,127,137,152,130,43,131,39,136,129,171
59,16,20,130,142,131,190,130,6,132,28,132,107,132,205,132,0,0,74,141,133,138,124,137,157,130,43,131,37,136,130,171
60,16,24,130,141,131,198,130,17,132,19,132,116,132,192,132,0,0,96,141,128,138,174,137,160,130,16,131,26,136,136,171
61,16,17,130,137,131,231,130,32,132,18,132,144,132,179,132,0,0,85,141,122,138,182,137,161,130,13,131,21,136,136,171
62,16,21,130,119,131,197,130,19,132,48,132,152,132,196,132,0,0,76,141,124,138,92,137,135,130,36,131,19,136,122,171
63,16,33,130,100,131,171,130,249,131,51,132,146,132,218,132,0,0,83,141,124,138,85,137,129,130,37,131,21,136,113,171
64,16,39,130,118,131,208,130,247,131,36,132,135,132,221,132,0,0,93,141,116,138,148,137,156,130,28,131,25,136,115,171
65,16,42,130,138,131,226,130,13,132,41,132,125,132,214,132,0,0,104,141,118,138,181,137,158,130,46,131,14,136,126,171
66,16,39,130,145,131,211,130,21,132,38,132,126,132,204,132,0,0,96,141,128,138,170,137,147,130,53,131,4,136,142,171
67,16,24,130,134,131,213,130,0,132,45,132,131,132,216,132,0,0,105,141,122,138,108,137,143,130,31,131,7,136,143,171
68,16,20,130,122,131,220,130,247,131,56,132,129,132,220,132,0,0,121,141,109,138,92,137,143,130,18,131,32,136,124,171
69,16,21,130,133,131,217,130,17,132,32,132,149,132,213,132,0,0,88,141,109,138,124,137,150,130,32,131,46,136,125,171
70,16,11,130,145,131,200,130,23,132,30,132,154,132,226,132,0,0,55,141,125,138,113,137,153,130,42,131,16,136,144,171
71,16,6,130,125,131,193,130,252,131,42,132,115,132,224,132,0,0,67,141,135,138,91,137,154,130,28,131,253,135,131,171
72,16,12,130,88,131,195,130,3,132,32,132,123,132,201,132,0,0,79,141,119,138,154,137,159,130,6,131,23,136,106,171
73,16,29,130,89,131,187,130,31,132,29,132,176,132,202,132,0,0,69,141,104,138,198,137,139,130,26,131,32,136,121,171
74,16,34,130,128,131,192,130,29,132,40,132,165,132,212,132,0,0,70,141,128,138,134,137,112,130,47,131,21,136,148,171
75,16,2,130,138,131,205,130,20,132,34,132,134,132,207,132,0,0,90,141,148,138,103,137,120,130,25,131,30,136,130,171
76,16,248,129,122,131,211,130,26,132,41,132,138,132,207,132,0,0,105,141,116,138,190,137,138,130,27,131,42,136,113,171
77,16,29,130,116,131,211,130,16,132,59,132,146,132,209,132,0,0,96,141,104,138,235,137,133,130,41,131,45,136,142,171
78,16,18,130,121,131,213,130,5,132,35,132,156,132,199,132,0,0,94,141,142,138,138,137,120,130,28,131,49,136,152,171
79,16,247,129,133,131,217,130,2,132,18,132,148,132,197,132,0,0,106,141,133,138,101,137,115,130,27,131,43,136,121,171
80,16,20,130,137,131,213,130,232,131,43,132,134,132,200,132,0,0,97,141,94,138,175,137,127,130,38,131,24,136,119,171
81,16,51,130,125,131,213,130,238,131,45,132,150,132,200,132,0,0,88,141,108,138,184,137,150,130,38,131,25,136,144,171
82,16,30,130,119,131,205,130,13,132,24,132,145,132,198,132,0,0,119,141,128,138,107,137,156,130,26,131,45,136,136,171
83,16,5,130,120,131,196,130,13,132,23,132,127,132,212,132,0,0,125,141,115,138,69,137,157,130,32,131,34,136,130,171
84,16,24,130,133,131,221,130,1,132,39,132,138,132,232,132,0,0,93,141,114,138,125,137,148,130,45,131,8,136,139,171
85,16,24,130,149,131,223,130,254,131,52,132,152,132,200,132,0,0,85,141,123,138,175,137,126,130,40,131,11,136,122,171
86,16,6,130,139,131,197,130,2,132,54,132,130,132,182,132,0,0,92,141,118,138,178,137,139,130,32,131,25,136,120,171
87,16,26,130,118,131,202,130,10,132,50,132,108,132,205,132,0,0,91,141,111,138,179,137,158,130,40,131,16,136,135,171
88,16,29,130,141,131,202,130,13,132,57,132,109,132,178,132,0,0,106,141,117,138,182,137,144,130,39,131,12,136,120,171
89,16,12,130,162,131,186,130,1,132,48,132,134,132,158,132,0,0,102,141,125,138,145,137,128,130,26,131,36,136,103,171
90,16,13,130,114,131,198,130,253,131,26,132,156,132,200,132,0,0,81,141,114,138,92,137,140,130,42,131,44,136,109,171
91,16,16,130,99,131,225,130,12,132,46,132,132,132,222,132,0,0,87,141,112,138,103,137,147,130,46,131,7,136,108,171
92,16,13,130,133,131,223,130,17,132,55,132,107,132,206,132,0,0,93,141,124,138,140,137,133,130,9,131,238,135,117,171
93,16,25,130,119,131,209,130,1,132,8,132,125,132,203,132,0,0,83,141,120,138,166,137,129,130,5,131,21,136,138,171
94,16,34,130,110,131,225,130,251,131,249,131,151,132,194,132,0,0,91,141,116,138,183,137,147,130,42,131,52,136,142,171
95,16,3,130,140,131,219,130,12,132,40,132,167,132,197,132,0,0,104,141,114,138,180,137,143,130,53,131,28,136,124,171
96,16,244,129,139,131,202,130,19,132,49,132,153,132,228,132,0,0,86,141,102,138,178,137,129,130,38,131,23,136,117,171
97,16,21,130,102,131,222,130,12,132,18,132,113,132,217,132,0,0,79,141,107,138,212,137,144,130,47,131,36,136,135,171
98,16,27,130,96,131,220,130,17,132,27,132,118,132,189,132,0,0,104,141,133,138,225,137,156,130,64,131,28,136,151,171
99,16,17,130,116,131,216,130,38,132,50,132,151,132,191,132,0,0,93,141,126,138,138,137,146,130,66,131,31,136,136,171
100,16,24,130,134,131,232,130,38,132,46,132,146,132,216,132,0,0,80,141,120,138,95,137,145,130,46,131,37,136,134,171
101,16,15,130,131,131,211,130,8,132,30,132,123,132,220,132,0,0,110,141,139,138,166,137,162,130,15,131,25,136,141,171
102,16,9,130,118,131,198,130,254,131,26,132,113,132,206,132,0,0,106,141,126,138,165,137,156,130,11,131,26,136,128,171
103,16,7,130,120,131,205,130,10,132,42,132,130,132,215,132,0,0,72,141,103,138,80,137,136,130,42,131,37,136,118,171
104,16,23,130,119,131,211,130,18,132,41,132,143,132,205,132,0,0,70,141,110,138,95,137,145,130,49,131,38,136,133,171
105,16,36,130,122,131,205,130,10,132,26,132,128,132,204,132,0,0,87,141,116,138,184,137,155,130,33,131,38,136,147,171
106,16,15,130,137,131,194,130,3,132,32,132,138,132,230,132,0,0,95,141,101,138,198,137,143,130,38,131,28,136,142,171
107,16,5,130,130,131,230,130,11,132,41,132,153,132,224,132,0,0,89,141,97,138,171,137,142,130,51,131,22,136,149,171
108,16,10,130,97,131,242,130,17,132,51,132,126,132,212,132,0,0,85,141,117,138,181,137,155,130,47,131,34,136,146,171
109,16,13,130,100,131,207,130,26,132,67,132,123,132,225,132,0,0,78,141,128,138,184,137,154,130,35,131,31,136,119,171
110,16,25,130,140,131,214,130,30,132,63,132,149,132,206,132,0,0,84,141,114,138,155,137,153,130,33,131,12,136,123,171
111,16,31,130,141,131,224,130,28,132,46,132,135,132,177,132,0,0,103,141,102,138,151,137,164,130,22,131,14,136,144,171
112,16,26,130,115,131,194,130,34,132,53,132,116,132,215,132,0,0,89,141,106,138,186,137,164,130,12,131,36,136,125,171
113,16,12,130,103,131,178,130,22,132,60,132,136,132,232,132,0,0,66,141,113,138,191,137,139,130,26,131,36,136,94,171
114,16,28,130,105,131,206,130,32,132,43,132,137,132,201,132,0,0,75,141,110,138,167,137,132,130,45,131,23,136,109,171
115,16,61,130,129,131,204,130,39,132,33,132,116,132,195,132,0,0,93,141,109,138,119,137,151,130,49,131,24,136,137,171
116,16,39,130,153,131,177,130,10,132,46,132,127,132,207,132,0,0,89,141,124,138,79,137,156,130,29,131,25,136,131,171
117,16,245,129,146,131,194,130,8,132,49,132,147,132,201,132,0,0,78,141,121,138,129,137,137,130,33,131,25,136,126,171
118,16,234,129,133,131,200,130,35,132,34,132,139,132,205,132,0,0,90,141,109,138,205,137,127,130,49,131,30,136,135,171
119,16,253,129,137,131,187,130,16,132,50,132,121,132,228,132,0,0,98,141,112,138,187,137,151,130,52,131,33,136,138,171
120,16,14,130,134,131,218,130,255,131,56,132,128,132,222,132,0,0,81,141,117,138,148,137,162,130,50,131,24,136,145,171
121,16,19,130,109,131,235,130,34,132,15,132,136,132,201,132,0,0,81,141,111,138,165,137,131,130,33,131,24,136,145,171
122,16,23,130,109,131,224,130,50,132,36,132,134,132,203,132,0,0,96,141,104,138,193,137,130,130,34,131,30,136,127,171
123,16,19,130,124,131,226,130,37,132,92,132,144,132,207,132,0,0,88,141,115,138,178,137,161,130,31,131,18,136,124,171
124,16,18,130,113,131,218,130,16,132,57,132,155,132,189,132,0,0,76,141,124,138,164,137,166,130,14,131,16,136,129,171
125,16,27,130,117,131,208,130,5,132,21,132,149,132,180,132,0,0,75,141,129,138,185,137,156,130,30,131,36,136,122,171
126,16,28,130,137,131,208,130,18,132,47,132,142,132,212,132,0,0,84,141,136,138,201,137,150,130,51,131,29,136,127,171
127,16,13,130,146,131,213,130,25,132,43,132,142,132,234,132,77,0,114,141,140,138,159,137,138,130,25,131,7,136,149,171
0,16,7,130,135,131,212,130,17,132,26,132,141,132,229,132,0,0,124,141,129,138,105,137,138,130,9,131,14,136,142,171
1,16,2,130,137,131,203,130,27,132,48,132,145,132,229,132,0,0,104,141,113,138,101,137,150,130,28,131,17,136,119,171
2,16,253,129,159,131,220,130,38,132,59,132,149,132,232,132,0,0,87,141,112,138,111,137,154,130,36,131,11,136,126,171
3,16,5,130,151,131,228,130,20,132,20,132,144,132,206,132,0,0,81,141,104,138,102,137,161,130,36,131,20,136,133,171
4,16,21,130,122,131,211,130,18,132,11,132,124,132,181,132,0,0,82,141,96,138,107,137,155,130,31,131,20,136,123,171
5,16,28,130,130,131,221,130,25,132,47,132,115,132,196,132,0,0,85,141,104,138,122,137,134,130,13,131,12,136,127,171
6,16,12,130,150,131,227,130,9,132,53,132,144,132,217,132,0,0,69,141,119,138,94,137,135,130,15,131,14,136,138,171
7,16,8,130,133,131,201,130,254,131,27,132,152,132,206,132,0,0,51,141,126,138,94,137,153,130,47,131,31,136,131,171
8,16,17,130,127,131,197,130,12,132,33,132,126,132,206,132,0,0,74,141,131,138,184,137,149,130,56,131,24,136,116,171
9,16,18,130,147,131,196,130,21,132,56,132,127,132,226,132,0,0,98,141,134,138,219,137,141,130,33,131,6,136,116,171
10,16,30,130,143,131,180,130,13,132,43,132,137,132,227,132,0,0,74,141,120,138,126,137,155,130,25,131,15,136,131,171
11,16,18,130,126,131,189,130,14,132,43,132,122,132,221,132,0,0,72,141,120,138,109,137,162,130,27,131,17,136,129,171
12,16,6,130,123,131,215,130,36,132,58,132,123,132,209,132,0,0,103,141,122,138,194,137,163,130,31,131,11,136,128,171
13,16,25,130,125,131,206,130,37,132,48,132,152,132,201,132,0,0,107,141,111,138,204,137,170,130,36,131,43,136,133,171
14,16,17,130,126,131,184,130,10,132,29,132,151,132,212,132,0,0,90,141,110,138,171,137,151,130,38,131,63,136,132,171
15,16,255,129,119,131,194,130,10,132,41,132,124,132,194,132,0,0,98,141,122,138,189,137,131,130,36,131,32,136,138,171
16,16,7,130,115,131,192,130,15,132,72,132,127,132,152,132,0,0,118,141,117,138,198,137,140,130,48,131,24,136,136,171
17,16,18,130,119,131,195,130,14,132,61,132,143,132,167,132,0,0,114,141,112,138,186,137,147,130,60,131,36,136,121,171
18,16,22,130,128,131,225,130,17,132,40,132,144,132,220,132,0,0,101,141,132,138,181,137,145,130,43,131,37,136,132,171
19,16,20,130,140,131,214,130,32,132,53,132,143,132,228,132,0,0,97,141,127,138,179,137,152,130,36,131,22,136,150,171
20,16,18,130,130,131,203,130,54,132,53,132,134,132,202,132,0,0,107,141,105,138,188,137,165,130,55,131,251,135,142,171
21,16,25,130,95,131,196,130,40,132,34,132,132,132,206,132,0,0,121,141,106,138,189,137,161,130,49,131,253,135,130,171
22,16,40,130,96,131,186,130,23,132,46,132,140,132,215,132,0,0,104,141,109,138,183,137,149,130,21,131,35,136,131,171
23,16,34,130,135,131,209,130,27,132,59,132,136,132,207,132,0,0,77,141,111,138,189,137,157,130,21,131,38,136,139,171
24,16,21,130,138,131,222,130,12,132,51,132,127,132,211,132,0,0,74,141,119,138,190,137,168,130,52,131,7,136,140,171
25,16,29,130,123,131,212,130,254,131,42,132,138,132,231,132,0,0,72,141,116,138,178,137,161,130,54,131,22,136,127,171
26,16,27,130,133,131,208,130,14,132,35,132,155,132,236,132,0,0,63,141,118,138,179,137,156,130,24,131,33,136,128,171
27,16,14,130,140,131,228,130,26,132,55,132,132,132,203,132,0,0,70,141,125,138,183,137,170,130,21,131,16,136,133,171
28,16,8,130,146,131,237,130,19,132,66,132,111,132,191,132,0,0,77,141,115,138,191,137,167,130,46,131,17,136,117,171
29,16,0,130,147,131,216,130,25,132,38,132,128,132,208,132,0,0,95,141,112,138,190,137,135,130,50,131,22,136,127,171
30,16,2,130,146,131,224,130,42,132,26,132,138,132,203,132,0,0,106,141,123,138,166,137,121,130,35,131,33,136,143,171
31,16,21,130,145,131,239,130,45,132,46,132,136,132,194,132,0,0,102,141,118,138,166,137,133,130,29,131,42,136,122,171
32,16,37,130,140,131,219,130,45,132,36,132,151,132,183,132,0,0,119,141,102,138,185,137,135,130,42,131,31,136,129,171
33,16,13,130,145,131,218,130,44,132,31,132,154,132,183,132,0,0,101,141,98,138,187,137,135,130,51,131,10,136,158,171
34,16,237,129,139,131,239,130,31,132,52,132,144,132,202,132,0,0,71,141,105,138,187,137,153,130,42,131,19,136,133,171
35,16,254,129,129,131,217,130,32,132,42,132,159,132,227,132,0,0,81,141,107,138,176,137,159,130,29,131,30,136,105,171
36,16,15,130,143,131,194,130,47,132,39,132,158,132,221,132,0,0,100,141,108,138,153,137,151,130,40,131,11,136,127,171
37,16,246,129,155,131,208,130,36,132,68,132,140,132,195,132,0,0,83,141,119,138,170,137,166,130,53,131,7,136,139,171
38,16,249,129,144,131,214,130,36,132,60,132,137,132,195,132,0,0,59,141,116,138,199,137,177,130,40,131,30,136,122,171
39,16,12,130,137,131,201,130,41,132,27,132,144,132,202,132,0,0,72,141,114,138,191,137,158,130,32,131,23,136,129,171
40,16,9,130,139,131,206,130,11,132,27,132,145,132,205,132,0,0,82,141,124,138,172,137,145,130,32,131,5,136,142,171
41,16,31,130,108,131,206,130,3,132,38,132,130,132,203,132,0,0,91,141,131,138,156,137,133,130,36,131,17,136,120,171
42,16,44,130,83,131,193,130,34,132,39,132,131,132,193,132,0,0,97,141,128,138,159,137,125,130,33,131,19,136,101,171
43,16,20,130,107,131,222,130,26,132,45,132,137,132,193,132,0,0,93,141,126,138,178,137,135,130,7,131,13,136,126,171
44,16,15,130,140,131,243,130,255,131,47,132,120,132,208,132,0,0,97,141,121,138,170,137,135,130,10,131,21,136,145,171
45,16,33,130,137,131,211,130,6,132,43,132,122,132,218,132,0,0,75,141,122,138,165,137,151,130,39,131,23,136,133,171
46,16,38,130,139,131,180,130,15,132,41,132,156,132,198,132,0,0,55,141,129,138,183,137,164,130,24,131,16,136,127,171
47,16,20,130,147,131,179,130,10,132,48,132,163,132,191,132,0,0,84,141,118,138,188,137,137,130,7,131,16,136,136,171
48,16,22,130,132,131,226,130,26,132,63,132,139,132,200,132,0,0,94,141,112,138,177,137,131,130,54,131,19,136,138,171
49,16,26,130,138,131,233,130,36,132,38,132,139,132,203,132,0,0,73,141,135,138,173,137,147,130,65,131,21,136,124,171
50,16,12,130,156,131,188,130,20,132,5,132,149,132,201,132,0,0,84,141,133,138,180,137,138,130,18,131,22,136,114,171
51,16,24,130,144,131,194,130,9,132,30,132,136,132,199,132,0,0,88,141,111,138,183,137,145,130,19,131,24,136,130,171
52,16,28,130,131,131,219,130,17,132,61,132,136,132,191,132,0,0,76,141,122,138,165,137,175,130,39,131,28,136,134,171
53,16,8,130,136,131,213,130,35,132,53,132,153,132,194,132,0,0,80,141,137,138,155,137,159,130,19,131,29,136,125,171
54,16,8,130,123,131,200,130,28,132,45,132,147,132,219,132,0,0,81,141,120,138,187,137,127,130,1,131,26,136,145,171
55,16,14,130,112,131,204,130,254,131,48,132,132,132,211,132,0,0,94,141,120,138,172,137,138,130,17,131,25,136,157,171
56,16,9,130,121,131,226,130,12,132,28,132,140,132,194,132,0,0,104,141,135,138,118,137,153,130,31,131,29,136,136,171
57,16,1,130,121,131,219,130,41,132,19,132,139,132,199,132,0,0,86,141,121,138,149,137,154,130,34,131,28,136,127,171
58,16,253,129,124,131,206,130,35,132,33,132,122,132,204,132,0,0,86,141,105,138,157,137,146,130,42,131,18,136,139,171
59,16,255,129,136,131,226,130,9,132,37,132,140,132,200,132,0,0,115,141,111,138,120,137,134,130,31,131,17,136,136,171
60,16,1,130,140,131,212,130,28,132,38,132,156,132,215,132,0,0,99,141,111,138,151,137,137,130,11,131,24,136,133,171
61,16,6,130,138,131,184,130,71,132,38,132,125,132,219,132,0,0,61,141,112,138,210,137,144,130,26,131,33,136,135,171
62,16,10,130,122,131,205,130,63,132,15,132,113,132,182,132,0,0,84,141,121,138,181,137,141,130,33,131,29,136,125,171
63,16,12,130,125,131,229,130,37,132,16,132,127,132,182,132,0,0,110,141,115,138,99,137,151,130,15,131,9,136,123,171
64,16,14,130,145,131,218,130,36,132,33,132,123,132,216,132,0,0,88,141,100,138,122,137,169,130,23,131,12,136,135,171
65,16,9,130,136,131,193,130,53,132,14,132,128,132,212,132,0,0,76,141,109,138,189,137,161,130,46,131,32,136,136,171
66,16,6,130,127,131,207,130,50,132,17,132,145,132,187,132,0,0,98,141,112,138,147,137,150,130,40,131,38,136,132,171
67,16,8,130,139,131,228,130,30,132,40,132,149,132,183,132,0,0,110,141,110,138,109,137,158,130,15,131,32,136,138,171
68,16,25,130,154,131,217,130,40,132,16,132,128,132,179,132,0,0,104,141,123,138,183,137,161,130,17,131,24,136,134,171
69,16,24,130,113,131,213,130,47,132,11,132,122,132,178,132,0,0,94,141,120,138,186,137,152,130,40,131,15,136,133,171
70,16,3,130,78,131,226,130,36,132,61,132,147,132,224,132,0,0,87,141,112,138,87,137,147,130,25,131,4,136,150,171
71,16,12,130,118,131,237,130,45,132,59,132,140,132,246,132,0,0,91,141,117,138,88,137,153,130,3,131,12,136,161,171
72,16,15,130,148,131,220,130,39,132,19,132,123,132,205,132,0,0,100,141,109,138,175,137,138,130,20,131,18,136,141,171
73,16,0,130,135,131,212,130,247,131,29,132,147,132,197,132,0,0,103,141,104,138,190,137,129,130,46,131,23,136,119,171
74,16,14,130,129,131,237,130,250,131,51,132,151,132,232,132,0,0,90,141,108,138,149,137,158,130,51,131,34,136,126,171
75,16,25,130,113,131,227,130,31,132,55,132,129,132,230,132,0,0,89,141,102,138,146,137,165,130,30,131,19,136,138,171
76,16,7,130,90,131,222,130,35,132,42,132,134,132,190,132,0,0,99,141,105,138,170,137,153,130,16,131,7,136,141,171
77,16,12,130,132,131,246,130,37,132,39,132,140,132,187,132,0,0,81,141,117,138,187,137,150,130,21,131,28,136,135,171
78,16,16,130,172,131,232,130,53,132,42,132,126,132,210,132,0,0,55,141,116,138,184,137,132,130,24,131,33,136,134,171
79,16,3,130,134,131,201,130,54,132,44,132,131,132,213,132,0,0,64,141,114,138,163,137,126,130,29,131,10,136,146,171
80,16,7,130,115,131,211,130,40,132,47,132,140,132,209,132,0,0,94,141,119,138,147,137,151,130,36,131,13,136,148,171
81,16,22,130,134,131,242,130,35,132,42,132,127,132,212,132,0,0,91,141,111,138,156,137,139,130,27,131,35,136,152,171
82,16,21,130,126,131,243,130,42,132,40,132,110,132,203,132,0,0,87,141,113,138,134,137,106,130,18,131,30,136,138,171
83,16,18,130,111,131,226,130,49,132,39,132,123,132,197,132,0,0,99,141,124,138,84,137,129,130,41,131,10,136,108,171
84,16,42,130,144,131,224,130,50,132,29,132,136,132,185,132,0,0,91,141,114,138,124,137,144,130,58,131,1,136,105,171
85,16,32,130,167,131,224,130,39,132,33,132,135,132,176,132,0,0,99,141,120,138,183,137,130,130,38,131,14,136,134,171
86,16,5,130,143,131,206,130,25,132,47,132,136,132,190,132,0,0,100,141,123,138,185,137,143,130,29,131,27,136,140,171
87,16,17,130,123,131,204,130,20,132,36,132,134,132,185,132,0,0,72,141,107,138,179,137,153,130,48,131,37,136,123,171
88,16,14,130,109,131,221,130,21,132,36,132,141,132,164,132,0,0,82,141,111,138,179,137,138,130,41,131,48,136,132,171
89,16,12,130,107,131,235,130,22,132,62,132,144,132,182,132,0,0,114,141,124,138,185,137,138,130,14,131,32,136,129,171
90,16,25,130,139,131,226,130,18,132,60,132,131,132,211,132,0,0,111,141,119,138,188,137,145,130,13,131,3,136,112,171
91,16,15,130,144,131,205,130,12,132,43,132,132,132,179,132,0,0,94,141,115,138,142,137,147,130,17,131,11,136,122,171
92,16,30,130,131,131,215,130,27,132,52,132,147,132,165,132,0,0,95,141,113,138,102,137,142,130,19,131,34,136,139,171
93,16,37,130,144,131,222,130,37,132,56,132,139,132,228,132,0,0,103,141,107,138,157,137,137,130,34,131,25,136,135,171
94,16,10,130,146,131,221,130,37,132,40,132,107,132,224,132,0,0,101,141,102,138,162,137,150,130,39,131,26,136,145,171
95,16,6,130,128,131,223,130,48,132,24,132,107,132,157,132,0,0,96,141,109,138,122,137,152,130,26,131,41,136,157,171
96,16,18,130,135,131,223,130,53,132,26,132,127,132,167,132,0,0,90,141,115,138,171,137,131,130,35,131,15,136,139,171
97,16,11,130,161,131,229,130,37,132,43,132,120,132,201,132,0,0,79,141,128,138,188,137,130,130,53,131,253,135,155,171
98,16,4,130,156,131,220,130,25,132,41,132,112,132,162,132,0,0,89,141,133,138,161,137,150,130,28,131,16,136,175,171
99,16,20,130,129,131,237,130,39,132,31,132,130,132,162,132,0,0,100,141,114,138,160,137,157,130,17,131,34,136,146,171
100,16,23,130,121,131,245,130,39,132,36,132,136,132,230,132,0,0,100,141,108,138,157,137,150,130,39,131,33,136,125,171
101,16,7,130,136,131,201,130,22,132,51,132,138,132,221,132,0,0,97,141,125,138,153,137,144,130,44,131,21,136,137,171
102,16,11,130,127,131,197,130,32,132,40,132,150,132,182,132,0,0,87,141,120,138,157,137,140,130,33,131,7,136,142,171
103,16,8,130,94,131,214,130,32,132,23,132,138,132,202,132,0,0,94,141,113,138,98,137,144,130,40,131,3,136,134,171
104,16,5,130,101,131,200,130,20,132,41,132,125,132,219,132,0,0,106,141,119,138,94,137,148,130,52,131,20,136,125,171
105,16,11,130,107,131,208,130,22,132,49,132,140,132,214,132,0,0,98,141,116,138,181,137,150,130,32,131,36,136,122,171
106,16,13,130,102,131,217,130,25,132,34,132,143,132,216,132,0,0,86,141,119,138,194,137,151,130,9,131,31,136,123,171
107,16,10,130,137,131,208,130,29,132,40,132,130,132,206,132,0,0,91,141,124,138,178,137,132,130,18,131,13,136,120,171
108,16,255,129,149,131,200,130,23,132,53,132,143,132,193,132,0,0,96,141,114,138,177,137,119,130,29,131,7,136,130,171
109,16,6,130,130,131,197,130,9,132,40,132,151,132,214,132,0,0,83,141,113,138,174,137,136,130,34,131,3,136,138,171
110,16,29,130,125,131,202,130,18,132,38,132,136,132,223,132,0,0,92,141,118,138,195,137,150,130,48,131,1,136,133,171
111,16,26,130,114,131,203,130,27,132,47,132,140,132,212,132,0,0,106,141,108,138,162,137,145,130,50,131,23,136,116,171
112,16,3,130,94,131,201,130,7,132,37,132,155,132,214,132,0,0,81,141,103,138,105,137,146,130,38,131,47,136,117,171
113,16,247,129,108,131,214,130,10,132,43,132,150,132,233,132,0,0,79,141,120,138,133,137,135,130,38,131,25,136,142,171
114,16,12,130,135,131,219,130,36,132,46,132,138,132,237,132,0,0,123,141,125,138,203,137,135,130,30,131,2,136,161,171
115,16,32,130,122,131,207,130,31,132,32,132,133,132,214,132,0,0,121,141,106,138,197,137,150,130,19,131,22,136,161,171
116,16,13,130,87,131,204,130,16,132,36,132,142,132,204,132,0,0,84,141,102,138,183,137,141,130,32,131,34,136,142,171
117,16,7,130,77,131,228,130,21,132,50,132,142,132,203,132,0,0,79,141,106,138,184,137,144,130,41,131,30,136,131,171
118,16,25,130,91,131,228,130,43,132,47,132,127,132,192,132,0,0,85,141,98,138,131,137,150,130,15,131,31,136,131,171
119,16,8,130,100,131,199,130,61,132,38,132,153,132,187,132,0,0,95,141,111,138,96,137,142,130,10,131,27,136,128,171
120,16,255,129,107,131,208,130,47,132,42,132,173,132,188,132,0,0,102,141,130,138,116,137,149,130,41,131,19,136,129,171
121,16,20,130,104,131,212,130,10,132,42,132,143,132,184,132,0,0,91,141,125,138,111,137,144,130,43,131,9,136,138,171
122,16,24,130,99,131,194,130,11,132,30,132,127,132,196,132,0,0,66,141,120,138,97,137,127,130,22,131,253,135,142,171
123,16,17,130,126,131,199,130,30,132,34,132,137,132,216,132,0,0,69,141,108,138,102,137,136,130,25,131,1,136,135,171
124,16,9,130,152,131,205,130,13,132,67,132,131,132,199,132,0,0,99,141,93,138,106,137,148,130,32,131,23,136,140,171
125,16,1,130,149,131,206,130,0,132,67,132,121,132,185,132,0,0,93,141,110,138,103,137,142,130,28,131,25,136,143,171
126,16,15,130,127,131,200,130,10,132,22,132,144,132,209,132,0,0,60,141,130,138,103,137,148,130,30,131,11,136,132,171
127,16,32,130,112,131,196,130,10,132,23,132,152,132,209,132,77,0,57,141,113,138,98,137,147,130,22,131,18,136,129,171
0,16,31,130,124,131,196,130,19,132,65,132,141,132,199,132,0,0,93,141,106,138,105,137,129,130,7,131,27,136,132,171
1,16,26,130,138,131,202,130,44,132,59,132,141,132,210,132,0,0,106,141,117,138,108,137,139,130,26,131,28,136,122,171
2,16,27,130,134,131,232,130,57,132,37,132,137,132,208,132,0,0,89,141,115,138,89,137,162,130,57,131,34,136,121,171
3,16,24,130,111,131,251,130,34,132,44,132,141,132,203,132,0,0,90,141,109,138,131,137,158,130,33,131,27,136,130,171
4,16,20,130,110,131,226,130,32,132,49,132,151,132,200,132,0,0,99,141,103,138,193,137,144,130,2,131,21,136,129,171
5,16,17,130,148,131,209,130,35,132,37,132,139,132,201,132,0,0,88,141,101,138,195,137,153,130,23,131,32,136,129,171
6,16,9,130,152,131,200,130,4,132,32,132,119,132,215,132,0,0,92,141,114,138,174,137,149,130,40,131,41,136,130,171
7,16,16,130,127,131,186,130,8,132,38,132,133,132,225,132,0,0,119,141,122,138,140,137,130,130,22,131,27,136,137,171
8,16,33,130,131,131,204,130,31,132,33,132,144,132,216,132,0,0,105,141,127,138,126,137,136,130,10,131,18,136,150,171
9,16,20,130,131,131,235,130,20,132,37,132,111,132,208,132,0,0,67,141,130,138,170,137,134,130,24,131,31,136,150,171
10,16,251,129,128,131,236,130,16,132,45,132,100,132,197,132,0,0,66,141,119,138,212,137,117,130,39,131,39,136,132,171
11,16,245,129,149,131,205,130,42,132,21,132,123,132,190,132,0,0,96,141,117,138,207,137,125,130,53,131,23,136,120,171
12,16,22,130,145,131,192,130,59,132,9,132,141,132,203,132,0,0,94,141,126,138,183,137,153,130,63,131,8,136,130,171
13,16,41,130,123,131,194,130,40,132,35,132,142,132,213,132,0,0,66,141,119,138,128,137,160,130,49,131,21,136,131,171
14,16,10,130,134,131,195,130,23,132,52,132,149,132,199,132,0,0,64,141,117,138,75,137,139,130,40,131,17,136,117,171
15,16,23,130,130,131,212,130,33,132,48,132,152,132,195,132,0,0,74,141,119,138,105,137,129,130,42,131,6,136,131,171
16,16,39,130,92,131,194,130,35,132,46,132,143,132,204,132,0,0,87,141,106,138,120,137,138,130,32,131,29,136,150,171
17,16,13,130,112,131,189,130,0,132,46,132,126,132,201,132,0,0,107,141,97,138,78,137,153,130,29,131,40,136,137,171
18,16,11,130,154,131,222,130,245,131,28,132,124,132,193,132,0,0,97,141,103,138,131,137,146,130,52,131,16,136,125,171
19,16,19,130,141,131,206,130,28,132,9,132,141,132,201,132,0,0,82,141,116,138,200,137,129,130,47,131,4,136,131,171
20,16,22,130,121,131,187,130,33,132,18,132,140,132,215,132,0,0,87,141,121,138,143,137,137,130,10,131,16,136,128,171
21,16,23,130,142,131,211,130,6,132,45,132,128,132,214,132,0,0,87,141,119,138,107,137,160,130,15,131,24,136,132,171
22,16,15,130,149,131,199,130,27,132,35,132,120,132,203,132,0,0,71,141,117,138,130,137,173,130,46,131,32,136,147,171
23,16,15,130,137,131,188,130,48,132,27,132,123,132,187,132,0,0,69,141,113,138,137,137,161,130,39,131,44,136,139,171
24,16,21,130,148,131,212,130,11,132,53,132,147,132,185,132,0,0,97,141,120,138,177,137,152,130,22,131,35,136,114,171
25,16,21,130,159,131,218,130,16,132,52,132,153,132,205,132,0,0,101,141,124,138,182,137,149,130,37,131,17,136,128,171
26,16,16,130,154,131,198,130,41,132,15,132,137,132,201,132,0,0,75,141,110,138,131,137,142,130,47,131,20,136,144,171
27,16,10,130,146,131,184,130,2,132,12,132,136,132,181,132,0,0,70,141,97,138,152,137,131,130,38,131,33,136,133,171
28,16,11,130,148,131,203,130,242,131,30,132,143,132,197,132,0,0,88,141,107,138,208,137,129,130,42,131,22,136,127,171
29,16,21,130,148,131,196,130,23,132,34,132,144,132,212,132,0,0,102,141,124,138,197,137,131,130,39,131,11,136,134,171
30,16,25,130,142,131,177,130,34,132,36,132,143,132,172,132,0,0,86,141,116,138,143,137,125,130,28,131,35,136,142,171
31,16,23,130,114,131,193,130,15,132,38,132,134,132,167,132,0,0,88,141,116,138,125,137,126,130,20,131,47,136,145,171
32,16,28,130,91,131,202,130,1,132,38,132,141,132,219,132,0,0,107,141,132,138,163,137,141,130,24,131,27,136,134,171
33,16,30,130,119,131,184,130,11,132,38,132,153,132,224,132,0,0,84,141,126,138,165,137,153,130,26,131,28,136,135,171
34,16,17,130,135,131,164,130,19,132,26,132,146,132,184,132,0,0,74,141,111,138,103,137,138,130,5,131,37,136,145,171
35,16,32,130,116,131,186,130,255,131,14,132,140,132,200,132,0,0,89,141,114,138,95,137,128,130,12,131,34,136,135,171
36,16,51,130,123,131,233,130,252,131,29,132,137,132,236,132,0,0,84,141,118,138,127,137,147,130,41,131,30,136,119,171
37,16,34,130,150,131,238,130,21,132,47,132,136,132,214,132,0,0,85,141,112,138,133,137,161,130,28,131,28,136,130,171
38,16,24,130,144,131,209,130,30,132,36,132,132,132,192,132,0,0,99,141,105,138,176,137,157,130,6,131,28,136,142,171
39,16,16,130,128,131,189,130,27,132,38,132,136,132,206,132,0,0,93,141,107,138,201,137,136,130,12,131,27,136,135,171
40,16,0,130,132,131,208,130,39,132,52,132,145,132,219,132,0,0,92,141,118,138,153,137,135,130,20,131,29,136,122,171
41,16,4,130,120,131,223,130,45,132,43,132,141,132,212,132,0,0,106,141,125,138,110,137,155,130,18,131,29,136,132,171
42,16,0,130,109,131,198,130,27,132,34,132,139,132,196,132,0,0,93,141,128,138,108,137,155,130,29,131,22,136,137,171
43,16,3,130,115,131,189,130,11,132,35,132,145,132,191,132,0,0,75,141,123,138,128,137,138,130,39,131,22,136,122,171
44,16,25,130,105,131,210,130,5,132,38,132,147,132,211,132,0,0,85,141,121,138,116,137,129,130,43,131,18,136,125,171
45,16,23,130,96,131,213,130,15,132,39,132,149,132,226,132,0,0,94,141,127,138,103,137,132,130,30,131,19,136,125,171
46,16,16,130,116,131,200,130,38,132,36,132,144,132,205,132,0,0,74,141,126,138,131,137,141,130,16,131,30,136,113,171
47,16,14,130,136,131,193,130,29,132,51,132,137,132,205,132,0,0,62,141,118,138,126,137,144,130,23,131,26,136,118,171
48,16,18,130,135,131,208,130,14,132,72,132,138,132,219,132,0,0,74,141,107,138,105,137,146,130,25,131,24,136,132,171
49,16,23,130,138,131,212,130,22,132,60,132,147,132,211,132,0,0,81,141,115,138,156,137,147,130,18,131,39,136,133,171
50,16,24,130,151,131,192,130,29,132,39,132,146,132,212,132,0,0,72,141,130,138,208,137,142,130,16,131,29,136,134,171
51,16,30,130,134,131,186,130,31,132,41,132,139,132,223,132,0,0,78,141,128,138,153,137,145,130,26,131,15,136,150,171
52,16,33,130,94,131,198,130,15,132,43,132,144,132,215,132,0,0,112,141,112,138,100,137,150,130,33,131,31,136,145,171
53,16,22,130,89,131,216,130,248,131,36,132,129,132,210,132,0,0,138,141,114,138,112,137,149,130,24,131,30,136,128,171
54,16,12,130,121,131,205,130,244,131,35,132,101,132,210,132,0,0,110,141,132,138,108,137,145,130,14,131,13,136,131,171
55,16,21,130,119,131,186,130,248,131,39,132,111,132,185,132,0,0,76,141,135,138,109,137,142,130,22,131,24,136,138,171
56,16,18,130,119,131,211,130,4,132,39,132,134,132,184,132,0,0,89,141,127,138,125,137,142,130,32,131,42,136,130,171
57,16,10,130,140,131,209,130,16,132,26,132,127,132,208,132,0,0,111,141,105,138,115,137,149,130,16,131,40,136,123,171
58,16,23,130,147,131,204,130,18,132,27,132,110,132,206,132,0,0,78,141,101,138,73,137,141,130,11,131,32,136,127,171
59,16,23,130,142,131,241,130,14,132,37,132,128,132,213,132,0,0,50,141,124,138,71,137,128,130,21,131,30,136,128,171
60,16,11,130,123,131,230,130,23,132,29,132,136,132,221,132,0,0,77,141,130,138,146,137,142,130,12,131,32,136,128,171
61,16,33,130,120,131,199,130,14,132,35,132,113,132,195,132,0,0,86,141,102,138,187,137,152,130,17,131,39,136,130,171
62,16,46,130,133,131,221,130,1,132,52,132,109,132,195,132,0,0,67,141,98,138,134,137,143,130,35,131,40,136,118,171
63,16,21,130,135,131,224,130,15,132,44,132,131,132,223,132,0,0,80,141,123,138,74,137,141,130,39,131,34,136,126,171
64,16,28,130,117,131,196,130,25,132,22,132,141,132,224,132,0,0,95,141,130,138,136,137,143,130,41,131,41,136,148,171
65,16,43,130,103,131,201,130,17,132,29,132,137,132,209,132,0,0,77,141,111,138,200,137,141,130,40,131,43,136,133,171
66,16,16,130,103,131,213,130,18,132,50,132,143,132,192,132,0,0,60,141,111,138,126,137,139,130,20,131,33,136,124,171
67,16,248,129,101,131,200,130,20,132,57,132,142,132,189,132,0,0,81,141,136,138,112,137,143,130,19,131,27,136,143,171
68,16,6,130,116,131,199,130,3,132,44,132,137,132,216,132,0,0,101,141,133,138,175,137,134,130,48,131,26,136,142,171
69,16,47,130,135,131,218,130,8,132,28,132,140,132,213,132,0,0,97,141,114,138,151,137,124,130,37,131,34,136,134,171
70,16,40,130,122,131,212,130,30,132,35,132,149,132,165,132,0,0,94,141,131,138,105,137,139,130,8,131,43,136,144,171
71,16,11,130,100,131,205,130,19,132,46,132,148,132,175,132,0,0,100,141,140,138,146,137,163,130,31,131,47,136,149,171
72,16,23,130,125,131,207,130,9,132,51,132,138,132,220,132,0,0,96,141,119,138,147,137,152,130,59,131,47,136,148,171
73,16,30,130,151,131,197,130,39,132,71,132,151,132,218,132,0,0,96,141,113,138,87,137,140,130,50,131,40,136,146,171
74,16,25,130,140,131,217,130,51,132,77,132,151,132,195,132,0,0,101,141,112,138,98,137,152,130,38,131,28,136,136,171
75,16,15,130,133,131,233,130,13,132,60,132,128,132,198,132,0,0,102,141,98,138,155,137,149,130,35,131,24,136,130,171
76,16,10,130,140,131,214,130,9,132,43,132,130,132,212,132,0,0,98,141,111,138,156,137,140,130,40,131,27,136,127,171
77,16,10,130,142,131,202,130,26,132,34,132,139,132,211,132,0,0,92,141,128,138,137,137,139,130,49,131,34,136,127,171
78,16,8,130,134,131,192,130,21,132,44,132,135,132,196,132,0,0,96,141,112,138,159,137,139,130,33,131,41,136,136,171
79,16,17,130,123,131,190,130,30,132,52,132,130,132,192,132,0,0,99,141,114,138,169,137,131,130,9,131,49,136,135,171
80,16,19,130,130,131,198,130,24,132,46,132,141,132,205,132,0,0,99,141,130,138,102,137,118,130,16,131,49,136,117,171
81,16,27,130,139,131,205,130,7,132,43,132,152,132,202,132,0,0,96,141,117,138,77,137,139,130,56,131,49,136,109,171
82,16,34,130,129,131,214,130,16,132,52,132,140,132,197,132,0,0,92,141,105,138,144,137,168,130,71,131,57,136,125,171
83,16,28,130,111,131,211,130,33,132,51,132,129,132,211,132,0,0,93,141,130,138,201,137,155,130,38,131,42,136,145,171
84,16,20,130,112,131,212,130,43,132,38,132,124,132,223,132,0,0,90,141,143,138,167,137,157,130,7,131,19,136,139,171
85,16,8,130,134,131,222,130,31,132,38,132,123,132,214,132,0,0,98,141,117,138,111,137,168,130,7,131,37,136,124,171
86,16,4,130,146,131,217,130,3,132,44,132,126,132,192,132,0,0,95,141,98,138,147,137,144,130,32,131,50,136,123,171
87,16,14,130,142,131,213,130,0,132,38,132,136,132,201,132,0,0,66,141,92,138,215,137,151,130,47,131,30,136,129,171
88,16,11,130,138,131,207,130,8,132,19,132,144,132,222,132,0,0,59,141,99,138,169,137,175,130,39,131,35,136,122,171
89,16,5,130,129,131,205,130,16,132,50,132,144,132,211,132,0,0,66,141,109,138,105,137,149,130,43,131,57,136,121,171
90,16,23,130,124,131,199,130,23,132,86,132,146,132,193,132,0,0,77,141,99,138,139,137,135,130,50,131,42,136,131,171
91,16,30,130,140,131,197,130,2,132,54,132,157,132,186,132,0,0,96,141,92,138,191,137,157,130,37,131,28,136,132,171
92,16,17,130,162,131,225,130,3,132,33,132,147,132,192,132,0,0,96,141,99,138,183,137,152,130,24,131,36,136,123,171
93,16,5,130,156,131,233,130,47,132,55,132,130,132,218,132,0,0,80,141,106,138,174,137,145,130,36,131,26,136,113,171
94,16,8,130,137,131,213,130,54,132,55,132,136,132,223,132,0,0,66,141,106,138,155,137,162,130,51,131,23,136,126,171
95,16,24,130,137,131,205,130,17,132,49,132,144,132,202,132,0,0,71,141,110,138,127,137,144,130,38,131,53,136,151,171
96,16,26,130,141,131,198,130,1,132,72,132,137,132,204,132,0,0,95,141,113,138,155,137,128,130,25,131,56,136,152,171
97,16,22,130,140,131,198,130,4,132,63,132,129,132,215,132,0,0,111,141,108,138,204,137,145,130,33,131,32,136,136,171
98,16,19,130,132,131,207,130,13,132,40,132,133,132,205,132,0,0,121,141,120,138,194,137,141,130,44,131,29,136,128,171
99,16,27,130,120,131,205,130,34,132,57,132,143,132,193,132,0,0,108,141,118,138,145,137,136,130,40,131,35,136,133,171
100,16,38,130,130,131,196,130,42,132,58,132,144,132,200,132,0,0,82,141,110,138,119,137,158,130,42,131,42,136,146,171
101,16,28,130,144,131,199,130,43,132,44,132,137,132,207,132,0,0,83,141,129,138,154,137,157,130,35,131,58,136,145,171
102,16,34,130,142,131,216,130,50,132,73,132,134,132,195,132,0,0,88,141,131,138,192,137,141,130,26,131,55,136,121,171
103,16,37,130,131,131,214,130,37,132,83,132,149,132,200,132,0,0,84,141,111,138,187,137,152,130,40,131,37,136,110,171
104,16,17,130,133,131,198,130,32,132,34,132,166,132,213,132,0,0,94,141,109,138,149,137,159,130,32,131,35,136,129,171
105,16,15,130,139,131,203,130,50,132,15,132,157,132,166,132,0,0,106,141,118,138,115,137,146,130,6,131,38,136,144,171
106,16,24,130,122,131,185,130,38,132,44,132,144,132,133,132,0,0,100,141,126,138,140,137,139,130,13,131,32,136,133,171
107,16,11,130,115,131,173,130,15,132,51,132,141,132,191,132,0,0,90,141,126,138,196,137,152,130,36,131,46,136,126,171
108,16,252,129,127,131,200,130,28,132,27,132,131,132,233,132,0,0,99,141,120,138,185,137,154,130,32,131,48,136,138,171
109,16,10,130,126,131,206,130,26,132,34,132,129,132,197,132,0,0,101,141,114,138,156,137,133,130,39,131,27,136,136,171
110,16,20,130,132,131,197,130,4,132,70,132,143,132,180,132,0,0,77,141,122,138,157,137,128,130,55,131,33,136,126,171
111,16,248,129,144,131,195,130,16,132,74,132,140,132,209,132,0,0,59,141,123,138,118,137,138,130,36,131,53,136,126,171
112,16,247,129,143,131,218,130,38,132,37,132,112,132,223,132,0,0,74,141,117,138,88,137,144,130,38,131,44,136,128,171
113,16,35,130,141,131,233,130,29,132,26,132,117,132,207,132,0,0,87,141,119,138,117,137,153,130,46,131,21,136,128,171
114,16,38,130,153,131,211,130,21,132,57,132,155,132,196,132,0,0,80,141,130,138,125,137,165,130,27,131,29,136,129,171
115,16,8,130,145,131,213,130,26,132,50,132,152,132,205,132,0,0,73,141,135,138,106,137,161,130,21,131,52,136,127,171
116,16,14,130,121,131,225,130,15,132,31,132,131,132,207,132,0,0,80,141,126,138,124,137,147,130,28,131,42,136,132,171
117,16,37,130,141,131,218,130,17,132,49,132,146,132,193,132,0,0,79,141,122,138,165,137,149,130,19,131,17,136,131,171
118,16,33,130,170,131,188,130,22,132,51,132,172,132,193,132,0,0,76,141,125,138,199,137,148,130,9,131,13,136,122,171
119,16,13,130,165,131,167,130,250,131,26,132,151,132,193,132,0,0,89,141,110,138,183,137,136,130,18,131,38,136,132,171
120,16,7,130,144,131,191,130,244,131,34,132,105,132,184,132,0,0,101,141,104,138,124,137,133,130,41,131,33,136,143,171
121,16,244,129,139,131,201,130,15,132,65,132,111,132,200,132,0,0,107,141,124,138,121,137,145,130,44,131,13,136,134,171
122,16,233,129,148,131,195,130,7,132,51,132,152,132,210,132,0,0,101,141,134,138,183,137,145,130,29,131,38,136,136,171
123,16,250,129,119,131,211,130,245,131,31,132,148,132,207,132,0,0,93,141,124,138,195,137,136,130,45,131,53,136,135,171
124,16,5,130,83,131,223,130,7,132,41,132,110,132,224,132,0,0,101,141,124,138,160,137,141,130,60,131,25,136,122,171
125,16,31,130,121,131,219,130,20,132,37,132,116,132,209,132,0,0,91,141,123,138,176,137,147,130,41,131,25,136,136,171
126,16,41,130,158,131,205,130,253,131,25,132,152,132,179,132,0,0,76,141,118,138,226,137,138,130,43,131,49,136,152,171
127,16,0,130,129,131,204,130,245,131,24,132,131,132,200,132,77,0,97,141,120,138,205,137,134,130,50,131,40,136,132,171
0,16,243,129,118,131,220,130,16,132,40,132,92,132,231,132,0,0,120,141,118,138,129,137,149,130,17,131,37,136,127,171
1,16,5,130,128,131,213,130,11,132,50,132,119,132,212,132,0,0,102,141,122,138,116,137,158,130,7,131,58,136,137,171
2,16,16,130,119,131,208,130,251,131,37,132,135,132,184,132,0,0,75,141,134,138,188,137,147,130,32,131,46,136,135,171
3,16,19,130,123,131,218,130,15,132,37,132,114,132,194,132,0,0,79,141,125,138,203,137,137,130,25,131,16,136,131,171
4,16,9,130,144,131,202,130,41,132,57,132,138,132,216,132,0,0,96,141,118,138,171,137,138,130,31,131,26,136,124,171
5,16,2,130,134,131,195,130,27,132,47,132,162,132,223,132,0,0,87,141,116,138,177,137,149,130,52,131,58,136,124,171
6,16,6,130,98,131,218,130,252,131,46,132,131,132,212,132,0,0,96,141,115,138,196,137,139,130,33,131,44,136,133,171
7,16,24,130,107,131,212,130,254,131,73,132,119,132,204,132,0,0,116,141,124,138,177,137,122,130,33,131,25,136,139,171
8,16,28,130,122,131,196,130,15,132,65,132,136,132,198,132,0,0,103,141,131,138,158,137,130,130,75,131,34,136,138,171
9,16,4,130,105,131,190,130,12,132,44,132,131,132,193,132,0,0,102,141,117,138,153,137,152,130,65,131,29,136,135,171
10,16,239,129,110,131,190,130,24,132,46,132,122,132,204,132,0,0,96,141,119,138,187,137,154,130,14,131,28,136,129,171
11,16,253,129,136,131,198,130,44,132,45,132,132,132,207,132,0,0,77,141,123,138,200,137,143,130,4,131,46,136,122,171
12,16,21,130,132,131,194,130,26,132,51,132,140,132,202,132,0,0,74,141,108,138,136,137,149,130,22,131,39,136,119,171
13,16,13,130,102,131,195,130,30,132,53,132,146,132,193,132,0,0,82,141,123,138,93,137,158,130,43,131,25,136,121,171
14,16,250,129,106,131,206,130,52,132,32,132,142,132,190,132,0,0,89,141,143,138,104,137,148,130,42,131,36,136,129,171
15,16,6,130,126,131,222,130,22,132,28,132,119,132,205,132,0,0,94,141,123,138,98,137,145,130,16,131,44,136,135,171
16,16,20,130,131,131,208,130,250,131,29,132,111,132,222,132,0,0,100,141,121,138,131,137,138,130,23,131,37,136,132,171
17,16,16,130,126,131,191,130,22,132,29,132,128,132,215,132,0,0,94,141,126,138,168,137,137,130,44,131,41,136,127,171
18,16,22,130,121,131,222,130,23,132,39,132,129,132,192,132,0,0,103,141,108,138,156,137,156,130,33,131,38,136,136,171
19,16,21,130,105,131,218,130,248,131,25,132,133,132,194,132,0,0,104,141,119,138,160,137,164,130,25,131,21,136,150,171
20,16,11,130,100,131,196,130,11,132,14,132,149,132,202,132,0,0,79,141,134,138,199,137,154,130,51,131,23,136,157,171
21,16,11,130,139,131,217,130,29,132,47,132,133,132,212,132,0,0,74,141,114,138,191,137,150,130,56,131,34,136,148,171
22,16,9,130,157,131,241,130,7,132,53,132,114,132,225,132,0,0,88,141,106,138,165,137,155,130,27,131,23,136,136,171
23,16,8,130,136,131,221,130,11,132,23,132,127,132,194,132,0,0,91,141,119,138,143,137,146,130,26,131,20,136,134,171
24,16,0,130,117,131,189,130,42,132,24,132,148,132,163,132,0,0,90,141,131,138,103,137,139,130,28,131,26,136,133,171
25,16,0,130,117,131,207,130,47,132,41,132,147,132,178,132,0,0,96,141,137,138,107,137,147,130,14,131,32,136,131,171
26,16,16,130,124,131,226,130,21,132,43,132,137,132,220,132,0,0,111,141,131,138,122,137,144,130,27,131,54,136,132,171
27,16,9,130,127,131,187,130,30,132,42,132,142,132,232,132,0,0,117,141,122,138,102,137,133,130,47,131,61,136,133,171
28,16,0,130,120,131,165,130,63,132,31,132,146,132,212,132,0,0,82,141,113,138,109,137,142,130,38,131,38,136,123,171
29,16,23,130,100,131,184,130,37,132,30,132,149,132,188,132,0,0,87,141,96,138,111,137,155,130,37,131,28,136,118,171
30,16,28,130,107,131,187,130,7,132,37,132,142,132,188,132,0,0,126,141,103,138,80,137,142,130,59,131,34,136,125,171
31,16,255,129,132,131,183,130,21,132,32,132,135,132,217,132,0,0,119,141,131,138,125,137,142,130,43,131,26,136,142,171
32,16,246,129,125,131,204,130,22,132,30,132,141,132,216,132,0,0,103,141,140,138,196,137,155,130,17,131,24,136,146,171
33,16,22,130,114,131,220,130,9,132,42,132,139,132,196,132,0,0,104,141,114,138,138,137,154,130,34,131,37,136,133,171
34,16,23,130,137,131,187,130,14,132,45,132,133,132,200,132,0,0,107,141,95,138,103,137,149,130,34,131,37,136,131,171
35,16,253,129,142,131,180,130,14,132,41,132,134,132,206,132,0,0,111,141,113,138,156,137,142,130,15,131,33,136,139,171
36,16,9,130,110,131,218,130,7,132,36,132,146,132,197,132,0,0,114,141,124,138,174,137,148,130,19,131,49,136,135,171
37,16,21,130,112,131,195,130,6,132,39,132,150,132,201,132,0,0,114,141,109,138,177,137,161,130,29,131,52,136,118,171
38,16,16,130,133,131,174,130,17,132,58,132,133,132,217,132,0,0,103,141,102,138,160,137,146,130,35,131,36,136,136,171
39,16,7,130,101,131,199,130,26,132,49,132,118,132,210,132,0,0,80,141,120,138,131,137,136,130,33,131,28,136,151,171
40,16,14,130,83,131,198,130,26,132,25,132,119,132,202,132,0,0,73,141,124,138,155,137,140,130,22,131,33,136,118,171
41,16,28,130,136,131,208,130,28,132,33,132,127,132,207,132,0,0,94,141,112,138,158,137,140,130,15,131,43,136,116,171
42,16,249,129,160,131,222,130,34,132,34,132,138,132,192,132,0,0,112,141,116,138,94,137,138,130,22,131,40,136,146,171
43,16,244,129,113,131,210,130,36,132,20,132,147,132,186,132,0,0,114,141,123,138,102,137,151,130,31,131,39,136,141,171
44,16,33,130,89,131,210,130,16,132,22,132,139,132,203,132,0,0,104,141,119,138,129,137,161,130,37,131,48,136,117,171
45,16,36,130,118,131,228,130,241,131,39,132,123,132,206,132,0,0,97,141,112,138,105,137,144,130,54,131,51,136,123,171
46,16,13,130,119,131,230,130,250,131,39,132,104,132,202,132,0,0,97,141,102,138,110,137,132,130,47,131,56,136,136,171
47,16,17,130,90,131,219,130,17,132,13,132,108,132,214,132,0,0,101,141,103,138,107,137,138,130,23,131,46,136,134,171
48,16,20,130,103,131,229,130,14,132,9,132,137,132,205,132,0,0,92,141,117,138,100,137,143,130,33,131,34,136,134,171
49,16,5,130,146,131,208,130,21,132,41,132,146,132,186,132,0,0,77,141,122,138,106,137,144,130,45,131,35,136,131,171
50,16,254,129,141,131,189,130,42,132,49,132,151,132,198,132,0,0,87,141,121,138,100,137,166,130,35,131,34,136,133,171
51,16,0,130,119,131,239,130,43,132,19,132,150,132,210,132,0,0,102,141,120,138,100,137,171,130,31,131,24,136,143,171
52,16,3,130,137,131,254,130,16,132,27,132,136,132,200,132,0,0,108,141,107,138,114,137,152,130,34,131,32,136,142,171
53,16,22,130,145,131,207,130,253,131,51,132,141,132,190,132,0,0,93,141,106,138,92,137,154,130,33,131,43,136,127,171
54,16,40,130,128,131,185,130,4,132,31,132,152,132,190,132,0,0,80,141,109,138,95,137,134,130,40,131,24,136,127,171
55,16,20,130,123,131,191,130,12,132,21,132,145,132,204,132,0,0,101,141,100,138,171,137,118,130,35,131,9,136,137,171
56,16,10,130,124,131,209,130,12,132,38,132,155,132,218,132,0,0,99,141,101,138,152,137,147,130,44,131,28,136,137,171
57,16,18,130,101,131,221,130,13,132,29,132,155,132,222,132,0,0,80,141,122,138,114,137,156,130,63,131,54,136,138,171
58,16,9,130,81,131,199,130,11,132,24,132,123,132,202,132,0,0,95,141,132,138,155,137,138,130,45,131,53,136,143,171
59,16,16,130,112,131,209,130,16,132,39,132,125,132,188,132,0,0,91,141,110,138,157,137,142,130,26,131,33,136,141,171
60,16,33,130,146,131,243,130,29,132,22,132,151,132,198,132,0,0,77,141,104,138,136,137,150,130,32,131,28,136,123,171
61,16,28,130,145,131,238,130,23,132,10,132,147,132,204,132,0,0,85,141,121,138,137,137,151,130,36,131,32,136,118,171
62,16,24,130,132,131,221,130,9,132,41,132,144,132,203,132,0,0,78,141,118,138,147,137,162,130,37,131,23,136,124,171
63,16,25,130,137,131,219,130,33,132,57,132,147,132,203,132,0,0,76,141,106,138,155,137,164,130,40,131,18,136,136,171
64,16,9,130,149,131,227,130,40,132,48,132,134,132,205,132,0,0,83,141,123,138,181,137,156,130,38,131,26,136,142,171
65,16,252,129,157,131,208,130,14,132,46,132,146,132,205,132,0,0,84,141,125,138,195,137,150,130,38,131,18,136,132,171
66,16,10,130,149,131,199,130,24,132,33,132,158,132,205,132,0,0,108,141,97,138,166,137,154,130,32,131,14,136,127,171
67,16,16,130,110,131,198,130,31,132,25,132,133,132,209,132,0,0,120,141,108,138,128,137,151,130,26,131,32,136,133,171
68,16,6,130,94,131,175,130,0,132,52,132,127,132,203,132,0,0,85,141,131,138,136,137,139,130,45,131,23,136,136,171
69,16,24,130,127,131,182,130,252,131,60,132,134,132,200,132,0,0,79,141,115,138,201,137,139,130,50,131,7,136,140,171
70,16,32,130,125,131,204,130,2,132,48,132,135,132,223,132,0,0,106,141,123,138,199,137,150,130,34,131,22,136,142,171
71,16,11,130,103,131,213,130,254,131,35,132,145,132,222,132,0,0,91,141,132,138,155,137,157,130,33,131,29,136,126,171
72,16,1,130,124,131,227,130,8,132,25,132,142,132,200,132,0,0,78,141,112,138,174,137,154,130,32,131,24,136,116,171
73,16,3,130,137,131,211,130,7,132,33,132,124,132,207,132,0,0,97,141,125,138,189,137,154,130,19,131,20,136,133,171
74,16,26,130,126,131,208,130,8,132,41,132,138,132,217,132,0,0,90,141,136,138,150,137,158,130,31,131,19,136,141,171
75,16,43,130,134,131,227,130,18,132,46,132,150,132,197,132,0,0,81,141,108,138,92,137,148,130,39,131,18,136,132,171
76,16,23,130,139,131,218,130,34,132,66,132,123,132,185,132,0,0,109,141,103,138,95,137,136,130,32,131,24,136,130,171
77,16,10,130,136,131,204,130,49,132,77,132,112,132,198,132,0,0,114,141,115,138,129,137,146,130,37,131,27,136,139,171
78,16,20,130,123,131,213,130,29,132,60,132,136,132,213,132,0,0,97,141,112,138,103,137,159,130,32,131,17,136,141,171
79,16,28,130,121,131,202,130,2,132,41,132,136,132,208,132,0,0,89,141,117,138,84,137,158,130,32,131,21,136,143,171
80,16,25,130,130,131,178,130,7,132,35,132,118,132,209,132,0,0,88,141,113,138,144,137,145,130,44,131,26,136,142,171
81,16,12,130,120,131,187,130,25,132,39,132,129,132,221,132,0,0,94,141,96,138,198,137,140,130,31,131,13,136,132,171
82,16,3,130,113,131,202,130,23,132,47,132,145,132,218,132,0,0,101,141,116,138,179,137,144,130,20,131,6,136,142,171
83,16,2,130,123,131,189,130,16,132,21,132,141,132,209,132,0,0,94,141,118,138,178,137,145,130,25,131,10,136,146,171
84,16,12,130,124,131,181,130,39,132,14,132,142,132,202,132,0,0,97,141,104,138,201,137,143,130,29,131,19,136,131,171
85,16,20,130,125,131,187,130,40,132,37,132,157,132,194,132,0,0,127,141,125,138,139,137,135,130,29,131,35,136,132,171
86,16,21,130,139,131,200,130,6,132,29,132,147,132,199,132,0,0,103,141,129,138,82,137,135,130,33,131,36,136,140,171
87,16,20,130,124,131,207,130,12,132,19,132,124,132,210,132,0,0,59,141,104,138,122,137,146,130,47,131,14,136,129,171
88,16,8,130,110,131,217,130,38,132,42,132,129,132,209,132,0,0,109,141,120,138,135,137,153,130,50,131,14,136,127,171
89,16,5,130,132,131,224,130,21,132,51,132,133,132,204,132,0,0,133,141,139,138,96,137,142,130,19,131,41,136,150,171
90,16,21,130,118,131,203,130,8,132,46,132,119,132,207,132,0,0,82,141,112,138,145,137,129,130,21,131,32,136,161,171
91,16,30,130,88,131,186,130,28,132,44,132,127,132,207,132,0,0,80,141,105,138,212,137,135,130,51,131,254,135,141,171
92,16,24,130,120,131,225,130,33,132,37,132,151,132,206,132,0,0,110,141,127,138,159,137,152,130,30,131,8,136,127,171
93,16,27,130,151,131,222,130,17,132,47,132,151,132,203,132,0,0,96,141,141,138,130,137,147,130,1,131,38,136,133,171
94,16,38,130,131,131,200,130,5,132,45,132,134,132,205,132,0,0,83,141,131,138,163,137,139,130,32,131,32,136,150,171
95,16,35,130,115,131,244,130,16,132,29,132,136,132,190,132,0,0,92,141,108,138,137,137,146,130,58,131,29,136,152,171
96,16,21,130,139,131,242,130,27,132,66,132,134,132,193,132,0,0,94,141,114,138,90,137,149,130,50,131,40,136,127,171
97,16,22,130,158,131,195,130,7,132,85,132,114,132,211,132,0,0,87,141,122,138,98,137,141,130,41,131,26,136,133,171
98,16,25,130,142,131,191,130,254,131,39,132,128,132,196,132,0,0,79,141,101,138,135,137,144,130,31,131,12,136,160,171
99,16,14,130,125,131,198,130,20,132,19,132,141,132,195,132,0,0,81,141,91,138,170,137,154,130,53,131,35,136,139,171
100,16,15,130,137,131,198,130,35,132,43,132,122,132,216,132,0,0,95,141,115,138,203,137,149,130,73,131,45,136,107,171
101,16,7,130,135,131,196,130,36,132,45,132,141,132,211,132,0,0,101,141,135,138,158,137,144,130,48,131,27,136,124,171
102,16,2,130,116,131,194,130,35,132,37,132,160,132,194,132,0,0,77,141,119,138,93,137,162,130,39,131,32,136,140,171
103,16,6,130,125,131,185,130,21,132,41,132,129,132,201,132,0,0,75,141,111,138,129,137,176,130,52,131,31,136,129,171
104,16,8,130,134,131,181,130,252,131,40,132,129,132,200,132,0,0,104,141,122,138,180,137,155,130,61,131,18,136,137,171
105,16,31,130,139,131,213,130,5,132,33,132,158,132,201,132,0,0,99,141,127,138,161,137,148,130,53,131,33,136,148,171
106,16,23,130,143,131,209,130,28,132,35,132,152,132,207,132,0,0,79,141,125,138,152,137,154,130,33,131,41,136,134,171
107,16,6,130,144,131,188,130,17,132,48,132,142,132,178,132,0,0,86,141,126,138,199,137,139,130,36,131,35,136,135,171
108,16,20,130,150,131,221,130,255,131,34,132,150,132,186,132,0,0,89,141,137,138,199,137,134,130,50,131,32,136,150,171
109,16,24,130,143,131,235,130,21,132,8,132,143,132,219,132,0,0,78,141,124,138,184,137,137,130,40,131,24,136,144,171
110,16,28,130,124,131,206,130,37,132,18,132,122,132,203,132,0,0,89,141,103,138,199,137,142,130,26,131,21,136,140,171
111,16,21,130,114,131,198,130,15,132,32,132,130,132,203,132,0,0,95,141,121,138,169,137,132,130,36,131,23,136,145,171
112,16,5,130,132,131,214,130,9,132,30,132,149,132,229,132,0,0,71,141,122,138,150,137,133,130,46,131,22,136,133,171
113,16,21,130,156,131,215,130,33,132,40,132,144,132,178,132,0,0,79,141,98,138,172,137,165,130,51,131,23,136,126,171
114,16,35,130,145,131,208,130,50,132,58,132,142,132,135,132,0,0,109,141,123,138,177,137,167,130,55,131,22,136,136,171
115,16,13,130,120,131,217,130,48,132,52,132,147,132,214,132,0,0,93,141,141,138,180,137,137,130,43,131,20,136,133,171
116,16,3,130,123,131,207,130,29,132,43,132,142,132,247,132,0,0,65,141,105,138,190,137,134,130,35,131,33,136,115,171
117,16,11,130,150,131,198,130,17,132,44,132,141,132,188,132,0,0,75,141,108,138,190,137,154,130,42,131,35,136,122,171
118,16,14,130,130,131,215,130,13,132,38,132,149,132,191,132,0,0,100,141,133,138,197,137,144,130,54,131,18,136,139,171
119,16,12,130,89,131,199,130,20,132,35,132,156,132,237,132,0,0,110,141,111,138,175,137,136,130,46,131,24,136,135,171
120,16,13,130,87,131,203,130,42,132,23,132,142,132,214,132,0,0,88,141,97,138,134,137,149,130,39,131,38,136,127,171
121,16,9,130,102,131,230,130,25,132,38,132,126,132,194,132,0,0,73,141,122,138,162,137,135,130,58,131,28,136,132,171
122,16,253,129,120,131,208,130,250,131,51,132,145,132,210,132,0,0,87,141,129,138,200,137,121,130,39,131,24,136,136,171
123,16,4,130,132,131,207,130,9,132,46,132,163,132,197,132,0,0,91,141,106,138,182,137,126,130,5,131,30,136,135,171
124,16,13,130,120,131,230,130,33,132,70,132,151,132,179,132,0,0,96,141,111,138,178,137,141,130,20,131,26,136,131,171
125,16,12,130,124,131,219,130,29,132,80,132,135,132,195,132,0,0,91,141,122,138,159,137,150,130,48,131,17,136,133,171
126,16,15,130,147,131,197,130,20,132,40,132,145,132,208,132,0,0,83,141,110,138,125,137,143,130,33,131,24,136,142,171
127,16,33,130,142,131,191,130,18,132,20,132,155,132,208,132,77,0,90,141,113,138,158,137,133,130,20,131,37,136,135,171
0,16,54,130,129,131,202,130,29,132,40,132,146,132,229,132,0,0,90,141,129,138,193,137,132,130,55,131,29,136,121,171
1,16,21,130,130,131,214,130,25,132,36,132,148,132,232,132,0,0,89,141,122,138,165,137,147,130,66,131,19,136,123,171
2,16,0,130,130,131,232,130,6,132,29,132,140,132,187,132,0,0,94,141,114,138,158,137,149,130,35,131,28,136,131,171
3,16,36,130,129,131,233,130,9,132,47,132,116,132,160,132,0,0,99,141,125,138,187,137,138,130,13,131,36,136,138,171
4,16,47,130,136,131,212,130,9,132,49,132,116,132,183,132,0,0,97,141,127,138,189,137,136,130,33,131,28,136,141,171
5,16,23,130,119,131,223,130,13,132,55,132,137,132,213,132,0,0,103,141,116,138,175,137,151,130,59,131,33,136,141,171
6,16,18,130,103,131,243,130,35,132,37,132,147,132,204,132,0,0,114,141,120,138,177,137,152,130,33,131,35,136,140,171
7,16,29,130,117,131,227,130,49,132,16,132,141,132,192,132,0,0,101,141,137,138,188,137,141,130,16,131,22,136,137,171
8,16,27,130,132,131,215,130,22,132,21,132,128,132,212,132,0,0,72,141,136,138,171,137,138,130,47,131,26,136,127,171
9,16,15,130,130,131,237,130,3,132,24,132,140,132,219,132,0,0,76,141,113,138,153,137,137,130,39,131,30,136,124,171
10,16,15,130,121,131,3,131,41,132,20,132,160,132,199,132,0,0,95,141,112,138,182,137,153,130,11,131,14,136,132,171
11,16,17,130,116,131,217,130,48,132,37,132,147,132,204,132,0,0,89,141,136,138,201,137,159,130,29,131,9,136,137,171
12,16,18,130,126,131,180,130,21,132,39,132,147,132,218,132,0,0,100,141,124,138,175,137,148,130,40,131,17,136,130,171
13,16,18,130,146,131,215,130,33,132,47,132,173,132,204,132,0,0,98,141,93,138,169,137,134,130,9,131,24,136,130,171
14,16,13,130,137,131,228,130,54,132,97,132,163,132,199,132,0,0,65,141,101,138,192,137,123,130,19,131,28,136,136,171
15,16,15,130,112,131,211,130,33,132,91,132,126,132,209,132,0,0,67,141,125,138,190,137,132,130,58,131,25,136,139,171
16,16,20,130,120,131,215,130,5,132,6,132,110,132,189,132,0,0,83,141,125,138,166,137,150,130,52,131,42,136,134,171
17,16,9,130,126,131,210,130,23,132,1,132,121,132,186,132,0,0,88,141,124,138,154,137,135,130,34,131,60,136,135,171
18,16,9,130,123,131,213,130,45,132,50,132,138,132,218,132,0,0,91,141,141,138,162,137,110,130,37,131,30,136,138,171
19,16,7,130,129,131,231,130,27,132,36,132,149,132,228,132,0,0,78,141,150,138,186,137,134,130,44,131,17,136,126,171
20,16,4,130,126,131,248,130,5,132,41,132,130,132,215,132,0,0,59,141,133,138,157,137,161,130,31,131,55,136,124,171
21,16,25,130,112,131,252,130,23,132,86,132,112,132,214,132,0,0,80,141,106,138,130,137,142,130,17,131,58,136,132,171
22,16,34,130,118,131,220,130,18,132,62,132,120,132,210,132,0,0,99,141,106,138,149,137,124,130,31,131,20,136,130,171
23,16,32,130,145,131,209,130,255,131,21,132,134,132,195,132,0,0,76,141,128,138,155,137,155,130,46,131,22,136,119,171
24,16,44,130,162,131,224,130,25,132,43,132,140,132,205,132,0,0,54,141,116,138,174,137,177,130,28,131,27,136,120,171
25,16,36,130,155,131,222,130,48,132,62,132,147,132,216,132,0,0,63,141,94,138,176,137,153,130,23,131,8,136,128,171
26,16,0,130,141,131,217,130,33,132,25,132,145,132,217,132,0,0,95,141,108,138,141,137,139,130,49,131,8,136,131,171
27,16,246,129,122,131,208,130,8,132,29,132,123,132,220,132,0,0,106,141,132,138,149,137,156,130,50,131,16,136,125,171
28,16,22,130,111,131,195,130,20,132,51,132,115,132,195,132,0,0,83,141,127,138,191,137,161,130,36,131,28,136,127,171
29,16,18,130,121,131,193,130,28,132,40,132,143,132,185,132,0,0,97,141,132,138,184,137,137,130,43,131,45,136,136,171
30,16,16,130,135,131,204,130,11,132,34,132,143,132,203,132,0,0,102,141,142,138,170,137,138,130,50,131,45,136,126,171
31,16,49,130,132,131,202,130,16,132,52,132,111,132,198,132,0,0,63,141,126,138,193,137,158,130,33,131,33,136,123,171
32,16,31,130,124,131,202,130,35,132,38,132,127,132,182,132,0,0,75,141,128,138,176,137,140,130,21,131,39,136,140,171
33,16,12,130,147,131,238,130,34,132,12,132,149,132,195,132,0,0,111,141,133,138,174,137,105,130,38,131,48,136,131,171
34,16,39,130,158,131,245,130,21,132,16,132,119,132,211,132,0,0,92,141,120,138,192,137,130,130,47,131,43,136,105,171
35,16,36,130,128,131,191,130,40,132,36,132,123,132,201,132,0,0,78,141,120,138,186,137,175,130,29,131,24,136,121,171
36,16,12,130,123,131,186,130,49,132,67,132,148,132,199,132,0,0,90,141,132,138,189,137,150,130,31,131,254,135,153,171
37,16,21,130,134,131,230,130,33,132,65,132,147,132,201,132,0,0,84,141,123,138,184,137,126,130,42,131,252,135,140,171
38,16,25,130,119,131,225,130,37,132,35,132,144,132,210,132,0,0,79,141,108,138,170,137,161,130,23,131,20,136,128,171
39,16,3,130,119,131,203,130,27,132,37,132,136,132,223,132,0,0,93,141,129,138,189,137,169,130,31,131,28,136,144,171
40,16,10,130,141,131,213,130,3,132,47,132,124,132,207,132,0,0,91,141,141,138,176,137,139,130,74,131,24,136,133,171
41,16,30,130,139,131,228,130,255,131,35,132,136,132,192,132,0,0,71,141,117,138,126,137,136,130,67,131,44,136,123,171
42,16,19,130,126,131,205,130,5,132,29,132,150,132,218,132,0,0,73,141,110,138,152,137,144,130,18,131,39,136,145,171
43,16,11,130,129,131,203,130,26,132,41,132,126,132,218,132,0,0,95,141,120,138,173,137,136,130,16,131,12,136,142,171
44,16,21,130,128,131,219,130,46,132,36,132,105,132,191,132,0,0,101,141,112,138,155,137,146,130,33,131,8,136,124,171
45,16,22,130,128,131,212,130,21,132,28,132,125,132,212,132,0,0,88,141,109,138,161,137,159,130,22,131,7,136,141,171
46,16,5,130,141,131,227,130,11,132,28,132,153,132,232,132,0,0,62,141,124,138,163,137,148,130,13,131,25,136,144,171
47,16,252,129,137,131,229,130,25,132,31,132,154,132,207,132,0,0,76,141,124,138,161,137,130,130,32,131,35,136,119,171
48,16,14,130,119,131,197,130,5,132,40,132,135,132,198,132,0,0,105,141,118,138,184,137,137,130,45,131,21,136,124,171
49,16,33,130,124,131,185,130,7,132,52,132,138,132,203,132,0,0,96,141,120,138,189,137,146,130,38,131,18,136,143,171
50,16,8,130,135,131,188,130,24,132,53,132,150,132,202,132,0,0,94,141,109,138,177,137,135,130,22,131,33,136,134,171
51,16,7,130,127,131,222,130,9,132,45,132,140,132,219,132,0,0,119,141,109,138,168,137,144,130,17,131,29,136,120,171
52,16,30,130,127,131,255,130,252,131,29,132,128,132,234,132,0,0,102,141,127,138,148,137,150,130,36,131,22,136,120,171
53,16,15,130,143,131,219,130,3,132,16,132,147,132,208,132,0,0,71,141,127,138,148,137,126,130,54,131,29,136,130,171
54,16,255,129,130,131,191,130,3,132,27,132,159,132,196,132,0,0,91,141,116,138,154,137,125,130,41,131,24,136,133,171
55,16,11,130,123,131,225,130,252,131,68,132,145,132,209,132,0,0,113,141,111,138,157,137,155,130,23,131,24,136,132,171
56,16,20,130,144,131,243,130,13,132,77,132,139,132,221,132,0,0,96,141,112,138,189,137,158,130,35,131,26,136,150,171
57,16,6,130,122,131,216,130,17,132,38,132,144,132,219,132,0,0,96,141,127,138,211,137,144,130,47,131,25,136,161,171
58,16,4,130,101,131,205,130,252,131,47,132,141,132,209,132,0,0,96,141,130,138,180,137,151,130,40,131,34,136,150,171
59,16,36,130,139,131,226,130,251,131,66,132,126,132,206,132,0,0,75,141,111,138,139,137,153,130,40,131,36,136,134,171
60,16,37,130,168,131,224,130,16,132,19,132,137,132,206,132,0,0,89,141,109,138,131,137,145,130,46,131,22,136,111,171
61,16,20,130,136,131,203,130,33,132,10,132,145,132,208,132,0,0,108,141,124,138,133,137,138,130,54,131,19,136,107,171
62,16,20,130,116,131,206,130,19,132,43,132,133,132,205,132,0,0,96,141,117,138,147,137,133,130,44,131,33,136,134,171
63,16,4,130,133,131,209,130,13,132,22,132,134,132,186,132,0,0,97,141,108,138,186,137,136,130,14,131,35,136,143,171
64,16,6,130,144,131,201,130,9,132,7,132,129,132,177,132,0,0,98,141,117,138,178,137,141,130,25,131,39,136,126,171
65,16,32,130,124,131,208,130,3,132,51,132,113,132,212,132,0,0,73,141,116,138,101,137,131,130,57,131,33,136,126,171
66,16,31,130,110,131,224,130,29,132,52,132,105,132,239,132,0,0,58,141,104,138,95,137,122,130,41,131,16,136,123,171
67,16,21,130,144,131,208,130,47,132,35,132,130,132,213,132,0,0,76,141,109,138,135,137,131,130,13,131,34,136,120,171
68,16,14,130,151,131,175,130,24,132,54,132,148,132,200,132,0,0,93,141,130,138,110,137,134,130,25,131,60,136,128,171
69,16,15,130,130,131,183,130,255,131,55,132,130,132,216,132,0,0,83,141,117,138,97,137,130,130,49,131,38,136,132,171
70,16,27,130,125,131,204,130,6,132,47,132,126,132,228,132,0,0,87,141,101,138,120,137,145,130,50,131,15,136,136,171
71,16,28,130,128,131,210,130,11,132,38,132,152,132,223,132,0,0,104,141,120,138,107,137,166,130,32,131,28,136,143,171
72,16,28,130,129,131,217,130,17,132,27,132,153,132,213,132,0,0,88,141,122,138,114,137,151,130,24,131,36,136,118,171
73,16,31,130,123,131,214,130,36,132,39,132,129,132,200,132,0,0,81,141,115,138,175,137,130,130,27,131,27,136,103,171
74,16,29,130,120,131,228,130,40,132,58,132,143,132,193,132,0,0,90,141,119,138,175,137,137,130,20,131,18,136,133,171
75,16,29,130,122,131,223,130,25,132,37,132,161,132,204,132,0,0,91,141,119,138,132,137,142,130,5,131,13,136,139,171
76,16,29,130,137,131,204,130,11,132,5,132,139,132,204,132,0,0,91,141,118,138,171,137,140,130,22,131,18,136,117,171
77,16,20,130,133,131,225,130,7,132,17,132,116,132,196,132,0,0,91,141,119,138,222,137,141,130,54,131,22,136,117,171
78,16,20,130,124,131,220,130,252,131,51,132,135,132,206,132,0,0,101,141,108,138,199,137,128,130,48,131,25,136,130,171
79,16,38,130,132,131,202,130,253,131,69,132,146,132,211,132,0,0,97,141,106,138,179,137,130,130,34,131,34,136,143,171
80,16,27,130,105,131,218,130,250,131,34,132,131,132,198,132,0,0,85,141,130,138,185,137,148,130,32,131,28,136,144,171
81,16,251,129,88,131,219,130,245,131,16,132,137,132,193,132,0,0,111,141,131,138,179,137,145,130,35,131,13,136,122,171
82,16,5,130,115,131,213,130,9,132,62,132,139,132,204,132,0,0,124,141,121,138,184,137,143,130,51,131,42,136,131,171
83,16,36,130,126,131,201,130,13,132,82,132,124,132,193,132,0,0,104,141,126,138,188,137,149,130,55,131,57,136,150,171
84,16,46,130,116,131,188,130,0,132,45,132,129,132,194,132,0,0,93,141,125,138,178,137,146,130,36,131,31,136,129,171
85,16,26,130,119,131,211,130,20,132,36,132,132,132,211,132,0,0,82,141,119,138,172,137,146,130,17,131,30,136,128,171
86,16,251,129,113,131,222,130,57,132,60,132,124,132,201,132,0,0,66,141,127,138,185,137,146,130,23,131,43,136,144,171
87,16,11,130,107,131,197,130,46,132,42,132,126,132,193,132,0,0,76,141,124,138,191,137,138,130,31,131,29,136,137,171
88,16,40,130,132,131,188,130,15,132,23,132,140,132,201,132,0,0,100,141,101,138,168,137,141,130,25,131,26,136,127,171
89,16,20,130,136,131,214,130,42,132,32,132,129,132,207,132,0,0,107,141,102,138,164,137,148,130,25,131,43,136,137,171
90,16,2,130,110,131,223,130,80,132,41,132,109,132,212,132,0,0,107,141,119,138,207,137,143,130,26,131,25,136,145,171
91,16,7,130,112,131,201,130,50,132,52,132,129,132,217,132,0,0,104,141,121,138,184,137,138,130,28,131,253,135,135,171
92,16,30,130,132,131,206,130,18,132,44,132,141,132,202,132,0,0,106,141,121,138,110,137,139,130,39,131,26,136,141,171
93,16,32,130,112,131,216,130,12,132,32,132,122,132,197,132,0,0,120,141,130,138,136,137,148,130,48,131,55,136,150,171
94,16,8,130,93,131,192,130,245,131,46,132,111,132,211,132,0,0,105,141,124,138,212,137,155,130,31,131,32,136,130,171
95,16,16,130,117,131,193,130,245,131,55,132,123,132,192,132,0,0,78,141,115,138,196,137,148,130,15,131,20,136,122,171
96,16,27,130,119,131,210,130,255,131,38,132,120,132,173,132,0,0,79,141,122,138,145,137,136,130,22,131,32,136,133,171
97,16,14,130,99,131,213,130,0,132,21,132,90,132,191,132,0,0,88,141,115,138,173,137,143,130,20,131,25,136,134,171
98,16,13,130,131,131,211,130,35,132,30,132,101,132,209,132,0,0,99,141,107,138,217,137,154,130,11,131,37,136,139,171
99,16,21,130,163,131,209,130,52,132,45,132,129,132,223,132,0,0,94,141,126,138,158,137,155,130,15,131,61,136,141,171
100,16,21,130,141,131,221,130,37,132,34,132,127,132,226,132,0,0,63,141,140,138,105,137,149,130,21,131,42,136,124,171
101,16,20,130,138,131,211,130,50,132,29,132,124,132,214,132,0,0,75,141,132,138,173,137,134,130,23,131,9,136,121,171
102,16,19,130,160,131,194,130,52,132,49,132,144,132,222,132,0,0,117,141,116,138,178,137,138,130,22,131,26,136,132,171
103,16,17,130,155,131,202,130,12,132,56,132,149,132,235,132,0,0,109,141,116,138,101,137,159,130,20,131,48,136,125,171
104,16,18,130,137,131,197,130,2,132,45,132,137,132,214,132,0,0,85,141,134,138,133,137,164,130,30,131,16,136,134,171
105,16,13,130,141,131,195,130,10,132,46,132,134,132,204,132,0,0,90,141,132,138,185,137,157,130,35,131,6,136,146,171
106,16,2,130,135,131,200,130,13,132,37,132,133,132,226,132,0,0,97,141,117,138,166,137,151,130,23,131,33,136,137,171
107,16,7,130,129,131,195,130,33,132,25,132,134,132,208,132,0,0,96,141,123,138,178,137,144,130,29,131,41,136,129,171
108,16,15,130,146,131,196,130,29,132,36,132,132,132,187,132,0,0,82,141,124,138,195,137,142,130,32,131,29,136,129,171
109,16,18,130,135,131,196,130,33,132,42,132,145,132,224,132,0,0,72,141,112,138,167,137,140,130,21,131,10,136,136,171
110,16,25,130,120,131,211,130,71,132,35,132,147,132,222,132,0,0,78,141,116,138,170,137,136,130,41,131,255,135,145,171
111,16,4,130,135,131,218,130,46,132,39,132,133,132,169,132,0,0,83,141,125,138,184,137,131,130,50,131,26,136,135,171
112,16,254,129,148,131,208,130,2,132,44,132,140,132,174,132,0,0,91,141,122,138,180,137,135,130,18,131,56,136,121,171
113,16,33,130,149,131,216,130,26,132,45,132,149,132,222,132,0,0,95,141,108,138,177,137,142,130,19,131,33,136,123,171
114,16,33,130,136,131,223,130,26,132,49,132,142,132,219,132,0,0,77,141,87,138,174,137,146,130,39,131,21,136,122,171
115,16,12,130,129,131,204,130,246,131,52,132,137,132,191,132,0,0,72,141,101,138,173,137,143,130,28,131,35,136,126,171
116,16,15,130,127,131,189,130,1,132,51,132,138,132,206,132,0,0,98,141,126,138,186,137,125,130,19,131,17,136,135,171
117,16,25,130,133,131,205,130,18,132,46,132,140,132,231,132,0,0,96,141,121,138,189,137,129,130,29,131,7,136,132,171
118,16,27,130,129,131,220,130,254,131,35,132,136,132,225,132,0,0,81,141,98,138,175,137,166,130,26,131,41,136,127,171
119,16,6,130,109,131,195,130,243,131,37,132,124,132,219,132,0,0,109,141,103,138,155,137,152,130,9,131,56,136,129,171
120,16,252,129,105,131,184,130,7,132,37,132,129,132,223,132,0,0,123,141,119,138,153,137,107,130,26,131,48,136,132,171
121,16,21,130,133,131,199,130,21,132,26,132,140,132,221,132,0,0,91,141,108,138,176,137,111,130,46,131,47,136,131,171
122,16,28,130,148,131,198,130,17,132,39,132,132,132,218,132,0,0,78,141,102,138,186,137,142,130,26,131,43,136,123,171
123,16,16,130,133,131,213,130,16,132,50,132,109,132,221,132,0,0,105,141,114,138,186,137,149,130,18,131,29,136,122,171
124,16,11,130,125,131,206,130,16,132,35,132,117,132,217,132,0,0,118,141,113,138,178,137,132,130,35,131,11,136,136,171
125,16,13,130,134,131,173,130,6,132,31,132,143,132,208,132,0,0,88,141,102,138,145,137,122,130,30,131,19,136,144,171
126,16,24,130,114,131,211,130,250,131,38,132,140,132,218,132,0,0,49,141,116,138,140,137,128,130,9,131,41,136,140,171
127,16,31,130,85,131,253,130,255,131,40,132,140,132,217,132,77,0,54,141,133,138,183,137,140,130,17,131,41,136,125,171
0,16,24,130,98,131,233,130,21,132,32,132,144,132,198,132,0,0,76,141,116,138,198,137,130,130,34,131,30,136,125,171
1,16,13,130,126,131,207,130,10,132,24,132,141,132,216,132,0,0,84,141,109,138,175,137,128,130,26,131,27,136,142,171
2,16,13,130,117,131,216,130,241,131,38,132,148,132,228,132,0,0,94,141,122,138,176,137,144,130,33,131,30,136,146,171
3,16,31,130,119,131,232,130,249,131,46,132,146,132,211,132,0,0,93,141,123,138,185,137,140,130,54,131,21,136,138,171
4,16,28,130,146,131,225,130,7,132,10,132,131,132,218,132,0,0,76,141,125,138,183,137,140,130,38,131,17,136,134,171
5,16,15,130,136,131,213,130,18,132,10,132,135,132,217,132,0,0,74,141,138,138,156,137,151,130,34,131,42,136,135,171
6,16,23,130,103,131,197,130,20,132,55,132,153,132,193,132,0,0,104,141,123,138,134,137,148,130,56,131,39,136,145,171
7,16,33,130,109,131,208,130,10,132,47,132,137,132,201,132,0,0,95,141,99,138,173,137,142,130,47,131,7,136,141,171
8,16,9,130,132,131,222,130,11,132,30,132,106,132,230,132,0,0,63,141,116,138,206,137,150,130,28,131,25,136,129,171
9,16,231,129,122,131,204,130,11,132,43,132,121,132,222,132,0,0,70,141,136,138,178,137,156,130,32,131,55,136,134,171
10,16,4,130,109,131,200,130,249,131,39,132,147,132,199,132,0,0,74,141,113,138,170,137,155,130,19,131,47,136,137,171
11,16,38,130,119,131,212,130,251,131,30,132,140,132,198,132,0,0,88,141,97,138,191,137,154,130,19,131,44,136,130,171
12,16,16,130,133,131,209,130,22,132,40,132,132,132,211,132,0,0,124,141,108,138,185,137,136,130,31,131,47,136,124,171
13,16,9,130,133,131,218,130,28,132,30,132,141,132,205,132,0,0,113,141,116,138,174,137,126,130,12,131,33,136,135,171
14,16,21,130,128,131,239,130,6,132,22,132,137,132,177,132,0,0,78,141,127,138,180,137,136,130,12,131,32,136,143,171
15,16,18,130,133,131,234,130,1,132,45,132,121,132,180,132,0,0,81,141,122,138,182,137,148,130,37,131,37,136,135,171
16,16,13,130,118,131,211,130,16,132,40,132,135,132,209,132,0,0,90,141,108,138,132,137,145,130,27,131,33,136,132,171
17,16,33,130,112,131,196,130,10,132,22,132,139,132,221,132,0,0,86,141,117,138,88,137,141,130,13,131,41,136,134,171
18,16,56,130,125,131,208,130,10,132,32,132,115,132,215,132,0,0,82,141,107,138,112,137,140,130,20,131,40,136,133,171
19,16,45,130,113,131,212,130,32,132,49,132,136,132,217,132,0,0,95,141,92,138,126,137,135,130,15,131,24,136,133,171
20,16,24,130,109,131,190,130,33,132,50,132,166,132,223,132,0,0,106,141,107,138,82,137,144,130,19,131,31,136,142,171
21,16,31,130,121,131,193,130,10,132,51,132,142,132,212,132,0,0,96,141,124,138,101,137,151,130,40,131,55,136,146,171
22,16,18,130,112,131,198,130,252,131,48,132,129,132,192,132,0,0,90,141,115,138,190,137,150,130,32,131,37,136,149,171
23,16,251,129,107,131,201,130,11,132,37,132,156,132,201,132,0,0,86,141,113,138,183,137,150,130,21,131,253,135,137,171
24,16,14,130,132,131,202,130,12,132,38,132,147,132,222,132,0,0,91,141,120,138,140,137,140,130,25,131,2,136,111,171
25,16,36,130,134,131,207,130,1,132,57,132,126,132,214,132,0,0,89,141,111,138,157,137,138,130,31,131,18,136,117,171
26,16,19,130,113,131,219,130,9,132,49,132,138,132,204,132,0,0,70,141,109,138,195,137,152,130,29,131,27,136,138,171
27,16,255,129,124,131,213,130,12,132,7,132,143,132,202,132,0,0,71,141,117,138,203,137,152,130,32,131,32,136,129,171
28,16,22,130,138,131,208,130,6,132,1,132,126,132,195,132,0,0,90,141,110,138,157,137,145,130,38,131,26,136,123,171
29,16,38,130,116,131,195,130,1,132,42,132,122,132,208,132,0,0,96,141,111,138,132,137,153,130,30,131,24,136,144,171
30,16,25,130,103,131,201,130,247,131,56,132,130,132,219,132,0,0,92,141,124,138,159,137,158,130,21,131,14,136,143,171
31,16,21,130,144,131,227,130,1,132,36,132,138,132,202,132,0,0,95,141,133,138,160,137,153,130,23,131,0,136,131,171
32,16,9,130,164,131,219,130,23,132,37,132,140,132,194,132,0,0,102,141,123,138,93,137,145,130,26,131,15,136,133,171
33,16,14,130,127,131,218,130,20,132,57,132,141,132,200,132,0,0,98,141,105,138,92,137,137,130,20,131,45,136,137,171
34,16,37,130,122,131,231,130,255,131,32,132,138,132,201,132,0,0,86,141,106,138,177,137,143,130,12,131,35,136,134,171
35,16,24,130,140,131,216,130,9,132,15,132,137,132,197,132,0,0,74,141,121,138,210,137,142,130,24,131,26,136,128,171
36,16,6,130,129,131,203,130,31,132,61,132,141,132,196,132,0,0,68,141,113,138,162,137,136,130,35,131,50,136,128,171
37,16,7,130,113,131,208,130,31,132,86,132,147,132,206,132,0,0,83,141,110,138,148,137,138,130,31,131,38,136,132,171
38,16,15,130,132,131,202,130,31,132,48,132,137,132,200,132,0,0,85,141,128,138,157,137,151,130,36,131,2,136,142,171
39,16,31,130,154,131,201,130,26,132,32,132,135,132,182,132,0,0,68,141,120,138,117,137,154,130,43,131,9,136,139,171
40,16,37,130,137,131,209,130,22,132,49,132,137,132,207,132,0,0,76,141,109,138,130,137,146,130,30,131,29,136,128,171
41,16,17,130,118,131,210,130,32,132,49,132,117,132,224,132,0,0,97,141,126,138,178,137,146,130,34,131,17,136,136,171
42,16,17,130,121,131,206,130,17,132,49,132,126,132,196,132,0,0,107,141,119,138,155,137,145,130,43,131,13,136,151,171
43,16,44,130,138,131,203,130,251,131,48,132,147,132,180,132,0,0,89,141,97,138,153,137,143,130,25,131,32,136,140,171
44,16,19,130,157,131,210,130,253,131,28,132,131,132,201,132,0,0,74,141,111,138,195,137,144,130,35,131,20,136,123,171
45,16,238,129,150,131,197,130,9,132,35,132,137,132,209,132,0,0,97,141,130,138,170,137,143,130,58,131,9,136,119,171
46,16,13,130,128,131,187,130,16,132,50,132,154,132,206,132,0,0,97,141,122,138,158,137,155,130,42,131,26,136,121,171
47,16,27,130,118,131,196,130,24,132,36,132,126,132,205,132,0,0,64,141,115,138,192,137,172,130,22,131,38,136,131,171
48,16,253,129,126,131,197,130,23,132,29,132,110,132,195,132,0,0,73,141,113,138,175,137,166,130,27,131,31,136,140,171
49,16,15,130,144,131,216,130,11,132,37,132,140,132,185,132,0,0,91,141,103,138,174,137,138,130,29,131,20,136,124,171
50,16,29,130,134,131,230,130,28,132,34,132,149,132,203,132,0,0,70,141,113,138,195,137,138,130,26,131,18,136,97,171
51,16,6,130,110,131,210,130,60,132,33,132,119,132,203,132,0,0,63,141,125,138,168,137,154,130,47,131,20,136,114,171
52,16,24,130,117,131,187,130,49,132,41,132,102,132,149,132,0,0,69,141,102,138,143,137,138,130,43,131,22,136,139,171
53,16,32,130,138,131,193,130,16,132,54,132,136,132,145,132,0,0,65,141,101,138,168,137,127,130,27,131,21,136,129,171
54,16,3,130,124,131,219,130,16,132,56,132,152,132,210,132,0,0,88,141,129,138,180,137,144,130,47,131,20,136,132,171
55,16,2,130,99,131,213,130,18,132,25,132,124,132,224,132,0,0,116,141,137,138,172,137,153,130,47,131,16,136,140,171
56,16,23,130,116,131,196,130,249,131,1,132,116,132,196,132,0,0,85,141,122,138,178,137,148,130,16,131,31,136,134,171
57,16,7,130,156,131,198,130,248,131,30,132,134,132,186,132,0,0,59,141,119,138,145,137,148,130,12,131,55,136,141,171
58,16,241,129,157,131,207,130,12,132,54,132,139,132,179,132,0,0,107,141,116,138,82,137,152,130,31,131,34,136,142,171
59,16,0,130,125,131,219,130,26,132,39,132,128,132,186,132,0,0,134,141,113,138,122,137,164,130,18,131,0,136,137,171
60,16,2,130,131,131,210,130,20,132,36,132,133,132,218,132,0,0,99,141,118,138,212,137,166,130,12,131,11,136,138,171
61,16,7,130,157,131,198,130,21,132,38,132,149,132,229,132,0,0,85,141,105,138,162,137,144,130,36,131,32,136,134,171
62,16,42,130,152,131,207,130,38,132,42,132,162,132,203,132,0,0,98,141,101,138,82,137,133,130,51,131,28,136,131,171
63,16,38,130,145,131,203,130,17,132,54,132,162,132,184,132,0,0,93,141,125,138,144,137,146,130,38,131,16,136,132,171
64,16,14,130,148,131,202,130,255,131,42,132,146,132,201,132,0,0,73,141,122,138,198,137,155,130,28,131,22,136,136,171
65,16,16,130,150,131,204,130,32,132,32,132,142,132,228,132,0,0,69,141,93,138,111,137,148,130,26,131,25,136,136,171
66,16,11,130,137,131,202,130,41,132,46,132,133,132,210,132,0,0,72,141,115,138,73,137,137,130,19,131,15,136,134,171
67,16,254,129,104,131,211,130,9,132,47,132,125,132,182,132,0,0,73,141,150,138,165,137,134,130,23,131,19,136,128,171
68,16,5,130,94,131,204,130,20,132,36,132,137,132,194,132,0,0,84,141,124,138,195,137,138,130,35,131,24,136,135,171
69,16,19,130,134,131,216,130,35,132,48,132,127,132,218,132,0,0,97,141,106,138,168,137,139,130,30,131,26,136,147,171
70,16,12,130,150,131,233,130,248,131,55,132,115,132,216,132,0,0,106,141,118,138,185,137,146,130,24,131,27,136,145,171
71,16,249,129,130,131,212,130,236,131,42,132,133,132,200,132,0,0,89,141,116,138,154,137,155,130,35,131,18,136,137,171
72,16,11,130,128,131,208,130,7,132,42,132,144,132,206,132,0,0,70,141,119,138,105,137,148,130,36,131,19,136,134,171
73,16,24,130,142,131,218,130,1,132,28,132,147,132,212,132,0,0,88,141,126,138,164,137,131,130,25,131,35,136,135,171
74,16,23,130,150,131,204,130,237,131,7,132,151,132,200,132,0,0,91,141,112,138,197,137,129,130,36,131,41,136,148,171
75,16,23,130,125,131,196,130,255,131,23,132,127,132,202,132,0,0,74,141,111,138,128,137,146,130,33,131,28,136,152,171
76,16,9,130,112,131,195,130,34,132,46,132,115,132,209,132,0,0,70,141,128,138,143,137,156,130,35,131,26,136,143,171
77,16,21,130,117,131,196,130,37,132,44,132,146,132,201,132,0,0,66,141,116,138,208,137,147,130,49,131,35,136,129,171
78,16,43,130,93,131,205,130,13,132,52,132,151,132,192,132,0,0,65,141,109,138,202,137,130,130,36,131,27,136,125,171
79,16,28,130,85,131,207,130,6,132,57,132,120,132,189,132,0,0,72,141,124,138,168,137,128,130,29,131,30,136,141,171
80,16,6,130,133,131,191,130,1,132,38,132,109,132,186,132,0,0,78,141,125,138,135,137,138,130,62,131,53,136,148,171
81,16,3,130,151,131,191,130,238,131,41,132,130,132,185,132,0,0,95,141,114,138,96,137,139,130,73,131,43,136,126,171
82,16,11,130,130,131,228,130,2,132,55,132,157,132,197,132,0,0,108,141,111,138,92,137,148,130,29,131,16,136,117,171
83,16,3,130,131,131,235,130,21,132,44,132,157,132,189,132,0,0,100,141,116,138,166,137,133,130,11,131,32,136,136,171
84,16,5,130,138,131,208,130,3,132,30,132,132,132,180,132,0,0,74,141,109,138,186,137,106,130,43,131,49,136,133,171
85,16,18,130,149,131,208,130,12,132,36,132,123,132,200,132,0,0,57,141,101,138,120,137,123,130,61,131,36,136,122,171
86,16,10,130,146,131,210,130,35,132,42,132,137,132,214,132,0,0,73,141,113,138,128,137,151,130,45,131,29,136,126,171
87,16,8,130,124,131,197,130,32,132,42,132,153,132,182,132,0,0,87,141,111,138,180,137,153,130,35,131,27,136,132,171
88,16,26,130,125,131,196,130,20,132,22,132,148,132,174,132,0,0,79,141,103,138,168,137,150,130,34,131,19,136,137,171
89,16,29,130,119,131,200,130,16,132,12,132,130,132,219,132,0,0,62,141,111,138,163,137,154,130,18,131,32,136,135,171
90,16,12,130,114,131,208,130,21,132,35,132,136,132,214,132,0,0,57,141,124,138,197,137,149,130,15,131,48,136,134,171
91,16,5,130,130,131,205,130,14,132,45,132,157,132,177,132,0,0,79,141,126,138,180,137,147,130,30,131,31,136,130,171
92,16,10,130,131,131,193,130,254,131,30,132,145,132,190,132,0,0,105,141,116,138,170,137,155,130,42,131,20,136,118,171
93,16,19,130,113,131,186,130,252,131,32,132,127,132,213,132,0,0,95,141,111,138,201,137,144,130,40,131,28,136,123,171
94,16,20,130,116,131,184,130,16,132,45,132,134,132,192,132,0,0,62,141,120,138,167,137,130,130,33,131,31,136,137,171
95,16,29,130,128,131,199,130,10,132,37,132,131,132,187,132,0,0,61,141,129,138,120,137,128,130,34,131,31,136,142,171
96,16,35,130,120,131,202,130,2,132,34,132,127,132,211,132,0,0,90,141,123,138,142,137,143,130,49,131,27,136,139,171
97,16,20,130,119,131,189,130,37,132,44,132,125,132,200,132,0,0,83,141,122,138,197,137,152,130,59,131,32,136,130,171
98,16,16,130,133,131,195,130,47,132,45,132,117,132,191,132,0,0,55,141,127,138,187,137,148,130,46,131,43,136,121,171
99,16,32,130,136,131,196,130,16,132,41,132,130,132,208,132,0,0,69,141,117,138,147,137,155,130,32,131,39,136,131,171
100,16,31,130,138,131,207,130,22,132,33,132,139,132,196,132,0,0,80,141,119,138,170,137,163,130,39,131,30,136,135,171
101,16,3,130,151,131,205,130,42,132,29,132,133,132,186,132,0,0,78,141,133,138,199,137,148,130,58,131,22,136,124,171
102,16,7,130,144,131,189,130,30,132,29,132,147,132,213,132,0,0,95,141,131,138,159,137,135,130,42,131,21,136,128,171
103,16,27,130,121,131,188,130,12,132,30,132,156,132,224,132,0,0,79,141,115,138,126,137,147,130,9,131,38,136,127,171
104,16,11,130,144,131,196,130,13,132,36,132,129,132,211,132,0,0,78,141,124,138,173,137,143,130,17,131,37,136,122,171
105,16,4,130,155,131,214,130,22,132,32,132,114,132,209,132,0,0,110,141,129,138,211,137,124,130,48,131,10,136,132,171
106,16,18,130,106,131,212,130,15,132,18,132,134,132,212,132,0,0,93,141,106,138,176,137,139,130,39,131,7,136,141,171
107,16,26,130,109,131,190,130,4,132,45,132,138,132,219,132,0,0,55,141,85,138,157,137,160,130,31,131,15,136,129,171
108,16,22,130,145,131,188,130,20,132,64,132,123,132,210,132,0,0,62,141,90,138,179,137,146,130,56,131,12,136,112,171
109,16,1,130,135,131,207,130,23,132,16,132,136,132,179,132,0,0,88,141,125,138,195,137,135,130,46,131,10,136,116,171
110,16,3,130,137,131,225,130,0,132,6,132,155,132,173,132,0,0,96,141,137,138,163,137,155,130,20,131,12,136,136,171
111,16,23,130,156,131,211,130,1,132,60,132,141,132,207,132,0,0,102,141,128,138,134,137,169,130,15,131,17,136,142,171
112,16,21,130,149,131,194,130,25,132,60,132,125,132,216,132,0,0,96,141,132,138,170,137,156,130,5,131,25,136,118,171
113,16,17,130,145,131,208,130,32,132,24,132,137,132,199,132,0,0,75,141,133,138,178,137,143,130,16,131,16,136,108,171
114,16,36,130,143,131,207,130,31,132,32,132,145,132,214,132,0,0,76,141,128,138,96,137,146,130,44,131,6,136,129,171
115,16,33,130,131,131,193,130,41,132,42,132,123,132,224,132,0,0,85,141,124,138,75,137,143,130,49,131,17,136,136,171
116,16,248,129,137,131,193,130,38,132,28,132,103,132,206,132,0,0,87,141,120,138,172,137,136,130,36,131,26,136,124,171
117,16,248,129,130,131,193,130,13,132,31,132,119,132,191,132,0,0,78,141,117,138,210,137,149,130,21,131,30,136,132,171
118,16,25,130,102,131,205,130,3,132,39,132,140,132,190,132,0,0,81,141,124,138,139,137,165,130,21,131,28,136,144,171
119,16,17,130,93,131,210,130,16,132,31,132,140,132,193,132,0,0,99,141,118,138,115,137,151,130,28,131,27,136,125,171
120,16,12,130,120,131,209,130,40,132,27,132,144,132,192,132,0,0,89,141,116,138,184,137,142,130,44,131,29,136,124,171
121,16,35,130,134,131,223,130,42,132,43,132,147,132,195,132,0,0,78,141,136,138,211,137,157,130,51,131,25,136,148,171
122,16,33,130,118,131,216,130,41,132,58,132,149,132,211,132,0,0,88,141,129,138,181,137,154,130,51,131,22,136,139,171
123,16,10,130,106,131,208,130,69,132,40,132,152,132,224,132,0,0,86,141,95,138,183,137,150,130,46,131,35,136,122,171
124,16,13,130,104,131,221,130,64,132,21,132,155,132,208,132,0,0,78,141,98,138,190,137,154,130,44,131,35,136,130,171
125,16,28,130,107,131,222,130,34,132,50,132,144,132,198,132,0,0,87,141,125,138,193,137,152,130,57,131,27,136,136,171
126,16,32,130,107,131,213,130,47,132,59,132,133,132,215,132,0,0,98,141,120,138,195,137,153,130,45,131,34,136,137,171
127,16,19,130,95,131,210,130,71,132,7,132,143,132,215,132,77,0,96,141,115,138,193,137,164,130,20,131,25,136,135,171
0,16,19,130,103,131,191,130,48,132,249,131,145,132,208,132,0,0,99,141,119,138,192,137,160,130,24,131,9,136,122,171
1,16,22,130,134,131,182,130,11,132,39,132,129,132,207,132,0,0,104,141,118,138,153,137,136,130,44,131,19,136,119,171
2,16,2,130,138,131,214,130,10,132,50,132,130,132,197,132,0,0,108,141,125,138,92,137,135,130,43,131,27,136,141,171
3,16,11,130,130,131,228,130,21,132,32,132,137,132,201,132,0,0,101,141,122,138,100,137,153,130,35,131,20,136,149,171
4,16,37,130,128,131,193,130,7,132,37,132,131,132,209,132,0,0,86,141,119,138,164,137,149,130,37,131,21,136,123,171
5,16,31,130,134,131,211,130,9,132,33,132,135,132,202,132,0,0,97,141,123,138,177,137,135,130,30,131,35,136,112,171
6,16,21,130,148,131,239,130,38,132,28,132,149,132,213,132,0,0,115,141,127,138,174,137,131,130,17,131,37,136,136,171
7,16,22,130,119,131,200,130,33,132,56,132,146,132,215,132,0,0,100,141,132,138,174,137,138,130,25,131,38,136,152,171
8,16,17,130,91,131,197,130,16,132,64,132,127,132,193,132,0,0,74,141,130,138,126,137,151,130,38,131,36,136,136,171
9,16,245,129,120,131,213,130,23,132,40,132,125,132,199,132,0,0,93,141,127,138,121,137,146,130,35,131,37,136,124,171
10,16,4,130,163,131,197,130,27,132,31,132,135,132,211,132,0,0,108,141,122,138,167,137,142,130,31,131,48,136,128,171
11,16,35,130,146,131,214,130,36,132,41,132,129,132,186,132,0,0,93,141,124,138,206,137,147,130,42,131,45,136,129,171
12,16,10,130,117,131,225,130,35,132,39,132,128,132,184,132,0,0,88,141,124,138,186,137,144,130,50,131,32,136,128,171
13,16,10,130,144,131,194,130,10,132,31,132,142,132,214,132,0,0,82,141,114,138,123,137,138,130,39,131,28,136,131,171
14,16,42,130,157,131,183,130,253,131,42,132,144,132,213,132,0,0,93,141,106,138,120,137,140,130,29,131,17,136,140,171
15,16,31,130,126,131,214,130,14,132,56,132,119,132,201,132,0,0,111,141,111,138,154,137,147,130,41,131,6,136,150,171
16,16,255,129,116,131,226,130,32,132,49,132,110,132,208,132,0,0,99,141,127,138,164,137,149,130,43,131,15,136,145,171
17,16,255,129,137,131,204,130,22,132,40,132,140,132,205,132,0,0,87,141,116,138,166,137,152,130,38,131,25,136,121,171
18,16,11,130,141,131,205,130,254,131,57,132,151,132,196,132,0,0,79,141,101,138,172,137,144,130,47,131,22,136,127,171
19,16,5,130,129,131,214,130,245,131,52,132,133,132,201,132,0,0,79,141,110,138,163,137,137,130,45,131,16,136,154,171
20,16,14,130,125,131,207,130,19,132,11,132,130,132,209,132,0,0,87,141,126,138,163,137,151,130,44,131,17,136,141,171
21,16,25,130,126,131,217,130,44,132,12,132,138,132,217,132,0,0,84,141,120,138,191,137,153,130,53,131,16,136,109,171
22,16,5,130,122,131,219,130,50,132,55,132,150,132,233,132,0,0,76,141,98,138,178,137,147,130,33,131,17,136,106,171
23,16,6,130,132,131,204,130,61,132,58,132,145,132,208,132,0,0,74,141,108,138,166,137,149,130,15,131,24,136,128,171
24,16,35,130,148,131,196,130,37,132,35,132,125,132,184,132,0,0,84,141,126,138,183,137,153,130,21,131,30,136,137,171
25,16,25,130,134,131,201,130,6,132,39,132,133,132,206,132,0,0,115,141,124,138,167,137,144,130,31,131,28,136,117,171
26,16,14,130,123,131,206,130,21,132,37,132,147,132,211,132,0,0,125,141,127,138,153,137,135,130,32,131,29,136,126,171
27,16,28,130,136,131,192,130,23,132,25,132,133,132,185,132,0,0,107,141,129,138,176,137,135,130,23,131,28,136,148,171
28,16,16,130,137,131,196,130,2,132,39,132,110,132,190,132,0,0,92,141,114,138,194,137,152,130,23,131,18,136,133,171
29,16,6,130,124,131,221,130,9,132,39,132,120,132,209,132,0,0,80,141,122,138,177,137,147,130,44,131,19,136,124,171
30,16,14,130,129,131,215,130,38,132,31,132,137,132,207,132,0,0,70,141,141,138,169,137,127,130,51,131,18,136,146,171
31,16,10,130,141,131,207,130,34,132,48,132,119,132,207,132,0,0,76,141,114,138,165,137,145,130,44,131,4,136,141,171
32,16,249,129,134,131,214,130,25,132,26,132,107,132,191,132,0,0,83,141,97,138,159,137,155,130,40,131,255,135,121,171
33,16,255,129,127,131,220,130,65,132,5,132,132,132,177,132,0,0,77,141,118,138,140,137,141,130,33,131,18,136,142,171
34,16,8,130,129,131,214,130,67,132,21,132,149,132,199,132,0,0,65,141,121,138,122,137,148,130,25,131,37,136,158,171
35,16,3,130,123,131,199,130,14,132,254,131,146,132,220,132,0,0,69,141,111,138,138,137,143,130,30,131,32,136,144,171
36,16,4,130,127,131,207,130,18,132,228,131,155,132,226,132,0,0,74,141,111,138,171,137,121,130,44,131,24,136,141,171
37,16,249,129,150,131,225,130,45,132,15,132,149,132,216,132,0,0,77,141,115,138,172,137,131,130,47,131,24,136,150,171
38,16,8,130,141,131,228,130,13,132,39,132,119,132,201,132,0,0,93,141,123,138,177,137,144,130,27,131,29,136,154,171
39,16,32,130,123,131,208,130,249,131,23,132,106,132,197,132,0,0,111,141,119,138,190,137,149,130,38,131,34,136,145,171
40,16,13,130,131,131,194,130,16,132,36,132,128,132,199,132,0,0,100,141,112,138,177,137,152,130,56,131,25,136,143,171
41,16,18,130,137,131,221,130,25,132,49,132,141,132,186,132,0,0,97,141,111,138,175,137,121,130,30,131,3,136,158,171
42,16,30,130,142,131,232,130,23,132,32,132,131,132,174,132,0,0,125,141,107,138,194,137,122,130,9,131,7,136,149,171
43,16,251,129,151,131,207,130,7,132,22,132,122,132,178,132,0,0,105,141,100,138,176,137,157,130,34,131,37,136,132,171
44,16,2,130,142,131,198,130,5,132,30,132,114,132,195,132,0,0,73,141,111,138,118,137,151,130,52,131,42,136,148,171
45,16,33,130,132,131,204,130,17,132,48,132,125,132,223,132,0,0,109,141,126,138,121,137,136,130,46,131,26,136,148,171
46,16,14,130,135,131,188,130,6,132,51,132,140,132,230,132,0,0,130,141,119,138,180,137,150,130,44,131,33,136,130,171
47,16,2,130,125,131,179,130,3,132,31,132,142,132,227,132,0,0,97,141,114,138,138,137,155,130,29,131,41,136,145,171
48,16,11,130,133,131,194,130,20,132,27,132,135,132,225,132,0,0,87,141,127,138,79,137,154,130,13,131,36,136,155,171
49,16,1,130,135,131,216,130,34,132,65,132,131,132,211,132,0,0,102,141,119,138,148,137,148,130,26,131,29,136,143,171
50,16,239,129,92,131,202,130,45,132,80,132,142,132,221,132,0,0,97,141,92,138,220,137,133,130,41,131,10,136,146,171
51,16,245,129,86,131,185,130,49,132,43,132,147,132,231,132,0,0,84,141,95,138,182,137,137,130,37,131,10,136,162,171
52,16,9,130,133,131,215,130,37,132,31,132,145,132,219,132,0,0,75,141,122,138,162,137,133,130,29,131,24,136,153,171
53,16,7,130,151,131,211,130,29,132,57,132,151,132,212,132,0,0,80,141,122,138,198,137,119,130,28,131,19,136,125,171
54,16,247,129,127,131,194,130,27,132,47,132,147,132,206,132,0,0,83,141,110,138,176,137,133,130,25,131,32,136,119,171
55,16,246,129,120,131,200,130,10,132,37,132,125,132,191,132,0,0,77,141,117,138,105,137,146,130,19,131,50,136,148,171
56,16,12,130,139,131,196,130,23,132,58,132,110,132,200,132,0,0,76,141,120,138,93,137,137,130,29,131,31,136,166,171
57,16,19,130,157,131,196,130,45,132,55,132,124,132,214,132,0,0,82,141,117,138,116,137,136,130,55,131,27,136,138,171
58,16,7,130,142,131,197,130,16,132,46,132,139,132,201,132,0,0,106,141,123,138,139,137,153,130,48,131,38,136,124,171
59,16,10,130,121,131,204,130,239,131,49,132,118,132,184,132,0,0,102,141,120,138,175,137,167,130,25,131,31,136,147,171
60,16,13,130,138,131,192,130,4,132,33,132,109,132,186,132,0,0,73,141,125,138,188,137,158,130,27,131,29,136,145,171
61,16,9,130,157,131,191,130,68,132,20,132,143,132,202,132,0,0,62,141,133,138,170,137,148,130,31,131,28,136,124,171
62,16,7,130,141,131,210,130,80,132,35,132,152,132,202,132,0,0,53,141,111,138,178,137,153,130,21,131,16,136,130,171
63,16,250,129,123,131,180,130,26,132,45,132,123,132,183,132,0,0,64,141,103,138,210,137,141,130,11,131,8,136,135,171
64,16,248,129,132,131,140,130,15,132,41,132,125,132,187,132,0,0,88,141,126,138,180,137,124,130,24,131,22,136,124,171
65,16,21,130,122,131,176,130,51,132,39,132,153,132,201,132,0,0,95,141,132,138,127,137,136,130,32,131,29,136,129,171
66,16,38,130,104,131,214,130,37,132,33,132,155,132,196,132,0,0,86,141,122,138,147,137,153,130,35,131,27,136,128,171
67,16,21,130,131,131,186,130,255,131,21,132,136,132,199,132,0,0,75,141,121,138,192,137,141,130,33,131,43,136,123,171
68,16,4,130,144,131,176,130,12,132,29,132,126,132,218,132,0,0,83,141,119,138,172,137,121,130,20,131,49,136,140,171
69,16,27,130,121,131,212,130,38,132,44,132,135,132,234,132,0,0,96,141,105,138,152,137,138,130,25,131,40,136,144,171
70,16,34,130,110,131,204,130,36,132,36,132,144,132,239,132,0,0,85,141,106,138,186,137,151,130,33,131,44,136,133,171
71,16,4,130,125,131,183,130,21,132,39,132,136,132,228,132,0,0,69,141,120,138,186,137,150,130,34,131,49,136,131,171
72,16,8,130,129,131,220,130,33,132,66,132,139,132,209,132,0,0,79,141,134,138,162,137,151,130,36,131,41,136,136,171
73,16,16,130,126,131,226,130,41,132,43,132,157,132,204,132,0,0,94,141,118,138,191,137,144,130,28,131,17,136,137,171
74,16,3,130,124,131,203,130,9,132,7,132,136,132,215,132,0,0,95,141,106,138,176,137,145,130,25,131,19,136,128,171
75,16,22,130,128,131,212,130,247,131,28,132,106,132,216,132,0,0,94,141,116,138,117,137,147,130,40,131,38,136,114,171
76,16,31,130,143,131,198,130,13,132,54,132,121,132,195,132,0,0,100,141,113,138,137,137,128,130,42,131,26,136,117,171
77,16,11,130,158,131,184,130,32,132,37,132,143,132,187,132,0,0,103,141,109,138,213,137,135,130,24,131,19,136,131,171
78,16,18,130,150,131,190,130,26,132,25,132,148,132,213,132,0,0,105,141,112,138,184,137,167,130,23,131,39,136,128,171
79,16,34,130,123,131,189,130,17,132,36,132,127,132,205,132,0,0,109,141,106,138,105,137,158,130,40,131,44,136,144,171
80,16,17,130,126,131,218,130,14,132,47,132,107,132,189,132,0,0,100,141,113,138,104,137,127,130,58,131,26,136,156,171
81,16,255,129,148,131,241,130,7,132,50,132,130,132,213,132,0,0,76,141,140,138,120,137,125,130,57,131,20,136,125,171
82,16,13,130,133,131,206,130,9,132,45,132,151,132,210,132,0,0,68,141,121,138,118,137,136,130,31,131,20,136,116,171
83,16,19,130,85,131,178,130,15,132,47,132,133,132,207,132,0,0,88,141,94,138,113,137,137,130,10,131,16,136,138,171
84,16,252,129,90,131,210,130,43,132,43,132,145,132,221,132,0,0,97,141,117,138,108,137,142,130,29,131,26,136,140,171
85,16,7,130,129,131,221,130,51,132,47,132,162,132,206,132,0,0,85,141,125,138,143,137,157,130,46,131,37,136,124,171
86,16,29,130,120,131,184,130,15,132,62,132,131,132,206,132,0,0,85,141,124,138,191,137,159,130,28,131,43,136,135,171
87,16,16,130,105,131,182,130,19,132,33,132,124,132,231,132,0,0,84,141,126,138,195,137,150,130,12,131,44,136,140,171
88,16,6,130,121,131,199,130,60,132,31,132,140,132,213,132,0,0,78,141,109,138,165,137,134,130,16,131,29,136,124,171
89,16,12,130,138,131,191,130,58,132,87,132,147,132,203,132,0,0,74,141,105,138,169,137,138,130,33,131,17,136,123,171
90,16,19,130,122,131,206,130,35,132,84,132,153,132,235,132,0,0,72,141,129,138,186,137,158,130,40,131,27,136,139,171
91,16,20,130,108,131,218,130,19,132,32,132,159,132,222,132,0,0,81,141,126,138,195,137,140,130,29,131,36,136,146,171
92,16,16,130,123,131,197,130,3,132,38,132,152,132,199,132,0,0,82,141,113,138,178,137,117,130,35,131,39,136,127,171
93,16,255,129,134,131,191,130,5,132,52,132,127,132,215,132,0,0,82,141,113,138,167,137,134,130,48,131,41,136,123,171
94,16,250,129,137,131,211,130,12,132,42,132,130,132,224,132,0,0,89,141,105,138,183,137,141,130,30,131,37,136,128,171
95,16,15,130,121,131,223,130,14,132,53,132,158,132,191,132,0,0,85,141,109,138,159,137,127,130,21,131,25,136,125,171
96,16,17,130,104,131,217,130,16,132,40,132,158,132,156,132,0,0,87,141,118,138,101,137,143,130,41,131,22,136,123,171
97,16,254,129,109,131,209,130,12,132,14,132,131,132,175,132,0,0,82,141,115,138,94,137,155,130,34,131,12,136,128,171
98,16,4,130,125,131,201,130,4,132,33,132,127,132,212,132,0,0,75,141,113,138,123,137,146,130,20,131,7,136,142,171
99,16,21,130,143,131,179,130,250,131,49,132,147,132,212,132,0,0,107,141,111,138,101,137,149,130,33,131,20,136,136,171
100,16,29,130,150,131,199,130,3,132,39,132,143,132,217,132,0,0,115,141,114,138,77,137,156,130,32,131,17,136,122,171
101,16,14,130,123,131,215,130,18,132,29,132,133,132,238,132,0,0,71,141,124,138,160,137,155,130,19,131,17,136,113,171
102,16,6,130,105,131,203,130,34,132,22,132,140,132,212,132,0,0,76,141,118,138,206,137,157,130,23,131,37,136,126,171
103,16,27,130,131,131,221,130,45,132,42,132,139,132,193,132,0,0,108,141,109,138,148,137,156,130,28,131,34,136,146,171
104,16,22,130,127,131,215,130,15,132,61,132,137,132,226,132,0,0,81,141,128,138,141,137,144,130,31,131,23,136,139,171
105,16,16,130,88,131,192,130,253,131,35,132,155,132,234,132,0,0,46,141,135,138,169,137,136,130,37,131,39,136,126,171
106,16,18,130,90,131,207,130,29,132,28,132,152,132,206,132,0,0,58,141,116,138,154,137,129,130,28,131,43,136,128,171
107,16,0,130,120,131,229,130,42,132,61,132,127,132,197,132,0,0,76,141,116,138,138,137,130,130,32,131,19,136,136,171
108,16,9,130,116,131,228,130,10,132,67,132,132,132,199,132,0,0,82,141,122,138,152,137,151,130,55,131,7,136,129,171
109,16,30,130,92,131,218,130,242,131,49,132,144,132,197,132,0,0,90,141,106,138,177,137,160,130,51,131,28,136,123,171
110,16,22,130,115,131,224,130,252,131,48,132,130,132,196,132,0,0,85,141,104,138,189,137,151,130,37,131,31,136,128,171
111,16,10,130,132,131,237,130,11,132,46,132,133,132,211,132,0,0,84,141,121,138,142,137,152,130,25,131,16,136,137,171
112,16,3,130,94,131,226,130,27,132,39,132,136,132,213,132,0,0,92,141,114,138,79,137,155,130,20,131,25,136,142,171
113,16,253,129,90,131,185,130,38,132,37,132,117,132,169,132,0,0,89,141,111,138,101,137,143,130,31,131,36,136,141,171
114,16,1,130,139,131,175,130,20,132,40,132,126,132,135,132,0,0,85,141,140,138,147,137,140,130,35,131,27,136,137,171
115,16,11,130,149,131,193,130,18,132,56,132,145,132,179,132,0,0,72,141,130,138,183,137,150,130,41,131,30,136,133,171
116,16,12,130,116,131,189,130,25,132,55,132,141,132,219,132,0,0,84,141,90,138,191,137,147,130,50,131,43,136,124,171
117,16,10,130,97,131,183,130,6,132,27,132,142,132,184,132,0,0,122,141,104,138,169,137,148,130,28,131,39,136,120,171
118,16,21,130,119,131,204,130,3,132,30,132,152,132,182,132,0,0,106,141,128,138,177,137,149,130,8,131,43,136,146,171
119,16,33,130,143,131,207,130,10,132,32,132,146,132,223,132,0,0,74,141,106,138,195,137,141,130,26,131,33,136,157,171
120,16,25,130,124,131,211,130,245,131,22,132,124,132,210,132,0,0,100,141,96,138,156,137,134,130,33,131,14,136,129,171
121,16,13,130,115,131,247,130,255,131,31,132,125,132,187,132,0,0,96,141,115,138,142,137,126,130,16,131,40,136,135,171
122,16,14,130,141,131,229,130,40,132,31,132,135,132,204,132,0,0,74,141,123,138,176,137,123,130,27,131,34,136,143,171
123,16,25,130,134,131,195,130,16,132,20,132,116,132,218,132,0,0,103,141,119,138,150,137,133,130,53,131,8,136,122,171
124,16,19,130,88,131,206,130,233,131,36,132,105,132,216,132,0,0,108,141,124,138,88,137,142,130,50,131,25,136,122,171
125,16,15,130,86,131,212,130,253,131,51,132,130,132,211,132,0,0,72,141,124,138,105,137,148,130,19,131,35,136,133,171
126,16,26,130,120,131,216,130,21,132,28,132,128,132,213,132,0,0,69,141,121,138,137,137,158,130,15,131,24,136,132,171
127,16,13,130,128,131,202,130,12,132,24,132,106,132,218,132,77,0,96,141,124,138,121,137,152,130,32,131,44,136,144,171
0,16,0,130,121,131,188,130,5,132,39,132,101,132,208,132,0,0,87,141,113,138,109,137,139,130,37,131,50,136,149,171
1,16,14,130,113,131,214,130,10,132,31,132,105,132,195,132,0,0,69,141,117,138,126,137,138,130,34,131,14,136,130,171
2,16,18,130,111,131,240,130,5,132,33,132,121,132,197,132,0,0,86,141,131,138,155,137,136,130,16,131,14,136,132,171
3,16,18,130,107,131,241,130,253,131,40,132,143,132,197,132,0,0,94,141,112,138,180,137,131,130,10,131,37,136,150,171
4,16,18,130,93,131,213,130,0,132,18,132,139,132,187,132,0,0,78,141,114,138,186,137,135,130,30,131,24,136,132,171
5,16,22,130,85,131,200,130,4,132,6,132,103,132,173,132,0,0,72,141,137,138,159,137,149,130,33,131,35,136,123,171
6,16,28,130,104,131,215,130,6,132,43,132,94,132,190,132,0,0,91,141,127,138,132,137,143,130,41,131,63,136,139,171
7,16,19,130,115,131,211,130,10,132,49,132,125,132,225,132,0,0,96,141,113,138,152,137,138,130,46,131,52,136,130,171
8,16,19,130,112,131,210,130,18,132,22,132,129,132,211,132,0,0,66,141,128,138,190,137,145,130,43,131,33,136,127,171
9,16,27,130,133,131,226,130,14,132,40,132,117,132,185,132,0,0,50,141,123,138,179,137,148,130,40,131,34,136,151,171
10,16,26,130,147,131,249,130,20,132,61,132,117,132,194,132,0,0,75,141,97,138,123,137,146,130,35,131,32,136,140,171
11,16,26,130,151,131,248,130,12,132,41,132,112,132,214,132,0,0,100,141,113,138,99,137,147,130,23,131,33,136,124,171
12,16,24,130,140,131,225,130,254,131,28,132,125,132,216,132,0,0,93,141,139,138,112,137,147,130,29,131,28,136,155,171
13,16,28,130,122,131,223,130,25,132,30,132,137,132,199,132,0,0,78,141,119,138,134,137,144,130,45,131,13,136,169,171
14,16,32,130,124,131,243,130,38,132,35,132,117,132,197,132,0,0,84,141,102,138,129,137,138,130,30,131,29,136,134,171
15,16,28,130,138,131,255,130,14,132,37,132,109,132,212,132,0,0,81,141,127,138,89,137,134,130,32,131,55,136,121,171
16,16,44,130,146,131,239,130,5,132,26,132,124,132,216,132,0,0,63,141,137,138,109,137,139,130,43,131,36,136,134,171
17,16,52,130,138,131,220,130,8,132,35,132,139,132,206,132,0,0,76,141,113,138,176,137,144,130,27,131,15,136,144,171
18,16,27,130,142,131,232,130,253,131,53,132,151,132,209,132,0,0,96,141,119,138,153,137,136,130,25,131,24,136,147,171
19,16,7,130,154,131,237,130,255,131,40,132,153,132,210,132,0,0,93,141,132,138,100,137,130,130,36,131,14,136,150,171
20,16,16,130,148,131,210,130,27,132,31,132,146,132,200,132,0,0,94,141,121,138,112,137,138,130,34,131,13,136,147,171
21,16,25,130,123,131,215,130,33,132,45,132,142,132,194,132,0,0,99,141,121,138,119,137,141,130,25,131,53,136,126,171
22,16,11,130,96,131,236,130,13,132,34,132,127,132,203,132,0,0,82,141,131,138,153,137,132,130,34,131,51,136,118,171
23,16,8,130,114,131,231,130,5,132,14,132,114,132,200,132,0,0,79,141,118,138,191,137,134,130,39,131,23,136,146,171
24,16,21,130,147,131,224,130,7,132,29,132,119,132,161,132,0,0,103,141,102,138,166,137,139,130,26,131,39,136,162,171
25,16,29,130,143,131,217,130,254,131,56,132,124,132,158,132,0,0,99,141,109,138,141,137,130,130,14,131,40,136,144,171
26,16,26,130,137,131,222,130,10,132,49,132,126,132,196,132,0,0,80,141,113,138,143,137,128,130,16,131,23,136,134,171
27,16,33,130,139,131,204,130,11,132,15,132,137,132,213,132,0,0,86,141,113,138,134,137,150,130,29,131,25,136,133,171
28,16,36,130,137,131,179,130,243,131,34,132,137,132,215,132,0,0,80,141,114,138,124,137,159,130,28,131,37,136,137,171
29,16,13,130,148,131,215,130,253,131,84,132,127,132,213,132,0,0,58,141,106,138,125,137,139,130,14,131,38,136,150,171
30,16,5,130,153,131,9,131,21,132,72,132,129,132,195,132,0,0,70,141,113,138,149,137,131,130,17,131,26,136,142,171
31,16,24,130,122,131,2,131,16,132,26,132,133,132,196,132,0,0,93,141,132,138,199,137,146,130,37,131,7,136,129,171
32,16,24,130,114,131,220,130,9,132,36,132,127,132,223,132,0,0,93,141,144,138,203,137,149,130,38,131,6,136,129,171
33,16,1,130,145,131,210,130,26,132,59,132,128,132,212,132,0,0,72,141,129,138,177,137,145,130,32,131,27,136,124,171
34,16,1,130,164,131,237,130,33,132,41,132,143,132,199,132,0,0,72,141,93,138,188,137,145,130,45,131,39,136,116,171
35,16,14,130,148,131,225,130,29,132,33,132,153,132,217,132,0,0,116,141,82,138,177,137,136,130,38,131,26,136,115,171
36,16,22,130,130,131,201,130,29,132,53,132,143,132,207,132,0,0,118,141,111,138,176,137,136,130,26,131,4,136,124,171
37,16,14,130,133,131,211,130,37,132,68,132,135,132,186,132,0,0,77,141,126,138,185,137,138,130,25,131,12,136,135,171
38,16,12,130,131,131,226,130,41,132,52,132,147,132,199,132,0,0,85,141,114,138,137,137,124,130,20,131,22,136,125,171
39,16,34,130,133,131,222,130,22,132,38,132,155,132,214,132,0,0,97,141,120,138,112,137,127,130,26,131,9,136,112,171
40,16,35,130,144,131,204,130,1,132,47,132,133,132,210,132,0,0,77,141,131,138,173,137,146,130,32,131,16,136,123,171
41,16,25,130,132,131,188,130,14,132,42,132,124,132,198,132,0,0,84,141,124,138,197,137,148,130,35,131,34,136,137,171
42,16,23,130,116,131,186,130,42,132,41,132,150,132,204,132,0,0,98,141,132,138,119,137,147,130,39,131,34,136,137,171
43,16,1,130,120,131,204,130,28,132,50,132,155,132,218,132,0,0,89,141,139,138,68,137,142,130,40,131,29,136,138,171
44,16,3,130,129,131,208,130,6,132,48,132,134,132,221,132,0,0,81,141,113,138,99,137,140,130,35,131,28,136,151,171
45,16,35,130,146,131,205,130,6,132,41,132,138,132,212,132,0,0,76,141,100,138,151,137,151,130,26,131,27,136,151,171
46,16,38,130,146,131,222,130,16,132,45,132,130,132,196,132,0,0,82,141,116,138,181,137,159,130,37,131,35,136,138,171
47,16,37,130,122,131,223,130,18,132,34,132,101,132,190,132,0,0,97,141,120,138,180,137,148,130,49,131,31,136,137,171
48,16,43,130,125,131,202,130,8,132,23,132,118,132,204,132,0,0,95,141,105,138,181,137,143,130,40,131,13,136,145,171
49,16,25,130,157,131,218,130,8,132,35,132,147,132,216,132,0,0,84,141,107,138,183,137,152,130,23,131,18,136,136,171
50,16,2,130,142,131,240,130,8,132,46,132,149,132,205,132,0,0,94,141,128,138,184,137,155,130,26,131,21,136,124,171
51,16,6,130,126,131,214,130,7,132,52,132,140,132,200,132,0,0,91,141,127,138,194,137,150,130,31,131,15,136,141,171
52,16,26,130,162,131,201,130,15,132,39,132,134,132,210,132,0,0,65,141,113,138,165,137,141,130,20,131,13,136,159,171
53,16,16,130,167,131,211,130,21,132,24,132,132,132,208,132,0,0,82,141,108,138,91,137,130,130,26,131,5,136,141,171
54,16,1,130,134,131,220,130,29,132,59,132,135,132,205,132,0,0,125,141,111,138,88,137,135,130,39,131,11,136,125,171
55,16,12,130,108,131,213,130,22,132,87,132,145,132,208,132,0,0,115,141,129,138,176,137,158,130,37,131,34,136,144,171
56,16,21,130,104,131,202,130,8,132,49,132,136,132,214,132,0,0,76,141,130,138,168,137,167,130,32,131,44,136,151,171
57,16,21,130,126,131,225,130,1,132,26,132,111,132,206,132,0,0,91,141,106,138,109,137,145,130,21,131,48,136,135,171
58,16,13,130,140,131,229,130,0,132,58,132,102,132,197,132,0,0,117,141,106,138,147,137,132,130,19,131,53,136,121,171
59,16,19,130,123,131,215,130,2,132,58,132,112,132,210,132,0,0,94,141,128,138,159,137,145,130,43,131,28,136,131,171
60,16,30,130,126,131,200,130,12,132,18,132,130,132,214,132,0,0,79,141,129,138,141,137,147,130,51,131,8,136,145,171
61,16,22,130,160,131,185,130,30,132,17,132,138,132,195,132,0,0,76,141,124,138,173,137,134,130,37,131,32,136,137,171
62,16,8,130,158,131,198,130,33,132,42,132,138,132,200,132,0,0,64,141,128,138,179,137,144,130,41,131,47,136,126,171
63,16,3,130,143,131,211,130,13,132,49,132,147,132,220,132,0,0,81,141,117,138,157,137,151,130,40,131,38,136,126,171
64,16,13,130,145,131,210,130,7,132,42,132,140,132,226,132,0,0,96,141,118,138,151,137,146,130,19,131,41,136,130,171
65,16,15,130,144,131,211,130,10,132,35,132,117,132,221,132,0,0,84,141,138,138,144,137,147,130,11,131,50,136,129,171
66,16,8,130,142,131,207,130,255,131,28,132,137,132,204,132,0,0,87,141,124,138,149,137,152,130,20,131,31,136,137,171
67,16,24,130,152,131,214,130,7,132,37,132,153,132,191,132,0,0,92,141,96,138,150,137,155,130,18,131,8,136,134,171
68,16,17,130,155,131,210,130,21,132,54,132,117,132,203,132,0,0,102,141,115,138,125,137,158,130,22,131,22,136,113,171
69,16,253,129,150,131,207,130,11,132,51,132,96,132,216,132,0,0,111,141,130,138,146,137,152,130,47,131,34,136,123,171
70,16,14,130,148,131,235,130,245,131,45,132,115,132,196,132,0,0,96,141,118,138,202,137,132,130,49,131,20,136,141,171
71,16,28,130,152,131,235,130,252,131,62,132,121,132,176,132,0,0,79,141,123,138,165,137,134,130,33,131,12,136,134,171
72,16,7,130,157,131,201,130,21,132,63,132,110,132,198,132,0,0,73,141,122,138,114,137,147,130,45,131,33,136,135,171
73,16,1,130,139,131,200,130,255,131,15,132,116,132,223,132,0,0,85,141,126,138,141,137,145,130,39,131,39,136,141,171
74,16,28,130,115,131,228,130,233,131,20,132,122,132,202,132,0,0,94,141,141,138,141,137,153,130,14,131,25,136,132,171
75,16,29,130,122,131,232,130,9,132,84,132,124,132,193,132,0,0,87,141,120,138,100,137,165,130,26,131,35,136,136,171
76,16,17,130,134,131,208,130,32,132,83,132,138,132,231,132,0,0,96,141,106,138,139,137,162,130,45,131,45,136,150,171
77,16,26,130,135,131,217,130,27,132,27,132,135,132,231,132,0,0,101,141,125,138,166,137,160,130,34,131,40,136,145,171
78,16,20,130,132,131,233,130,26,132,16,132,111,132,205,132,0,0,81,141,122,138,114,137,143,130,22,131,46,136,134,171
79,16,22,130,122,131,220,130,23,132,36,132,120,132,229,132,0,0,85,141,120,138,144,137,122,130,23,131,61,136,127,171
80,16,48,130,124,131,225,130,18,132,35,132,156,132,222,132,0,0,96,141,130,138,191,137,138,130,23,131,45,136,124,171
81,16,35,130,126,131,242,130,18,132,39,132,146,132,169,132,0,0,73,141,109,138,144,137,140,130,19,131,13,136,133,171
82,16,12,130,117,131,241,130,12,132,33,132,100,132,170,132,0,0,69,141,94,138,166,137,112,130,21,131,29,136,148,171
83,16,21,130,121,131,232,130,19,132,27,132,109,132,217,132,0,0,91,141,106,138,216,137,112,130,31,131,44,136,146,171
84,16,24,130,137,131,222,130,51,132,39,132,140,132,232,132,0,0,84,141,110,138,179,137,134,130,35,131,21,136,127,171
85,16,24,130,129,131,221,130,50,132,37,132,128,132,223,132,0,0,80,141,107,138,161,137,144,130,29,131,19,136,114,171
86,16,30,130,95,131,221,130,23,132,37,132,124,132,228,132,0,0,103,141,106,138,190,137,138,130,31,131,23,136,124,171
87,16,25,130,96,131,209,130,25,132,41,132,122,132,222,132,0,0,92,141,116,138,174,137,116,130,41,131,4,136,142,171
88,16,19,130,141,131,196,130,30,132,31,132,104,132,208,132,0,0,92,141,132,138,162,137,117,130,43,131,12,136,142,171
89,16,17,130,152,131,208,130,6,132,26,132,124,132,199,132,0,0,125,141,130,138,169,137,147,130,34,131,25,136,125,171
90,16,37,130,123,131,235,130,2,132,42,132,146,132,202,132,0,0,98,141,103,138,167,137,147,130,22,131,11,136,130,171
91,16,52,130,123,131,232,130,17,132,44,132,129,132,212,132,0,0,70,141,99,138,162,137,127,130,13,131,7,136,145,171
92,16,30,130,138,131,210,130,12,132,26,132,133,132,204,132,0,0,102,141,108,138,172,137,140,130,27,131,25,136,132,171
93,16,22,130,137,131,196,130,8,132,22,132,140,132,205,132,0,0,109,141,109,138,173,137,156,130,54,131,28,136,128,171
94,16,19,130,137,131,196,130,6,132,37,132,109,132,229,132,0,0,78,141,117,138,172,137,149,130,39,131,25,136,133,171
95,16,4,130,132,131,230,130,7,132,42,132,109,132,247,132,0,0,71,141,126,138,168,137,149,130,9,131,33,136,129,171
96,16,4,130,123,131,226,130,21,132,34,132,144,132,234,132,0,0,82,141,121,138,126,137,165,130,29,131,31,136,131,171
97,16,8,130,135,131,187,130,21,132,33,132,155,132,217,132,0,0,88,141,114,138,92,137,168,130,56,131,18,136,127,171
98,16,5,130,145,131,217,130,13,132,48,132,140,132,225,132,0,0,89,141,117,138,123,137,155,130,34,131,17,136,110,171
99,16,10,130,144,131,242,130,4,132,56,132,140,132,224,132,0,0,89,141,108,138,164,137,156,130,29,131,28,136,126,171
100,16,16,130,161,131,210,130,7,132,45,132,150,132,206,132,0,0,89,141,101,138,185,137,159,130,50,131,31,136,140,171
101,16,12,130,152,131,188,130,25,132,42,132,148,132,205,132,0,0,86,141,118,138,194,137,147,130,41,131,20,136,119,171
102,16,20,130,116,131,200,130,23,132,52,132,152,132,218,132,0,0,83,141,119,138,185,137,146,130,33,131,10,136,116,171
103,16,30,130,137,131,229,130,13,132,49,132,145,132,216,132,0,0,88,141,105,138,149,137,151,130,41,131,16,136,137,171
104,16,8,130,161,131,223,130,24,132,45,132,126,132,212,132,0,0,103,141,123,138,107,137,158,130,34,131,18,136,137,171
105,16,9,130,121,131,208,130,21,132,47,132,132,132,209,132,0,0,107,141,141,138,106,137,157,130,34,131,17,136,124,171
106,16,30,130,108,131,201,130,0,132,41,132,154,132,200,132,0,0,93,141,119,138,124,137,136,130,40,131,28,136,126,171
107,16,17,130,164,131,184,130,14,132,43,132,147,132,210,132,0,0,72,141,107,138,114,137,137,130,25,131,16,136,136,171
108,16,8,130,172,131,204,130,41,132,62,132,134,132,226,132,0,0,82,141,116,138,97,137,156,130,13,131,5,136,131,171
109,16,14,130,125,131,222,130,28,132,56,132,147,132,218,132,0,0,101,141,111,138,123,137,143,130,24,131,30,136,125,171
110,16,10,130,140,131,206,130,31,132,39,132,167,132,199,132,0,0,75,141,107,138,166,137,139,130,46,131,25,136,132,171
111,16,25,130,161,131,215,130,45,132,42,132,163,132,190,132,0,0,62,141,120,138,208,137,177,130,56,131,255,135,133,171
112,16,33,130,113,131,229,130,21,132,34,132,151,132,198,132,0,0,93,141,112,138,189,137,174,130,31,131,20,136,142,171
113,16,24,130,87,131,225,130,16,132,26,132,154,132,216,132,0,0,81,141,107,138,116,137,144,130,13,131,42,136,157,171
114,16,6,130,117,131,222,130,49,132,34,132,155,132,202,132,0,0,53,141,118,138,124,137,146,130,28,131,27,136,136,171
115,16,250,129,139,131,216,130,58,132,42,132,144,132,193,132,0,0,79,141,115,138,145,137,146,130,34,131,32,136,111,171
116,16,253,129,133,131,209,130,37,132,39,132,138,132,213,132,0,0,95,141,113,138,117,137,136,130,23,131,43,136,127,171
117,16,250,129,122,131,212,130,25,132,35,132,145,132,206,132,0,0,85,141,132,138,148,137,144,130,15,131,38,136,143,171
118,16,247,129,129,131,219,130,17,132,41,132,139,132,183,132,0,0,91,141,133,138,167,137,161,130,23,131,37,136,140,171
119,16,21,130,155,131,219,130,4,132,46,132,129,132,192,132,0,0,97,141,111,138,100,137,161,130,34,131,39,136,134,171
120,16,38,130,145,131,216,130,7,132,34,132,134,132,204,132,0,0,87,141,109,138,115,137,142,130,29,131,44,136,136,171
121,16,14,130,128,131,223,130,5,132,26,132,142,132,193,132,0,0,68,141,121,138,209,137,133,130,18,131,45,136,151,171
122,16,0,130,148,131,227,130,12,132,41,132,145,132,204,132,0,0,78,141,132,138,197,137,139,130,24,131,16,136,143,171
123,16,17,130,156,131,212,130,44,132,48,132,138,132,218,132,0,0,92,141,117,138,156,137,135,130,33,131,18,136,108,171
124,16,18,130,140,131,202,130,47,132,46,132,139,132,223,132,0,0,93,141,104,138,185,137,136,130,24,131,44,136,118,171
125,16,16,130,126,131,203,130,14,132,55,132,152,132,218,132,0,0,112,141,131,138,184,137,152,130,31,131,10,136,140,171
126,16,30,130,122,131,209,130,5,132,48,132,140,132,200,132,0,0,116,141,136,138,139,137,148,130,50,131,246,135,123,171
127,16,13,130,125,131,211,130,15,132,44,132,146,132,199,132,77,0,83,141,106,138,157,137,139,130,41,131,32,136,112,171
0,16,1,130,124,131,220,130,4,132,49,132,178,132,213,132,0,0,68,141,101,138,191,137,137,130,20,131,36,136,125,171
1,16,14,130,128,131,221,130,252,131,33,132,154,132,220,132,0,0,100,141,120,138,130,137,134,130,23,131,13,136,130,171
2,16,9,130,152,131,207,130,24,132,29,132,118,132,199,132,0,0,117,141,117,138,70,137,141,130,35,131,25,136,120,171
3,16,9,130,160,131,224,130,46,132,43,132,138,132,181,132,0,0,95,141,103,138,87,137,156,130,36,131,22,136,119,171
4,16,21,130,143,131,220,130,34,132,25,132,149,132,189,132,0,0,95,141,114,138,126,137,137,130,38,131,16,136,121,171
5,16,26,130,148,131,177,130,42,132,9,132,131,132,203,132,0,0,113,141,115,138,163,137,127,130,29,131,36,136,123,171
6,16,19,130,145,131,182,130,58,132,41,132,124,132,201,132,0,0,101,141,104,138,198,137,147,130,16,131,28,136,124,171
7,16,5,130,115,131,222,130,23,132,52,132,122,132,186,132,0,0,77,141,122,138,171,137,149,130,14,131,15,136,112,171
8,16,17,130,128,131,233,130,250,131,33,132,120,132,194,132,0,0,83,141,135,138,121,137,150,130,16,131,32,136,118,171
9,16,37,130,149,131,213,130,6,132,48,132,148,132,216,132,0,0,93,141,105,138,121,137,155,130,28,131,24,136,134,171
10,16,30,130,143,131,225,130,14,132,64,132,156,132,227,132,0,0,76,141,97,138,177,137,143,130,38,131,14,136,142,171
11,16,33,130,145,131,233,130,30,132,56,132,130,132,223,132,0,0,67,141,123,138,208,137,149,130,36,131,45,136,146,171
12,16,41,130,147,131,204,130,42,132,53,132,135,132,222,132,0,0,99,141,126,138,180,137,160,130,31,131,43,136,137,171
13,16,35,130,140,131,208,130,36,132,51,132,134,132,207,132,0,0,112,141,114,138,169,137,157,130,36,131,28,136,119,171
14,16,20,130,130,131,238,130,22,132,45,132,118,132,200,132,0,0,89,141,121,138,188,137,132,130,44,131,48,136,122,171
15,16,28,130,118,131,232,130,251,131,39,132,134,132,217,132,0,0,74,141,124,138,187,137,97,130,50,131,35,136,130,171
16,16,42,130,126,131,209,130,8,132,48,132,157,132,216,132,0,0,98,141,118,138,158,137,103,130,49,131,23,136,124,171
17,16,19,130,140,131,191,130,35,132,54,132,172,132,213,132,0,0,127,141,124,138,102,137,135,130,31,131,46,136,128,171
18,16,8,130,133,131,201,130,26,132,39,132,169,132,220,132,0,0,112,141,119,138,97,137,139,130,28,131,54,136,143,171
19,16,32,130,120,131,243,130,18,132,31,132,139,132,218,132,0,0,84,141,113,138,177,137,125,130,41,131,36,136,147,171
20,16,23,130,129,131,246,130,39,132,45,132,120,132,206,132,0,0,91,141,124,138,186,137,145,130,34,131,29,136,142,171
21,16,4,130,147,131,203,130,53,132,48,132,140,132,209,132,0,0,97,141,122,138,141,137,173,130,24,131,26,136,149,171
22,16,13,130,150,131,175,130,37,132,45,132,143,132,216,132,0,0,90,141,106,138,154,137,154,130,25,131,27,136,142,171
23,16,7,130,121,131,188,130,20,132,65,132,125,132,210,132,0,0,98,141,115,138,152,137,123,130,23,131,30,136,123,171
24,16,247,129,105,131,218,130,15,132,40,132,138,132,207,132,0,0,96,141,129,138,157,137,129,130,23,131,22,136,130,171
25,16,8,130,123,131,217,130,10,132,15,132,149,132,210,132,0,0,79,141,119,138,175,137,157,130,29,131,17,136,134,171
26,16,15,130,147,131,205,130,11,132,61,132,136,132,217,132,0,0,74,141,116,138,146,137,154,130,40,131,20,136,118,171
27,16,254,129,142,131,201,130,30,132,77,132,144,132,208,132,0,0,80,141,125,138,149,137,140,130,39,131,32,136,123,171
28,16,19,130,126,131,197,130,54,132,44,132,153,132,196,132,0,0,92,141,132,138,194,137,139,130,34,131,43,136,145,171
29,16,57,130,124,131,200,130,39,132,34,132,135,132,218,132,0,0,86,141,123,138,163,137,129,130,30,131,34,136,133,171
30,16,38,130,132,131,202,130,13,132,36,132,122,132,232,132,0,0,90,141,113,138,144,137,136,130,28,131,17,136,120,171
31,16,11,130,138,131,214,130,9,132,25,132,136,132,207,132,0,0,103,141,121,138,201,137,154,130,39,131,19,136,138,171
32,16,25,130,130,131,226,130,13,132,44,132,143,132,203,132,0,0,89,141,123,138,190,137,151,130,39,131,28,136,144,171
33,16,22,130,130,131,216,130,1,132,57,132,144,132,224,132,0,0,66,141,117,138,146,137,144,130,30,131,32,136,129,171
34,16,6,130,157,131,197,130,12,132,32,132,146,132,213,132,0,0,63,141,119,138,132,137,150,130,38,131,29,136,120,171
35,16,19,130,158,131,164,130,45,132,32,132,140,132,208,132,0,0,82,141,121,138,114,137,139,130,47,131,17,136,125,171
36,16,30,130,136,131,167,130,32,132,48,132,146,132,198,132,0,0,93,141,120,138,100,137,134,130,30,131,23,136,129,171
37,16,1,130,147,131,217,130,1,132,62,132,151,132,172,132,0,0,93,141,133,138,117,137,145,130,19,131,38,136,138,171
38,16,8,130,149,131,241,130,25,132,57,132,141,132,199,132,0,0,91,141,133,138,164,137,145,130,32,131,31,136,144,171
39,16,51,130,116,131,233,130,49,132,32,132,137,132,212,132,0,0,91,141,118,138,192,137,136,130,30,131,35,136,129,171
40,16,28,130,116,131,218,130,21,132,25,132,143,132,174,132,0,0,94,141,120,138,178,137,143,130,32,131,56,136,117,171
41,16,7,130,133,131,207,130,2,132,39,132,125,132,175,132,0,0,85,141,124,138,174,137,156,130,48,131,47,136,135,171
42,16,46,130,116,131,203,130,11,132,34,132,109,132,219,132,0,0,80,141,121,138,185,137,156,130,40,131,22,136,149,171
43,16,48,130,102,131,207,130,21,132,33,132,131,132,224,132,0,0,86,141,125,138,196,137,158,130,20,131,27,136,138,171
44,16,5,130,130,131,224,130,37,132,44,132,140,132,224,132,0,0,82,141,127,138,176,137,144,130,44,131,32,136,144,171
45,16,0,130,154,131,229,130,25,132,18,132,137,132,228,132,0,0,79,141,120,138,117,137,116,130,66,131,27,136,154,171
46,16,12,130,142,131,218,130,252,131,14,132,123,132,203,132,0,0,79,141,112,138,97,137,122,130,44,131,42,136,147,171
47,16,17,130,130,131,222,130,254,131,47,132,93,132,196,132,0,0,81,141,118,138,117,137,146,130,26,131,54,136,148,171
48,16,26,130,128,131,229,130,10,132,45,132,113,132,210,132,0,0,97,141,133,138,118,137,157,130,34,131,43,136,155,171
49,16,37,130,119,131,251,130,11,132,36,132,137,132,216,132,0,0,106,141,121,138,106,137,161,130,37,131,40,136,142,171
50,16,45,130,119,131,15,131,3,132,26,132,85,132,195,132,0,0,87,141,113,138,123,137,135,130,27,131,63,136,152,171
51,16,58,130,130,131,0,131,249,131,14,132,49,132,177,132,0,0,67,141,124,138,154,137,113,130,23,131,65,136,176,171
52,16,75,130,121,131,13,131,253,131,22,132,57,132,201,132,0,0,75,141,113,138,178,137,144,130,31,131,56,136,178,171
53,16,70,130,122,131,55,131,4,132,19,132,35,132,231,132,0,0,89,141,113,138,190,137,138,130,32,131,61,136,179,171
54,16,78,130,139,131,69,131,243,131,13,132,6,132,202,132,0,0,80,141,135,138,170,137,97,130,13,131,54,136,194,171
55,16,110,130,113,131,80,131,211,131,21,132,10,132,140,132,0,0,76,141,128,138,128,137,104,130,15,131,54,136,190,171
56,16,117,130,91,131,130,131,209,131,21,132,251,131,149,132,0,0,63,141,115,138,87,137,113,130,39,131,69,136,197,171
57,16,130,130,128,131,181,131,229,131,24,132,234,131,209,132,0,0,30,141,129,138,108,137,106,130,31,131,58,136,227,171
58,16,158,130,150,131,163,131,236,131,31,132,253,131,222,132,0,0,19,141,128,138,173,137,109,130,5,131,35,136,213,171
59,16,168,130,151,131,155,131,243,131,3,132,3,132,185,132,0,0,31,141,111,138,185,137,114,130,14,131,70,136,196,171
60,16,166,130,152,131,199,131,0,132,242,131,238,131,188,132,0,0,15,141,107,138,180,137,128,130,40,131,108,136,224,171
61,16,164,130,128,131,216,131,9,132,16,132,235,131,221,132,0,0,247,140,110,138,179,137,141,130,43,131,80,136,237,171
62,16,177,130,136,131,225,131,16,132,23,132,254,131,222,132,0,0,11,141,97,138,144,137,131,130,54,131,64,136,242,171
63,16,179,130,175,131,242,131,2,132,13,132,21,132,219,132,0,0,20,141,88,138,121,137,128,130,58,131,96,136,4,172
64,16,166,130,173,131,248,131,245,131,15,132,16,132,208,132,0,0,4,141,110,138,143,137,147,130,39,131,114,136,0,172
65,16,187,130,153,131,250,131,1,132,18,132,252,131,201,132,0,0,5,141,101,138,129,137,152,130,45,131,96,136,227,171
66,16,202,130,153,131,227,131,2,132,19,132,10,132,219,132,0,0,254,140,72,138,94,137,117,130,57,131,64,136,231,171
67,16,191,130,156,131,188,131,246,131,19,132,15,132,218,132,0,0,0,141,84,138,113,137,94,130,40,131,56,136,236,171
68,16,169,130,153,131,160,131,252,131,14,132,255,131,200,132,0,0,35,141,96,138,115,137,119,130,24,131,72,136,215,171
69,16,159,130,160,131,150,131,4,132,18,132,34,132,221,132,0,0,39,141,91,138,102,137,140,130,42,131,76,136,192,171
70,16,143,130,160,131,138,131,3,132,22,132,49,132,241,132,0,0,251,140,88,138,102,137,125,130,52,131,65,136,196,171
71,16,96,130,166,131,96,131,3,132,37,132,24,132,220,132,0,0,3,141,91,138,104,137,129,130,42,131,62,136,192,171
72,16,51,130,186,131,49,131,15,132,42,132,76,132,214,132,0,0,50,141,96,138,166,137,156,130,54,131,60,136,153,171
73,16,20,130,182,131,17,131,32,132,36,132,164,132,219,132,0,0,58,141,112,138,209,137,156,130,68,131,40,136,129,171
74,16,9,130,160,131,235,130,70,132,36,132,170,132,207,132,0,0,32,141,114,138,144,137,156,130,65,131,25,136,138,171
75,16,6,130,157,131,195,130,101,132,46,132,177,132,201,132,0,0,11,141,101,138,85,137,170,130,58,131,29,136,127,171
76,16,240,129,169,131,165,130,122,132,79,132,246,132,210,132,0,0,24,141,85,138,115,137,175,130,69,131,12,136,101,171
77,16,233,129,191,131,155,130,191,132,103,132,45,133,218,132,0,0,5,141,38,138,130,137,201,130,110,131,226,135,93,171
78,16,242,129,210,131,160,130,246,132,113,132,93,133,231,132,0,0,217,140,9,138,102,137,235,130,144,131,201,135,61,171
79,16,220,129,198,131,149,130,235,132,143,132,153,133,252,132,0,0,217,140,0,138,100,137,239,130,146,131,201,135,11,171
80,16,197,129,191,131,129,130,237,132,169,132,174,133,243,132,0,0,226,140,243,137,104,137,213,130,124,131,188,135,251,170
81,16,208,129,213,131,110,130,241,132,148,132,164,133,0,133,0,0,245,140,250,137,98,137,190,130,97,131,172,135,253,170
82,16,200,129,210,131,68,130,216,132,134,132,165,133,35,133,0,0,25,141,10,138,109,137,170,130,76,131,168,135,254,170
83,16,175,129,191,131,13,130,229,132,157,132,199,133,18,133,0,0,41,141,16,138,115,137,155,130,85,131,151,135,249,170
84,16,146,129,194,131,229,129,7,133,151,132,245,133,4,133,0,0,45,141,25,138,104,137,172,130,125,131,132,135,226,170
85,16,103,129,190,131,191,129,250,132,145,132,0,134,26,133,0,0,71,141,28,138,115,137,198,130,118,131,143,135,193,170
86,16,54,129,164,131,127,129,225,132,155,132,0,134,42,133,0,0,109,141,31,138,126,137,188,130,62,131,139,135,165,170
87,16,29,129,163,131,59,129,230,132,152,132,29,134,32,133,0,0,150,141,68,138,116,137,174,130,37,131,94,135,135,170
88,16,22,129,181,131,28,129,238,132,154,132,41,134,13,133,0,0,181,141,104,138,118,137,187,130,58,131,61,135,125,170
89,16,237,128,185,131,243,128,241,132,177,132,48,134,11,133,0,0,183,141,119,138,121,137,193,130,81,131,58,135,121,170
90,16,181,128,187,131,187,128,16,133,181,132,125,134,23,133,0,0,174,141,116,138,118,137,203,130,96,131,57,135,91,170
91,16,145,128,184,131,114,128,56,133,213,132,210,134,34,133,0,0,189,141,97,138,114,137,240,130,78,131,49,135,61,170
92,16,117,128,151,131,28,128,47,133,245,132,214,134,44,133,0,0,241,141,108,138,118,137,240,130,28,131,34,135,43,170
93,16,61,128,110,131,224,127,244,132,202,132,197,134,68,133,0,0,54,142,141,138,121,137,179,130,20,131,14,135,26,170
94,16,251,127,86,131,132,127,216,132,197,132,206,134,78,133,0,0,95,142,150,138,108,137,136,130,15,131,243,134,2,170
95,16,217,127,67,131,11,127,214,132,245,132,198,134,58,133,0,0,117,142,166,138,126,137,142,130,229,130,213,134,233,169
96,16,160,127,42,131,190,126,171,132,222,132,167,134,45,133,0,0,163,142,220,138,184,137,150,130,190,130,198,134,214,169
97,16,80,127,21,131,130,126,127,132,164,132,146,134,50,133,0,0,217,142,253,138,204,137,128,130,167,130,191,134,209,169
98,16,58,127,255,130,47,126,113,132,180,132,155,134,44,133,0,0,232,142,246,138,188,137,85,130,154,130,189,134,205,169
99,16,58,127,219,130,235,125,70,132,196,132,157,134,30,133,0,0,8,143,252,138,201,137,62,130,124,130,188,134,198,169
100,16,18,127,184,130,217,125,228,131,159,132,62,134,25,133,0,0,58,143,71,139,211,137,56,130,61,130,181,134,224,169
101,16,33,127,168,130,251,125,119,131,139,132,147,133,8,133,0,0,59,143,131,139,195,137,36,130,10,130,210,134,8,170
102,16,155,127,169,130,127,126,49,131,112,132,9,133,223,132,0,0,27,143,120,139,200,137,253,129,3,130,45,135,75,170
103,16,37,128,167,130,102,127,34,131,52,132,155,132,179,132,0,0,252,142,89,139,216,137,226,129,11,130,124,135,189,170
104,16,157,128,170,130,83,128,40,131,9,132,40,132,157,132,0,0,170,142,67,139,212,137,235,129,25,130,154,135,6,171
105,16,34,129,189,130,31,129,55,131,1,132,178,131,160,132,0,0,47,142,29,139,199,137,17,130,58,130,205,135,47,171
106,16,147,129,210,130,217,129,96,131,253,131,106,131,156,132,0,0,214,141,242,138,197,137,41,130,72,130,23,136,137,171
107,16,234,129,219,130,112,130,118,131,3,132,101,131,126,132,0,0,170,141,246,138,207,137,53,130,106,130,67,136,217,171
108,16,67,130,250,130,15,131,147,131,9,132,97,131,102,132,0,0,112,141,234,138,201,137,97,130,164,130,114,136,234,171
109,16,137,130,51,131,178,131,225,131,251,131,80,131,112,132,0,0,39,141,169,138,187,137,159,130,209,130,152,136,252,171
110,16,202,130,90,131,32,132,54,132,4,132,99,131,141,132,0,0,228,140,116,138,192,137,197,130,15,131,141,136,24,172
111,16,7,131,130,131,70,132,112,132,34,132,163,131,156,132,0,0,176,140,82,138,206,137,218,130,76,131,133,136,255,171
112,16,226,130,159,131,54,132,165,132,39,132,248,131,162,132,0,0,176,140,74,138,200,137,0,131,106,131,148,136,218,171
113,16,144,130,147,131,12,132,211,132,37,132,59,132,163,132,0,0,202,140,67,138,185,137,35,131,118,131,128,136,204,171
114,16,131,130,136,131,197,131,208,132,92,132,97,132,163,132,0,0,216,140,45,138,187,137,23,131,130,131,75,136,168,171
115,16,125,130,145,131,131,131,209,132,118,132,137,132,163,132,0,0,231,140,51,138,191,137,7,131,136,131,41,136,129,171
116,16,77,130,141,131,77,131,218,132,74,132,166,132,161,132,0,0,2,141,87,138,188,137,10,131,125,131,35,136,124,171
117,16,37,130,127,131,19,131,174,132,85,132,168,132,152,132,0,0,36,141,103,138,193,137,12,131,93,131,36,136,131,171
118,16,28,130,135,131,4,131,142,132,109,132,174,132,181,132,0,0,51,141,94,138,190,137,253,130,61,131,24,136,113,171
119,16,26,130,153,131,241,130,168,132,80,132,173,132,215,132,0,0,71,141,103,138,173,137,223,130,69,131,1,136,86,171
120,16,8,130,142,131,195,130,170,132,99,132,178,132,172,132,0,0,95,141,107,138,179,137,219,130,88,131,15,136,75,171
121,16,254,129,123,131,201,130,153,132,122,132,193,132,155,132,0,0,75,141,104,138,198,137,219,130,78,131,21,136,99,171
122,16,247,129,122,131,212,130,171,132,76,132,188,132,223,132,0,0,61,141,104,138,192,137,193,130,53,131,10,136,121,171
123,16,4,130,135,131,214,130,174,132,53,132,184,132,216,132,0,0,78,141,97,138,178,137,203,130,58,131,29,136,103,171
124,16,46,130,120,131,10,131,161,132,82,132,174,132,147,132,0,0,78,141,107,138,184,137,228,130,73,131,41,136,87,171
125,16,80,130,117,131,50,131,155,132,97,132,143,132,161,132,0,0,56,141,106,138,189,137,220,130,62,131,26,136,127,171
126,16,99,130,156,131,96,131,139,132,74,132,128,132,178,132,0,0,44,141,91,138,184,137,224,130,58,131,43,136,193,171
127,16,106,130,160,131,148,131,139,132,41,132,132,132,150,132,77,0,30,141,86,138,187,137,237,130,65,131,86,136,210,171
0,16,118,130,137,131,148,131,145,132,42,132,109,132,165,132,0,0,9,141,82,138,185,137,218,130,71,131,93,136,175,171
1,16,149,130,154,131,167,131,124,132,58,132,85,132,162,132,0,0,12,141,89,138,181,137,223,130,87,131,74,136,169,171
2,16,163,130,161,131,194,131,97,132,41,132,95,132,138,132,0,0,28,141,113,138,193,137,231,130,98,131,84,136,198,171
3,16,143,130,133,131,168,131,111,132,41,132,87,132,156,132,0,0,32,141,103,138,201,137,217,130,108,131,108,136,200,171
4,16,119,130,136,131,147,131,153,132,62,132,86,132,159,132,0,0,28,141,84,138,187,137,241,130,121,131,106,136,182,171
5,16,138,130,166,131,165,131,181,132,43,132,115,132,129,132,0,0,11,141,115,138,187,137,16,131,120,131,92,136,178,171
6,16,165,130,162,131,179,131,179,132,49,132,129,132,117,132,0,0,253,140,116,138,202,137,22,131,129,131,101,136,186,171
7,16,134,130,147,131,180,131,192,132,101,132,133,132,127,132,0,0,252,140,74,138,195,137,5,131,162,131,89,136,182,171
8,16,138,130,159,131,213,131,232,132,117,132,135,132,145,132,0,0,249,140,77,138,180,137,237,130,170,131,75,136,175,171
9,16,184,130,166,131,250,131,204,132,78,132,90,132,141,132,0,0,248,140,102,138,186,137,234,130,151,131,119,136,189,171
10,16,174,130,140,131,10,132,138,132,54,132,24,132,91,132,0,0,24,141,97,138,200,137,246,130,130,131,140,136,213,171
11,16,172,130,115,131,38,132,135,132,57,132,242,131,88,132,0,0,50,141,116,138,200,137,233,130,101,131,113,136,234,171
12,16,214,130,123,131,46,132,100,132,45,132,199,131,121,132,0,0,54,141,154,138,190,137,198,130,60,131,128,136,239,171
13,16,215,130,116,131,37,132,6,132,12,132,136,131,107,132,0,0,80,141,148,138,195,137,156,130,36,131,176,136,8,172
14,16,209,130,81,131,76,132,218,131,236,131,74,131,86,132,0,0,96,141,164,138,199,137,119,130,20,131,193,136,54,172
15,16,14,131,93,131,140,132,185,131,230,131,4,131,74,132,0,0,79,141,187,138,191,137,111,130,5,131,186,136,79,172
16,16,54,131,114,131,166,132,127,131,226,131,222,130,78,132,0,0,50,141,158,138,185,137,92,130,242,130,186,136,93,172
17,16,30,131,81,131,164,132,118,131,207,131,227,130,93,132,0,0,59,141,146,138,195,137,64,130,230,130,189,136,115,172
18,16,17,131,79,131,176,132,130,131,193,131,219,130,94,132,0,0,85,141,165,138,193,137,83,130,248,130,185,136,124,172
19,16,12,131,109,131,193,132,136,131,208,131,208,130,100,132,0,0,72,141,155,138,188,137,112,130,12,131,166,136,102,172
20,16,4,131,84,131,154,132,186,131,241,131,23,131,130,132,0,0,48,141,137,138,195,137,96,130,23,131,155,136,82,172
21,16,244,130,82,131,76,132,245,131,252,131,117,131,125,132,0,0,22,141,135,138,182,137,90,130,44,131,156,136,69,172
22,16,200,130,139,131,15,132,251,131,242,131,162,131,121,132,0,0,249,140,113,138,175,137,133,130,59,131,129,136,31,172
23,16,158,130,155,131,226,131,3,132,5,132,212,131,169,132,0,0,228,140,93,138,192,137,173,130,58,131,95,136,237,171
24,16,125,130,133,131,161,131,29,132,33,132,13,132,173,132,0,0,253,140,103,138,170,137,179,130,68,131,96,136,207,171
25,16,78,130,143,131,94,131,48,132,36,132,47,132,152,132,0,0,36,141,114,138,100,137,163,130,74,131,97,136,190,171
26,16,73,130,163,131,70,131,52,132,54,132,67,132,174,132,0,0,17,141,109,138,90,137,158,130,62,131,80,136,175,171
27,16,90,130,137,131,58,131,22,132,38,132,62,132,187,132,0,0,10,141,97,138,154,137,163,130,58,131,65,136,181,171
28,16,59,130,119,131,31,131,10,132,4,132,60,132,171,132,0,0,60,141,97,138,183,137,155,130,55,131,53,136,187,171
29,16,41,130,123,131,21,131,36,132,22,132,62,132,162,132,0,0,93,141,111,138,186,137,136,130,40,131,51,136,201,171
30,16,45,130,109,131,25,131,21,132,29,132,60,132,169,132,0,0,85,141,120,138,164,137,131,130,27,131,58,136,185,171
31,16,33,130,119,131,24,131,251,131,14,132,54,132,174,132,0,0,78,141,121,138,114,137,143,130,32,131,44,136,136,171
32,16,29,130,154,131,250,130,12,132,29,132,52,132,167,132,0,0,74,141,124,138,134,137,139,130,45,131,30,136,152,171
33,16,25,130,140,131,224,130,10,132,45,132,56,132,162,132,0,0,76,141,121,138,195,137,136,130,39,131,48,136,201,171
34,16,27,130,115,131,244,130,233,131,29,132,46,132,175,132,0,0,68,141,119,138,193,137,149,130,25,131,68,136,193,171
35,16,27,130,128,131,252,130,236,131,40,132,49,132,173,132,0,0,46,141,111,138,162,137,154,130,34,131,57,136,152,171
36,16,36,130,123,131,2,131,252,131,56,132,85,132,156,132,0,0,61,141,102,138,176,137,141,130,44,131,51,136,147,171
37,16,52,130,123,131,33,131,247,131,44,132,114,132,166,132,0,0,83,141,112,138,191,137,129,130,35,131,54,136,167,171
38,16,54,130,139,131,38,131,3,132,31,132,96,132,182,132,0,0,66,141,118,138,157,137,131,130,46,131,53,136,185,171
39,16,62,130,134,131,27,131,33,132,36,132,71,132,170,132,0,0,56,141,101,138,107,137,153,130,64,131,45,136,181,171
40,16,60,130,124,131,27,131,22,132,51,132,102,132,170,132,0,0,79,141,109,138,119,137,135,130,33,131,28,136,148,171
41,16,35,130,118,131,17,131,253,131,48,132,115,132,186,132,0,0,85,141,126,138,179,137,87,130,27,131,40,136,136,171
42,16,26,130,127,131,250,130,7,132,32,132,101,132,199,132,0,0,78,141,108,138,201,137,109,130,60,131,57,136,167,171
43,16,39,130,139,131,253,130,35,132,36,132,112,132,194,132,0,0,67,141,95,138,176,137,135,130,45,131,31,136,173,171
44,16,34,130,146,131,7,131,36,132,51,132,110,132,198,132,0,0,40,141,108,138,121,137,100,130,31,131,19,136,134,171
45,16,17,130,131,131,225,130,249,131,34,132,102,132,215,132,0,0,51,141,119,138,128,137,89,130,40,131,36,136,126,171
46,16,28,130,119,131,216,130,228,131,11,132,101,132,208,132,0,0,83,141,117,138,194,137,126,130,15,131,35,136,141,171
47,16,42,130,119,131,231,130,3,132,20,132,99,132,218,132,0,0,78,141,110,138,164,137,144,130,8,131,25,136,140,171
48,16,44,130,104,131,197,130,252,131,38,132,89,132,228,132,0,0,71,141,124,138,82,137,116,130,33,131,36,136,139,171
49,16,53,130,107,131,198,130,237,131,39,132,86,132,214,132,0,0,75,141,118,138,105,137,104,130,30,131,44,136,135,171
50,16,39,130,120,131,242,130,4,132,30,132,102,132,209,132,0,0,76,141,95,138,132,137,109,130,12,131,42,136,141,171
51,16,24,130,127,131,228,130,13,132,31,132,100,132,206,132,0,0,62,141,99,138,99,137,109,130,12,131,41,136,163,171
52,16,47,130,125,131,218,130,247,131,44,132,91,132,201,132,0,0,52,141,125,138,96,137,96,130,20,131,30,136,155,171
53,16,57,130,123,131,245,130,240,131,40,132,108,132,197,132,0,0,59,141,124,138,108,137,90,130,29,131,28,136,139,171
54,16,45,130,136,131,254,130,248,131,25,132,113,132,204,132,0,0,57,141,104,138,106,137,106,130,23,131,42,136,168,171
55,16,41,130,144,131,19,131,251,131,34,132,86,132,224,132,0,0,53,141,119,138,118,137,106,130,20,131,49,136,169,171
56,16,53,130,135,131,25,131,8,132,50,132,81,132,213,132,0,0,66,141,135,138,110,137,103,130,32,131,40,136,164,171
57,16,65,130,125,131,1,131,18,132,36,132,93,132,185,132,0,0,66,141,121,138,101,137,138,130,43,131,41,136,185,171
58,16,53,130,135,131,8,131,11,132,31,132,98,132,199,132,0,0,56,141,115,138,149,137,147,130,47,131,46,136,166,171
59,16,38,130,146,131,26,131,4,132,46,132,107,132,226,132,0,0,64,141,121,138,198,137,100,130,55,131,46,136,147,171
60,16,46,130,150,131,12,131,240,131,49,132,96,132,225,132,0,0,64,141,109,138,183,137,87,130,44,131,53,136,178,171
61,16,50,130,150,131,250,130,222,131,48,132,80,132,219,132,0,0,61,141,102,138,156,137,140,130,9,131,58,136,171,171
62,16,45,130,146,131,9,131,236,131,44,132,84,132,225,132,0,0,73,141,115,138,175,137,144,130,251,130,52,136,135,171
63,16,42,130,140,131,247,130,241,131,28,132,86,132,230,132,0,0,74,141,107,138,185,137,92,130,11,131,48,136,172,171
64,16,57,130,122,131,232,130,226,131,24,132,78,132,211,132,0,0,61,141,103,138,122,137,85,130,38,131,51,136,195,171
65,16,67,130,109,131,26,131,240,131,30,132,79,132,188,132,0,0,53,141,114,138,95,137,109,130,42,131,50,136,161,171
66,16,42,130,120,131,16,131,245,131,35,132,99,132,199,132,0,0,76,141,112,138,162,137,112,130,20,131,38,136,156,171
67,16,34,130,142,131,208,130,236,131,42,132,105,132,234,132,0,0,100,141,113,138,208,137,115,130,20,131,18,136,166,171
68,16,48,130,149,131,219,130,253,131,30,132,106,132,224,132,0,0,83,141,108,138,180,137,126,130,36,131,27,136,147,171
69,16,42,130,133,131,14,131,7,132,7,132,112,132,209,132,0,0,59,141,96,138,156,137,112,130,37,131,51,136,136,171
70,16,40,130,122,131,3,131,11,132,24,132,107,132,228,132,0,0,53,141,100,138,135,137,104,130,47,131,36,136,155,171
71,16,56,130,138,131,226,130,19,132,58,132,110,132,231,132,0,0,68,141,116,138,98,137,143,130,53,131,20,136,155,171
72,16,52,130,148,131,237,130,17,132,49,132,144,132,217,132,0,0,80,141,111,138,105,137,164,130,25,131,33,136,145,171
73,16,33,130,115,131,239,130,12,132,28,132,166,132,207,132,0,0,74,141,92,138,123,137,132,130,23,131,29,136,140,171
74,16,10,130,123,131,209,130,8,132,40,132,134,132,198,132,0,0,58,141,92,138,86,137,130,130,60,131,18,136,133,171
75,16,7,130,173,131,208,130,12,132,50,132,106,132,203,132,0,0,58,141,108,138,94,137,152,130,51,131,36,136,138,171
76,16,17,130,180,131,218,130,22,132,33,132,137,132,223,132,0,0,85,141,119,138,191,137,126,130,22,131,46,136,140,171
77,16,25,130,164,131,220,130,20,132,27,132,160,132,203,132,0,0,96,141,105,138,200,137,113,130,43,131,45,136,129,171
78,16,41,130,166,131,234,130,7,132,44,132,109,132,172,132,0,0,84,141,96,138,128,137,132,130,51,131,58,136,120,171
79,16,44,130,150,131,244,130,7,132,61,132,68,132,190,132,0,0,80,141,116,138,146,137,133,130,23,131,41,136,139,171
80,16,46,130,131,131,240,130,254,131,60,132,90,132,193,132,0,0,81,141,125,138,193,137,134,130,26,131,23,136,160,171
81,16,45,130,136,131,230,130,229,131,21,132,109,132,181,132,0,0,82,141,117,138,183,137,136,130,45,131,48,136,154,171
82,16,20,130,130,131,240,130,245,131,7,132,108,132,202,132,0,0,90,141,108,138,153,137,117,130,43,131,58,136,144,171
83,16,35,130,121,131,19,131,12,132,22,132,99,132,215,132,0,0,91,141,113,138,124,137,127,130,39,131,47,136,146,171
84,16,57,130,118,131,30,131,247,131,250,131,75,132,209,132,0,0,84,141,126,138,97,137,131,130,48,131,44,136,151,171
85,16,36,130,112,131,26,131,231,131,241,131,68,132,214,132,0,0,81,141,119,138,109,137,95,130,43,131,48,136,154,171
86,16,40,130,135,131,22,131,244,131,254,131,83,132,219,132,0,0,91,141,111,138,161,137,97,130,24,131,43,136,152,171
87,16,77,130,163,131,8,131,250,131,246,131,81,132,215,132,0,0,98,141,120,138,198,137,115,130,23,131,46,136,143,171
88,16,67,130,158,131,32,131,234,131,248,131,66,132,218,132,0,0,86,141,124,138,162,137,103,130,26,131,61,136,161,171
89,16,46,130,132,131,52,131,224,131,2,132,80,132,222,132,0,0,71,141,117,138,97,137,101,130,19,131,68,136,196,171
89,16,46,130,132,131,52,131,224,131,2,132,80,132,222,132,0,0,71,141,117,138,97,137,101,130,19,131,68,136,196,171
90,16,80,130,123,131,27,131,244,131,240,131,93,132,216,132,0,0,57,141,114,138,111,137,117,130,18,131,50,136,204,171
91,16,99,130,137,131,30,131,15,132,249,131,62,132,222,132,0,0,54,141,101,138,133,137,121,130,32,131,30,136,182,171
92,16,82,130,145,131,56,131,3,132,43,132,51,132,219,132,0,0,62,141,100,138,116,137,108,130,39,131,48,136,162,171
93,16,81,130,139,131,48,131,246,131,41,132,69,132,201,132,0,0,61,141,114,138,118,137,99,130,39,131,70,136,159,171
94,16,74,130,133,131,13,131,254,131,9,132,54,132,208,132,0,0,59,141,111,138,122,137,110,130,36,131,46,136,155,171
95,16,70,130,130,131,22,131,248,131,15,132,54,132,229,132,0,0,74,141,114,138,117,137,126,130,37,131,43,136,162,171
96,16,71,130,137,131,33,131,215,131,52,132,90,132,224,132,0,0,86,141,119,138,121,137,107,130,34,131,73,136,186,171
97,16,50,130,146,131,2,131,213,131,54,132,94,132,210,132,0,0,79,141,114,138,124,137,100,130,34,131,59,136,192,171
98,16,49,130,153,131,13,131,252,131,28,132,85,132,218,132,0,0,72,141,114,138,111,137,136,130,57,131,41,136,183,171
99,16,49,130,145,131,20,131,3,132,22,132,120,132,225,132,0,0,87,141,111,138,136,137,143,130,53,131,52,136,174,171
100,16,20,130,128,131,246,130,236,131,23,132,122,132,212,132,0,0,100,141,94,138,173,137,114,130,26,131,44,136,160,171
101,16,25,130,125,131,247,130,223,131,23,132,95,132,196,132,0,0,83,141,98,138,183,137,105,130,31,131,36,136,155,171
102,16,53,130,130,131,15,131,217,131,18,132,107,132,208,132,0,0,71,141,132,138,187,137,115,130,33,131,53,136,170,171
103,16,47,130,129,131,4,131,226,131,19,132,114,132,234,132,0,0,79,141,124,138,147,137,115,130,13,131,51,136,176,171
104,16,36,130,125,131,242,130,231,131,20,132,100,132,227,132,0,0,78,141,98,138,114,137,115,130,19,131,44,136,161,171
105,16,34,130,129,131,6,131,232,131,20,132,104,132,206,132,0,0,74,141,107,138,152,137,136,130,47,131,59,136,142,171
106,16,17,130,120,131,19,131,248,131,27,132,136,132,218,132,0,0,75,141,120,138,222,137,145,130,51,131,43,136,143,171
107,16,28,130,121,131,8,131,3,132,28,132,144,132,221,132,0,0,72,141,126,138,204,137,126,130,43,131,20,136,156,171
108,16,68,130,134,131,9,131,250,131,24,132,101,132,194,132,0,0,61,141,116,138,110,137,114,130,52,131,43,136,150,171
109,16,49,130,114,131,2,131,250,131,38,132,74,132,194,132,0,0,58,141,112,138,118,137,128,130,50,131,54,136,124,171
110,16,17,130,107,131,252,130,8,132,44,132,109,132,218,132,0,0,82,141,114,138,179,137,134,130,32,131,23,136,131,171
111,16,61,130,131,131,243,130,0,132,23,132,141,132,224,132,0,0,86,141,111,138,147,137,111,130,36,131,19,136,151,171
112,16,78,130,130,131,218,130,228,131,35,132,122,132,223,132,0,0,72,141,112,138,84,137,112,130,50,131,43,136,138,171
113,16,23,130,122,131,227,130,241,131,48,132,112,132,219,132,0,0,81,141,110,138,94,137,133,130,38,131,35,136,131,171
114,16,11,130,145,131,252,130,9,132,27,132,125,132,220,132,0,0,77,141,101,138,143,137,137,130,23,131,18,136,137,171
115,16,26,130,151,131,222,130,250,131,31,132,140,132,231,132,0,0,57,141,103,138,138,137,145,130,32,131,35,136,135,171
116,16,28,130,121,131,211,130,230,131,45,132,128,132,239,132,0,0,64,141,113,138,111,137,141,130,34,131,55,136,134,171
117,16,35,130,117,131,230,130,242,131,49,132,128,132,229,132,0,0,101,141,109,138,149,137,107,130,23,131,30,136,133,171
118,16,48,130,143,131,223,130,7,132,25,132,159,132,224,132,0,0,101,141,109,138,174,137,88,130,30,131,248,135,134,171
119,16,37,130,138,131,214,130,244,131,254,131,168,132,235,132,0,0,86,141,118,138,125,137,111,130,32,131,255,135,151,171
120,16,9,130,129,131,201,130,215,131,17,132,144,132,243,132,0,0,98,141,105,138,141,137,112,130,15,131,26,136,140,171
121,16,4,130,147,131,201,130,216,131,46,132,111,132,238,132,0,0,93,141,93,138,183,137,96,130,10,131,15,136,120,171
122,16,5,130,134,131,201,130,232,131,41,132,114,132,231,132,0,0,71,141,108,138,112,137,110,130,14,131,251,135,133,171
123,16,7,130,103,131,172,130,240,131,24,132,152,132,230,132,0,0,56,141,121,138,63,137,113,130,21,131,253,135,133,171
124,16,35,130,122,131,151,130,249,131,31,132,157,132,231,132,0,0,64,141,106,138,135,137,95,130,22,131,13,136,108,171
125,16,38,130,141,131,158,130,13,132,57,132,147,132,237,132,0,0,95,141,107,138,180,137,121,130,21,131,7,136,113,171
126,16,250,129,125,131,170,130,31,132,71,132,178,132,236,132,0,0,99,141,118,138,188,137,160,130,29,131,249,135,123,171
127,16,225,129,136,131,116,130,54,132,93,132,204,132,226,132,77,0,94,141,116,138,186,137,140,130,43,131,10,136,100,171
0,16,227,129,148,131,70,130,61,132,114,132,213,132,216,132,0,0,98,141,113,138,170,137,139,130,35,131,1,136,78,171
1,16,195,129,141,131,92,130,64,132,82,132,249,132,220,132,0,0,101,141,108,138,191,137,171,130,29,131,214,135,71,171
2,16,159,129,143,131,59,130,71,132,52,132,31,133,225,132,0,0,100,141,109,138,197,137,160,130,50,131,205,135,56,171
3,16,166,129,132,131,247,129,65,132,63,132,40,133,213,132,0,0,121,141,122,138,155,137,149,130,60,131,216,135,34,171
4,16,160,129,123,131,251,129,59,132,82,132,37,133,202,132,0,0,149,141,129,138,138,137,164,130,48,131,197,135,46,171
5,16,145,129,132,131,0,130,46,132,106,132,25,133,208,132,0,0,130,141,117,138,178,137,169,130,38,131,184,135,52,171
6,16,165,129,133,131,211,129,20,132,116,132,7,133,220,132,0,0,130,141,120,138,197,137,149,130,37,131,198,135,33,171
7,16,155,129,127,131,203,129,10,132,103,132,14,133,212,132,0,0,158,141,141,138,171,137,150,130,30,131,184,135,41,171
8,16,111,129,130,131,239,129,34,132,92,132,7,133,201,132,0,0,150,141,135,138,190,137,166,130,19,131,182,135,59,171
9,16,117,129,107,131,4,130,27,132,111,132,246,132,219,132,0,0,145,141,126,138,210,137,141,130,23,131,234,135,55,171
10,16,163,129,90,131,2,130,237,131,122,132,240,132,219,132,0,0,161,141,135,138,189,137,118,130,25,131,9,136,50,171
11,16,171,129,103,131,17,130,246,131,96,132,221,132,197,132,0,0,155,141,144,138,180,137,143,130,19,131,229,135,56,171
12,16,152,129,99,131,49,130,11,132,68,132,184,132,210,132,0,0,138,141,142,138,187,137,145,130,6,131,207,135,54,171
13,16,186,129,87,131,65,130,250,131,62,132,154,132,236,132,0,0,137,141,129,138,200,137,108,130,4,131,251,135,80,171
14,16,236,129,83,131,90,130,248,131,58,132,138,132,227,132,0,0,124,141,125,138,204,137,116,130,11,131,23,136,116,171
15,16,228,129,91,131,144,130,6,132,47,132,136,132,211,132,0,0,116,141,139,138,189,137,153,130,13,131,22,136,113,171
16,16,238,129,126,131,187,130,254,131,53,132,148,132,200,132,0,0,114,141,145,138,180,137,161,130,24,131,34,136,107,171
17,16,19,130,150,131,182,130,6,132,67,132,151,132,193,132,0,0,96,141,135,138,187,137,135,130,23,131,33,136,122,171
18,16,11,130,135,131,185,130,40,132,58,132,150,132,200,132,0,0,96,141,123,138,185,137,135,130,11,131,35,136,137,171
19,16,4,130,125,131,211,130,45,132,58,132,149,132,207,132,0,0,108,141,126,138,173,137,168,130,25,131,30,136,131,171
20,16,22,130,128,131,198,130,56,132,85,132,155,132,205,132,0,0,109,141,127,138,172,137,157,130,53,131,252,135,123,171
21,16,23,130,130,131,183,130,73,132,90,132,168,132,215,132,0,0,90,141,131,138,172,137,132,130,48,131,253,135,129,171
22,16,249,129,136,131,193,130,43,132,40,132,165,132,230,132,0,0,92,141,135,138,182,137,145,130,31,131,30,136,119,171
23,16,221,129,127,131,173,130,24,132,11,132,154,132,230,132,0,0,117,141,121,138,183,137,135,130,30,131,26,136,93,171
24,16,229,129,130,131,154,130,38,132,41,132,150,132,222,132,0,0,109,141,105,138,161,137,118,130,25,131,13,136,109,171
25,16,5,130,143,131,164,130,33,132,48,132,149,132,227,132,0,0,100,141,109,138,186,137,125,130,30,131,27,136,139,171
26,16,24,130,142,131,192,130,30,132,55,132,128,132,238,132,0,0,109,141,112,138,176,137,119,130,23,131,24,136,125,171
27,16,23,130,135,131,209,130,30,132,45,132,112,132,232,132,0,0,94,141,101,138,106,137,113,130,237,130,3,136,114,171
28,16,39,130,136,131,208,130,15,132,3,132,117,132,229,132,0,0,81,141,106,138,128,137,112,130,223,130,2,136,146,171
29,16,56,130,140,131,226,130,6,132,18,132,118,132,237,132,0,0,95,141,110,138,201,137,101,130,3,131,12,136,163,171
30,16,40,130,123,131,245,130,17,132,52,132,107,132,223,132,0,0,103,141,107,138,182,137,110,130,20,131,18,136,139,171
31,16,48,130,128,131,7,131,29,132,38,132,105,132,216,132,0,0,95,141,114,138,154,137,134,130,27,131,36,136,123,171
32,16,68,130,157,131,17,131,39,132,30,132,125,132,229,132,0,0,88,141,108,138,182,137,133,130,36,131,42,136,132,171
33,16,41,130,146,131,1,131,44,132,41,132,132,132,230,132,0,0,78,141,101,138,181,137,133,130,36,131,27,136,158,171
34,16,27,130,122,131,252,130,46,132,31,132,116,132,204,132,0,0,63,141,113,138,179,137,152,130,48,131,38,136,159,171
35,16,49,130,143,131,246,130,44,132,34,132,121,132,205,132,0,0,56,141,114,138,196,137,150,130,52,131,45,136,137,171
36,16,49,130,152,131,229,130,59,132,55,132,144,132,220,132,0,0,58,141,108,138,182,137,143,130,35,131,32,136,130,171
37,16,44,130,125,131,225,130,53,132,56,132,153,132,207,132,0,0,67,141,116,138,177,137,152,130,31,131,47,136,138,171
38,16,42,130,150,131,223,130,20,132,53,132,143,132,197,132,0,0,92,141,119,138,183,137,168,130,47,131,67,136,136,171
39,16,25,130,182,131,229,130,38,132,50,132,129,132,204,132,0,0,95,141,118,138,180,137,161,130,36,131,52,136,128,171
40,16,17,130,161,131,251,130,67,132,41,132,133,132,201,132,0,0,78,141,123,138,176,137,152,130,19,131,35,136,138,171
41,16,12,130,150,131,244,130,22,132,55,132,152,132,197,132,0,0,80,141,119,138,128,137,160,130,28,131,33,136,148,171
42,16,0,130,158,131,214,130,10,132,59,132,146,132,205,132,0,0,99,141,119,138,110,137,156,130,31,131,39,136,131,171
43,16,254,129,154,131,204,130,58,132,10,132,121,132,190,132,0,0,104,141,130,138,175,137,140,130,11,131,43,136,121,171
44,16,14,130,151,131,224,130,52,132,11,132,119,132,189,132,0,0,86,141,133,138,166,137,131,130,4,131,35,136,135,171
45,16,31,130,144,131,232,130,25,132,39,132,130,132,216,132,0,0,91,141,133,138,110,137,128,130,9,131,32,136,142,171
46,16,31,130,138,131,226,130,13,132,27,132,118,132,207,132,0,0,97,141,133,138,161,137,150,130,10,131,44,136,132,171
47,16,40,130,144,131,255,130,254,131,10,132,101,132,186,132,0,0,79,141,128,138,216,137,164,130,23,131,54,136,142,171
48,16,45,130,137,131,24,131,9,132,33,132,92,132,207,132,0,0,90,141,120,138,173,137,133,130,15,131,44,136,161,171
49,16,39,130,124,131,17,131,33,132,50,132,67,132,213,132,0,0,113,141,113,138,163,137,123,130,250,130,34,136,162,171
50,16,34,130,140,131,21,131,31,132,42,132,72,132,173,132,0,0,98,141,104,138,200,137,150,130,4,131,43,136,149,171
51,16,39,130,155,131,25,131,10,132,45,132,113,132,176,132,0,0,63,141,102,138,168,137,155,130,31,131,53,136,140,171
52,16,58,130,144,131,28,131,26,132,32,132,122,132,211,132,0,0,50,141,101,138,124,137,153,130,35,131,57,136,155,171
53,16,44,130,139,131,26,131,55,132,27,132,126,132,203,132,0,0,61,141,105,138,108,137,165,130,28,131,49,136,151,171
54,16,25,130,151,131,18,131,53,132,36,132,143,132,183,132,0,0,70,141,127,138,110,137,164,130,40,131,42,136,136,171
55,16,44,130,141,131,8,131,37,132,40,132,131,132,195,132,0,0,74,141,127,138,148,137,133,130,40,131,50,136,160,171
56,16,57,130,135,131,246,130,24,132,48,132,113,132,205,132,0,0,69,141,102,138,199,137,129,130,22,131,65,136,160,171
57,16,52,130,154,131,248,130,14,132,39,132,105,132,198,132,0,0,52,141,110,138,174,137,147,130,30,131,56,136,129,171
58,16,40,130,141,131,9,131,11,132,25,132,86,132,213,132,0,0,68,141,137,138,142,137,140,130,41,131,36,136,127,171
59,16,27,130,131,131,10,131,11,132,35,132,70,132,223,132,0,0,109,141,134,138,149,137,124,130,20,131,41,136,153,171
60,16,29,130,166,131,18,131,255,131,48,132,90,132,191,132,0,0,102,141,118,138,119,137,122,130,5,131,44,136,153,171
61,16,45,130,151,131,25,131,4,132,17,132,121,132,169,132,0,0,69,141,117,138,109,137,139,130,24,131,33,136,130,171
62,16,53,130,118,131,26,131,34,132,20,132,122,132,199,132,0,0,71,141,101,138,155,137,155,130,36,131,41,136,136,171
63,16,50,130,155,131,26,131,29,132,59,132,101,132,221,132,0,0,83,141,108,138,135,137,143,130,26,131,45,136,159,171
64,16,53,130,166,131,13,131,3,132,46,132,88,132,204,132,0,0,80,141,140,138,70,137,137,130,21,131,37,136,146,171
65,16,53,130,136,131,8,131,19,132,29,132,90,132,186,132,0,0,72,141,123,138,127,137,159,130,22,131,50,136,138,171
66,16,48,130,121,131,10,131,27,132,43,132,104,132,188,132,0,0,60,141,102,138,201,137,170,130,34,131,61,136,169,171
67,16,46,130,124,131,25,131,13,132,49,132,102,132,207,132,0,0,50,141,120,138,143,137,154,130,50,131,42,136,166,171
68,16,48,130,143,131,36,131,36,132,42,132,106,132,234,132,0,0,59,141,113,138,125,137,146,130,52,131,32,136,136,171
69,16,70,130,149,131,24,131,54,132,33,132,126,132,229,132,0,0,76,141,86,138,180,137,140,130,39,131,45,136,145,171
70,16,90,130,128,131,26,131,34,132,23,132,118,132,217,132,0,0,81,141,105,138,171,137,136,130,26,131,53,136,144,171
71,16,66,130,133,131,14,131,29,132,23,132,98,132,223,132,0,0,80,141,121,138,156,137,136,130,24,131,50,136,122,171
72,16,34,130,161,131,252,130,60,132,18,132,92,132,215,132,0,0,89,141,108,138,172,137,136,130,38,131,43,136,134,171
73,16,32,130,142,131,12,131,47,132,23,132,94,132,213,132,0,0,105,141,120,138,160,137,138,130,54,131,47,136,140,171
74,16,28,130,128,131,29,131,254,131,52,132,103,132,213,132,0,0,110,141,124,138,160,137,141,130,39,131,57,136,134,171
75,16,32,130,164,131,7,131,4,132,51,132,116,132,195,132,0,0,85,141,107,138,154,137,147,130,19,131,51,136,151,171
76,16,52,130,169,131,237,130,22,132,47,132,109,132,205,132,0,0,78,141,109,138,110,137,151,130,17,131,40,136,156,171
77,16,61,130,133,131,252,130,17,132,66,132,105,132,232,132,0,0,94,141,108,138,102,137,151,130,19,131,46,136,149,171
78,16,59,130,113,131,6,131,17,132,54,132,119,132,231,132,0,0,88,141,105,138,130,137,148,130,25,131,48,136,161,171
79,16,34,130,132,131,254,130,21,132,32,132,119,132,227,132,0,0,69,141,121,138,153,137,131,130,33,131,50,136,168,171
80,16,31,130,153,131,11,131,24,132,30,132,115,132,232,132,0,0,79,141,117,138,188,137,139,130,27,131,49,136,156,171
81,16,53,130,143,131,11,131,23,132,31,132,118,132,225,132,0,0,93,141,109,138,202,137,159,130,2,131,35,136,155,171
82,16,63,130,127,131,247,130,19,132,32,132,114,132,221,132,0,0,86,141,132,138,172,137,140,130,1,131,38,136,152,171
83,16,52,130,123,131,250,130,5,132,34,132,106,132,216,132,0,0,74,141,134,138,137,137,113,130,23,131,42,136,145,171
84,16,34,130,122,131,4,131,253,131,37,132,110,132,205,132,0,0,83,141,117,138,140,137,117,130,37,131,26,136,135,171
85,16,39,130,138,131,254,130,7,132,52,132,127,132,201,132,0,0,77,141,120,138,169,137,130,130,39,131,29,136,122,171
86,16,47,130,155,131,225,130,3,132,45,132,142,132,205,132,0,0,58,141,122,138,186,137,128,130,31,131,35,136,130,171
87,16,23,130,152,131,204,130,250,131,13,132,133,132,216,132,0,0,78,141,116,138,186,137,108,130,21,131,21,136,142,171
88,16,9,130,143,131,221,130,1,132,19,132,115,132,215,132,0,0,99,141,111,138,151,137,104,130,20,131,35,136,135,171
89,16,22,130,139,131,232,130,2,132,39,132,129,132,197,132,0,0,86,141,110,138,97,137,134,130,26,131,53,136,131,171
90,16,35,130,127,131,227,130,252,131,31,132,162,132,185,132,0,0,89,141,104,138,108,137,153,130,21,131,31,136,140,171
91,16,41,130,115,131,234,130,14,132,34,132,148,132,191,132,0,0,102,141,102,138,129,137,149,130,24,131,23,136,137,171
92,16,20,130,109,131,238,130,26,132,48,132,112,132,197,132,0,0,84,141,117,138,107,137,154,130,32,131,36,136,121,171
93,16,8,130,113,131,230,130,15,132,40,132,118,132,201,132,0,0,63,141,129,138,114,137,153,130,22,131,31,136,129,171
94,16,23,130,139,131,223,130,253,131,27,132,144,132,210,132,0,0,94,141,127,138,124,137,139,130,16,131,17,136,131,171
95,16,34,130,153,131,227,130,242,131,55,132,137,132,211,132,0,0,114,141,121,138,103,137,142,130,32,131,18,136,121,171
96,16,34,130,124,131,235,130,250,131,82,132,115,132,220,132,0,0,105,141,119,138,109,137,138,130,34,131,24,136,137,171
97,16,19,130,102,131,219,130,5,132,63,132,134,132,220,132,0,0,103,141,118,138,153,137,127,130,15,131,28,136,151,171
98,16,15,130,116,131,209,130,11,132,32,132,143,132,204,132,0,0,90,141,122,138,185,137,147,130,30,131,30,136,136,171
99,16,32,130,117,131,219,130,10,132,40,132,127,132,198,132,0,0,89,141,125,138,177,137,161,130,51,131,19,136,130,171
100,16,41,130,100,131,211,130,251,131,54,132,133,132,206,132,0,0,106,141,120,138,166,137,141,130,30,131,13,136,142,171
101,16,11,130,125,131,208,130,8,132,29,132,142,132,211,132,0,0,115,141,115,138,179,137,120,130,18,131,22,136,148,171
102,16,0,130,151,131,214,130,34,132,18,132,146,132,215,132,0,0,108,141,107,138,178,137,132,130,31,131,27,136,152,171
103,16,28,130,148,131,225,130,17,132,29,132,138,132,218,132,0,0,97,141,111,138,162,137,165,130,29,131,33,136,145,171
104,16,25,130,142,131,238,130,5,132,33,132,127,132,216,132,0,0,97,141,121,138,177,137,154,130,22,131,35,136,122,171
105,16,7,130,129,131,224,130,21,132,48,132,141,132,225,132,0,0,91,141,125,138,181,137,128,130,23,131,35,136,129,171
106,16,9,130,120,131,214,130,17,132,51,132,155,132,232,132,0,0,73,141,125,138,176,137,151,130,20,131,46,136,149,171
107,16,12,130,127,131,218,130,251,131,25,132,138,132,227,132,0,0,77,141,118,138,199,137,171,130,34,131,45,136,141,171
108,16,15,130,130,131,225,130,2,132,13,132,131,132,225,132,0,0,99,141,124,138,174,137,153,130,46,131,30,136,132,171
109,16,33,130,131,131,225,130,255,131,31,132,150,132,217,132,0,0,95,141,130,138,141,137,147,130,27,131,22,136,137,171
110,16,41,130,141,131,222,130,238,131,35,132,125,132,209,132,0,0,101,141,116,138,165,137,154,130,26,131,29,136,141,171
111,16,40,130,124,131,223,130,251,131,35,132,86,132,189,132,0,0,118,141,99,138,153,137,136,130,32,131,34,136,145,171
112,16,41,130,94,131,215,130,6,132,30,132,116,132,165,132,0,0,104,141,116,138,96,137,135,130,11,131,24,136,143,171
113,16,47,130,99,131,220,130,1,132,6,132,137,132,177,132,0,0,95,141,135,138,87,137,139,130,20,131,16,136,146,171
114,16,50,130,94,131,233,130,245,131,4,132,100,132,210,132,0,0,102,141,120,138,132,137,130,130,45,131,28,136,148,171
115,16,31,130,108,131,224,130,245,131,21,132,94,132,220,132,0,0,83,141,113,138,144,137,136,130,34,131,43,136,139,171
116,16,33,130,141,131,233,130,2,132,33,132,125,132,224,132,0,0,68,141,131,138,160,137,131,130,18,131,36,136,142,171
117,16,48,130,123,131,4,131,241,131,43,132,124,132,211,132,0,0,83,141,129,138,185,137,130,130,19,131,28,136,152,171
118,16,39,130,105,131,21,131,234,131,40,132,107,132,188,132,0,0,84,141,104,138,148,137,152,130,25,131,38,136,141,171
119,16,29,130,130,131,3,131,13,132,27,132,118,132,203,132,0,0,61,141,105,138,112,137,151,130,29,131,53,136,134,171
120,16,22,130,140,131,216,130,29,132,30,132,129,132,209,132,0,0,54,141,115,138,147,137,127,130,28,131,48,136,129,171
121,16,27,130,124,131,221,130,6,132,50,132,112,132,193,132,0,0,67,141,98,138,195,137,145,130,33,131,27,136,120,171
122,16,46,130,121,131,246,130,7,132,28,132,102,132,214,132,0,0,79,141,94,138,171,137,169,130,45,131,24,136,128,171
123,16,41,130,118,131,239,130,36,132,4,132,129,132,225,132,0,0,79,141,107,138,156,137,160,130,48,131,26,136,131,171
124,16,31,130,126,131,235,130,34,132,20,132,153,132,197,132,0,0,77,141,109,138,194,137,154,130,49,131,13,136,120,171
125,16,26,130,139,131,220,130,31,132,32,132,147,132,198,132,0,0,92,141,100,138,185,137,154,130,48,131,27,136,125,171
126,16,19,130,130,131,201,130,52,132,25,132,145,132,207,132,0,0,99,141,96,138,118,137,151,130,58,131,61,136,148,171
127,16,4,130,128,131,213,130,47,132,31,132,148,132,193,132,77,0,84,141,119,138,102,137,151,130,63,131,46,136,149,171
0,16,2,130,150,131,223,130,26,132,46,132,144,132,205,132,0,0,76,141,125,138,169,137,154,130,39,131,2,136,123,171
1,16,21,130,146,131,200,130,27,132,38,132,136,132,219,132,0,0,84,141,115,138,201,137,152,130,24,131,11,136,114,171
2,16,15,130,102,131,180,130,20,132,47,132,141,132,206,132,0,0,102,141,124,138,176,137,153,130,30,131,35,136,132,171
3,16,255,129,96,131,201,130,251,131,67,132,152,132,203,132,0,0,98,141,128,138,141,137,155,130,33,131,22,136,141,171
4,16,254,129,150,131,221,130,6,132,53,132,144,132,182,132,0,0,86,141,117,138,156,137,145,130,29,131,10,136,126,171
5,16,4,130,154,131,208,130,21,132,37,132,127,132,165,132,0,0,101,141,121,138,180,137,118,130,16,131,30,136,126,171
6,16,18,130,119,131,198,130,6,132,40,132,112,132,205,132,0,0,109,141,120,138,151,137,115,130,17,131,37,136,133,171
7,16,23,130,126,131,204,130,1,132,41,132,116,132,222,132,0,0,93,141,111,138,151,137,142,130,34,131,20,136,135,171
8,16,4,130,126,131,221,130,21,132,26,132,137,132,187,132,0,0,79,141,109,138,158,137,143,130,31,131,31,136,138,171
9,16,15,130,115,131,227,130,32,132,35,132,136,132,190,132,0,0,89,141,114,138,123,137,130,130,16,131,50,136,142,171
10,16,46,130,142,131,235,130,17,132,48,132,119,132,217,132,0,0,114,141,126,138,124,137,139,130,24,131,27,136,143,171
11,16,40,130,150,131,0,131,1,132,38,132,132,132,207,132,0,0,122,141,119,138,161,137,153,130,35,131,12,136,144,171
12,16,11,130,116,131,244,130,255,131,25,132,151,132,192,132,0,0,104,141,93,138,178,137,158,130,28,131,33,136,148,171
13,16,24,130,109,131,231,130,3,132,36,132,119,132,197,132,0,0,79,141,107,138,174,137,154,130,28,131,24,136,146,171
14,16,51,130,135,131,0,131,248,131,40,132,100,132,199,132,0,0,91,141,135,138,168,137,137,130,33,131,9,136,130,171
15,16,28,130,140,131,247,130,241,131,17,132,131,132,193,132,0,0,122,141,126,138,164,137,137,130,20,131,25,136,125,171
16,16,12,130,125,131,212,130,251,131,24,132,120,132,199,132,0,0,116,141,114,138,158,137,153,130,20,131,37,136,150,171
17,16,40,130,107,131,223,130,221,131,36,132,71,132,222,132,0,0,95,141,132,138,103,137,130,130,31,131,38,136,166,171
18,16,63,130,111,131,244,130,199,131,22,132,71,132,212,132,0,0,105,141,146,138,87,137,96,130,15,131,44,136,153,171
19,16,56,130,133,131,9,131,225,131,24,132,56,132,160,132,0,0,109,141,135,138,128,137,102,130,252,130,53,136,165,171
20,16,36,130,134,131,26,131,218,131,22,132,11,132,157,132,0,0,86,141,126,138,114,137,99,130,1,131,61,136,197,171
21,16,51,130,122,131,34,131,201,131,250,131,13,132,198,132,0,0,78,141,128,138,112,137,83,130,12,131,57,136,200,171
22,16,97,130,112,131,63,131,211,131,0,132,27,132,210,132,0,0,79,141,131,138,129,137,89,130,21,131,61,136,181,171
23,16,112,130,120,131,80,131,201,131,11,132,255,131,204,132,0,0,65,141,125,138,119,137,102,130,26,131,77,136,194,171
24,16,100,130,119,131,94,131,169,131,252,131,231,131,204,132,0,0,47,141,119,138,118,137,103,130,14,131,75,136,231,171
25,16,115,130,99,131,132,131,163,131,4,132,215,131,197,132,0,0,68,141,129,138,113,137,86,130,251,130,67,136,236,171
26,16,143,130,106,131,166,131,172,131,2,132,199,131,187,132,0,0,87,141,129,138,113,137,71,130,12,131,83,136,215,171
27,16,149,130,124,131,174,131,152,131,248,131,184,131,202,132,0,0,45,141,120,138,115,137,68,130,17,131,100,136,223,171
28,16,156,130,117,131,179,131,132,131,249,131,173,131,204,132,0,0,21,141,127,138,113,137,78,130,241,130,97,136,251,171
29,16,198,130,136,131,218,131,140,131,229,131,168,131,189,132,0,0,47,141,122,138,114,137,88,130,233,130,108,136,2,172
30,16,224,130,164,131,238,131,157,131,216,131,169,131,203,132,0,0,50,141,112,138,114,137,81,130,249,130,130,136,7,172
31,16,212,130,144,131,235,131,161,131,225,131,183,131,220,132,0,0,13,141,114,138,114,137,77,130,1,131,124,136,16,172
32,16,212,130,132,131,9,132,141,131,232,131,171,131,213,132,0,0,17,141,97,138,114,137,83,130,17,131,111,136,24,172
33,16,217,130,150,131,27,132,135,131,250,131,149,131,209,132,0,0,32,141,79,138,114,137,87,130,29,131,113,136,30,172
34,16,232,130,159,131,9,132,177,131,242,131,161,131,215,132,0,0,254,140,101,138,114,137,95,130,13,131,120,136,28,172
35,16,250,130,159,131,249,131,191,131,212,131,168,131,226,132,0,0,239,140,118,138,114,137,98,130,4,131,126,136,22,172
36,16,236,130,163,131,0,132,158,131,235,131,164,131,240,132,0,0,251,140,87,138,113,137,93,130,21,131,105,136,16,172
37,16,213,130,164,131,0,132,170,131,252,131,190,131,238,132,0,0,241,140,63,138,115,137,109,130,16,131,71,136,6,172
38,16,211,130,161,131,238,131,191,131,223,131,218,131,236,132,0,0,230,140,78,138,114,137,109,130,3,131,75,136,9,172
39,16,215,130,159,131,248,131,168,131,235,131,212,131,249,132,0,0,243,140,49,138,106,137,86,130,14,131,100,136,20,172
40,16,215,130,160,131,245,131,168,131,11,132,245,131,254,132,0,0,244,140,3,138,99,137,91,130,25,131,106,136,8,172
41,16,206,130,173,131,208,131,209,131,14,132,27,132,248,132,0,0,229,140,26,138,98,137,108,130,41,131,92,136,244,171
42,16,183,130,184,131,202,131,240,131,14,132,20,132,244,132,0,0,231,140,59,138,100,137,109,130,62,131,84,136,230,171
43,16,143,130,188,131,185,131,254,131,29,132,56,132,245,132,0,0,238,140,32,138,107,137,125,130,63,131,73,136,215,171
44,16,119,130,188,131,150,131,17,132,30,132,104,132,244,132,0,0,240,140,19,138,113,137,159,130,64,131,69,136,205,171
45,16,111,130,179,131,122,131,31,132,26,132,115,132,233,132,0,0,251,140,58,138,113,137,164,130,67,131,54,136,197,171
46,16,88,130,175,131,67,131,35,132,41,132,142,132,212,132,0,0,0,141,98,138,109,137,163,130,68,131,25,136,171,171
47,16,71,130,179,131,7,131,38,132,54,132,170,132,204,132,0,0,5,141,102,138,110,137,165,130,80,131,28,136,146,171
48,16,46,130,169,131,215,130,25,132,41,132,163,132,214,132,0,0,40,141,91,138,121,137,157,130,88,131,20,136,133,171
49,16,247,129,158,131,165,130,7,132,37,132,178,132,209,132,0,0,68,141,101,138,98,137,162,130,76,131,249,135,121,171
50,16,216,129,173,131,141,130,23,132,59,132,231,132,199,132,0,0,65,141,107,138,110,137,173,130,66,131,9,136,99,171
51,16,224,129,169,131,130,130,25,132,50,132,244,132,194,132,0,0,82,141,106,138,171,137,163,130,68,131,23,136,84,171
52,16,220,129,152,131,107,130,8,132,32,132,238,132,197,132,0,0,106,141,118,138,170,137,143,130,63,131,249,135,86,171
53,16,182,129,153,131,73,130,255,131,55,132,9,133,210,132,0,0,116,141,123,138,150,137,140,130,56,131,251,135,75,171
54,16,161,129,135,131,54,130,242,131,71,132,0,133,203,132,0,0,121,141,115,138,168,137,149,130,58,131,12,136,68,171
55,16,176,129,125,131,52,130,246,131,53,132,212,132,191,132,0,0,121,141,116,138,195,137,143,130,61,131,215,135,71,171
56,16,176,129,142,131,45,130,3,132,47,132,216,132,217,132,0,0,126,141,126,138,194,137,128,130,41,131,206,135,71,171
57,16,158,129,138,131,47,130,246,131,72,132,233,132,215,132,0,0,134,141,132,138,153,137,142,130,20,131,17,136,70,171
58,16,160,129,118,131,65,130,224,131,48,132,196,132,163,132,0,0,137,141,141,138,141,137,154,130,22,131,13,136,73,171
59,16,184,129,119,131,69,130,217,131,2,132,177,132,156,132,0,0,119,141,139,138,170,137,130,130,19,131,217,135,88,171
60,16,205,129,115,131,75,130,206,131,24,132,193,132,179,132,0,0,100,141,130,138,150,137,107,130,12,131,226,135,100,171
61,16,190,129,86,131,85,130,202,131,58,132,171,132,178,132,0,0,131,141,129,138,82,137,101,130,8,131,16,136,96,171
62,16,200,129,85,131,109,130,194,131,30,132,135,132,189,132,0,0,153,141,124,138,101,137,101,130,11,131,37,136,112,171
63,16,3,130,97,131,143,130,168,131,240,131,137,132,210,132,0,0,137,141,120,138,137,137,106,130,13,131,24,136,145,171
64,16,29,130,92,131,152,130,159,131,255,131,123,132,213,132,0,0,140,141,136,138,104,137,95,130,254,130,18,136,146,171
65,16,9,130,103,131,190,130,148,131,44,132,49,132,228,132,0,0,143,141,156,138,114,137,55,130,224,130,32,136,161,171
66,16,31,130,126,131,0,131,122,131,43,132,16,132,242,132,0,0,119,141,141,138,166,137,47,130,216,130,47,136,199,171
67,16,70,130,132,131,21,131,132,131,249,131,47,132,222,132,0,0,108,141,117,138,185,137,67,130,239,130,60,136,197,171
68,16,64,130,136,131,14,131,155,131,236,131,45,132,218,132,0,0,108,141,126,138,185,137,56,130,238,130,71,136,202,171
69,16,73,130,138,131,32,131,145,131,8,132,11,132,237,132,0,0,99,141,143,138,168,137,50,130,226,130,64,136,227,171
70,16,123,130,131,131,88,131,133,131,4,132,240,131,238,132,0,0,89,141,123,138,122,137,83,130,235,130,70,136,221,171
71,16,164,130,134,131,136,131,140,131,254,131,235,131,219,132,0,0,73,141,92,138,92,137,91,130,252,130,77,136,215,171
72,16,174,130,148,131,159,131,183,131,7,132,8,132,226,132,0,0,47,141,97,138,112,137,72,130,17,131,62,136,241,171
73,16,167,130,151,131,147,131,231,131,253,131,35,132,235,132,0,0,36,141,101,138,114,137,101,130,39,131,62,136,232,171
74,16,137,130,156,131,121,131,235,131,250,131,26,132,219,132,0,0,20,141,94,138,92,137,148,130,52,131,66,136,190,171
75,16,122,130,172,131,128,131,245,131,31,132,44,132,215,132,0,0,254,140,75,138,99,137,157,130,57,131,51,136,187,171
76,16,114,130,169,131,119,131,12,132,39,132,119,132,228,132,0,0,14,141,41,138,113,137,143,130,65,131,49,136,188,171
77,16,76,130,156,131,64,131,5,132,15,132,149,132,213,132,0,0,60,141,56,138,105,137,146,130,67,131,54,136,151,171
78,16,53,130,160,131,12,131,254,131,21,132,131,132,191,132,0,0,66,141,106,138,108,137,155,130,79,131,34,136,122,171
79,16,47,130,165,131,237,130,6,132,40,132,147,132,191,132,0,0,59,141,114,138,153,137,147,130,68,131,9,136,122,171
80,16,33,130,155,131,213,130,242,131,41,132,158,132,195,132,0,0,69,141,99,138,190,137,142,130,24,131,22,136,127,171
81,16,6,130,144,131,185,130,210,131,32,132,145,132,195,132,0,0,93,141,123,138,178,137,131,130,10,131,27,136,136,171
82,16,248,129,136,131,173,130,207,131,41,132,159,132,207,132,0,0,105,141,137,138,175,137,108,130,33,131,13,136,134,171
83,16,14,130,133,131,190,130,216,131,39,132,149,132,213,132,0,0,104,141,112,138,187,137,117,130,38,131,18,136,134,171
84,16,20,130,133,131,220,130,210,131,8,132,120,132,210,132,0,0,116,141,114,138,176,137,119,130,11,131,25,136,158,171
85,16,14,130,126,131,254,130,215,131,14,132,123,132,221,132,0,0,106,141,116,138,169,137,90,130,10,131,26,136,163,171
86,16,37,130,138,131,17,131,217,131,42,132,112,132,229,132,0,0,80,141,110,138,185,137,97,130,28,131,41,136,159,171
87,16,56,130,155,131,10,131,209,131,39,132,88,132,214,132,0,0,94,141,117,138,163,137,139,130,33,131,59,136,163,171
88,16,57,130,150,131,6,131,225,131,24,132,106,132,204,132,0,0,100,141,113,138,156,137,142,130,26,131,47,136,167,171
89,16,66,130,146,131,6,131,228,131,39,132,115,132,224,132,0,0,73,141,98,138,190,137,129,130,25,131,18,136,171,171
90,16,69,130,159,131,3,131,226,131,44,132,94,132,232,132,0,0,69,141,98,138,155,137,135,130,38,131,28,136,175,171
91,16,53,130,151,131,16,131,226,131,23,132,113,132,213,132,0,0,86,141,121,138,127,137,134,130,57,131,54,136,148,171
92,16,50,130,141,131,15,131,215,131,24,132,151,132,206,132,0,0,84,141,129,138,202,137,131,130,44,131,37,136,123,171
93,16,51,130,173,131,248,130,233,131,37,132,149,132,205,132,0,0,81,141,111,138,201,137,134,130,22,131,20,136,148,171
94,16,21,130,171,131,236,130,6,132,26,132,133,132,206,132,0,0,89,141,97,138,94,137,132,130,39,131,35,136,157,171
95,16,7,130,136,131,241,130,243,131,15,132,121,132,204,132,0,0,91,141,110,138,90,137,137,130,55,131,34,136,142,171
96,16,28,130,146,131,238,130,230,131,27,132,118,132,209,132,0,0,80,141,130,138,152,137,137,130,37,131,25,136,145,171
97,16,20,130,145,131,214,130,0,132,28,132,139,132,210,132,0,0,88,141,125,138,144,137,131,130,33,131,24,136,147,171
98,16,21,130,127,131,225,130,244,131,13,132,148,132,192,132,0,0,102,141,112,138,122,137,137,130,54,131,25,136,139,171
99,16,36,130,151,131,0,131,221,131,34,132,133,132,197,132,0,0,85,141,116,138,145,137,148,130,50,131,34,136,134,171
100,16,30,130,161,131,228,130,240,131,51,132,140,132,224,132,0,0,62,141,118,138,178,137,151,130,32,131,49,136,144,171
101,16,29,130,123,131,204,130,250,131,23,132,150,132,205,132,0,0,83,141,127,138,196,137,149,130,39,131,41,136,145,171
102,16,23,130,123,131,204,130,231,131,21,132,159,132,161,132,0,0,124,141,129,138,178,137,141,130,35,131,25,136,132,171
103,16,0,130,127,131,196,130,230,131,57,132,173,132,172,132,0,0,130,141,112,138,138,137,138,130,22,131,15,136,123,171
104,16,255,129,89,131,191,130,235,131,39,132,163,132,215,132,0,0,114,141,103,138,158,137,137,130,24,131,19,136,140,171
105,16,14,130,101,131,205,130,230,131,4,132,145,132,215,132,0,0,91,141,119,138,191,137,132,130,37,131,36,136,143,171
106,16,1,130,133,131,228,130,239,131,30,132,136,132,194,132,0,0,83,141,123,138,158,137,134,130,43,131,42,136,108,171
107,16,243,129,101,131,201,130,236,131,56,132,143,132,196,132,0,0,114,141,116,138,145,137,130,130,46,131,38,136,107,171
108,16,7,130,93,131,178,130,238,131,37,132,158,132,203,132,0,0,124,141,118,138,187,137,130,130,50,131,26,136,141,171
109,16,21,130,135,131,210,130,253,131,28,132,151,132,204,132,0,0,87,141,110,138,199,137,141,130,44,131,253,135,144,171
110,16,2,130,134,131,197,130,249,131,38,132,160,132,199,132,0,0,81,141,102,138,171,137,141,130,32,131,244,135,126,171
111,16,7,130,115,131,158,130,252,131,31,132,189,132,190,132,0,0,94,141,119,138,169,137,134,130,38,131,9,136,123,171
112,16,18,130,136,131,167,130,1,132,27,132,174,132,181,132,0,0,90,141,133,138,197,137,147,130,41,131,18,136,112,171
113,16,247,129,144,131,184,130,250,131,40,132,148,132,194,132,0,0,94,141,118,138,182,137,153,130,22,131,18,136,101,171
114,16,226,129,134,131,159,130,252,131,47,132,165,132,204,132,0,0,107,141,108,138,119,137,141,130,13,131,24,136,116,171
115,16,239,129,138,131,145,130,6,132,51,132,164,132,192,132,0,0,106,141,125,138,128,137,151,130,36,131,15,136,120,171
116,16,255,129,132,131,161,130,7,132,46,132,138,132,192,132,0,0,108,141,139,138,204,137,162,130,49,131,13,136,113,171
117,16,244,129,124,131,159,130,249,131,39,132,148,132,216,132,0,0,123,141,118,138,205,137,149,130,37,131,30,136,120,171
118,16,239,129,146,131,139,130,230,131,44,132,174,132,226,132,0,0,118,141,97,138,180,137,149,130,40,131,13,136,133,171
119,16,253,129,159,131,150,130,232,131,62,132,163,132,214,132,0,0,92,141,127,138,196,137,154,130,60,131,237,135,118,171
120,16,249,129,139,131,170,130,253,131,54,132,142,132,201,132,0,0,94,141,140,138,211,137,145,130,68,131,253,135,100,171
121,16,237,129,131,131,169,130,254,131,27,132,156,132,195,132,0,0,113,141,110,138,197,137,129,130,40,131,26,136,116,171
122,16,232,129,144,131,155,130,237,131,22,132,170,132,199,132,0,0,130,141,118,138,143,137,117,130,9,131,30,136,133,171
123,16,247,129,133,131,153,130,234,131,41,132,149,132,205,132,0,0,113,141,137,138,99,137,124,130,28,131,13,136,129,171
124,16,14,130,118,131,159,130,2,132,48,132,130,132,213,132,0,0,101,141,111,138,113,137,150,130,44,131,253,135,131,171
125,16,255,129,118,131,140,130,14,132,17,132,156,132,209,132,0,0,123,141,118,138,117,137,156,130,18,131,7,136,132,171
126,16,247,129,122,131,161,130,249,131,2,132,160,132,186,132,0,0,118,141,132,138,106,137,143,130,16,131,19,136,122,171
127,16,14,130,136,131,215,130,250,131,18,132,130,132,189,132,77,0,100,141,104,138,123,137,143,130,47,131,7,136,108,171
0,16,252,129,139,131,185,130,18,132,37,132,148,132,219,132,0,0,115,141,110,138,122,137,147,130,43,131,6,136,100,171
1,16,214,129,130,131,148,130,15,132,35,132,182,132,226,132,0,0,116,141,132,138,90,137,153,130,47,131,30,136,108,171
2,16,217,129,128,131,173,130,249,131,28,132,174,132,212,132,0,0,109,141,114,138,140,137,158,130,57,131,24,136,118,171
3,16,230,129,136,131,179,130,254,131,45,132,165,132,207,132,0,0,123,141,109,138,169,137,165,130,44,131,13,136,104,171
4,16,218,129,127,131,138,130,17,132,71,132,174,132,211,132,0,0,122,141,125,138,125,137,170,130,47,131,24,136,88,171
5,16,227,129,118,131,124,130,10,132,66,132,182,132,216,132,0,0,107,141,120,138,153,137,150,130,48,131,17,136,100,171
6,16,248,129,131,131,153,130,3,132,25,132,169,132,204,132,0,0,99,141,112,138,179,137,148,130,29,131,11,136,116,171
7,16,229,129,121,131,154,130,10,132,36,132,151,132,191,132,0,0,93,141,120,138,123,137,162,130,28,131,30,136,102,171
8,16,243,129,112,131,146,130,5,132,78,132,161,132,188,132,0,0,103,141,125,138,135,137,149,130,36,131,26,136,92,171
9,16,22,130,126,131,149,130,2,132,66,132,168,132,200,132,0,0,106,141,121,138,218,137,137,130,11,131,5,136,126,171
10,16,239,129,123,131,128,130,14,132,39,132,158,132,213,132,0,0,86,141,115,138,200,137,159,130,19,131,20,136,126,171
11,16,216,129,123,131,127,130,8,132,46,132,175,132,212,132,0,0,92,141,110,138,146,137,167,130,68,131,30,136,90,171
12,16,247,129,140,131,155,130,251,131,57,132,192,132,206,132,0,0,125,141,114,138,193,137,143,130,67,131,13,136,103,171
13,16,237,129,132,131,154,130,10,132,47,132,175,132,202,132,0,0,122,141,132,138,192,137,146,130,37,131,15,136,136,171
14,16,208,129,120,131,139,130,8,132,50,132,153,132,199,132,0,0,92,141,134,138,124,137,157,130,46,131,25,136,119,171
15,16,214,129,131,131,155,130,247,131,58,132,163,132,210,132,0,0,99,141,109,138,128,137,146,130,50,131,13,136,89,171
16,16,230,129,134,131,183,130,1,132,48,132,170,132,215,132,0,0,106,141,113,138,191,137,143,130,26,131,20,136,97,171
17,16,7,130,120,131,173,130,2,132,20,132,159,132,178,132,0,0,93,141,126,138,197,137,155,130,23,131,35,136,122,171
18,16,15,130,119,131,166,130,242,131,27,132,151,132,154,132,0,0,98,141,101,138,170,137,166,130,37,131,32,136,131,171
19,16,9,130,149,131,196,130,4,132,80,132,153,132,193,132,0,0,105,141,95,138,179,137,157,130,37,131,29,136,111,171
20,16,19,130,167,131,205,130,21,132,88,132,160,132,231,132,0,0,98,141,115,138,179,137,150,130,41,131,25,136,93,171
21,16,7,130,145,131,193,130,18,132,45,132,148,132,213,132,0,0,92,141,121,138,181,137,158,130,45,131,29,136,106,171
22,16,250,129,124,131,190,130,15,132,40,132,140,132,170,132,0,0,110,141,123,138,182,137,148,130,38,131,35,136,123,171
23,16,249,129,131,131,182,130,11,132,65,132,152,132,183,132,0,0,120,141,124,138,158,137,134,130,34,131,19,136,119,171
24,16,235,129,134,131,184,130,18,132,54,132,154,132,205,132,0,0,106,141,126,138,163,137,149,130,41,131,254,135,120,171
25,16,225,129,136,131,174,130,19,132,21,132,141,132,180,132,0,0,104,141,124,138,167,137,148,130,36,131,16,136,133,171
26,16,244,129,141,131,167,130,246,131,10,132,136,132,153,132,0,0,115,141,127,138,162,137,123,130,25,131,43,136,122,171
27,16,8,130,144,131,204,130,232,131,27,132,150,132,169,132,0,0,115,141,134,138,164,137,134,130,25,131,36,136,113,171
28,16,2,130,144,131,208,130,2,132,56,132,161,132,191,132,0,0,114,141,123,138,164,137,164,130,33,131,19,136,110,171
29,16,255,129,138,131,191,130,29,132,53,132,161,132,210,132,0,0,108,141,102,138,163,137,161,130,41,131,19,136,91,171
30,16,243,129,136,131,206,130,25,132,29,132,160,132,217,132,0,0,78,141,112,138,166,137,152,130,40,131,36,136,91,171
31,16,242,129,133,131,188,130,22,132,41,132,164,132,192,132,0,0,78,141,117,138,162,137,144,130,50,131,46,136,127,171
32,16,12,130,132,131,161,130,24,132,73,132,163,132,190,132,0,0,121,141,104,138,163,137,145,130,56,131,20,136,117,171
33,16,254,129,129,131,174,130,18,132,64,132,149,132,214,132,0,0,122,141,130,138,179,137,158,130,40,131,244,135,84,171
34,16,219,129,146,131,176,130,10,132,32,132,159,132,207,132,0,0,92,141,144,138,188,137,163,130,33,131,10,136,113,171
35,16,223,129,162,131,145,130,7,132,55,132,188,132,197,132,0,0,114,141,121,138,192,137,158,130,48,131,48,136,121,171
36,16,222,129,152,131,124,130,13,132,94,132,190,132,205,132,0,0,131,141,111,138,187,137,158,130,71,131,21,136,83,171
37,16,205,129,130,131,130,130,30,132,68,132,185,132,191,132,0,0,93,141,108,138,180,137,158,130,76,131,1,136,82,171
38,16,203,129,114,131,124,130,55,132,58,132,206,132,165,132,0,0,91,141,120,138,194,137,150,130,52,131,17,136,99,171
39,16,208,129,120,131,115,130,75,132,76,132,215,132,183,132,0,0,116,141,130,138,165,137,160,130,36,131,0,136,88,171
40,16,204,129,120,131,98,130,63,132,64,132,221,132,209,132,0,0,117,141,116,138,119,137,154,130,53,131,247,135,87,171
41,16,187,129,113,131,71,130,47,132,72,132,225,132,206,132,0,0,124,141,123,138,147,137,150,130,56,131,1,136,83,171
42,16,165,129,129,131,75,130,60,132,87,132,220,132,205,132,0,0,130,141,140,138,198,137,175,130,40,131,247,135,72,171
43,16,163,129,138,131,63,130,77,132,99,132,238,132,215,132,0,0,128,141,118,138,190,137,175,130,43,131,236,135,73,171
44,16,181,129,119,131,37,130,78,132,97,132,253,132,212,132,0,0,119,141,106,138,171,137,165,130,59,131,236,135,46,171
45,16,168,129,122,131,34,130,82,132,90,132,249,132,191,132,0,0,115,141,127,138,175,137,181,130,55,131,234,135,11,171
46,16,142,129,156,131,11,130,94,132,96,132,16,133,178,132,0,0,135,141,133,138,176,137,199,130,52,131,227,135,14,171
47,16,138,129,143,131,227,129,86,132,94,132,34,133,189,132,0,0,127,141,124,138,191,137,200,130,63,131,209,135,27,171
48,16,103,129,119,131,213,129,73,132,96,132,38,133,227,132,0,0,101,141,123,138,206,137,215,130,60,131,190,135,255,170
49,16,61,129,140,131,195,129,107,132,103,132,60,133,231,132,0,0,123,141,118,138,188,137,234,130,58,131,213,135,228,170
50,16,50,129,128,131,167,129,145,132,111,132,95,133,166,132,0,0,149,141,117,138,178,137,218,130,70,131,226,135,241,170
51,16,45,129,87,131,151,129,124,132,126,132,103,133,157,132,0,0,148,141,125,138,191,137,209,130,68,131,199,135,251,170
52,16,53,129,93,131,143,129,122,132,142,132,83,133,200,132,0,0,147,141,120,138,199,137,215,130,57,131,194,135,235,170
53,16,66,129,103,131,143,129,143,132,128,132,83,133,188,132,0,0,144,141,134,138,190,137,211,130,59,131,203,135,219,170
54,16,56,129,105,131,146,129,123,132,112,132,106,133,164,132,0,0,152,141,155,138,192,137,201,130,57,131,188,135,216,170
55,16,61,129,123,131,157,129,106,132,139,132,91,133,154,132,0,0,166,141,139,138,194,137,198,130,56,131,170,135,224,170
56,16,79,129,120,131,175,129,101,132,124,132,44,133,163,132,0,0,166,141,127,138,185,137,192,130,54,131,180,135,239,170
57,16,98,129,88,131,211,129,80,132,89,132,30,133,182,132,0,0,161,141,145,138,189,137,179,130,26,131,202,135,5,171
58,16,122,129,81,131,251,129,53,132,73,132,16,133,178,132,0,0,173,141,157,138,195,137,157,130,2,131,223,135,36,171
59,16,140,129,79,131,11,130,8,132,48,132,186,132,155,132,0,0,199,141,164,138,184,137,116,130,238,130,1,136,79,171
60,16,180,129,55,131,42,130,208,131,39,132,80,132,182,132,0,0,210,141,171,138,182,137,80,130,200,130,26,136,103,171
61,16,227,129,47,131,122,130,173,131,20,132,30,132,231,132,0,0,183,141,164,138,190,137,59,130,169,130,28,136,134,171
62,16,255,129,54,131,228,130,161,131,15,132,255,131,220,132,0,0,140,141,160,138,181,137,67,130,190,130,47,136,186,171
63,16,57,130,49,131,40,131,175,131,35,132,216,131,204,132,0,0,127,141,149,138,191,137,98,130,226,130,76,136,210,171
64,16,114,130,59,131,74,131,215,131,22,132,210,131,211,132,0,0,110,141,125,138,195,137,90,130,235,130,61,136,216,171
65,16,127,130,123,131,132,131,244,131,16,132,214,131,231,132,0,0,44,141,108,138,147,137,87,130,251,130,49,136,230,171
66,16,129,130,161,131,152,131,247,131,35,132,240,131,243,132,0,0,5,141,95,138,137,137,120,130,17,131,72,136,216,171
67,16,138,130,128,131,126,131,255,131,30,132,20,132,227,132,0,0,35,141,102,138,182,137,142,130,15,131,67,136,193,171
68,16,131,130,128,131,124,131,6,132,2,132,12,132,216,132,0,0,49,141,126,138,196,137,138,130,8,131,52,136,214,171
69,16,126,130,155,131,126,131,251,131,8,132,250,131,215,132,0,0,22,141,120,138,175,137,128,130,17,131,49,136,223,171
70,16,129,130,145,131,115,131,6,132,35,132,254,131,222,132,0,0,24,141,94,138,187,137,128,130,20,131,60,136,203,171
71,16,123,130,138,131,108,131,25,132,27,132,1,132,231,132,0,0,50,141,98,138,197,137,119,130,9,131,87,136,197,171
72,16,116,130,150,131,115,131,28,132,18,132,8,132,224,132,0,0,48,141,117,138,153,137,101,130,9,131,90,136,196,171
73,16,120,130,153,131,142,131,24,132,19,132,12,132,209,132,0,0,34,141,108,138,101,137,106,130,20,131,51,136,200,171
74,16,123,130,156,131,146,131,0,132,12,132,251,131,215,132,0,0,35,141,89,138,95,137,110,130,19,131,56,136,201,171
75,16,125,130,157,131,138,131,241,131,18,132,8,132,238,132,0,0,43,141,92,138,121,137,95,130,13,131,109,136,205,171
76,16,118,130,138,131,138,131,14,132,26,132,24,132,239,132,0,0,45,141,106,138,110,137,105,130,9,131,98,136,211,171
77,16,101,130,122,131,119,131,29,132,25,132,22,132,222,132,0,0,40,141,104,138,94,137,147,130,9,131,55,136,196,171
78,16,93,130,137,131,92,131,7,132,37,132,31,132,218,132,0,0,28,141,93,138,106,137,162,130,28,131,55,136,190,171
79,16,88,130,154,131,82,131,5,132,68,132,40,132,223,132,0,0,16,141,97,138,111,137,163,130,45,131,59,136,200,171
80,16,92,130,146,131,69,131,41,132,55,132,43,132,219,132,0,0,23,141,88,138,114,137,169,130,45,131,43,136,171,171
81,16,96,130,135,131,41,131,44,132,19,132,50,132,216,132,0,0,28,141,84,138,112,137,148,130,38,131,25,136,129,171
82,16,58,130,147,131,16,131,9,132,38,132,86,132,223,132,0,0,46,141,118,138,110,137,142,130,46,131,24,136,132,171
83,16,34,130,156,131,8,131,1,132,53,132,124,132,233,132,0,0,59,141,117,138,109,137,156,130,56,131,35,136,150,171
84,16,55,130,151,131,8,131,18,132,47,132,128,132,224,132,0,0,57,141,86,138,117,137,147,130,50,131,29,136,130,171
85,16,59,130,159,131,17,131,49,132,37,132,134,132,198,132,0,0,58,141,98,138,108,137,146,130,53,131,25,136,115,171
86,16,34,130,163,131,12,131,103,132,49,132,166,132,206,132,0,0,60,141,108,138,104,137,170,130,67,131,49,136,130,171
87,16,28,130,164,131,245,130,137,132,95,132,175,132,226,132,0,0,61,141,82,138,152,137,186,130,86,131,34,136,114,171
88,16,50,130,167,131,239,130,117,132,98,132,174,132,198,132,0,0,44,141,82,138,198,137,180,130,89,131,253,135,83,171
89,16,37,130,143,131,209,130,98,132,70,132,220,132,177,132,0,0,32,141,118,138,185,137,179,130,62,131,4,136,95,171
90,16,8,130,130,131,166,130,120,132,67,132,239,132,194,132,0,0,44,141,110,138,167,137,192,130,66,131,17,136,113,171
91,16,242,129,144,131,152,130,123,132,104,132,227,132,184,132,0,0,76,141,88,138,185,137,202,130,101,131,4,136,86,171
92,16,195,129,147,131,117,130,98,132,126,132,249,132,183,132,0,0,92,141,111,138,198,137,205,130,87,131,250,135,51,171
93,16,181,129,137,131,85,130,76,132,96,132,11,133,206,132,0,0,90,141,120,138,183,137,197,130,34,131,254,135,62,171
94,16,200,129,109,131,85,130,62,132,93,132,7,133,191,132,0,0,124,141,110,138,178,137,173,130,35,131,11,136,72,171
95,16,179,129,88,131,52,130,58,132,99,132,251,132,154,132,0,0,139,141,125,138,175,137,162,130,57,131,4,136,61,171
96,16,149,129,96,131,25,130,41,132,52,132,212,132,147,132,0,0,126,141,138,138,174,137,185,130,39,131,217,135,59,171
97,16,141,129,99,131,36,130,5,132,24,132,186,132,158,132,0,0,153,141,132,138,196,137,146,130,16,131,203,135,85,171
98,16,147,129,108,131,43,130,254,131,77,132,187,132,173,132,0,0,177,141,140,138,179,137,82,130,20,131,242,135,101,171
99,16,168,129,111,131,42,130,6,132,64,132,170,132,204,132,0,0,163,141,167,138,141,137,115,130,17,131,20,136,97,171
100,16,191,129,88,131,55,130,234,131,247,131,161,132,220,132,0,0,155,141,169,138,167,137,121,130,255,130,12,136,91,171
101,16,196,129,94,131,96,130,230,131,9,132,175,132,206,132,0,0,154,141,143,138,195,137,84,130,5,131,243,135,81,171
102,16,197,129,106,131,138,130,4,132,50,132,157,132,189,132,0,0,140,141,122,138,168,137,117,130,12,131,233,135,91,171
103,16,233,129,88,131,137,130,254,131,55,132,133,132,195,132,0,0,135,141,124,138,162,137,148,130,4,131,249,135,127,171
104,16,9,130,100,131,141,130,243,131,33,132,143,132,215,132,0,0,122,141,121,138,179,137,113,130,24,131,7,136,125,171
105,16,249,129,137,131,165,130,2,132,19,132,148,132,214,132,0,0,99,141,100,138,155,137,118,130,36,131,9,136,98,171
106,16,237,129,152,131,170,130,24,132,68,132,131,132,203,132,0,0,96,141,103,138,171,137,150,130,14,131,26,136,106,171
107,16,250,129,150,131,148,130,23,132,97,132,133,132,196,132,0,0,109,141,126,138,190,137,138,130,7,131,26,136,123,171
108,16,2,130,134,131,171,130,12,132,45,132,136,132,207,132,0,0,105,141,134,138,127,137,144,130,22,131,255,135,111,171
109,16,4,130,112,131,213,130,24,132,14,132,132,132,211,132,0,0,111,141,132,138,120,137,153,130,11,131,253,135,115,171
110,16,4,130,132,131,192,130,21,132,42,132,130,132,200,132,0,0,134,141,138,138,197,137,138,130,2,131,22,136,133,171
111,16,11,130,144,131,168,130,0,132,42,132,110,132,206,132,0,0,131,141,136,138,205,137,129,130,9,131,33,136,127,171
112,16,24,130,98,131,201,130,247,131,12,132,83,132,220,132,0,0,108,141,130,138,165,137,131,130,254,130,26,136,125,171
113,16,27,130,69,131,239,130,244,131,12,132,74,132,218,132,0,0,103,141,131,138,183,137,132,130,245,130,25,136,140,171
114,16,37,130,96,131,237,130,231,131,38,132,44,132,216,132,0,0,85,141,126,138,200,137,123,130,2,131,25,136,145,171
115,16,58,130,114,131,214,130,226,131,43,132,29,132,227,132,0,0,70,141,115,138,144,137,90,130,12,131,22,136,143,171
116,16,71,130,126,131,238,130,240,131,30,132,56,132,221,132,0,0,77,141,109,138,105,137,79,130,15,131,48,136,150,171
117,16,63,130,131,131,21,131,251,131,27,132,65,132,222,132,0,0,60,141,118,138,112,137,120,130,19,131,64,136,167,171
118,16,56,130,117,131,21,131,242,131,30,132,73,132,231,132,0,0,43,141,117,138,108,137,146,130,24,131,41,136,168,171
119,16,78,130,137,131,27,131,237,131,29,132,79,132,218,132,0,0,51,141,114,138,122,137,128,130,32,131,27,136,147,171
120,16,80,130,169,131,38,131,0,132,21,132,69,132,212,132,0,0,67,141,118,138,169,137,115,130,28,131,27,136,148,171
121,16,60,130,146,131,31,131,23,132,18,132,84,132,227,132,0,0,67,141,112,138,163,137,133,130,15,131,35,136,168,171
122,16,49,130,132,131,40,131,28,132,31,132,94,132,228,132,0,0,48,141,112,138,101,137,147,130,10,131,45,136,156,171
123,16,46,130,141,131,42,131,20,132,29,132,80,132,210,132,0,0,43,141,128,138,97,137,142,130,26,131,31,136,136,171
124,16,66,130,134,131,27,131,9,132,20,132,92,132,211,132,0,0,47,141,121,138,132,137,127,130,50,131,13,136,158,171
125,16,84,130,132,131,26,131,252,131,39,132,114,132,228,132,0,0,46,141,105,138,116,137,126,130,55,131,28,136,172,171
126,16,66,130,145,131,44,131,255,131,45,132,78,132,226,132,0,0,39,141,116,138,102,137,146,130,50,131,54,136,161,171
127,16,62,130,151,131,39,131,6,132,36,132,57,132,211,132,77,0,57,141,116,138,148,137,140,130,43,131,67,136,176,171
0,16,74,130,141,131,18,131,250,131,41,132,81,132,206,132,0,0,89,141,105,138,186,137,124,130,39,131,63,136,183,171
1,16,67,130,140,131,31,131,5,132,33,132,90,132,216,132,0,0,77,141,115,138,174,137,140,130,34,131,30,136,166,171
2,16,65,130,161,131,32,131,23,132,34,132,105,132,213,132,0,0,53,141,115,138,169,137,164,130,16,131,20,136,157,171
3,16,73,130,147,131,11,131,17,132,39,132,122,132,210,132,0,0,61,141,105,138,186,137,153,130,24,131,30,136,150,171
4,16,58,130,120,131,8,131,11,132,34,132,117,132,223,132,0,0,80,141,111,138,183,137,137,130,49,131,16,136,137,171
5,16,42,130,149,131,7,131,4,132,44,132,104,132,231,132,0,0,63,141,122,138,179,137,156,130,26,131,22,136,132,171
6,16,56,130,170,131,12,131,8,132,59,132,98,132,223,132,0,0,33,141,116,138,180,137,166,130,6,131,47,136,143,171
7,16,53,130,138,131,249,130,26,132,54,132,118,132,227,132,0,0,40,141,103,138,195,137,142,130,37,131,28,136,155,171
8,16,33,130,139,131,226,130,33,132,50,132,143,132,238,132,0,0,77,141,107,138,180,137,138,130,57,131,9,136,145,171
9,16,45,130,168,131,232,130,16,132,42,132,141,132,225,132,0,0,88,141,129,138,136,137,163,130,42,131,31,136,127,171
10,16,51,130,160,131,221,130,253,131,37,132,136,132,203,132,0,0,73,141,135,138,167,137,160,130,37,131,37,136,130,171
11,16,18,130,145,131,208,130,6,132,46,132,146,132,178,132,0,0,61,141,111,138,176,137,140,130,40,131,18,136,148,171
12,16,239,129,136,131,225,130,25,132,39,132,144,132,163,132,0,0,78,141,96,138,140,137,135,130,47,131,14,136,149,171
13,16,246,129,124,131,226,130,33,132,32,132,137,132,179,132,0,0,106,141,105,138,150,137,136,130,52,131,18,136,146,171
14,16,28,130,127,131,218,130,27,132,35,132,135,132,198,132,0,0,96,141,115,138,143,137,139,130,39,131,16,136,143,171
15,16,36,130,144,131,209,130,31,132,38,132,142,132,220,132,0,0,83,141,116,138,119,137,144,130,22,131,16,136,129,171
16,16,19,130,149,131,199,130,46,132,41,132,167,132,214,132,0,0,88,141,120,138,161,137,136,130,23,131,33,136,125,171
17,16,21,130,147,131,207,130,37,132,48,132,168,132,171,132,0,0,92,141,118,138,216,137,132,130,23,131,44,136,135,171
18,16,18,130,145,131,192,130,39,132,69,132,143,132,168,132,0,0,100,141,113,138,171,137,144,130,27,131,22,136,133,171
19,16,15,130,124,131,186,130,44,132,89,132,143,132,213,132,0,0,93,141,108,138,120,137,154,130,40,131,20,136,126,171
20,16,11,130,112,131,211,130,33,132,66,132,164,132,221,132,0,0,85,141,103,138,129,137,145,130,44,131,39,136,128,171
21,16,2,130,137,131,194,130,30,132,48,132,170,132,203,132,0,0,99,141,112,138,146,137,147,130,41,131,26,136,136,171
22,16,12,130,131,131,154,130,50,132,75,132,156,132,215,132,0,0,94,141,122,138,137,137,167,130,50,131,9,136,132,171
23,16,14,130,87,131,171,130,59,132,74,132,158,132,200,132,0,0,78,141,117,138,92,137,162,130,45,131,17,136,120,171
24,16,7,130,99,131,209,130,56,132,36,132,160,132,181,132,0,0,84,141,114,138,89,137,141,130,21,131,19,136,125,171
25,16,14,130,137,131,181,130,60,132,34,132,154,132,198,132,0,0,91,141,118,138,145,137,140,130,17,131,13,136,128,171
26,16,16,130,117,131,157,130,37,132,42,132,150,132,204,132,0,0,101,141,129,138,197,137,138,130,20,131,18,136,119,171
27,16,21,130,113,131,197,130,0,132,31,132,141,132,211,132,0,0,117,141,139,138,187,137,139,130,28,131,22,136,121,171
28,16,11,130,140,131,196,130,5,132,56,132,139,132,213,132,0,0,121,141,130,138,161,137,149,130,38,131,18,136,126,171
29,16,245,129,138,131,177,130,37,132,77,132,139,132,206,132,0,0,96,141,114,138,186,137,143,130,28,131,33,136,125,171
30,16,1,130,146,131,197,130,40,132,33,132,138,132,207,132,0,0,93,141,116,138,180,137,134,130,26,131,45,136,140,171
31,16,28,130,159,131,198,130,49,132,21,132,137,132,205,132,0,0,108,141,129,138,150,137,150,130,35,131,35,136,149,171
32,16,26,130,128,131,187,130,60,132,45,132,129,132,200,132,0,0,96,141,126,138,165,137,148,130,30,131,27,136,129,171
33,16,22,130,107,131,204,130,35,132,36,132,138,132,199,132,0,0,92,141,116,138,183,137,120,130,14,131,37,136,121,171
34,16,30,130,134,131,231,130,26,132,46,132,147,132,197,132,0,0,103,141,129,138,175,137,130,130,15,131,39,136,133,171
35,16,29,130,141,131,223,130,38,132,79,132,136,132,204,132,0,0,99,141,141,138,168,137,159,130,20,131,19,136,133,171
36,16,28,130,117,131,189,130,26,132,54,132,120,132,223,132,0,0,90,141,121,138,185,137,163,130,17,131,15,136,123,171
37,16,40,130,130,131,199,130,18,132,27,132,120,132,214,132,0,0,98,141,100,138,198,137,151,130,13,131,39,136,133,171
38,16,31,130,130,131,211,130,23,132,45,132,125,132,231,132,0,0,99,141,132,138,180,137,137,130,18,131,36,136,144,171
39,16,16,130,106,131,205,130,21,132,38,132,109,132,249,132,0,0,101,141,136,138,171,137,131,130,37,131,16,136,144,171
40,16,22,130,121,131,225,130,24,132,32,132,101,132,208,132,0,0,110,141,106,138,170,137,136,130,39,131,19,136,158,171
41,16,35,130,139,131,228,130,12,132,47,132,101,132,189,132,0,0,92,141,124,138,174,137,143,130,21,131,32,136,156,171
42,16,30,130,133,131,204,130,244,131,35,132,91,132,213,132,0,0,86,141,137,138,180,137,147,130,18,131,30,136,156,171
43,16,13,130,131,131,221,130,255,131,40,132,108,132,211,132,0,0,104,141,110,138,136,137,136,130,23,131,34,136,182,171
44,16,30,130,134,131,248,130,48,132,62,132,122,132,203,132,0,0,80,141,103,138,77,137,131,130,36,131,47,136,175,171
45,16,50,130,126,131,228,130,67,132,52,132,108,132,226,132,0,0,44,141,111,138,136,137,149,130,48,131,50,136,130,171
46,16,19,130,113,131,214,130,10,132,54,132,107,132,233,132,0,0,77,141,112,138,228,137,159,130,23,131,30,136,129,171
47,16,13,130,118,131,236,130,233,131,57,132,110,132,220,132,0,0,101,141,116,138,155,137,147,130,7,131,22,136,153,171
48,16,48,130,133,131,241,130,18,132,32,132,104,132,221,132,0,0,69,141,116,138,84,137,130,130,31,131,29,136,139,171
49,16,61,130,140,131,245,130,48,132,33,132,114,132,217,132,0,0,68,141,97,138,157,137,128,130,38,131,10,136,137,171
50,16,49,130,146,131,2,131,33,132,48,132,125,132,222,132,0,0,85,141,100,138,192,137,142,130,16,131,5,136,141,171
51,16,34,130,142,131,243,130,22,132,28,132,109,132,221,132,0,0,72,141,111,138,170,137,153,130,23,131,31,136,115,171
52,16,23,130,141,131,225,130,23,132,29,132,88,132,202,132,0,0,74,141,112,138,191,137,143,130,59,131,32,136,111,171
53,16,45,130,144,131,223,130,27,132,67,132,92,132,204,132,0,0,99,141,126,138,166,137,146,130,58,131,18,136,136,171
54,16,53,130,130,131,230,130,35,132,56,132,125,132,206,132,0,0,83,141,132,138,97,137,169,130,49,131,23,136,131,171
55,16,38,130,120,131,250,130,39,132,25,132,133,132,179,132,0,0,63,141,120,138,110,137,158,130,48,131,19,136,129,171
56,16,22,130,131,131,234,130,29,132,42,132,119,132,174,132,0,0,84,141,112,138,116,137,130,130,36,131,17,136,136,171
57,16,17,130,148,131,214,130,33,132,62,132,134,132,195,132,0,0,94,141,119,138,80,137,148,130,38,131,47,136,128,171
58,16,17,130,147,131,217,130,37,132,51,132,149,132,199,132,0,0,78,141,119,138,136,137,171,130,54,131,57,136,127,171
59,16,5,130,141,131,206,130,29,132,37,132,146,132,198,132,0,0,78,141,113,138,206,137,154,130,42,131,15,136,134,171
60,16,12,130,156,131,211,130,34,132,43,132,148,132,205,132,0,0,84,141,111,138,187,137,149,130,22,131,254,135,123,171
61,16,28,130,158,131,215,130,51,132,55,132,150,132,200,132,0,0,102,141,108,138,159,137,159,130,44,131,23,136,115,171
62,16,20,130,137,131,189,130,60,132,74,132,166,132,205,132,0,0,99,141,115,138,181,137,170,130,60,131,32,136,122,171
63,16,255,129,124,131,201,130,68,132,82,132,166,132,217,132,0,0,70,141,109,138,199,137,181,130,47,131,29,136,107,171
64,16,235,129,139,131,215,130,78,132,80,132,168,132,198,132,0,0,85,141,93,138,188,137,173,130,62,131,18,136,98,171
65,16,225,129,148,131,169,130,80,132,82,132,185,132,191,132,0,0,108,141,92,138,182,137,176,130,88,131,253,135,115,171
66,16,223,129,139,131,135,130,80,132,85,132,177,132,218,132,0,0,94,141,112,138,185,137,184,130,70,131,0,136,110,171
67,16,220,129,126,131,152,130,89,132,83,132,176,132,201,132,0,0,98,141,128,138,183,137,163,130,55,131,10,136,95,171
68,16,215,129,123,131,165,130,86,132,77,132,184,132,127,132,0,0,113,141,125,138,179,137,144,130,68,131,9,136,104,171
69,16,229,129,141,131,129,130,79,132,70,132,170,132,129,132,0,0,89,141,123,138,186,137,158,130,55,131,17,136,120,171
70,16,236,129,156,131,117,130,88,132,51,132,178,132,193,132,0,0,81,141,126,138,190,137,177,130,34,131,21,136,104,171
71,16,205,129,151,131,145,130,91,132,50,132,232,132,186,132,0,0,111,141,129,138,186,137,165,130,39,131,11,136,86,171
72,16,186,129,133,131,129,130,85,132,101,132,252,132,163,132,0,0,107,141,131,138,187,137,163,130,55,131,6,136,80,171
73,16,189,129,135,131,94,130,119,132,119,132,240,132,196,132,0,0,81,141,118,138,186,137,180,130,62,131,4,136,69,171
74,16,177,129,143,131,100,130,137,132,87,132,3,133,238,132,0,0,93,141,109,138,180,137,185,130,75,131,246,135,55,171
75,16,180,129,134,131,101,130,129,132,72,132,20,133,208,132,0,0,105,141,119,138,177,137,174,130,81,131,234,135,43,171
76,16,193,129,130,131,68,130,152,132,103,132,23,133,151,132,0,0,85,141,115,138,180,137,172,130,58,131,246,135,57,171
77,16,164,129,146,131,44,130,154,132,122,132,37,133,168,132,0,0,90,141,104,138,180,137,189,130,54,131,239,135,67,171
78,16,143,129,155,131,44,130,150,132,117,132,56,133,206,132,0,0,107,141,114,138,174,137,193,130,74,131,211,135,44,171
79,16,151,129,145,131,41,130,177,132,127,132,55,133,209,132,0,0,101,141,122,138,186,137,196,130,77,131,218,135,36,171
80,16,140,129,143,131,16,130,167,132,127,132,55,133,195,132,0,0,92,141,118,138,203,137,208,130,79,131,223,135,38,171
81,16,132,129,142,131,236,129,126,132,124,132,75,133,160,132,0,0,122,141,118,138,195,137,194,130,88,131,204,135,25,171
82,16,121,129,134,131,218,129,128,132,122,132,82,133,145,132,0,0,157,141,124,138,185,137,178,130,70,131,196,135,6,171
83,16,93,129,127,131,198,129,132,132,125,132,66,133,163,132,0,0,146,141,124,138,203,137,190,130,54,131,207,135,247,170
84,16,79,129,122,131,158,129,97,132,127,132,43,133,170,132,0,0,158,141,132,138,204,137,201,130,37,131,211,135,244,170
85,16,73,129,137,131,139,129,86,132,115,132,27,133,170,132,0,0,196,141,145,138,186,137,183,130,16,131,196,135,2,171
86,16,67,129,127,131,151,129,102,132,84,132,33,133,185,132,0,0,201,141,154,138,192,137,156,130,16,131,184,135,9,171
87,16,69,129,91,131,151,129,80,132,55,132,38,133,172,132,0,0,212,141,147,138,198,137,139,130,2,131,202,135,20,171
88,16,85,129,73,131,176,129,29,132,81,132,248,132,171,132,0,0,223,141,144,138,177,137,150,130,236,130,237,135,55,171
89,16,105,129,69,131,218,129,1,132,81,132,188,132,212,132,0,0,202,141,185,138,175,137,152,130,215,130,237,135,64,171
90,16,133,129,78,131,254,129,234,131,34,132,148,132,208,132,0,0,192,141,207,138,183,137,110,130,195,130,240,135,80,171
91,16,187,129,83,131,76,130,204,131,22,132,84,132,173,132,0,0,195,141,166,138,179,137,76,130,199,130,6,136,121,171
92,16,230,129,71,131,126,130,191,131,29,132,36,132,180,132,0,0,183,141,145,138,191,137,71,130,192,130,16,136,130,171
93,16,3,130,56,131,157,130,182,131,8,132,8,132,200,132,0,0,184,141,178,138,175,137,58,130,169,130,30,136,152,171
94,16,12,130,60,131,230,130,142,131,246,131,202,131,205,132,0,0,184,141,193,138,152,137,48,130,165,130,52,136,194,171
95,16,38,130,68,131,23,131,99,131,245,131,145,131,189,132,0,0,156,141,174,138,149,137,52,130,172,130,59,136,203,171
96,16,100,130,55,131,50,131,101,131,247,131,126,131,186,132,0,0,141,141,174,138,154,137,42,130,180,130,67,136,225,171
97,16,135,130,37,131,105,131,118,131,252,131,114,131,207,132,0,0,131,141,171,138,188,137,32,130,191,130,89,136,7,172
98,16,156,130,51,131,167,131,131,131,247,131,101,131,219,132,0,0,91,141,142,138,183,137,35,130,172,130,104,136,4,172
99,16,203,130,86,131,211,131,144,131,238,131,112,131,222,132,0,0,51,141,110,138,143,137,47,130,177,130,115,136,252,171
100,16,243,130,103,131,1,132,181,131,245,131,142,131,218,132,0,0,30,141,118,138,152,137,69,130,236,130,112,136,3,172
101,16,3,131,116,131,54,132,249,131,1,132,166,131,217,132,0,0,234,140,101,138,159,137,96,130,11,131,90,136,10,172
102,16,255,130,158,131,65,132,36,132,254,131,189,131,232,132,0,0,180,140,45,138,103,137,126,130,22,131,76,136,11,172
103,16,233,130,188,131,45,132,56,132,15,132,229,131,244,132,0,0,196,140,43,138,97,137,145,130,44,131,80,136,253,171
104,16,231,130,183,131,33,132,42,132,37,132,9,132,239,132,0,0,228,140,47,138,120,137,146,130,42,131,67,136,229,171
105,16,232,130,177,131,255,131,16,132,21,132,10,132,231,132,0,0,232,140,39,138,100,137,140,130,39,131,62,136,233,171
106,16,193,130,180,131,218,131,58,132,14,132,5,132,231,132,0,0,237,140,58,138,106,137,145,130,41,131,99,136,239,171
107,16,153,130,164,131,197,131,87,132,34,132,13,132,225,132,0,0,244,140,56,138,110,137,139,130,42,131,108,136,198,171
108,16,138,130,151,131,173,131,41,132,48,132,34,132,219,132,0,0,231,140,59,138,102,137,141,130,72,131,74,136,182,171
109,16,134,130,164,131,136,131,19,132,27,132,59,132,219,132,0,0,243,140,98,138,116,137,169,130,83,131,56,136,223,171
110,16,114,130,158,131,93,131,56,132,30,132,67,132,208,132,0,0,24,141,113,138,113,137,173,130,48,131,55,136,221,171
111,16,106,130,161,131,88,131,82,132,52,132,62,132,205,132,0,0,22,141,87,138,106,137,165,130,39,131,62,136,167,171
112,16,78,130,196,131,97,131,75,132,46,132,88,132,207,132,0,0,29,141,88,138,120,137,169,130,50,131,55,136,176,171
113,16,37,130,173,131,60,131,50,132,38,132,108,132,212,132,0,0,44,141,100,138,116,137,170,130,54,131,34,136,204,171
114,16,49,130,128,131,16,131,42,132,34,132,99,132,222,132,0,0,23,141,112,138,94,137,164,130,58,131,35,136,168,171
115,16,60,130,130,131,16,131,37,132,36,132,112,132,219,132,0,0,35,141,120,138,144,137,154,130,49,131,51,136,137,171
116,16,55,130,142,131,30,131,7,132,49,132,125,132,200,132,0,0,75,141,106,138,184,137,144,130,31,131,48,136,141,171
117,16,48,130,130,131,253,130,5,132,42,132,114,132,202,132,0,0,78,141,115,138,124,137,138,130,37,131,23,136,138,171
118,16,37,130,132,131,229,130,23,132,15,132,106,132,224,132,0,0,68,141,115,138,88,137,136,130,44,131,26,136,127,171
119,16,46,130,160,131,1,131,16,132,17,132,107,132,221,132,0,0,77,141,94,138,125,137,143,130,29,131,43,136,133,171
120,16,43,130,161,131,251,130,3,132,32,132,128,132,197,132,0,0,74,141,100,138,123,137,157,130,42,131,26,136,140,171
121,16,18,130,140,131,222,130,19,132,32,132,143,132,187,132,0,0,57,141,118,138,99,137,157,130,64,131,8,136,137,171
122,16,21,130,139,131,234,130,42,132,47,132,135,132,196,132,0,0,43,141,119,138,122,137,155,130,69,131,15,136,145,171
123,16,33,130,151,131,239,130,47,132,61,132,145,132,198,132,0,0,35,141,98,138,112,137,173,130,52,131,31,136,146,171
124,16,21,130,150,131,238,130,38,132,42,132,160,132,198,132,0,0,51,141,83,138,101,137,170,130,34,131,30,136,125,171
125,16,24,130,126,131,226,130,36,132,35,132,146,132,220,132,0,0,100,141,116,138,152,137,141,130,35,131,31,136,116,171
126,16,31,130,132,131,197,130,75,132,47,132,162,132,219,132,0,0,138,141,150,138,201,137,153,130,32,131,22,136,127,171
127,16,8,130,148,131,206,130,84,132,45,132,180,132,198,132,77,0,109,141,130,138,198,137,172,130,36,131,12,136,132,171
0,16,245,129,140,131,202,130,43,132,40,132,157,132,198,132,0,0,69,141,109,138,176,137,149,130,62,131,7,136,126,171
1,16,249,129,134,131,157,130,35,132,42,132,155,132,203,132,0,0,82,141,117,138,172,137,147,130,84,131,2,136,130,171
2,16,247,129,117,131,161,130,36,132,58,132,167,132,202,132,0,0,91,141,120,138,195,137,167,130,70,131,11,136,125,171
3,16,243,129,94,131,172,130,34,132,52,132,162,132,214,132,0,0,69,141,110,138,182,137,164,130,45,131,7,136,98,171
4,16,246,129,98,131,154,130,55,132,41,132,182,132,200,132,0,0,88,141,103,138,152,137,157,130,29,131,1,136,78,171
5,16,230,129,123,131,158,130,69,132,65,132,205,132,169,132,0,0,137,141,121,138,179,137,168,130,19,131,3,136,91,171
6,16,225,129,135,131,167,130,62,132,72,132,182,132,168,132,0,0,115,141,123,138,175,137,171,130,34,131,250,135,99,171
7,16,234,129,150,131,141,130,70,132,44,132,176,132,175,132,0,0,77,141,116,138,136,137,170,130,31,131,4,136,95,171
8,16,212,129,150,131,132,130,87,132,46,132,199,132,189,132,0,0,97,141,137,138,172,137,173,130,37,131,19,136,97,171
9,16,207,129,134,131,132,130,65,132,81,132,185,132,178,132,0,0,104,141,131,138,217,137,168,130,80,131,8,136,94,171
10,16,231,129,138,131,95,130,45,132,84,132,174,132,152,132,0,0,90,141,96,138,193,137,157,130,76,131,249,135,93,171
11,16,218,129,136,131,93,130,57,132,65,132,193,132,151,132,0,0,101,141,107,138,180,137,157,130,29,131,3,136,104,171
12,16,197,129,124,131,125,130,76,132,74,132,184,132,160,132,0,0,138,141,141,138,196,137,170,130,24,131,242,135,90,171
13,16,200,129,123,131,126,130,73,132,100,132,166,132,162,132,0,0,148,141,132,138,182,137,171,130,43,131,232,135,82,171
14,16,200,129,129,131,123,130,60,132,90,132,164,132,172,132,0,0,119,141,131,138,175,137,151,130,56,131,250,135,109,171
15,16,191,129,120,131,122,130,48,132,50,132,163,132,192,132,0,0,108,141,150,138,183,137,129,130,50,131,248,135,106,171
16,16,214,129,109,131,111,130,33,132,49,132,167,132,197,132,0,0,109,141,134,138,177,137,124,130,21,131,236,135,88,171
17,16,234,129,98,131,114,130,30,132,59,132,169,132,207,132,0,0,116,141,115,138,183,137,154,130,16,131,232,135,103,171
18,16,212,129,100,131,123,130,26,132,48,132,169,132,191,132,0,0,133,141,115,138,188,137,179,130,12,131,242,135,107,171
19,16,204,129,110,131,133,130,17,132,46,132,182,132,185,132,0,0,129,141,111,138,156,137,154,130,243,130,21,136,110,171
20,16,213,129,99,131,133,130,26,132,48,132,170,132,212,132,0,0,115,141,118,138,154,137,138,130,5,131,30,136,121,171
21,16,218,129,101,131,118,130,15,132,49,132,147,132,204,132,0,0,114,141,134,138,154,137,166,130,32,131,9,136,112,171
22,16,231,129,127,131,135,130,5,132,50,132,151,132,198,132,0,0,104,141,123,138,121,137,167,130,24,131,16,136,114,171
23,16,234,129,133,131,158,130,16,132,45,132,155,132,207,132,0,0,88,141,118,138,145,137,139,130,24,131,31,136,131,171
24,16,233,129,124,131,158,130,20,132,57,132,140,132,182,132,0,0,98,141,130,138,203,137,141,130,28,131,6,136,129,171
25,16,250,129,140,131,153,130,28,132,69,132,134,132,150,132,0,0,132,141,147,138,192,137,162,130,8,131,236,135,127,171
26,16,8,130,141,131,148,130,31,132,53,132,155,132,180,132,0,0,149,141,141,138,170,137,166,130,24,131,245,135,124,171
27,16,4,130,119,131,149,130,26,132,35,132,179,132,210,132,0,0,111,141,108,138,196,137,161,130,49,131,26,136,123,171
28,16,236,129,130,131,159,130,48,132,46,132,177,132,209,132,0,0,72,141,94,138,193,137,157,130,20,131,30,136,137,171
29,16,216,129,147,131,160,130,89,132,58,132,161,132,222,132,0,0,79,141,107,138,183,137,157,130,28,131,18,136,134,171
30,16,229,129,138,131,149,130,87,132,46,132,160,132,227,132,0,0,83,141,105,138,188,137,165,130,76,131,31,136,112,171
31,16,251,129,131,131,138,130,68,132,37,132,167,132,207,132,0,0,91,141,96,138,189,137,177,130,60,131,21,136,109,171
32,16,3,130,137,131,141,130,74,132,34,132,164,132,196,132,0,0,101,141,111,138,186,137,181,130,12,131,247,135,115,171
33,16,238,129,123,131,133,130,75,132,39,132,179,132,204,132,0,0,88,141,115,138,146,137,166,130,15,131,13,136,96,171
34,16,217,129,117,131,126,130,77,132,47,132,183,132,191,132,0,0,71,141,109,138,135,137,160,130,49,131,42,136,91,171
35,16,219,129,116,131,143,130,63,132,43,132,177,132,187,132,0,0,96,141,128,138,169,137,164,130,53,131,22,136,111,171
36,16,214,129,99,131,139,130,31,132,58,132,167,132,200,132,0,0,138,141,147,138,136,137,141,130,39,131,254,135,111,171
37,16,210,129,91,131,126,130,31,132,72,132,147,132,195,132,0,0,137,141,128,138,90,137,131,130,1,131,1,136,98,171
38,16,253,129,99,131,116,130,28,132,45,132,141,132,174,132,0,0,125,141,121,138,179,137,125,130,220,130,2,136,109,171
39,16,15,130,107,131,125,130,4,132,25,132,117,132,180,132,0,0,141,141,149,138,219,137,96,130,221,130,255,135,135,171
40,16,241,129,108,131,170,130,253,131,43,132,93,132,204,132,0,0,143,141,157,138,118,137,92,130,238,130,1,136,151,171
41,16,255,129,114,131,184,130,251,131,30,132,102,132,198,132,0,0,113,141,136,138,120,137,121,130,216,130,6,136,143,171
42,16,39,130,126,131,202,130,248,131,11,132,92,132,195,132,0,0,113,141,125,138,177,137,133,130,200,130,19,136,140,171
43,16,27,130,115,131,242,130,252,131,21,132,61,132,194,132,0,0,119,141,127,138,118,137,136,130,251,130,28,136,162,171
44,16,17,130,95,131,250,130,245,131,21,132,58,132,179,132,0,0,105,141,125,138,69,137,150,130,29,131,39,136,165,171
45,16,51,130,108,131,5,131,239,131,13,132,76,132,190,132,0,0,96,141,128,138,105,137,145,130,12,131,56,136,153,171
46,16,66,130,119,131,7,131,241,131,25,132,69,132,217,132,0,0,80,141,130,138,138,137,124,130,10,131,64,136,153,171
47,16,63,130,117,131,240,130,249,131,44,132,46,132,205,132,0,0,61,141,121,138,177,137,131,130,19,131,40,136,157,171
48,16,68,130,143,131,1,131,21,132,40,132,73,132,199,132,0,0,60,141,118,138,201,137,144,130,12,131,12,136,164,171
49,16,53,130,137,131,41,131,55,132,25,132,125,132,215,132,0,0,63,141,119,138,174,137,141,130,33,131,29,136,165,171
50,16,37,130,123,131,23,131,69,132,30,132,111,132,211,132,0,0,56,141,111,138,185,137,143,130,76,131,42,136,149,171
51,16,35,130,139,131,252,130,69,132,42,132,71,132,199,132,0,0,55,141,109,138,180,137,160,130,59,131,19,136,132,171
52,16,44,130,140,131,13,131,65,132,35,132,92,132,207,132,0,0,35,141,116,138,115,137,166,130,33,131,16,136,138,171
53,16,62,130,135,131,250,130,51,132,25,132,133,132,219,132,0,0,20,141,110,138,113,137,149,130,41,131,34,136,142,171
54,16,48,130,139,131,212,130,35,132,32,132,127,132,217,132,0,0,69,141,110,138,171,137,139,130,33,131,23,136,128,171
55,16,28,130,143,131,233,130,35,132,45,132,101,132,205,132,0,0,100,141,114,138,195,137,141,130,6,131,29,136,135,171
56,16,28,130,140,131,246,130,32,132,48,132,108,132,212,132,0,0,97,141,102,138,171,137,134,130,10,131,49,136,152,171
57,16,37,130,131,131,234,130,12,132,32,132,116,132,230,132,0,0,96,141,105,138,137,137,120,130,36,131,34,136,140,171
58,16,49,130,121,131,0,131,0,132,19,132,79,132,223,132,0,0,86,141,122,138,106,137,112,130,46,131,23,136,129,171
59,16,51,130,132,131,4,131,19,132,15,132,64,132,213,132,0,0,78,141,133,138,104,137,130,130,30,131,35,136,149,171
60,16,44,130,144,131,237,130,29,132,25,132,88,132,214,132,0,0,96,141,124,138,114,137,156,130,18,131,53,136,147,171
61,16,50,130,121,131,254,130,13,132,46,132,74,132,200,132,0,0,102,141,113,138,98,137,151,130,29,131,42,136,147,171
62,16,60,130,109,131,30,131,41,132,41,132,69,132,193,132,0,0,85,141,114,138,98,137,146,130,24,131,35,136,172,171
63,16,47,130,129,131,21,131,81,132,34,132,117,132,203,132,0,0,81,141,113,138,108,137,154,130,13,131,47,136,170,171
64,16,25,130,155,131,6,131,75,132,47,132,131,132,204,132,0,0,71,141,107,138,105,137,147,130,37,131,30,136,138,171
65,16,29,130,166,131,14,131,67,132,34,132,100,132,189,132,0,0,35,141,118,138,108,137,144,130,73,131,8,136,126,171
66,16,30,130,154,131,249,130,65,132,19,132,116,132,184,132,0,0,21,141,120,138,115,137,156,130,66,131,26,136,136,171
67,16,36,130,159,131,228,130,67,132,46,132,166,132,198,132,0,0,50,141,99,138,114,137,147,130,43,131,38,136,135,171
68,16,50,130,184,131,230,130,79,132,56,132,162,132,210,132,0,0,63,141,118,138,108,137,156,130,55,131,4,136,117,171
69,16,25,130,180,131,210,130,76,132,46,132,142,132,211,132,0,0,65,141,136,138,124,137,189,130,58,131,2,136,116,171
70,16,1,130,151,131,198,130,62,132,46,132,148,132,211,132,0,0,92,141,118,138,178,137,171,130,35,131,32,136,129,171
71,16,5,130,150,131,209,130,60,132,49,132,150,132,203,132,0,0,93,141,123,138,205,137,144,130,30,131,26,136,111,171
72,16,247,129,157,131,175,130,70,132,46,132,153,132,185,132,0,0,65,141,128,138,145,137,166,130,46,131,246,135,97,171
73,16,245,129,149,131,138,130,72,132,54,132,163,132,171,132,0,0,65,141,95,138,91,137,173,130,58,131,245,135,103,171
74,16,251,129,151,131,160,130,53,132,72,132,171,132,171,132,0,0,81,141,106,138,111,137,151,130,51,131,29,136,85,171
75,16,250,129,145,131,158,130,55,132,72,132,183,132,188,132,0,0,85,141,147,138,110,137,156,130,38,131,29,136,90,171
76,16,244,129,135,131,127,130,93,132,63,132,179,132,208,132,0,0,105,141,117,138,98,137,163,130,25,131,2,136,115,171
77,16,226,129,134,131,134,130,77,132,53,132,163,132,201,132,0,0,134,141,84,138,154,137,157,130,28,131,252,135,103,171
78,16,221,129,126,131,160,130,40,132,33,132,161,132,186,132,0,0,110,141,103,138,212,137,171,130,42,131,1,136,83,171
79,16,226,129,130,131,154,130,54,132,39,132,161,132,205,132,0,0,83,141,119,138,177,137,167,130,34,131,252,135,86,171
80,16,219,129,144,131,140,130,70,132,64,132,167,132,217,132,0,0,95,141,120,138,121,137,152,130,39,131,5,136,95,171
81,16,252,129,121,131,159,130,69,132,74,132,186,132,194,132,0,0,91,141,127,138,113,137,167,130,50,131,23,136,90,171
82,16,18,130,95,131,157,130,77,132,69,132,191,132,190,132,0,0,89,141,125,138,104,137,174,130,32,131,11,136,89,171
83,16,231,129,131,131,151,130,82,132,75,132,175,132,201,132,0,0,96,141,106,138,92,137,167,130,23,131,5,136,98,171
84,16,216,129,147,131,162,130,73,132,88,132,180,132,198,132,0,0,104,141,105,138,143,137,175,130,35,131,19,136,99,171
85,16,237,129,123,131,155,130,81,132,95,132,207,132,199,132,0,0,111,141,114,138,169,137,170,130,51,131,19,136,87,171
86,16,216,129,111,131,132,130,71,132,67,132,193,132,214,132,0,0,106,141,117,138,145,137,146,130,54,131,247,135,81,171
87,16,195,129,93,131,105,130,56,132,33,132,160,132,216,132,0,0,105,141,126,138,169,137,144,130,50,131,225,135,90,171
88,16,210,129,95,131,117,130,76,132,48,132,173,132,194,132,0,0,109,141,135,138,208,137,157,130,33,131,249,135,99,171
89,16,221,129,114,131,148,130,58,132,51,132,184,132,194,132,0,0,123,141,127,138,187,137,146,130,9,131,19,136,111,171
90,16,218,129,112,131,145,130,34,132,23,132,151,132,217,132,0,0,129,141,122,138,165,137,132,130,251,130,16,136,117,171
91,16,223,129,114,131,146,130,62,132,43,132,126,132,231,132,0,0,138,141,124,138,176,137,137,130,250,130,247,135,96,171
92,16,213,129,134,131,156,130,41,132,61,132,153,132,229,132,0,0,137,141,123,138,199,137,149,130,4,131,246,135,95,171
93,16,209,129,124,131,145,130,243,131,42,132,171,132,211,132,0,0,107,141,132,138,170,137,153,130,15,131,7,136,122,171
94,16,242,129,111,131,143,130,12,132,24,132,157,132,206,132,0,0,112,141,136,138,101,137,132,130,33,131,7,136,121,171
95,16,254,129,130,131,153,130,28,132,17,132,143,132,221,132,0,0,135,141,131,138,134,137,119,130,28,131,13,136,98,171
96,16,240,129,113,131,149,130,251,131,18,132,117,132,225,132,0,0,129,141,132,138,210,137,143,130,15,131,40,136,114,171
97,16,249,129,82,131,157,130,255,131,35,132,98,132,216,132,0,0,125,141,133,138,194,137,136,130,20,131,35,136,132,171
98,16,21,130,107,131,184,130,16,132,41,132,97,132,196,132,0,0,137,141,118,138,180,137,117,130,255,130,1,136,131,171
99,16,26,130,123,131,198,130,9,132,26,132,72,132,195,132,0,0,113,141,110,138,196,137,134,130,235,130,2,136,157,171
100,16,2,130,95,131,208,130,243,131,20,132,31,132,216,132,0,0,92,141,132,138,172,137,129,130,16,131,35,136,157,171
101,16,15,130,102,131,252,130,228,131,34,132,28,132,215,132,0,0,98,141,143,138,162,137,118,130,48,131,44,136,152,171
102,16,45,130,134,131,20,131,226,131,29,132,43,132,199,132,0,0,78,141,125,138,171,137,134,130,18,131,30,136,198,171
103,16,58,130,124,131,24,131,233,131,17,132,50,132,211,132,0,0,71,141,121,138,163,137,122,130,9,131,29,136,199,171
104,16,54,130,116,131,59,131,245,131,14,132,54,132,223,132,0,0,84,141,110,138,166,137,114,130,24,131,50,136,170,171
105,16,45,130,137,131,67,131,246,131,7,132,38,132,224,132,0,0,73,141,84,138,170,137,125,130,255,130,58,136,182,171
106,16,67,130,156,131,63,131,250,131,17,132,33,132,226,132,0,0,48,141,85,138,162,137,114,130,252,130,40,136,185,171
107,16,84,130,157,131,62,131,12,132,24,132,41,132,218,132,0,0,55,141,110,138,170,137,106,130,29,131,33,136,174,171
108,16,77,130,147,131,47,131,9,132,22,132,35,132,209,132,0,0,85,141,112,138,170,137,105,130,29,131,51,136,182,171
109,16,87,130,151,131,46,131,250,131,34,132,31,132,209,132,0,0,61,141,91,138,129,137,98,130,18,131,51,136,184,171
110,16,89,130,155,131,59,131,3,132,30,132,38,132,214,132,0,0,26,141,88,138,100,137,116,130,25,131,39,136,171,171
111,16,60,130,137,131,83,131,27,132,21,132,39,132,218,132,0,0,49,141,94,138,97,137,136,130,13,131,50,136,174,171
112,16,54,130,127,131,88,131,28,132,23,132,49,132,214,132,0,0,80,141,100,138,105,137,129,130,10,131,71,136,186,171
113,16,86,130,138,131,52,131,1,132,16,132,58,132,223,132,0,0,67,141,115,138,120,137,125,130,33,131,61,136,194,171
114,16,90,130,154,131,49,131,250,131,19,132,56,132,241,132,0,0,47,141,107,138,125,137,114,130,31,131,40,136,192,171
115,16,66,130,145,131,72,131,3,132,33,132,77,132,227,132,0,0,46,141,96,138,108,137,99,130,31,131,34,136,178,171
116,16,78,130,129,131,57,131,254,131,24,132,89,132,208,132,0,0,42,141,103,138,105,137,122,130,52,131,36,136,172,171
117,16,83,130,150,131,57,131,255,131,21,132,82,132,216,132,0,0,48,141,108,138,114,137,150,130,39,131,53,136,168,171
118,16,51,130,158,131,66,131,23,132,43,132,106,132,212,132,0,0,70,141,96,138,108,137,154,130,17,131,64,136,165,171
119,16,54,130,129,131,41,131,31,132,33,132,117,132,197,132,0,0,60,141,95,138,105,137,146,130,40,131,46,136,169,171
120,16,76,130,132,131,26,131,27,132,37,132,105,132,207,132,0,0,30,141,107,138,105,137,144,130,53,131,27,136,156,171
121,16,52,130,164,131,27,131,61,132,53,132,122,132,218,132,0,0,41,141,109,138,99,137,158,130,48,131,24,136,147,171
122,16,23,130,159,131,7,131,66,132,43,132,147,132,215,132,0,0,75,141,112,138,110,137,146,130,59,131,16,136,150,171
123,16,29,130,138,131,245,130,24,132,49,132,143,132,214,132,0,0,65,141,107,138,106,137,129,130,66,131,20,136,146,171
124,16,32,130,146,131,254,130,12,132,43,132,137,132,207,132,0,0,48,141,107,138,93,137,139,130,48,131,40,136,143,171
125,16,32,130,151,131,245,130,40,132,33,132,148,132,191,132,0,0,106,141,117,138,129,137,146,130,28,131,38,136,135,171
126,16,33,130,138,131,216,130,55,132,56,132,147,132,190,132,0,0,152,141,115,138,154,137,134,130,26,131,23,136,133,171
127,16,29,130,131,131,220,130,34,132,49,132,133,132,207,132,77,0,105,141,105,138,131,137,134,130,36,131,18,136,145,171
0,16,20,130,133,131,230,130,11,132,25,132,121,132,217,132,0,0,57,141,117,138,101,137,152,130,43,131,29,136,137,171
1,16,18,130,135,131,212,130,20,132,35,132,124,132,225,132,0,0,41,141,130,138,92,137,161,130,46,131,41,136,112,171
2,16,30,130,148,131,200,130,54,132,40,132,139,132,225,132,0,0,34,141,117,138,153,137,161,130,56,131,28,136,120,171
3,16,22,130,161,131,222,130,69,132,22,132,156,132,222,132,0,0,47,141,108,138,208,137,165,130,51,131,6,136,144,171
4,16,7,130,150,131,235,130,64,132,39,132,171,132,218,132,0,0,73,141,118,138,154,137,155,130,33,131,18,136,135,171
5,16,2,130,143,131,220,130,57,132,55,132,161,132,192,132,0,0,88,141,120,138,72,137,138,130,40,131,33,136,127,171
6,16,3,130,147,131,228,130,48,132,42,132,144,132,170,132,0,0,102,141,113,138,99,137,138,130,53,131,43,136,134,171
7,16,8,130,129,131,211,130,29,132,58,132,144,132,193,132,0,0,115,141,126,138,178,137,143,130,52,131,44,136,117,171
8,16,8,130,126,131,176,130,12,132,76,132,144,132,220,132,0,0,105,141,136,138,199,137,137,130,42,131,22,136,98,171
9,16,10,130,146,131,202,130,17,132,46,132,130,132,209,132,0,0,93,141,121,138,172,137,149,130,38,131,23,136,112,171
10,16,244,129,131,131,208,130,10,132,35,132,133,132,204,132,0,0,115,141,119,138,162,137,142,130,22,131,39,136,139,171
11,16,231,129,112,131,168,130,1,132,64,132,145,132,219,132,0,0,136,141,123,138,180,137,111,130,15,131,28,136,145,171
12,16,16,130,132,131,196,130,6,132,42,132,123,132,212,132,0,0,114,141,122,138,188,137,118,130,28,131,27,136,139,171
13,16,40,130,137,131,240,130,23,132,19,132,115,132,197,132,0,0,85,141,124,138,180,137,148,130,29,131,53,136,127,171
14,16,29,130,119,131,219,130,42,132,70,132,136,132,213,132,0,0,83,141,122,138,173,137,149,130,29,131,56,136,126,171
15,16,22,130,125,131,193,130,32,132,59,132,138,132,224,132,0,0,96,141,128,138,177,137,145,130,29,131,31,136,135,171
16,16,18,130,128,131,222,130,4,132,248,131,127,132,201,132,0,0,98,141,141,138,189,137,145,130,23,131,35,136,129,171
17,16,23,130,107,131,3,131,21,132,18,132,135,132,181,132,0,0,87,141,129,138,182,137,138,130,24,131,44,136,121,171
18,16,32,130,117,131,236,130,47,132,80,132,148,132,187,132,0,0,90,141,106,138,179,137,142,130,30,131,25,136,123,171
19,16,27,130,147,131,200,130,20,132,62,132,148,132,195,132,0,0,98,141,107,138,183,137,145,130,36,131,15,136,121,171
20,16,10,130,135,131,210,130,5,132,29,132,151,132,209,132,0,0,95,141,111,138,169,137,147,130,40,131,20,136,117,171
21,16,12,130,124,131,223,130,11,132,40,132,148,132,227,132,0,0,92,141,110,138,172,137,164,130,35,131,21,136,134,171
22,16,22,130,141,131,237,130,14,132,52,132,126,132,211,132,0,0,90,141,108,138,183,137,150,130,16,131,35,136,150,171
23,16,9,130,132,131,223,130,34,132,44,132,134,132,194,132,0,0,98,141,112,138,168,137,132,130,20,131,36,136,131,171
24,16,9,130,131,131,169,130,59,132,27,132,150,132,206,132,0,0,101,141,125,138,163,137,154,130,43,131,26,136,119,171
25,16,19,130,159,131,165,130,57,132,36,132,135,132,206,132,0,0,86,141,122,138,180,137,163,130,49,131,44,136,132,171
26,16,5,130,140,131,222,130,48,132,55,132,145,132,178,132,0,0,94,141,109,138,188,137,156,130,50,131,53,136,129,171
27,16,11,130,110,131,238,130,47,132,35,132,166,132,170,132,0,0,108,141,109,138,177,137,158,130,51,131,37,136,116,171
28,16,17,130,134,131,202,130,33,132,25,132,169,132,221,132,0,0,76,141,107,138,197,137,146,130,46,131,33,136,120,171
29,16,252,129,145,131,178,130,50,132,51,132,173,132,253,132,0,0,60,141,101,138,191,137,145,130,40,131,17,136,129,171
30,16,254,129,130,131,183,130,76,132,63,132,161,132,206,132,0,0,112,141,98,138,126,137,169,130,35,131,5,136,114,171
31,16,19,130,137,131,171,130,82,132,48,132,155,132,168,132,0,0,136,141,102,138,126,137,159,130,44,131,18,136,101,171
32,16,21,130,159,131,160,130,84,132,44,132,164,132,179,132,0,0,89,141,109,138,195,137,135,130,48,131,9,136,107,171
33,16,251,129,155,131,162,130,65,132,56,132,165,132,190,132,0,0,76,141,115,138,204,137,161,130,22,131,249,135,119,171
34,16,232,129,136,131,167,130,58,132,66,132,156,132,184,132,0,0,95,141,108,138,171,137,172,130,36,131,7,136,129,171
35,16,244,129,132,131,164,130,50,132,69,132,155,132,190,132,0,0,85,141,107,138,186,137,154,130,81,131,21,136,121,171
36,16,240,129,134,131,146,130,28,132,64,132,161,132,200,132,0,0,92,141,128,138,196,137,155,130,59,131,12,136,91,171
37,16,213,129,145,131,162,130,31,132,46,132,165,132,195,132,0,0,102,141,132,138,178,137,161,130,34,131,0,136,99,171
38,16,230,129,157,131,181,130,60,132,53,132,162,132,185,132,0,0,84,141,119,138,181,137,150,130,56,131,242,135,132,171
39,16,9,130,157,131,156,130,59,132,63,132,147,132,192,132,0,0,88,141,119,138,183,137,146,130,47,131,242,135,126,171
40,16,1,130,150,131,157,130,50,132,42,132,157,132,221,132,0,0,98,141,132,138,179,137,149,130,21,131,10,136,103,171
41,16,239,129,127,131,177,130,44,132,55,132,176,132,209,132,0,0,89,141,140,138,179,137,136,130,17,131,19,136,103,171
42,16,244,129,122,131,172,130,17,132,81,132,158,132,189,132,0,0,94,141,127,138,182,137,139,130,19,131,8,136,111,171
43,16,232,129,132,131,156,130,3,132,45,132,154,132,205,132,0,0,102,141,124,138,180,137,156,130,12,131,0,136,126,171
44,16,207,129,124,131,144,130,14,132,35,132,151,132,198,132,0,0,96,141,139,138,179,137,152,130,18,131,5,136,138,171
45,16,217,129,124,131,142,130,17,132,65,132,132,132,184,132,0,0,101,141,136,138,184,137,140,130,40,131,12,136,119,171
46,16,247,129,140,131,164,130,253,131,44,132,125,132,205,132,0,0,114,141,120,138,187,137,138,130,42,131,7,136,104,171
47,16,8,130,125,131,175,130,241,131,34,132,126,132,226,132,0,0,100,141,122,138,180,137,141,130,10,131,22,136,128,171
48,16,6,130,102,131,148,130,253,131,42,132,125,132,219,132,0,0,89,141,134,138,180,137,129,130,249,130,45,136,150,171
49,16,255,129,113,131,168,130,244,131,6,132,121,132,221,132,0,0,93,141,132,138,189,137,106,130,12,131,24,136,141,171
50,16,10,130,104,131,236,130,228,131,7,132,92,132,220,132,0,0,91,141,129,138,165,137,90,130,20,131,13,136,124,171
51,16,25,130,84,131,243,130,234,131,19,132,62,132,204,132,0,0,99,141,121,138,117,137,95,130,9,131,45,136,133,171
52,16,37,130,103,131,220,130,239,131,21,132,70,132,211,132,0,0,108,141,108,138,94,137,116,130,1,131,59,136,145,171
53,16,48,130,122,131,247,130,241,131,45,132,68,132,228,132,0,0,95,141,118,138,128,137,127,130,9,131,42,136,147,171
54,16,60,130,129,131,26,131,248,131,46,132,40,132,225,132,0,0,73,141,122,138,179,137,128,130,15,131,42,136,154,171
55,16,67,130,129,131,30,131,6,132,52,132,58,132,216,132,0,0,61,141,104,138,165,137,129,130,16,131,51,136,173,171
56,16,50,130,124,131,26,131,33,132,78,132,91,132,234,132,0,0,54,141,93,138,114,137,140,130,54,131,43,136,175,171
57,16,43,130,135,131,40,131,43,132,48,132,90,132,237,132,0,0,21,141,106,138,84,137,156,130,67,131,43,136,141,171
58,16,56,130,152,131,51,131,29,132,17,132,99,132,205,132,0,0,6,141,105,138,104,137,150,130,25,131,44,136,124,171
59,16,43,130,149,131,24,131,34,132,60,132,130,132,215,132,0,0,29,141,95,138,157,137,135,130,26,131,27,136,138,171
60,16,44,130,155,131,6,131,58,132,65,132,115,132,227,132,0,0,48,141,106,138,165,137,155,130,52,131,30,136,148,171
61,16,64,130,165,131,15,131,44,132,31,132,89,132,200,132,0,0,48,141,115,138,120,137,163,130,38,131,57,136,140,171
62,16,53,130,132,131,252,130,10,132,52,132,110,132,186,132,0,0,60,141,117,138,90,137,139,130,41,131,53,136,137,171
63,16,43,130,113,131,216,130,20,132,65,132,122,132,190,132,0,0,77,141,112,138,102,137,136,130,54,131,22,136,147,171
64,16,46,130,119,131,210,130,39,132,12,132,100,132,185,132,0,0,77,141,114,138,151,137,142,130,26,131,31,136,139,171
65,16,40,130,116,131,247,130,35,132,246,131,97,132,195,132,0,0,67,141,115,138,155,137,133,130,26,131,43,136,126,171
66,16,46,130,126,131,4,131,17,132,29,132,131,132,207,132,0,0,59,141,104,138,122,137,144,130,47,131,23,136,136,171
67,16,47,130,133,131,234,130,4,132,38,132,130,132,195,132,0,0,74,141,94,138,159,137,158,130,23,131,30,136,139,171
68,16,29,130,126,131,221,130,19,132,28,132,88,132,199,132,0,0,86,141,99,138,198,137,138,130,15,131,37,136,133,171
69,16,22,130,134,131,219,130,20,132,45,132,88,132,207,132,0,0,73,141,109,138,119,137,124,130,31,131,18,136,142,171
70,16,29,130,159,131,222,130,8,132,42,132,120,132,210,132,0,0,72,141,106,138,71,137,136,130,19,131,27,136,148,171
71,16,28,130,141,131,228,130,7,132,25,132,124,132,223,132,0,0,75,141,108,138,164,137,138,130,24,131,61,136,129,171
72,16,19,130,98,131,223,130,6,132,46,132,127,132,223,132,0,0,77,141,125,138,208,137,128,130,34,131,47,136,118,171
73,16,30,130,111,131,237,130,9,132,55,132,127,132,220,132,0,0,79,141,127,138,148,137,122,130,18,131,5,136,133,171
74,16,40,130,133,131,244,130,36,132,44,132,114,132,202,132,0,0,85,141,126,138,97,137,134,130,14,131,12,136,140,171
75,16,29,130,130,131,234,130,57,132,50,132,117,132,175,132,0,0,87,141,124,138,93,137,139,130,39,131,41,136,129,171
76,16,39,130,137,131,239,130,44,132,42,132,117,132,192,132,0,0,75,141,96,138,122,137,131,130,48,131,33,136,138,171
77,16,60,130,132,131,234,130,32,132,29,132,108,132,237,132,0,0,70,141,101,138,172,137,130,130,44,131,14,136,154,171
78,16,60,130,116,131,225,130,47,132,58,132,127,132,233,132,0,0,71,141,126,138,201,137,145,130,50,131,27,136,147,171
79,16,51,130,140,131,230,130,57,132,79,132,141,132,213,132,0,0,71,141,101,138,129,137,156,130,43,131,45,136,132,171
80,16,35,130,153,131,229,130,52,132,43,132,136,132,220,132,0,0,64,141,86,138,73,137,155,130,43,131,34,136,125,171
81,16,6,130,129,131,237,130,39,132,22,132,147,132,212,132,0,0,59,141,107,138,145,137,151,130,55,131,12,136,126,171
82,16,13,130,135,131,231,130,42,132,45,132,164,132,212,132,0,0,63,141,104,138,215,137,153,130,59,131,13,136,134,171
83,16,44,130,154,131,211,130,63,132,45,132,164,132,229,132,0,0,61,141,89,138,163,137,170,130,60,131,40,136,138,171
84,16,21,130,141,131,209,130,58,132,44,132,161,132,217,132,0,0,62,141,101,138,117,137,175,130,54,131,37,136,118,171
85,16,10,130,135,131,205,130,50,132,69,132,173,132,208,132,0,0,71,141,105,138,174,137,169,130,50,131,14,136,106,171
86,16,36,130,136,131,185,130,59,132,77,132,174,132,226,132,0,0,76,141,100,138,211,137,158,130,46,131,22,136,115,171
87,16,254,129,118,131,159,130,46,132,61,132,169,132,203,132,0,0,104,141,113,138,187,137,147,130,41,131,38,136,115,171
88,16,215,129,111,131,143,130,24,132,38,132,180,132,176,132,0,0,112,141,127,138,181,137,148,130,37,131,28,136,116,171
89,16,239,129,130,131,155,130,29,132,48,132,172,132,214,132,0,0,87,141,124,138,190,137,141,130,37,131,12,136,99,171
90,16,238,129,147,131,166,130,59,132,98,132,165,132,225,132,0,0,94,141,115,138,177,137,138,130,34,131,251,135,79,171
91,16,223,129,118,131,169,130,61,132,107,132,181,132,197,132,0,0,112,141,113,138,178,137,148,130,45,131,0,136,90,171
92,16,220,129,86,131,154,130,37,132,55,132,185,132,224,132,0,0,106,141,109,138,187,137,152,130,53,131,23,136,102,171
93,16,213,129,112,131,113,130,32,132,48,132,171,132,236,132,0,0,112,141,110,138,179,137,161,130,33,131,15,136,81,171
94,16,207,129,111,131,91,130,59,132,80,132,178,132,195,132,0,0,122,141,123,138,179,137,172,130,26,131,255,135,70,171
95,16,213,129,87,131,115,130,74,132,73,132,212,132,196,132,0,0,107,141,114,138,178,137,166,130,52,131,247,135,86,171
96,16,220,129,100,131,122,130,45,132,74,132,226,132,199,132,0,0,90,141,119,138,177,137,161,130,55,131,247,135,79,171
97,16,208,129,103,131,95,130,15,132,80,132,200,132,166,132,0,0,89,141,147,138,188,137,167,130,35,131,11,136,65,171
98,16,176,129,90,131,92,130,41,132,48,132,196,132,174,132,0,0,99,141,126,138,194,137,155,130,49,131,7,136,73,171
99,16,190,129,125,131,109,130,82,132,34,132,224,132,199,132,0,0,106,141,96,138,180,137,155,130,62,131,1,136,79,171
100,16,215,129,138,131,107,130,70,132,61,132,219,132,192,132,0,0,93,141,122,138,184,137,174,130,46,131,8,136,76,171
101,16,185,129,103,131,102,130,46,132,51,132,192,132,168,132,0,0,86,141,137,138,199,137,163,130,45,131,252,135,87,171
102,16,177,129,118,131,99,130,58,132,37,132,190,132,151,132,0,0,104,141,116,138,188,137,155,130,44,131,250,135,83,171
103,16,213,129,139,131,99,130,61,132,81,132,184,132,164,132,0,0,108,141,116,138,179,137,167,130,31,131,16,136,61,171
104,16,248,129,115,131,129,130,40,132,67,132,152,132,204,132,0,0,112,141,133,138,185,137,151,130,34,131,16,136,89,171
105,16,13,130,116,131,139,130,0,132,11,132,135,132,238,132,0,0,126,141,127,138,175,137,120,130,26,131,6,136,142,171
106,16,13,130,125,131,127,130,237,131,24,132,121,132,227,132,0,0,122,141,119,138,167,137,132,130,5,131,24,136,147,171
107,16,251,129,104,131,171,130,1,132,53,132,102,132,210,132,0,0,112,141,122,138,175,137,142,130,3,131,23,136,132,171
108,16,253,129,109,131,210,130,243,131,43,132,105,132,219,132,0,0,113,141,125,138,185,137,119,130,4,131,19,136,129,171
109,16,23,130,131,131,215,130,227,131,43,132,124,132,214,132,0,0,112,141,116,138,181,137,121,130,11,131,37,136,130,171
110,16,31,130,124,131,223,130,20,132,52,132,143,132,180,132,0,0,106,141,105,138,185,137,141,130,31,131,33,136,137,171
111,16,25,130,131,131,234,130,59,132,36,132,139,132,175,132,0,0,96,141,116,138,156,137,150,130,50,131,21,136,139,171
112,16,30,130,152,131,228,130,65,132,39,132,123,132,209,132,0,0,78,141,108,138,127,137,161,130,40,131,26,136,132,171
113,16,28,130,139,131,204,130,62,132,43,132,135,132,213,132,0,0,81,141,83,138,150,137,170,130,17,131,29,136,120,171
114,16,16,130,116,131,215,130,49,132,30,132,170,132,200,132,0,0,77,141,90,138,138,137,168,130,35,131,19,136,122,171
115,16,9,130,133,131,209,130,34,132,45,132,173,132,191,132,0,0,57,141,114,138,105,137,155,130,59,131,21,136,134,171
116,16,10,130,154,131,158,130,39,132,59,132,148,132,195,132,0,0,77,141,111,138,141,137,150,130,35,131,37,136,134,171
117,16,17,130,148,131,169,130,41,132,47,132,153,132,221,132,0,0,95,141,110,138,206,137,161,130,12,131,29,136,126,171
118,16,2,130,132,131,198,130,25,132,40,132,167,132,223,132,0,0,83,141,140,138,203,137,165,130,37,131,11,136,127,171
119,16,248,129,133,131,175,130,34,132,49,132,138,132,203,132,0,0,96,141,145,138,155,137,151,130,53,131,19,136,117,171
120,16,9,130,136,131,150,130,26,132,56,132,125,132,193,132,0,0,121,141,126,138,155,137,163,130,29,131,31,136,112,171
121,16,23,130,125,131,150,130,254,131,46,132,155,132,191,132,0,0,94,141,116,138,160,137,168,130,21,131,28,136,133,171
122,16,11,130,129,131,156,130,5,132,40,132,150,132,189,132,0,0,73,141,102,138,138,137,142,130,34,131,30,136,128,171
123,16,245,129,143,131,153,130,45,132,59,132,137,132,197,132,0,0,125,141,89,138,94,137,140,130,46,131,28,136,99,171
124,16,252,129,128,131,148,130,58,132,70,132,167,132,197,132,0,0,141,141,104,138,84,137,164,130,46,131,4,136,100,171
125,16,246,129,109,131,147,130,43,132,47,132,171,132,187,132,0,0,90,141,123,138,154,137,156,130,41,131,254,135,117,171
126,16,226,129,133,131,158,130,66,132,44,132,150,132,198,132,0,0,76,141,102,138,189,137,144,130,42,131,2,136,116,171
127,16,227,129,154,131,160,130,87,132,57,132,172,132,181,132,77,0,100,141,85,138,144,137,161,130,48,131,255,135,104,171
0,16,235,129,128,131,151,130,69,132,46,132,198,132,153,132,0,0,98,141,109,138,133,137,165,130,47,131,0,136,98,171
1,16,1,130,113,131,151,130,56,132,51,132,194,132,179,132,0,0,90,141,118,138,192,137,158,130,52,131,7,136,101,171
2,16,0,130,130,131,139,130,84,132,86,132,221,132,212,132,0,0,81,141,97,138,200,137,162,130,57,131,20,136,104,171
3,16,219,129,124,131,137,130,108,132,94,132,232,132,194,132,0,0,74,141,106,138,169,137,170,130,47,131,6,136,90,171
4,16,218,129,122,131,135,130,85,132,72,132,195,132,173,132,0,0,100,141,135,138,180,137,180,130,41,131,244,135,74,171
5,16,230,129,139,131,93,130,66,132,84,132,202,132,181,132,0,0,117,141,122,138,188,137,174,130,49,131,254,135,64,171
6,16,201,129,135,131,70,130,92,132,99,132,243,132,187,132,0,0,84,141,86,138,186,137,168,130,58,131,2,136,53,171
7,16,190,129,118,131,74,130,105,132,87,132,244,132,170,132,0,0,88,141,102,138,183,137,181,130,57,131,2,136,54,171
8,16,188,129,118,131,49,130,73,132,104,132,241,132,174,132,0,0,132,141,140,138,183,137,190,130,50,131,11,136,46,171
9,16,166,129,132,131,29,130,85,132,129,132,2,133,186,132,0,0,128,141,123,138,207,137,179,130,51,131,1,136,46,171
10,16,178,129,128,131,50,130,131,132,128,132,19,133,172,132,0,0,108,141,101,138,213,137,174,130,43,131,234,135,72,171
11,16,209,129,111,131,72,130,121,132,104,132,25,133,164,132,0,0,101,141,128,138,192,137,189,130,52,131,220,135,69,171
12,16,194,129,99,131,62,130,118,132,99,132,22,133,195,132,0,0,87,141,127,138,187,137,184,130,81,131,209,135,49,171
13,16,149,129,103,131,30,130,143,132,117,132,22,133,207,132,0,0,102,141,95,138,185,137,169,130,69,131,213,135,58,171
14,16,131,129,114,131,22,130,115,132,108,132,23,133,194,132,0,0,123,141,109,138,151,137,179,130,22,131,218,135,60,171
15,16,157,129,115,131,35,130,81,132,101,132,18,133,211,132,0,0,123,141,122,138,140,137,179,130,29,131,219,135,22,171
16,16,168,129,104,131,26,130,112,132,104,132,25,133,230,132,0,0,118,141,106,138,186,137,172,130,47,131,223,135,2,171
17,16,142,129,88,131,248,129,121,132,97,132,30,133,196,132,0,0,143,141,119,138,201,137,182,130,25,131,209,135,39,171
18,16,131,129,101,131,210,129,96,132,105,132,5,133,177,132,0,0,168,141,145,138,170,137,180,130,19,131,218,135,52,171
19,16,159,129,106,131,226,129,100,132,113,132,237,132,193,132,0,0,131,141,151,138,177,137,162,130,46,131,8,136,31,171
20,16,181,129,78,131,18,130,86,132,85,132,250,132,186,132,0,0,99,141,159,138,202,137,165,130,48,131,249,135,50,171
21,16,161,129,56,131,24,130,53,132,74,132,244,132,169,132,0,0,147,141,150,138,201,137,176,130,18,131,205,135,85,171
22,16,131,129,75,131,21,130,49,132,92,132,199,132,184,132,0,0,186,141,130,138,202,137,161,130,3,131,236,135,68,171
23,16,134,129,91,131,32,130,16,132,94,132,176,132,216,132,0,0,171,141,155,138,195,137,126,130,20,131,0,136,57,171
24,16,166,129,79,131,37,130,240,131,90,132,172,132,198,132,0,0,160,141,163,138,197,137,125,130,27,131,215,135,76,171
25,16,157,129,72,131,28,130,13,132,67,132,158,132,145,132,0,0,167,141,136,138,204,137,152,130,227,130,214,135,73,171
26,16,152,129,72,131,27,130,6,132,33,132,142,132,155,132,0,0,156,141,146,138,187,137,122,130,205,130,237,135,76,171
27,16,226,129,69,131,65,130,227,131,43,132,108,132,184,132,0,0,144,141,144,138,174,137,93,130,248,130,238,135,97,171
28,16,9,130,75,131,107,130,244,131,50,132,70,132,174,132,0,0,140,141,115,138,196,137,105,130,246,130,223,135,125,171
29,16,231,129,102,131,145,130,17,132,48,132,69,132,176,132,0,0,139,141,111,138,200,137,104,130,211,130,223,135,155,171
30,16,247,129,127,131,215,130,5,132,37,132,74,132,230,132,0,0,117,141,117,138,173,137,106,130,212,130,254,135,167,171
31,16,34,130,122,131,2,131,6,132,21,132,61,132,245,132,0,0,81,141,108,138,181,137,125,130,242,130,26,136,153,171
32,16,26,130,117,131,250,130,56,132,49,132,55,132,215,132,0,0,62,141,115,138,185,137,121,130,4,131,36,136,153,171
33,16,32,130,124,131,10,131,65,132,43,132,63,132,218,132,0,0,66,141,120,138,122,137,119,130,25,131,45,136,166,171
34,16,77,130,127,131,27,131,28,132,248,131,80,132,217,132,0,0,76,141,109,138,77,137,144,130,40,131,50,136,150,171
35,16,82,130,133,131,253,130,35,132,5,132,77,132,211,132,0,0,77,141,102,138,138,137,146,130,38,131,35,136,148,171
36,16,52,130,136,131,242,130,72,132,50,132,64,132,221,132,0,0,78,141,86,138,205,137,144,130,17,131,13,136,163,171
37,16,50,130,137,131,9,131,55,132,47,132,92,132,231,132,0,0,87,141,91,138,168,137,165,130,10,131,255,135,150,171
38,16,47,130,148,131,16,131,34,132,45,132,143,132,227,132,0,0,70,141,115,138,101,137,175,130,39,131,254,135,132,171
39,16,16,130,155,131,248,130,63,132,44,132,155,132,218,132,0,0,52,141,113,138,103,137,173,130,50,131,14,136,121,171
40,16,8,130,134,131,237,130,80,132,43,132,132,132,223,132,0,0,52,141,106,138,129,137,153,130,56,131,11,136,112,171
41,16,12,130,103,131,231,130,76,132,87,132,125,132,220,132,0,0,58,141,116,138,114,137,135,130,61,131,12,136,105,171
42,16,22,130,110,131,197,130,87,132,91,132,158,132,212,132,0,0,60,141,113,138,109,137,144,130,41,131,6,136,125,171
43,16,30,130,109,131,176,130,95,132,73,132,175,132,226,132,0,0,84,141,102,138,128,137,159,130,28,131,233,135,137,171
44,16,7,130,89,131,175,130,96,132,85,132,158,132,243,132,0,0,101,141,101,138,116,137,164,130,42,131,243,135,109,171
45,16,235,129,114,131,171,130,92,132,79,132,143,132,239,132,0,0,76,141,106,138,109,137,172,130,49,131,1,136,101,171
46,16,230,129,143,131,151,130,61,132,73,132,145,132,217,132,0,0,82,141,124,138,162,137,169,130,38,131,228,135,126,171
47,16,230,129,127,131,145,130,55,132,88,132,151,132,215,132,0,0,112,141,126,138,182,137,157,130,46,131,238,135,132,171
48,16,224,129,108,131,166,130,72,132,74,132,156,132,229,132,0,0,98,141,117,138,155,137,162,130,64,131,31,136,106,171
49,16,245,129,107,131,174,130,35,132,46,132,156,132,229,132,0,0,81,141,133,138,179,137,163,130,45,131,37,136,109,171
50,16,19,130,91,131,180,130,254,131,52,132,127,132,202,132,0,0,107,141,140,138,200,137,144,130,12,131,34,136,144,171
51,16,19,130,69,131,192,130,16,132,40,132,85,132,186,132,0,0,136,141,127,138,181,137,144,130,13,131,37,136,149,171
52,16,20,130,75,131,215,130,17,132,40,132,66,132,196,132,0,0,122,141,118,138,174,137,149,130,27,131,31,136,138,171
53,16,40,130,111,131,7,131,6,132,46,132,50,132,168,132,0,0,89,141,115,138,189,137,136,130,25,131,45,136,143,171
54,16,46,130,142,131,29,131,15,132,5,132,38,132,147,132,0,0,85,141,130,138,178,137,140,130,33,131,46,136,165,171
55,16,40,130,135,131,21,131,17,132,12,132,48,132,175,132,0,0,87,141,135,138,121,137,155,130,57,131,41,136,180,171
56,16,61,130,109,131,36,131,16,132,47,132,53,132,188,132,0,0,70,141,116,138,116,137,150,130,54,131,58,136,186,171
57,16,90,130,118,131,69,131,27,132,32,132,44,132,171,132,0,0,71,141,108,138,170,137,146,130,28,131,54,136,189,171
58,16,109,130,115,131,78,131,38,132,17,132,33,132,157,132,0,0,83,141,117,138,179,137,148,130,9,131,46,136,185,171
59,16,111,130,92,131,70,131,23,132,42,132,33,132,166,132,0,0,72,141,118,138,137,137,145,130,251,130,67,136,182,171
60,16,106,130,96,131,87,131,5,132,32,132,23,132,196,132,0,0,66,141,124,138,116,137,136,130,254,130,74,136,172,171
61,16,105,130,102,131,106,131,230,131,6,132,249,131,207,132,0,0,100,141,142,138,157,137,104,130,13,131,63,136,181,171
62,16,81,130,85,131,105,131,167,131,255,131,208,131,179,132,0,0,127,141,146,138,201,137,58,130,251,130,66,136,220,171
63,16,77,130,61,131,92,131,113,131,250,131,181,131,186,132,0,0,131,141,144,138,167,137,42,130,202,130,90,136,232,171
64,16,120,130,54,131,85,131,101,131,7,132,165,131,229,132,0,0,140,141,139,138,99,137,38,130,180,130,99,136,230,171
65,16,145,130,80,131,128,131,112,131,248,131,110,131,226,132,0,0,147,141,135,138,89,137,22,130,174,130,76,136,13,172
66,16,174,130,124,131,217,131,109,131,207,131,84,131,220,132,0,0,93,141,122,138,106,137,11,130,169,130,85,136,54,172
67,16,251,130,135,131,35,132,148,131,215,131,129,131,3,133,0,0,250,140,71,138,139,137,39,130,206,130,128,136,31,172
68,16,44,131,142,131,98,132,223,131,19,132,157,131,28,133,0,0,198,140,26,138,178,137,79,130,14,131,120,136,15,172
69,16,32,131,181,131,142,132,253,131,35,132,151,131,17,133,0,0,193,140,17,138,127,137,78,130,37,131,89,136,44,172
70,16,60,131,187,131,135,132,246,131,253,131,156,131,255,132,0,0,183,140,17,138,83,137,66,130,22,131,106,136,51,172
71,16,82,131,173,131,138,132,233,131,1,132,165,131,249,132,0,0,181,140,19,138,115,137,75,130,21,131,124,136,39,172
72,16,47,131,179,131,160,132,222,131,14,132,155,131,20,133,0,0,193,140,43,138,116,137,87,130,34,131,117,136,41,172
73,16,42,131,191,131,143,132,230,131,5,132,164,131,25,133,0,0,198,140,37,138,94,137,98,130,47,131,106,136,43,172
74,16,48,131,180,131,111,132,252,131,251,131,199,131,6,133,0,0,212,140,14,138,105,137,90,130,42,131,97,136,30,172
75,16,25,131,168,131,101,132,252,131,14,132,219,131,8,133,0,0,217,140,45,138,97,137,85,130,42,131,101,136,31,172
76,16,9,131,175,131,80,132,254,131,27,132,228,131,8,133,0,0,185,140,80,138,86,137,109,130,71,131,112,136,18,172
77,16,1,131,176,131,43,132,6,132,9,132,236,131,248,132,0,0,188,140,79,138,99,137,92,130,75,131,114,136,229,171
78,16,234,130,171,131,43,132,250,131,19,132,236,131,255,132,0,0,244,140,50,138,114,137,65,130,53,131,93,136,233,171
79,16,214,130,193,131,37,132,251,131,33,132,244,131,251,132,0,0,17,141,15,138,109,137,109,130,55,131,82,136,255,171
80,16,201,130,204,131,10,132,27,132,18,132,22,132,205,132,0,0,5,141,26,138,107,137,120,130,71,131,98,136,233,171
81,16,182,130,176,131,235,131,48,132,9,132,43,132,208,132,0,0,242,140,51,138,115,137,96,130,58,131,87,136,210,171
82,16,152,130,168,131,181,131,30,132,17,132,45,132,246,132,0,0,222,140,46,138,108,137,136,130,50,131,55,136,209,171
83,16,127,130,180,131,123,131,20,132,24,132,70,132,218,132,0,0,215,140,66,138,106,137,167,130,71,131,65,136,188,171
84,16,123,130,176,131,97,131,40,132,34,132,106,132,174,132,0,0,251,140,103,138,109,137,141,130,72,131,82,136,159,171
85,16,91,130,180,131,67,131,61,132,44,132,136,132,181,132,0,0,37,141,100,138,102,137,148,130,62,131,63,136,170,171
86,16,44,130,187,131,37,131,59,132,37,132,153,132,209,132,0,0,40,141,86,138,103,137,165,130,73,131,56,136,159,171
87,16,18,130,154,131,255,130,23,132,54,132,157,132,202,132,0,0,51,141,96,138,118,137,127,130,76,131,41,136,122,171
88,16,8,130,128,131,210,130,242,131,59,132,160,132,191,132,0,0,73,141,102,138,124,137,90,130,47,131,17,136,134,171
89,16,15,130,159,131,200,130,246,131,35,132,144,132,213,132,0,0,74,141,108,138,110,137,97,130,53,131,15,136,154,171
90,16,16,130,171,131,199,130,9,132,44,132,141,132,221,132,0,0,78,141,125,138,105,137,124,130,68,131,19,136,127,171
91,16,25,130,147,131,201,130,247,131,60,132,162,132,215,132,0,0,95,141,120,138,114,137,147,130,32,131,17,136,118,171
92,16,35,130,141,131,192,130,216,131,50,132,152,132,218,132,0,0,106,141,111,138,115,137,132,130,17,131,17,136,135,171
93,16,9,130,156,131,178,130,213,131,46,132,128,132,209,132,0,0,115,141,121,138,111,137,96,130,44,131,30,136,136,171
94,16,249,129,135,131,187,130,206,131,43,132,133,132,192,132,0,0,131,141,131,138,113,137,117,130,37,131,44,136,143,171
95,16,21,130,94,131,189,130,199,131,35,132,133,132,184,132,0,0,128,141,116,138,114,137,135,130,10,131,32,136,145,171
96,16,39,130,103,131,190,130,224,131,42,132,107,132,186,132,0,0,90,141,111,138,113,137,99,130,25,131,23,136,137,171
97,16,22,130,113,131,195,130,230,131,46,132,113,132,203,132,0,0,66,141,136,138,112,137,92,130,32,131,46,136,155,171
98,16,15,130,95,131,210,130,211,131,27,132,134,132,209,132,0,0,73,141,142,138,112,137,108,130,25,131,54,136,168,171
99,16,40,130,116,131,224,130,228,131,27,132,128,132,197,132,0,0,71,141,113,138,114,137,111,130,44,131,29,136,153,171
100,16,44,130,144,131,221,130,253,131,49,132,137,132,202,132,0,0,75,141,99,138,113,137,124,130,47,131,16,136,133,171
101,16,17,130,129,131,198,130,238,131,44,132,151,132,219,132,0,0,100,141,118,138,113,137,135,130,39,131,19,136,129,171
102,16,7,130,124,131,190,130,220,131,22,132,144,132,213,132,0,0,101,141,127,138,113,137,117,130,49,131,21,136,135,171
103,16,18,130,143,131,203,130,242,131,28,132,140,132,202,132,0,0,96,141,121,138,110,137,124,130,58,131,35,136,134,171
104,16,8,130,151,131,201,130,2,132,38,132,144,132,200,132,0,0,107,141,118,138,111,137,141,130,44,131,39,136,129,171
105,16,255,129,151,131,186,130,233,131,32,132,142,132,188,132,0,0,103,141,134,138,123,137,121,130,55,131,20,136,127,171
106,16,21,130,139,131,173,130,207,131,33,132,136,132,189,132,0,0,92,141,131,138,97,137,130,130,56,131,22,136,131,171
107,16,38,130,133,131,189,130,213,131,40,132,130,132,201,132,0,0,96,141,118,138,116,137,146,130,14,131,38,136,134,171
108,16,21,130,126,131,197,130,230,131,50,132,126,132,216,132,0,0,98,141,127,138,181,137,137,130,4,131,39,136,131,171
109,16,9,130,132,131,184,130,253,131,46,132,121,132,224,132,0,0,95,141,137,138,152,137,143,130,49,131,30,136,133,171
110,16,8,130,157,131,176,130,12,132,36,132,143,132,196,132,0,0,100,141,131,138,120,137,157,130,67,131,33,136,132,171
111,16,0,130,140,131,187,130,252,131,43,132,163,132,170,132,0,0,99,141,124,138,155,137,139,130,39,131,45,136,130,171
112,16,240,129,97,131,201,130,239,131,53,132,147,132,194,132,0,0,99,141,126,138,143,137,117,130,29,131,47,136,142,171
113,16,251,129,121,131,185,130,248,131,50,132,134,132,212,132,0,0,101,141,115,138,98,137,142,130,39,131,29,136,149,171
114,16,22,130,142,131,179,130,6,132,37,132,144,132,201,132,0,0,92,141,112,138,116,137,171,130,25,131,13,136,128,171
115,16,12,130,97,131,194,130,242,131,40,132,150,132,200,132,0,0,103,141,129,138,127,137,152,130,8,131,26,136,123,171
116,16,254,129,94,131,199,130,202,131,57,132,138,132,197,132,0,0,119,141,128,138,109,137,115,130,33,131,22,136,153,171
117,16,15,130,139,131,195,130,210,131,49,132,139,132,196,132,0,0,99,141,120,138,125,137,117,130,59,131,255,135,142,171
118,16,20,130,144,131,194,130,250,131,25,132,151,132,206,132,0,0,80,141,124,138,122,137,139,130,37,131,2,136,107,171
119,16,13,130,121,131,213,130,248,131,25,132,147,132,199,132,0,0,86,141,115,138,115,137,130,130,40,131,26,136,117,171
120,16,255,129,135,131,217,130,250,131,48,132,130,132,176,132,0,0,94,141,110,138,122,137,120,130,66,131,27,136,129,171
121,16,229,129,159,131,189,130,44,132,57,132,141,132,176,132,0,0,102,141,129,138,109,137,135,130,46,131,18,136,110,171
122,16,232,129,149,131,181,130,49,132,41,132,173,132,198,132,0,0,99,141,128,138,104,137,138,130,14,131,35,136,120,171
123,16,3,130,128,131,199,130,3,132,45,132,160,132,199,132,0,0,77,141,108,138,152,137,141,130,32,131,35,136,142,171
124,16,14,130,134,131,194,130,247,131,74,132,149,132,196,132,0,0,60,141,109,138,196,137,144,130,54,131,7,136,120,171
125,16,8,130,144,131,185,130,0,132,59,132,164,132,205,132,0,0,61,141,113,138,181,137,128,130,48,131,1,136,114,171
126,16,5,130,138,131,202,130,241,131,36,132,152,132,207,132,0,0,71,141,108,138,157,137,119,130,42,131,31,136,133,171
127,16,12,130,132,131,210,130,254,131,63,132,126,132,199,132,77,0,86,141,100,138,159,137,125,130,44,131,46,136,119,171
0,16,8,130,116,131,199,130,14,132,70,132,132,132,207,132,0,0,108,141,116,138,190,137,128,130,43,131,19,136,117,171
1,16,242,129,123,131,185,130,252,131,48,132,155,132,202,132,0,0,119,141,131,138,176,137,123,130,42,131,14,136,151,171
2,16,237,129,152,131,179,130,255,131,46,132,158,132,193,132,0,0,113,141,117,138,149,137,126,130,43,131,31,136,160,171
3,16,249,129,143,131,190,130,251,131,30,132,139,132,203,132,0,0,91,141,116,138,157,137,133,130,35,131,19,136,135,171
4,16,4,130,136,131,206,130,223,131,19,132,132,132,199,132,0,0,79,141,135,138,140,137,128,130,31,131,8,136,126,171
5,16,10,130,152,131,192,130,233,131,37,132,153,132,203,132,0,0,100,141,126,138,148,137,121,130,46,131,42,136,130,171
6,16,7,130,143,131,177,130,7,132,34,132,158,132,232,132,0,0,119,141,116,138,176,137,141,130,47,131,51,136,133,171
7,16,7,130,123,131,185,130,253,131,25,132,149,132,226,132,0,0,110,141,134,138,158,137,153,130,34,131,20,136,136,171
8,16,20,130,132,131,204,130,240,131,44,132,145,132,204,132,0,0,100,141,133,138,135,137,130,130,41,131,16,136,136,171
9,16,24,130,159,131,226,130,4,132,52,132,150,132,220,132,0,0,90,141,110,138,145,137,133,130,49,131,30,136,131,171
10,16,15,130,167,131,223,130,4,132,41,132,154,132,236,132,0,0,70,141,116,138,130,137,154,130,33,131,27,136,129,171
11,16,11,130,141,131,215,130,249,131,27,132,142,132,214,132,0,0,65,141,131,138,92,137,146,130,40,131,25,136,130,171
12,16,11,130,108,131,215,130,6,132,24,132,134,132,198,132,0,0,68,141,129,138,111,137,139,130,55,131,34,136,128,171
13,16,22,130,114,131,211,130,17,132,47,132,146,132,201,132,0,0,73,141,127,138,163,137,143,130,30,131,35,136,135,171
14,16,42,130,135,131,217,130,8,132,52,132,152,132,204,132,0,0,90,141,127,138,197,137,142,130,10,131,20,136,140,171
15,16,34,130,115,131,234,130,7,132,42,132,151,132,203,132,0,0,95,141,116,138,147,137,147,130,32,131,11,136,127,171
16,16,9,130,95,131,234,130,29,132,57,132,152,132,201,132,0,0,90,141,110,138,80,137,170,130,47,131,18,136,127,171
17,16,7,130,119,131,223,130,44,132,56,132,138,132,198,132,0,0,99,141,120,138,103,137,164,130,34,131,23,136,137,171
18,16,18,130,153,131,223,130,10,132,33,132,135,132,210,132,0,0,95,141,123,138,155,137,137,130,22,131,24,136,124,171
19,16,16,130,149,131,225,130,235,131,45,132,155,132,216,132,0,0,83,141,119,138,186,137,136,130,36,131,37,136,117,171
20,16,13,130,137,131,211,130,23,132,45,132,146,132,203,132,0,0,114,141,125,138,183,137,150,130,38,131,33,136,133,171
21,16,14,130,151,131,179,130,45,132,2,132,136,132,193,132,0,0,145,141,127,138,159,137,156,130,13,131,15,136,132,171
22,16,23,130,154,131,193,130,7,132,19,132,143,132,197,132,0,0,114,141,132,138,186,137,152,130,21,131,28,136,120,171
23,16,31,130,146,131,223,130,1,132,63,132,145,132,204,132,0,0,86,141,134,138,208,137,149,130,43,131,34,136,121,171
24,16,25,130,148,131,196,130,20,132,37,132,143,132,210,132,0,0,106,141,130,138,128,137,155,130,25,131,23,136,132,171
25,16,19,130,167,131,181,130,14,132,11,132,133,132,211,132,0,0,104,141,136,138,76,137,138,130,10,131,26,136,136,171
26,16,19,130,149,131,196,130,13,132,38,132,137,132,220,132,0,0,84,141,124,138,150,137,127,130,27,131,29,136,130,171
27,16,7,130,129,131,213,130,25,132,44,132,140,132,212,132,0,0,97,141,114,138,200,137,151,130,53,131,16,136,134,171
28,16,2,130,144,131,212,130,21,132,22,132,130,132,182,132,0,0,107,141,121,138,181,137,157,130,52,131,17,136,136,171
29,16,3,130,143,131,192,130,18,132,29,132,131,132,172,132,0,0,88,141,127,138,190,137,132,130,36,131,28,136,135,171
30,16,4,130,138,131,178,130,8,132,51,132,137,132,200,132,0,0,96,141,117,138,174,137,143,130,31,131,25,136,141,171
31,16,6,130,146,131,200,130,247,131,57,132,139,132,213,132,0,0,128,141,113,138,131,137,166,130,29,131,12,136,134,171
32,16,10,130,130,131,217,130,8,132,40,132,157,132,200,132,0,0,113,141,117,138,159,137,160,130,25,131,5,136,122,171
33,16,5,130,111,131,201,130,24,132,24,132,168,132,202,132,0,0,71,141,121,138,190,137,164,130,37,131,16,136,126,171
34,16,254,129,123,131,179,130,1,132,31,132,145,132,220,132,0,0,80,141,137,138,171,137,169,130,48,131,40,136,126,171
35,16,10,130,134,131,168,130,241,131,36,132,135,132,208,132,0,0,102,141,130,138,181,137,149,130,31,131,25,136,119,171
36,16,15,130,130,131,183,130,23,132,45,132,154,132,185,132,0,0,92,141,97,138,178,137,141,130,20,131,255,135,120,171
37,16,0,130,139,131,200,130,31,132,55,132,159,132,185,132,0,0,91,141,110,138,121,137,162,130,47,131,16,136,127,171
38,16,248,129,129,131,190,130,2,132,41,132,158,132,194,132,0,0,98,141,145,138,107,137,158,130,61,131,26,136,127,171
39,16,255,129,120,131,174,130,25,132,27,132,160,132,189,132,0,0,92,141,136,138,104,137,119,130,42,131,18,136,124,171
40,16,10,130,129,131,163,130,53,132,42,132,152,132,184,132,0,0,98,141,112,138,97,137,116,130,17,131,35,136,134,171
41,16,16,130,117,131,153,130,26,132,47,132,144,132,196,132,0,0,106,141,124,138,156,137,147,130,27,131,31,136,140,171
42,16,11,130,101,131,167,130,17,132,28,132,151,132,199,132,0,0,87,141,133,138,203,137,150,130,47,131,248,135,123,171
43,16,252,129,126,131,199,130,36,132,35,132,152,132,189,132,0,0,77,141,122,138,172,137,143,130,29,131,255,135,126,171
44,16,2,130,160,131,200,130,35,132,51,132,154,132,190,132,0,0,91,141,117,138,164,137,155,130,26,131,24,136,143,171
45,16,14,130,150,131,180,130,21,132,44,132,154,132,200,132,0,0,94,141,120,138,189,137,159,130,52,131,20,136,125,171
46,16,5,130,116,131,174,130,25,132,56,132,146,132,213,132,0,0,100,141,123,138,199,137,152,130,46,131,29,136,111,171
47,16,7,130,124,131,164,130,50,132,71,132,155,132,217,132,0,0,114,141,114,138,174,137,165,130,45,131,15,136,126,171
48,16,17,130,156,131,154,130,51,132,59,132,161,132,213,132,0,0,106,141,114,138,151,137,177,130,71,131,252,135,123,171
49,16,4,130,147,131,166,130,11,132,24,132,155,132,220,132,0,0,96,141,131,138,161,137,163,130,43,131,11,136,126,171
50,16,10,130,109,131,203,130,254,131,24,132,163,132,215,132,0,0,102,141,141,138,143,137,154,130,4,131,7,136,159,171
51,16,13,130,119,131,223,130,34,132,56,132,172,132,171,132,0,0,102,141,144,138,123,137,167,130,22,131,0,136,143,171
52,16,229,129,146,131,212,130,59,132,56,132,146,132,165,132,0,0,90,141,124,138,164,137,161,130,24,131,26,136,95,171
53,16,216,129,124,131,204,130,46,132,28,132,122,132,212,132,0,0,92,141,103,138,200,137,144,130,13,131,43,136,96,171
54,16,251,129,122,131,189,130,23,132,29,132,147,132,222,132,0,0,88,141,123,138,185,137,144,130,43,131,18,136,119,171
55,16,17,130,158,131,165,130,27,132,43,132,152,132,198,132,0,0,70,141,150,138,174,137,142,130,58,131,9,136,115,171
56,16,6,130,153,131,158,130,27,132,29,132,130,132,178,132,0,0,81,141,138,138,191,137,149,130,47,131,22,136,121,171
57,16,18,130,124,131,169,130,7,132,27,132,145,132,183,132,0,0,107,141,117,138,174,137,168,130,48,131,17,136,137,171
58,16,24,130,119,131,168,130,251,131,55,132,167,132,213,132,0,0,121,141,120,138,147,137,158,130,41,131,17,136,135,171
59,16,239,129,127,131,171,130,250,131,56,132,159,132,215,132,0,0,121,141,114,138,146,137,150,130,40,131,44,136,125,171
60,16,208,129,147,131,217,130,14,132,37,132,163,132,193,132,0,0,98,141,98,138,160,137,182,130,53,131,49,136,120,171
61,16,221,129,171,131,231,130,35,132,50,132,170,132,209,132,0,0,77,141,101,138,188,137,179,130,50,131,255,135,125,171
62,16,245,129,159,131,176,130,31,132,83,132,154,132,218,132,0,0,92,141,124,138,197,137,146,130,48,131,237,135,137,171
63,16,9,130,145,131,156,130,37,132,85,132,153,132,194,132,0,0,100,141,127,138,144,137,164,130,33,131,23,136,115,171
64,16,26,130,149,131,169,130,67,132,74,132,150,132,189,132,0,0,87,141,122,138,118,137,186,130,22,131,27,136,79,171
65,16,28,130,121,131,147,130,55,132,67,132,142,132,194,132,0,0,97,141,128,138,162,137,160,130,36,131,12,136,86,171
66,16,19,130,96,131,139,130,20,132,54,132,163,132,178,132,0,0,120,141,123,138,143,137,150,130,34,131,32,136,118,171
67,16,249,129,104,131,157,130,12,132,49,132,170,132,173,132,0,0,113,141,116,138,90,137,150,130,27,131,25,136,124,171
68,16,219,129,110,131,168,130,6,132,62,132,137,132,187,132,0,0,97,141,122,138,101,137,130,130,67,131,250,135,116,171
69,16,217,129,120,131,163,130,10,132,39,132,129,132,206,132,0,0,112,141,129,138,121,137,126,130,83,131,6,136,128,171
70,16,247,129,137,131,161,130,4,132,5,132,160,132,204,132,0,0,123,141,135,138,149,137,150,130,53,131,22,136,141,171
71,16,1,130,152,131,164,130,241,131,26,132,166,132,173,132,0,0,113,141,133,138,184,137,161,130,57,131,6,136,128,171
72,16,240,129,144,131,157,130,3,132,50,132,157,132,178,132,0,0,108,141,113,138,190,137,151,130,41,131,3,136,125,171
73,16,8,130,131,131,148,130,32,132,31,132,163,132,209,132,0,0,105,141,117,138,182,137,153,130,9,131,9,136,132,171
74,16,50,130,139,131,152,130,29,132,30,132,169,132,204,132,0,0,109,141,144,138,135,137,162,130,25,131,7,136,130,171
75,16,28,130,155,131,166,130,19,132,54,132,174,132,194,132,0,0,122,141,130,138,90,137,164,130,44,131,18,136,130,171
76,16,246,129,156,131,178,130,27,132,44,132,168,132,213,132,0,0,110,141,109,138,117,137,165,130,37,131,21,136,137,171
77,16,252,129,142,131,191,130,29,132,31,132,152,132,199,132,0,0,89,141,125,138,114,137,153,130,55,131,14,136,134,171
78,16,7,130,137,131,188,130,28,132,40,132,158,132,186,132,0,0,99,141,138,138,85,137,146,130,64,131,20,136,125,171
79,16,6,130,135,131,177,130,30,132,77,132,168,132,211,132,0,0,105,141,124,138,163,137,161,130,37,131,22,136,120,171
80,16,3,130,133,131,200,130,24,132,102,132,153,132,200,132,0,0,89,141,112,138,215,137,171,130,36,131,24,136,110,171
81,16,4,130,136,131,194,130,25,132,65,132,148,132,182,132,0,0,83,141,116,138,157,137,152,130,44,131,32,136,106,171
82,16,3,130,136,131,162,130,19,132,27,132,159,132,191,132,0,0,83,141,123,138,142,137,149,130,24,131,26,136,121,171
83,16,253,129,134,131,173,130,19,132,37,132,141,132,195,132,0,0,81,141,122,138,190,137,164,130,29,131,23,136,134,171
84,16,255,129,125,131,193,130,29,132,45,132,135,132,193,132,0,0,91,141,125,138,190,137,157,130,60,131,29,136,122,171
85,16,1,130,128,131,175,130,19,132,34,132,151,132,203,132,0,0,99,141,129,138,158,137,149,130,43,131,32,136,101,171
86,16,252,129,155,131,171,130,11,132,41,132,151,132,198,132,0,0,98,141,118,138,170,137,148,130,22,131,33,136,119,171
87,16,0,130,159,131,204,130,10,132,43,132,148,132,185,132,0,0,116,141,106,138,184,137,145,130,28,131,34,136,119,171
88,16,9,130,118,131,195,130,11,132,39,132,157,132,207,132,0,0,127,141,118,138,138,137,146,130,15,131,31,136,104,171
89,16,19,130,89,131,174,130,22,132,47,132,157,132,227,132,0,0,105,141,127,138,108,137,139,130,14,131,27,136,127,171
90,16,23,130,110,131,182,130,34,132,53,132,164,132,221,132,0,0,84,141,120,138,148,137,140,130,38,131,29,136,133,171
91,16,8,130,126,131,196,130,24,132,61,132,156,132,214,132,0,0,100,141,115,138,196,137,146,130,51,131,27,136,104,171
92,16,246,129,124,131,205,130,18,132,57,132,135,132,212,132,0,0,115,141,123,138,187,137,150,130,50,131,26,136,106,171
93,16,244,129,128,131,187,130,29,132,43,132,139,132,202,132,0,0,90,141,119,138,175,137,153,130,40,131,13,136,134,171
94,16,255,129,131,131,168,130,16,132,37,132,151,132,188,132,0,0,73,141,100,138,192,137,145,130,24,131,11,136,131,171
95,16,9,130,130,131,191,130,7,132,38,132,142,132,185,132,0,0,92,141,100,138,193,137,133,130,26,131,27,136,129,171
96,16,20,130,130,131,213,130,17,132,34,132,126,132,196,132,0,0,104,141,118,138,180,137,141,130,27,131,28,136,126,171
97,16,36,130,117,131,184,130,28,132,29,132,129,132,211,132,0,0,90,141,120,138,181,137,143,130,3,131,23,136,115,171
98,16,28,130,104,131,184,130,35,132,34,132,134,132,216,132,0,0,77,141,126,138,187,137,130,130,8,131,23,136,124,171
99,16,10,130,121,131,227,130,32,132,45,132,137,132,209,132,0,0,68,141,136,138,173,137,132,130,38,131,28,136,140,171
100,16,7,130,137,131,221,130,24,132,45,132,136,132,215,132,0,0,72,141,118,138,174,137,150,130,36,131,17,136,135,171
101,16,255,129,125,131,205,130,31,132,41,132,128,132,214,132,0,0,83,141,102,138,157,137,159,130,16,131,19,136,129,171
102,16,248,129,122,131,220,130,50,132,43,132,138,132,201,132,0,0,80,141,107,138,109,137,153,130,14,131,33,136,141,171
103,16,8,130,145,131,209,130,49,132,35,132,155,132,207,132,0,0,87,141,111,138,130,137,146,130,31,131,23,136,137,171
104,16,33,130,141,131,186,130,37,132,34,132,148,132,225,132,0,0,94,141,112,138,166,137,144,130,56,131,19,136,127,171
105,16,41,130,101,131,189,130,33,132,51,132,138,132,223,132,0,0,83,141,106,138,123,137,131,130,61,131,27,136,127,171
106,16,28,130,86,131,203,130,35,132,52,132,143,132,202,132,0,0,84,141,100,138,82,137,126,130,39,131,31,136,126,171
107,16,6,130,126,131,219,130,33,132,38,132,150,132,213,132,0,0,78,141,104,138,118,137,146,130,27,131,31,136,137,171
108,16,11,130,150,131,228,130,23,132,36,132,139,132,228,132,0,0,70,141,114,138,167,137,144,130,27,131,23,136,128,171
109,16,23,130,134,131,222,130,28,132,39,132,129,132,195,132,0,0,83,141,105,138,194,137,128,130,15,131,14,136,108,171
110,16,249,129,136,131,205,130,28,132,38,132,138,132,186,132,0,0,81,141,98,138,195,137,135,130,13,131,13,136,129,171
111,16,251,129,142,131,198,130,4,132,33,132,137,132,212,132,0,0,60,141,109,138,175,137,132,130,34,131,26,136,153,171
112,16,41,130,129,131,193,130,252,131,32,132,113,132,187,132,0,0,69,141,118,138,181,137,118,130,42,131,30,136,128,171
113,16,29,130,126,131,182,130,17,132,46,132,119,132,157,132,0,0,95,141,120,138,191,137,131,130,33,131,29,136,111,171
114,16,2,130,138,131,193,130,18,132,55,132,160,132,184,132,0,0,101,141,110,138,188,137,165,130,36,131,26,136,134,171
115,16,27,130,121,131,204,130,12,132,51,132,165,132,212,132,0,0,95,141,104,138,189,137,170,130,50,131,22,136,154,171
116,16,38,130,98,131,199,130,34,132,50,132,133,132,220,132,0,0,88,141,104,138,190,137,140,130,42,131,32,136,146,171
117,16,23,130,126,131,214,130,40,132,43,132,129,132,230,132,0,0,70,141,101,138,177,137,130,130,19,131,39,136,127,171
118,16,20,130,157,131,234,130,17,132,48,132,148,132,218,132,0,0,68,141,95,138,185,137,146,130,29,131,35,136,121,171
119,16,26,130,145,131,214,130,32,132,64,132,149,132,200,132,0,0,88,141,101,138,190,137,149,130,44,131,13,136,119,171
120,16,23,130,119,131,206,130,56,132,53,132,130,132,207,132,0,0,89,141,117,138,127,137,138,130,29,131,9,136,120,171
121,16,31,130,121,131,228,130,43,132,51,132,133,132,208,132,0,0,71,141,120,138,81,137,131,130,23,131,36,136,134,171
122,16,52,130,131,131,227,130,14,132,68,132,153,132,193,132,0,0,65,141,117,138,121,137,127,130,42,131,35,136,140,171
123,16,37,130,113,131,188,130,14,132,31,132,160,132,203,132,0,0,71,141,116,138,116,137,127,130,41,131,18,136,132,171
124,16,15,130,108,131,176,130,34,132,253,131,148,132,225,132,0,0,84,141,111,138,84,137,145,130,30,131,36,136,130,171
125,16,24,130,126,131,206,130,36,132,31,132,122,132,223,132,0,0,95,141,99,138,139,137,158,130,29,131,51,136,135,171
126,16,46,130,141,131,196,130,24,132,72,132,116,132,218,132,0,0,97,141,92,138,195,137,146,130,33,131,29,136,134,171
127,16,30,130,155,131,175,130,23,132,76,132,141,132,227,132,77,0,88,141,110,138,176,137,145,130,43,131,18,136,136,171
0,16,1,130,152,131,221,130,24,132,55,132,157,132,209,132,0,0,82,141,131,138,183,137,145,130,34,131,18,136,133,171
1,16,17,130,139,131,250,130,15,132,34,132,119,132,176,132,0,0,85,141,128,138,195,137,143,130,11,131,17,136,132,171
2,16,37,130,146,131,224,130,19,132,43,132,90,132,186,132,0,0,104,141,116,138,144,137,145,130,23,131,31,136,143,171
3,16,36,130,150,131,223,130,25,132,60,132,121,132,207,132,0,0,101,141,121,138,127,137,135,130,32,131,30,136,139,171
4,16,28,130,131,131,236,130,24,132,38,132,133,132,216,132,0,0,70,141,121,138,188,137,134,130,18,131,35,136,126,171
5,16,17,130,135,131,233,130,18,132,24,132,112,132,224,132,0,0,56,141,112,138,215,137,138,130,27,131,46,136,124,171
6,16,18,130,164,131,239,130,6,132,39,132,115,132,217,132,0,0,71,141,120,138,146,137,131,130,39,131,37,136,128,171
7,16,46,130,156,131,239,130,33,132,37,132,141,132,205,132,0,0,86,141,124,138,90,137,129,130,32,131,30,136,119,171
8,16,55,130,124,131,230,130,48,132,34,132,136,132,208,132,0,0,84,141,99,138,142,137,144,130,30,131,27,136,114,171
9,16,33,130,115,131,245,130,18,132,57,132,119,132,210,132,0,0,63,141,96,138,205,137,148,130,32,131,21,136,121,171
10,16,44,130,138,131,0,131,14,132,42,132,116,132,194,132,0,0,56,141,134,138,181,137,145,130,22,131,25,136,125,171
11,16,39,130,158,131,243,130,33,132,6,132,129,132,193,132,0,0,73,141,140,138,153,137,151,130,15,131,35,136,136,171
12,16,6,130,128,131,228,130,15,132,27,132,144,132,217,132,0,0,74,141,118,138,179,137,149,130,31,131,34,136,139,171
13,16,27,130,100,131,206,130,6,132,49,132,137,132,224,132,0,0,73,141,123,138,170,137,148,130,44,131,33,136,139,171
14,16,49,130,117,131,212,130,34,132,29,132,134,132,200,132,0,0,90,141,137,138,158,137,139,130,28,131,34,136,146,171
15,16,14,130,125,131,224,130,19,132,41,132,134,132,200,132,0,0,94,141,122,138,173,137,132,130,15,131,36,136,140,171
16,16,0,130,110,131,215,130,246,131,73,132,122,132,217,132,0,0,101,141,104,138,137,137,134,130,35,131,37,136,120,171
17,16,34,130,111,131,231,130,6,132,53,132,120,132,198,132,0,0,109,141,118,138,94,137,133,130,30,131,28,136,109,171
18,16,45,130,125,131,250,130,17,132,43,132,141,132,197,132,0,0,90,141,126,138,131,137,139,130,13,131,40,136,117,171
19,16,32,130,133,131,245,130,29,132,74,132,136,132,222,132,0,0,78,141,102,138,147,137,150,130,41,131,45,136,127,171
20,16,26,130,144,131,229,130,41,132,79,132,109,132,214,132,0,0,103,141,84,138,132,137,140,130,61,131,22,136,127,171
21,16,18,130,134,131,221,130,27,132,49,132,126,132,202,132,0,0,95,141,104,138,168,137,131,130,51,131,26,136,126,171
22,16,20,130,120,131,214,130,10,132,29,132,136,132,223,132,0,0,87,141,113,138,190,137,134,130,34,131,37,136,136,171
23,16,23,130,136,131,204,130,25,132,44,132,131,132,214,132,0,0,122,141,107,138,177,137,134,130,18,131,30,136,139,171
24,16,22,130,140,131,197,130,33,132,46,132,145,132,186,132,0,0,98,141,109,138,188,137,144,130,34,131,35,136,134,171
25,16,26,130,137,131,213,130,17,132,32,132,144,132,201,132,0,0,44,141,111,138,184,137,147,130,51,131,35,136,147,171
26,16,39,130,144,131,230,130,19,132,64,132,132,132,213,132,0,0,74,141,121,138,158,137,142,130,19,131,15,136,149,171
27,16,35,130,140,131,212,130,29,132,91,132,134,132,189,132,0,0,113,141,118,138,176,137,149,130,1,131,22,136,140,171
28,16,20,130,133,131,209,130,30,132,50,132,136,132,199,132,0,0,94,141,101,138,187,137,149,130,35,131,44,136,134,171
29,16,39,130,132,131,229,130,28,132,17,132,135,132,219,132,0,0,89,141,111,138,179,137,133,130,38,131,31,136,124,171
30,16,51,130,130,131,218,130,26,132,41,132,156,132,208,132,0,0,98,141,127,138,181,137,142,130,20,131,13,136,123,171
31,16,22,130,128,131,200,130,14,132,64,132,146,132,205,132,0,0,81,141,109,138,173,137,156,130,27,131,27,136,134,171
32,16,20,130,131,131,207,130,11,132,56,132,116,132,202,132,0,0,74,141,99,138,178,137,142,130,38,131,39,136,134,171
33,16,35,130,138,131,203,130,32,132,37,132,126,132,191,132,0,0,89,141,125,138,193,137,134,130,31,131,22,136,136,171
34,16,18,130,141,131,195,130,29,132,39,132,139,132,217,132,0,0,98,141,130,138,185,137,134,130,24,131,23,136,147,171
35,16,15,130,141,131,223,130,26,132,77,132,141,132,237,132,0,0,89,141,113,138,178,137,128,130,27,131,52,136,146,171
36,16,38,130,143,131,236,130,40,132,75,132,152,132,205,132,0,0,78,141,104,138,193,137,141,130,27,131,45,136,140,171
37,16,26,130,140,131,230,130,26,132,32,132,142,132,196,132,0,0,79,141,115,138,186,137,150,130,18,131,21,136,133,171
38,16,18,130,138,131,234,130,5,132,33,132,114,132,205,132,0,0,87,141,124,138,183,137,140,130,19,131,19,136,126,171
39,16,30,130,145,131,226,130,15,132,45,132,121,132,190,132,0,0,87,141,107,138,200,137,137,130,33,131,31,136,130,171
40,16,16,130,147,131,207,130,19,132,42,132,143,132,202,132,0,0,100,141,110,138,170,137,137,130,34,131,34,136,140,171
41,16,9,130,129,131,209,130,4,132,34,132,140,132,229,132,0,0,105,141,130,138,167,137,128,130,29,131,31,136,141,171
42,16,27,130,130,131,233,130,24,132,30,132,126,132,212,132,0,0,95,141,113,138,166,137,128,130,37,131,29,136,130,171
43,16,29,130,155,131,231,130,44,132,51,132,122,132,196,132,0,0,99,141,101,138,142,137,141,130,35,131,26,136,126,171
44,16,17,130,154,131,210,130,16,132,62,132,137,132,221,132,0,0,105,141,125,138,165,137,148,130,27,131,14,136,139,171
45,16,12,130,130,131,213,130,253,131,34,132,148,132,227,132,0,0,101,141,121,138,152,137,137,130,28,131,19,136,136,171
46,16,12,130,131,131,224,130,23,132,33,132,132,132,221,132,0,0,76,141,98,138,107,137,126,130,33,131,46,136,115,171
47,16,28,130,153,131,229,130,42,132,69,132,133,132,223,132,0,0,62,141,111,138,143,137,142,130,36,131,48,136,132,171
48,16,38,130,137,131,219,130,27,132,59,132,154,132,222,132,0,0,80,141,112,138,197,137,155,130,28,131,24,136,162,171
49,16,6,130,128,131,209,130,11,132,37,132,149,132,217,132,0,0,90,141,102,138,148,137,137,130,33,131,18,136,141,171
50,16,0,130,139,131,216,130,12,132,52,132,135,132,209,132,0,0,68,141,110,138,116,137,129,130,42,131,29,136,126,171
51,16,14,130,112,131,223,130,15,132,56,132,140,132,200,132,0,0,66,141,106,138,170,137,144,130,27,131,33,136,146,171
52,16,5,130,113,131,214,130,15,132,41,132,145,132,201,132,0,0,93,141,93,138,201,137,158,130,26,131,23,136,158,171
53,16,6,130,148,131,205,130,18,132,46,132,149,132,200,132,0,0,82,141,104,138,190,137,157,130,41,131,26,136,154,171
54,16,23,130,151,131,209,130,25,132,59,132,139,132,182,132,0,0,66,141,131,138,179,137,137,130,38,131,35,136,146,171
55,16,27,130,142,131,210,130,26,132,45,132,124,132,188,132,0,0,77,141,132,138,159,137,126,130,44,131,41,136,147,171
56,16,35,130,126,131,209,130,36,132,35,132,139,132,213,132,0,0,81,141,113,138,133,137,144,130,62,131,43,136,149,171
57,16,46,130,102,131,219,130,40,132,47,132,158,132,206,132,0,0,78,141,103,138,129,137,163,130,43,131,35,136,135,171
58,16,29,130,125,131,237,130,22,132,51,132,145,132,201,132,0,0,79,141,100,138,160,137,151,130,20,131,26,136,117,171
59,16,26,130,148,131,244,130,255,131,38,132,123,132,220,132,0,0,82,141,103,138,166,137,129,130,24,131,34,136,131,171
60,16,28,130,112,131,240,130,4,132,37,132,106,132,215,132,0,0,81,141,112,138,168,137,116,130,30,131,43,136,141,171
61,16,5,130,108,131,245,130,20,132,42,132,104,132,194,132,0,0,79,141,117,138,180,137,119,130,34,131,36,136,133,171
62,16,9,130,132,131,233,130,19,132,33,132,118,132,206,132,0,0,81,141,117,138,179,137,139,130,34,131,30,136,152,171
63,16,27,130,117,131,231,130,8,132,34,132,131,132,225,132,0,0,86,141,125,138,177,137,145,130,36,131,28,136,171,171
64,16,32,130,114,131,5,131,8,132,35,132,133,132,212,132,0,0,73,141,129,138,178,137,126,130,57,131,28,136,153,171
65,16,53,130,130,131,252,130,19,132,32,132,124,132,197,132,0,0,57,141,128,138,171,137,131,130,72,131,41,136,121,171
66,16,57,130,125,131,213,130,25,132,39,132,113,132,186,132,0,0,73,141,133,138,177,137,155,130,52,131,42,136,127,171
67,16,15,130,130,131,206,130,15,132,41,132,121,132,184,132,0,0,76,141,126,138,185,137,166,130,30,131,22,136,149,171
68,16,11,130,156,131,226,130,5,132,23,132,137,132,201,132,0,0,61,141,112,138,157,137,163,130,37,131,22,136,132,171
69,16,50,130,146,131,243,130,0,132,31,132,137,132,212,132,0,0,95,141,106,138,132,137,154,130,42,131,36,136,110,171
70,16,38,130,109,131,228,130,0,132,65,132,125,132,205,132,0,0,135,141,107,138,155,137,147,130,30,131,25,136,139,171
71,16,3,130,106,131,192,130,1,132,32,132,118,132,212,132,0,0,110,141,124,138,183,137,145,130,29,131,25,136,163,171
72,16,7,130,126,131,187,130,255,131,240,131,129,132,212,132,0,0,80,141,127,138,171,137,137,130,43,131,40,136,137,171
73,16,25,130,127,131,210,130,8,132,20,132,139,132,195,132,0,0,81,141,106,138,157,137,133,130,40,131,18,136,130,171
74,16,32,130,120,131,200,130,13,132,63,132,139,132,195,132,0,0,75,141,105,138,177,137,133,130,35,131,7,136,146,171
75,16,24,130,122,131,188,130,2,132,39,132,135,132,202,132,0,0,73,141,120,138,151,137,129,130,45,131,30,136,138,171
76,16,16,130,140,131,213,130,255,131,20,132,132,132,181,132,0,0,90,141,115,138,111,137,136,130,40,131,26,136,123,171
77,16,18,130,143,131,227,130,19,132,38,132,137,132,161,132,0,0,99,141,99,138,146,137,157,130,36,131,23,136,129,171
78,16,17,130,119,131,218,130,38,132,38,132,139,132,194,132,0,0,91,141,116,138,202,137,168,130,61,131,28,136,144,171
79,16,23,130,90,131,220,130,29,132,30,132,132,132,213,132,0,0,93,141,127,138,192,137,160,130,53,131,22,136,146,171
80,16,23,130,112,131,225,130,6,132,38,132,131,132,195,132,0,0,97,141,113,138,169,137,144,130,10,131,23,136,122,171
81,16,18,130,149,131,222,130,0,132,41,132,146,132,197,132,0,0,81,141,115,138,142,137,141,130,18,131,32,136,99,171
82,16,11,130,131,131,229,130,20,132,38,132,144,132,202,132,0,0,83,141,130,138,112,137,155,130,37,131,18,136,116,171
83,16,18,130,109,131,220,130,34,132,39,132,149,132,197,132,0,0,89,141,129,138,175,137,152,130,11,131,1,136,134,171
84,16,23,130,110,131,199,130,13,132,40,132,153,132,208,132,0,0,86,141,113,138,224,137,133,130,14,131,8,136,130,171
85,16,3,130,101,131,208,130,255,131,47,132,146,132,224,132,0,0,96,141,113,138,193,137,134,130,41,131,3,136,139,171
86,16,248,129,99,131,217,130,14,132,51,132,152,132,227,132,0,0,101,141,126,138,188,137,142,130,35,131,247,135,147,171
87,16,247,129,113,131,212,130,14,132,39,132,150,132,232,132,0,0,90,141,128,138,212,137,132,130,33,131,4,136,131,171
88,16,244,129,114,131,214,130,0,132,35,132,135,132,214,132,0,0,98,141,127,138,197,137,122,130,41,131,32,136,123,171
89,16,7,130,111,131,217,130,0,132,57,132,138,132,192,132,0,0,101,141,123,138,147,137,136,130,38,131,35,136,131,171
90,16,32,130,118,131,193,130,252,131,56,132,150,132,208,132,0,0,88,141,119,138,91,137,141,130,36,131,28,136,128,171
91,16,18,130,122,131,177,130,246,131,37,132,145,132,209,132,0,0,118,141,118,138,86,137,130,130,16,131,24,136,132,171
92,16,2,130,134,131,201,130,17,132,52,132,131,132,200,132,0,0,127,141,118,138,149,137,139,130,14,131,14,136,146,171
93,16,25,130,137,131,217,130,35,132,57,132,138,132,220,132,0,0,70,141,110,138,186,137,146,130,46,131,13,136,143,171
94,16,22,130,125,131,206,130,3,132,46,132,148,132,216,132,0,0,60,141,112,138,183,137,133,130,51,131,10,136,128,171
95,16,1,130,116,131,197,130,9,132,47,132,126,132,187,132,0,0,103,141,125,138,183,137,127,130,33,131,13,136,125,171
96,16,23,130,99,131,190,130,46,132,37,132,101,132,195,132,0,0,106,141,134,138,167,137,134,130,33,131,33,136,142,171
97,16,45,130,96,131,195,130,31,132,44,132,134,132,217,132,0,0,91,141,125,138,122,137,143,130,33,131,36,136,130,171
98,16,23,130,119,131,229,130,9,132,76,132,144,132,202,132,0,0,100,141,110,138,84,137,134,130,20,131,29,136,103,171
99,16,254,129,129,131,222,130,32,132,64,132,107,132,201,132,0,0,98,141,110,138,131,137,123,130,18,131,34,136,115,171
100,16,6,130,137,131,183,130,39,132,30,132,117,132,215,132,0,0,88,141,121,138,205,137,141,130,18,131,25,136,134,171
101,16,21,130,147,131,202,130,29,132,36,132,138,132,209,132,0,0,100,141,116,138,186,137,159,130,34,131,22,136,119,171
102,16,19,130,135,131,234,130,45,132,46,132,120,132,207,132,0,0,102,141,106,138,99,137,141,130,60,131,33,136,112,171
103,16,4,130,117,131,232,130,67,132,42,132,113,132,220,132,0,0,76,141,118,138,92,137,136,130,53,131,22,136,138,171
104,16,250,129,129,131,236,130,66,132,46,132,124,132,218,132,0,0,73,141,123,138,148,137,160,130,33,131,19,136,144,171
105,16,18,130,144,131,242,130,57,132,52,132,129,132,214,132,0,0,93,141,102,138,139,137,149,130,24,131,23,136,134,171
106,16,43,130,128,131,232,130,48,132,51,132,146,132,224,132,0,0,81,141,101,138,125,137,127,130,17,131,9,136,128,171
107,16,36,130,131,131,222,130,36,132,52,132,141,132,225,132,0,0,68,141,127,138,142,137,136,130,22,131,10,136,121,171
108,16,17,130,150,131,208,130,41,132,40,132,116,132,215,132,0,0,85,141,138,138,133,137,137,130,38,131,22,136,123,171
109,16,19,130,161,131,203,130,49,132,35,132,127,132,204,132,0,0,87,141,111,138,138,137,140,130,33,131,15,136,135,171
110,16,42,130,157,131,222,130,42,132,50,132,130,132,216,132,0,0,70,141,86,138,176,137,155,130,23,131,18,136,137,171
111,16,37,130,140,131,225,130,37,132,53,132,134,132,240,132,0,0,73,141,91,138,194,137,142,130,29,131,35,136,120,171
112,16,15,130,121,131,204,130,40,132,38,132,153,132,211,132,0,0,95,141,119,138,178,137,122,130,28,131,29,136,116,171
113,16,33,130,120,131,203,130,46,132,37,132,139,132,172,132,0,0,118,141,132,138,170,137,149,130,33,131,29,136,136,171
114,16,38,130,147,131,209,130,36,132,47,132,115,132,188,132,0,0,111,141,117,138,176,137,150,130,47,131,29,136,148,171
115,16,249,129,153,131,200,130,18,132,49,132,124,132,218,132,0,0,77,141,110,138,183,137,126,130,43,131,20,136,132,171
116,16,241,129,127,131,198,130,17,132,61,132,133,132,222,132,0,0,69,141,123,138,183,137,151,130,24,131,36,136,124,171
117,16,25,130,120,131,214,130,29,132,58,132,131,132,222,132,0,0,88,141,130,138,178,137,172,130,22,131,46,136,150,171
118,16,39,130,136,131,222,130,34,132,42,132,129,132,222,132,0,0,87,141,107,138,186,137,131,130,47,131,28,136,148,171
119,16,30,130,134,131,206,130,35,132,53,132,135,132,220,132,0,0,86,141,99,138,174,137,108,130,58,131,23,136,120,171
120,16,32,130,126,131,193,130,40,132,52,132,146,132,204,132,0,0,97,141,121,138,171,137,131,130,48,131,34,136,138,171
121,16,37,130,153,131,207,130,41,132,47,132,156,132,193,132,0,0,97,141,120,138,191,137,129,130,43,131,24,136,158,171
122,16,27,130,163,131,198,130,35,132,50,132,142,132,208,132,0,0,95,141,109,138,159,137,122,130,43,131,24,136,130,171
123,16,29,130,138,131,180,130,43,132,21,132,140,132,208,132,0,0,93,141,123,138,97,137,142,130,46,131,29,136,121,171
124,16,33,130,114,131,195,130,66,132,33,132,150,132,174,132,0,0,72,141,120,138,83,137,149,130,50,131,2,136,139,171
125,16,22,130,126,131,211,130,48,132,91,132,137,132,188,132,0,0,64,141,94,138,142,137,137,130,32,131,250,135,138,171
126,16,9,130,148,131,204,130,28,132,71,132,136,132,247,132,0,0,97,141,110,138,187,137,143,130,23,131,24,136,130,171
127,16,10,130,140,131,203,130,50,132,14,132,152,132,226,132,77,0,122,141,131,138,186,137,151,130,52,131,40,136,135,171
0,16,12,130,135,131,198,130,39,132,30,132,156,132,173,132,0,0,98,141,114,138,192,137,141,130,54,131,26,136,139,171
1,16,14,130,138,131,184,130,5,132,50,132,142,132,195,132,0,0,79,141,109,138,199,137,137,130,34,131,22,136,144,171
2,16,28,130,135,131,186,130,31,132,31,132,136,132,198,132,0,0,96,141,119,138,187,137,142,130,43,131,26,136,133,171
3,16,21,130,130,131,192,130,45,132,41,132,145,132,156,132,0,0,104,141,116,138,177,137,148,130,47,131,20,136,105,171
4,16,12,130,127,131,186,130,13,132,69,132,148,132,182,132,0,0,98,141,115,138,196,137,146,130,29,131,17,136,109,171
5,16,20,130,131,131,201,130,25,132,55,132,144,132,223,132,0,0,94,141,125,138,201,137,150,130,38,131,17,136,135,171
6,16,8,130,136,131,210,130,45,132,20,132,137,132,204,132,0,0,86,141,118,138,179,137,149,130,64,131,20,136,132,171
7,16,5,130,127,131,197,130,39,132,24,132,149,132,197,132,0,0,84,141,108,138,177,137,137,130,59,131,11,136,112,171
8,16,32,130,118,131,197,130,45,132,49,132,158,132,203,132,0,0,97,141,105,138,200,137,146,130,46,131,14,136,122,171
9,16,29,130,131,131,199,130,50,132,40,132,138,132,182,132,0,0,115,141,103,138,172,137,162,130,40,131,33,136,149,171
10,16,242,129,124,131,187,130,57,132,35,132,124,132,191,132,0,0,105,141,112,138,134,137,150,130,35,131,44,136,144,171
11,16,2,130,118,131,182,130,56,132,53,132,143,132,224,132,0,0,87,141,120,138,168,137,132,130,21,131,32,136,127,171
12,16,33,130,144,131,177,130,35,132,44,132,165,132,208,132,0,0,97,141,125,138,194,137,133,130,20,131,29,136,119,171
13,16,244,129,150,131,161,130,10,132,30,132,157,132,173,132,0,0,105,141,126,138,177,137,138,130,32,131,34,136,128,171
14,16,228,129,125,131,183,130,13,132,42,132,139,132,192,132,0,0,88,141,122,138,184,137,139,130,42,131,253,135,146,171
15,16,31,130,115,131,224,130,19,132,35,132,141,132,228,132,0,0,85,141,121,138,196,137,130,130,37,131,222,135,145,171
16,16,45,130,128,131,204,130,25,132,24,132,149,132,205,132,0,0,96,141,112,138,182,137,133,130,22,131,240,135,140,171
17,16,255,129,131,131,184,130,47,132,36,132,139,132,182,132,0,0,83,141,109,138,187,137,149,130,41,131,7,136,160,171
18,16,247,129,121,131,202,130,66,132,49,132,129,132,204,132,0,0,78,141,108,138,189,137,149,130,58,131,8,136,163,171
19,16,18,130,132,131,212,130,58,132,44,132,143,132,200,132,0,0,89,141,101,138,163,137,145,130,39,131,20,136,134,171
20,16,36,130,159,131,187,130,40,132,51,132,141,132,182,132,0,0,83,141,111,138,175,137,147,130,17,131,34,136,134,171
21,16,36,130,147,131,177,130,63,132,51,132,126,132,214,132,0,0,81,141,127,138,201,137,148,130,27,131,32,136,156,171
22,16,34,130,133,131,208,130,63,132,36,132,127,132,237,132,0,0,82,141,114,138,173,137,145,130,44,131,16,136,148,171
23,16,31,130,148,131,223,130,18,132,32,132,127,132,196,132,0,0,71,141,109,138,141,137,142,130,34,131,5,136,142,171
24,16,18,130,140,131,206,130,26,132,30,132,123,132,185,132,0,0,65,141,128,138,176,137,149,130,28,131,25,136,145,171
25,16,12,130,126,131,198,130,45,132,45,132,133,132,206,132,0,0,71,141,110,138,208,137,153,130,37,131,38,136,136,171
26,16,20,130,131,131,201,130,34,132,58,132,142,132,202,132,0,0,67,141,106,138,190,137,136,130,41,131,19,136,136,171
27,16,5,130,127,131,197,130,22,132,52,132,140,132,186,132,0,0,74,141,125,138,175,137,128,130,32,131,12,136,157,171
28,16,246,129,115,131,196,130,22,132,57,132,141,132,178,132,0,0,97,141,92,138,183,137,143,130,37,131,26,136,159,171
29,16,8,130,114,131,200,130,20,132,81,132,148,132,183,132,0,0,105,141,74,138,180,137,141,130,57,131,29,136,128,171
30,16,31,130,126,131,201,130,26,132,68,132,158,132,188,132,0,0,92,141,119,138,184,137,143,130,50,131,19,136,120,171
31,16,34,130,133,131,207,130,42,132,29,132,153,132,197,132,0,0,75,141,137,138,193,137,159,130,37,131,21,136,139,171
32,16,28,130,121,131,202,130,58,132,47,132,137,132,213,132,0,0,85,141,107,138,161,137,150,130,39,131,23,136,122,171
33,16,23,130,127,131,202,130,59,132,45,132,143,132,223,132,0,0,103,141,109,138,139,137,127,130,37,131,32,136,102,171
34,16,29,130,150,131,208,130,42,132,252,131,145,132,204,132,0,0,92,141,127,138,182,137,128,130,21,131,42,136,122,171
35,16,28,130,143,131,215,130,47,132,1,132,142,132,196,132,0,0,76,141,122,138,181,137,150,130,23,131,24,136,150,171
36,16,15,130,130,131,210,130,49,132,46,132,144,132,212,132,0,0,84,141,114,138,103,137,146,130,42,131,6,136,140,171
37,16,10,130,129,131,181,130,30,132,39,132,144,132,211,132,0,0,91,141,111,138,98,137,117,130,35,131,25,136,113,171
38,16,1,130,122,131,161,130,40,132,21,132,138,132,205,132,0,0,87,141,114,138,141,137,117,130,19,131,35,136,117,171
39,16,245,129,129,131,185,130,47,132,49,132,127,132,193,132,0,0,88,141,114,138,112,137,147,130,26,131,17,136,126,171
40,16,13,130,142,131,201,130,43,132,53,132,139,132,189,132,0,0,88,141,112,138,114,137,154,130,35,131,16,136,114,171
41,16,24,130,146,131,188,130,53,132,25,132,157,132,201,132,0,0,89,141,107,138,203,137,144,130,21,131,13,136,115,171
42,16,4,130,160,131,187,130,25,132,23,132,146,132,198,132,0,0,97,141,103,138,207,137,147,130,3,131,253,135,129,171
43,16,4,130,164,131,195,130,10,132,36,132,137,132,194,132,0,0,98,141,115,138,116,137,145,130,14,131,23,136,120,171
44,16,20,130,139,131,193,130,40,132,48,132,144,132,208,132,0,0,91,141,130,138,120,137,146,130,31,131,25,136,128,171
45,16,21,130,124,131,187,130,40,132,54,132,139,132,196,132,0,0,84,141,123,138,192,137,140,130,28,131,242,135,154,171
46,16,18,130,136,131,201,130,29,132,31,132,132,132,163,132,0,0,90,141,106,138,198,137,137,130,24,131,247,135,144,171
47,16,8,130,147,131,220,130,32,132,25,132,139,132,163,132,0,0,100,141,113,138,163,137,153,130,23,131,28,136,128,171
48,16,246,129,133,131,195,130,27,132,72,132,124,132,198,132,0,0,102,141,114,138,158,137,149,130,21,131,37,136,112,171
49,16,8,130,115,131,183,130,27,132,74,132,119,132,233,132,0,0,106,141,104,138,176,137,124,130,33,131,35,136,114,171
50,16,34,130,116,131,209,130,29,132,31,132,144,132,231,132,0,0,110,141,119,138,183,137,130,130,42,131,36,136,142,171
51,16,25,130,130,131,203,130,5,132,39,132,154,132,203,132,0,0,90,141,134,138,189,137,147,130,39,131,32,136,149,171
52,16,20,130,153,131,180,130,9,132,74,132,126,132,202,132,0,0,69,141,115,138,179,137,139,130,36,131,34,136,132,171
53,16,24,130,152,131,201,130,43,132,60,132,99,132,227,132,0,0,78,141,109,138,173,137,140,130,33,131,41,136,121,171
54,16,23,130,139,131,218,130,47,132,18,132,122,132,229,132,0,0,85,141,122,138,172,137,154,130,27,131,31,136,137,171
55,16,28,130,142,131,209,130,26,132,25,132,157,132,207,132,0,0,77,141,105,138,178,137,153,130,29,131,18,136,149,171
56,16,36,130,149,131,227,130,8,132,43,132,134,132,205,132,0,0,87,141,105,138,186,137,148,130,40,131,22,136,142,171
57,16,19,130,147,131,241,130,11,132,34,132,102,132,210,132,0,0,98,141,139,138,182,137,139,130,54,131,44,136,130,171
58,16,249,129,144,131,200,130,28,132,30,132,128,132,197,132,0,0,94,141,134,138,185,137,140,130,44,131,41,136,132,171
59,16,250,129,140,131,174,130,33,132,30,132,158,132,179,132,0,0,105,141,113,138,180,137,150,130,29,131,20,136,135,171
60,16,12,130,142,131,207,130,28,132,50,132,136,132,191,132,0,0,105,141,126,138,176,137,146,130,42,131,24,136,127,171
61,16,21,130,152,131,235,130,40,132,70,132,104,132,209,132,0,0,84,141,122,138,194,137,139,130,49,131,34,136,130,171
62,16,18,130,140,131,224,130,43,132,56,132,121,132,208,132,0,0,85,141,103,138,196,137,138,130,23,131,33,136,130,171
63,16,25,130,128,131,208,130,12,132,42,132,150,132,180,132,0,0,84,141,121,138,150,137,144,130,18,131,18,136,133,171
64,16,22,130,140,131,210,130,15,132,79,132,135,132,164,132,0,0,65,141,125,138,152,137,143,130,30,131,16,136,137,171
65,16,10,130,130,131,205,130,46,132,94,132,124,132,192,132,0,0,83,141,101,138,187,137,124,130,23,131,29,136,131,171
66,16,18,130,122,131,196,130,39,132,49,132,148,132,202,132,0,0,94,141,113,138,167,137,117,130,23,131,22,136,135,171
67,16,35,130,145,131,200,130,21,132,28,132,150,132,192,132,0,0,79,141,124,138,162,137,156,130,35,131,7,136,126,171
68,16,19,130,151,131,203,130,22,132,34,132,131,132,192,132,0,0,88,141,116,138,171,137,164,130,23,131,12,136,118,171
69,16,255,129,130,131,210,130,11,132,52,132,139,132,179,132,0,0,99,141,124,138,153,137,129,130,17,131,34,136,132,171
70,16,16,130,142,131,214,130,3,132,63,132,141,132,184,132,0,0,73,141,137,138,148,137,137,130,26,131,40,136,141,171
71,16,35,130,164,131,201,130,8,132,50,132,117,132,219,132,0,0,65,141,139,138,150,137,157,130,16,131,28,136,134,171
72,16,35,130,155,131,203,130,16,132,45,132,130,132,229,132,0,0,98,141,126,138,101,137,138,130,18,131,28,136,129,171
73,16,30,130,149,131,206,130,30,132,54,132,168,132,212,132,0,0,112,141,113,138,89,137,130,130,35,131,48,136,132,171
74,16,29,130,149,131,194,130,35,132,41,132,158,132,214,132,0,0,80,141,112,138,145,137,163,130,23,131,46,136,131,171
75,16,24,130,148,131,196,130,37,132,6,132,119,132,216,132,0,0,55,141,124,138,178,137,173,130,14,131,28,136,140,171
76,16,15,130,144,131,211,130,48,132,11,132,119,132,204,132,0,0,73,141,131,138,187,137,144,130,24,131,38,136,139,171
77,16,21,130,140,131,210,130,31,132,45,132,145,132,199,132,0,0,78,141,117,138,194,137,133,130,34,131,47,136,133,171
78,16,31,130,146,131,204,130,5,132,49,132,131,132,219,132,0,0,60,141,110,138,182,137,138,130,40,131,35,136,145,171
79,16,23,130,151,131,216,130,17,132,47,132,109,132,237,132,0,0,75,141,120,138,160,137,138,130,52,131,45,136,146,171
80,16,13,130,138,131,239,130,20,132,53,132,132,132,210,132,0,0,93,141,134,138,157,137,144,130,40,131,56,136,123,171
81,16,9,130,130,131,242,130,0,132,36,132,153,132,185,132,0,0,104,141,121,138,190,137,147,130,25,131,38,136,128,171
82,16,12,130,157,131,212,130,25,132,34,132,134,132,207,132,0,0,94,141,98,138,186,137,133,130,25,131,46,136,163,171
83,16,26,130,180,131,189,130,75,132,55,132,119,132,217,132,0,0,69,141,105,138,144,137,134,130,20,131,62,136,148,171
84,16,26,130,154,131,199,130,65,132,43,132,132,132,205,132,0,0,80,141,116,138,149,137,145,130,19,131,37,136,109,171
85,16,6,130,126,131,204,130,28,132,19,132,124,132,202,132,0,0,107,141,112,138,191,137,135,130,22,131,20,136,121,171
86,16,15,130,145,131,190,130,17,132,34,132,106,132,198,132,0,0,105,141,109,138,198,137,133,130,26,131,43,136,138,171
87,16,35,130,162,131,194,130,29,132,59,132,119,132,196,132,0,0,95,141,129,138,177,137,156,130,33,131,62,136,120,171
88,16,19,130,127,131,209,130,39,132,39,132,138,132,192,132,0,0,87,141,137,138,185,137,155,130,33,131,46,136,122,171
89,16,6,130,101,131,196,130,40,132,29,132,138,132,203,132,0,0,64,141,118,138,185,137,132,130,16,131,29,136,154,171
90,16,19,130,119,131,192,130,41,132,64,132,132,132,232,132,0,0,70,141,112,138,165,137,137,130,4,131,26,136,156,171
91,16,14,130,129,131,212,130,45,132,72,132,144,132,226,132,0,0,88,141,119,138,167,137,154,130,22,131,37,136,130,171
92,16,255,129,135,131,211,130,41,132,41,132,146,132,212,132,0,0,72,141,133,138,184,137,153,130,44,131,46,136,129,171
93,16,15,130,145,131,198,130,32,132,35,132,119,132,222,132,0,0,74,141,131,138,182,137,153,130,34,131,46,136,136,171
94,16,30,130,159,131,206,130,38,132,62,132,111,132,219,132,0,0,103,141,107,138,152,137,147,130,28,131,44,136,127,171
95,16,8,130,161,131,218,130,35,132,60,132,128,132,191,132,0,0,100,141,104,138,152,137,138,130,36,131,39,136,118,171
96,16,251,129,126,131,215,130,33,132,28,132,126,132,186,132,0,0,88,141,114,138,178,137,151,130,30,131,37,136,117,171
97,16,0,130,107,131,202,130,40,132,19,132,119,132,204,132,0,0,92,141,111,138,198,137,154,130,25,131,36,136,120,171
98,16,3,130,135,131,195,130,11,132,49,132,146,132,208,132,0,0,78,141,107,138,164,137,140,130,23,131,27,136,127,171
99,16,7,130,150,131,206,130,250,131,63,132,162,132,196,132,0,0,70,141,123,138,115,137,161,130,15,131,23,136,130,171
100,16,12,130,122,131,218,130,18,132,43,132,139,132,187,132,0,0,97,141,119,138,155,137,186,130,18,131,29,136,130,171
101,16,9,130,126,131,188,130,15,132,29,132,129,132,196,132,0,0,109,141,107,138,194,137,164,130,23,131,30,136,142,171
102,16,12,130,151,131,155,130,12,132,54,132,139,132,206,132,0,0,90,141,125,138,164,137,149,130,23,131,23,136,148,171
103,16,18,130,154,131,171,130,45,132,66,132,133,132,201,132,0,0,87,141,141,138,144,137,152,130,35,131,22,136,140,171
104,16,12,130,159,131,213,130,27,132,35,132,133,132,200,132,0,0,96,141,122,138,185,137,144,130,36,131,37,136,136,171
105,16,11,130,165,131,213,130,243,131,40,132,145,132,198,132,0,0,100,141,102,138,202,137,134,130,22,131,42,136,125,171
106,16,19,130,158,131,194,130,19,132,102,132,146,132,193,132,0,0,96,141,113,138,150,137,135,130,19,131,28,136,117,171
107,16,24,130,155,131,198,130,43,132,83,132,147,132,204,132,0,0,81,141,124,138,118,137,145,130,9,131,31,136,127,171
108,16,29,130,159,131,223,130,18,132,255,131,139,132,218,132,0,0,78,141,122,138,159,137,149,130,19,131,35,136,139,171
109,16,11,130,150,131,241,130,23,132,13,132,108,132,215,132,0,0,87,141,111,138,210,137,135,130,46,131,27,136,130,171
110,16,253,129,143,131,229,130,35,132,35,132,101,132,201,132,0,0,96,141,105,138,182,137,123,130,36,131,33,136,131,171
111,16,21,130,133,131,215,130,23,132,6,132,128,132,191,132,0,0,98,141,125,138,163,137,135,130,28,131,49,136,140,171
112,16,44,130,117,131,219,130,26,132,10,132,150,132,202,132,0,0,82,141,139,138,202,137,141,130,44,131,43,136,125,171
113,16,29,130,131,131,235,130,26,132,17,132,153,132,227,132,0,0,66,141,128,138,198,137,132,130,33,131,44,136,114,171
114,16,29,130,143,131,239,130,10,132,6,132,134,132,235,132,0,0,88,141,118,138,163,137,133,130,9,131,49,136,134,171
115,16,43,130,124,131,224,130,8,132,24,132,116,132,224,132,0,0,101,141,121,138,163,137,141,130,17,131,32,136,148,171
115,16,43,130,124,131,224,130,8,132,24,132,116,132,224,132,0,0,101,141,121,138,163,137,141,130,17,131,32,136,148,171
116,16,28,130,129,131,204,130,7,132,52,132,140,132,214,132,0,0,90,141,124,138,191,137,136,130,33,131,31,136,132,171
117,16,27,130,159,131,199,130,2,132,48,132,153,132,196,132,0,0,102,141,127,138,187,137,138,130,31,131,45,136,118,171
118,16,45,130,137,131,220,130,11,132,51,132,130,132,185,132,0,0,103,141,123,138,170,137,165,130,40,131,53,136,121,171
119,16,31,130,104,131,231,130,8,132,44,132,135,132,216,132,0,0,100,141,120,138,175,137,165,130,59,131,55,136,133,171
120,16,10,130,131,131,226,130,2,132,38,132,141,132,221,132,0,0,96,141,133,138,183,137,140,130,50,131,35,136,137,171
121,16,14,130,153,131,229,130,16,132,53,132,132,132,190,132,0,0,75,141,140,138,188,137,143,130,25,131,10,136,124,171
122,16,13,130,127,131,224,130,12,132,34,132,140,132,198,132,0,0,86,141,137,138,162,137,152,130,20,131,28,136,113,171
123,16,4,130,129,131,209,130,10,132,52,132,145,132,222,132,0,0,110,141,127,138,104,137,139,130,29,131,47,136,126,171
124,16,17,130,166,131,224,130,55,132,83,132,135,132,223,132,0,0,75,141,109,138,97,137,147,130,45,131,28,136,143,171
125,16,38,130,169,131,239,130,70,132,50,132,138,132,216,132,0,0,50,141,111,138,147,137,156,130,48,131,29,136,143,171
126,16,43,130,138,131,211,130,33,132,25,132,139,132,200,132,0,0,93,141,124,138,178,137,133,130,29,131,54,136,137,171
127,16,25,130,132,131,189,130,7,132,62,132,131,132,192,132,77,0,109,141,127,138,186,137,138,130,32,131,44,136,120,171
0,16,13,130,136,131,220,130,11,132,69,132,127,132,218,132,0,0,90,141,110,138,170,137,158,130,43,131,28,136,122,171
1,16,18,130,131,131,238,130,28,132,35,132,128,132,226,132,0,0,96,141,106,138,156,137,145,130,31,131,37,136,141,171
2,16,11,130,113,131,202,130,34,132,64,132,136,132,186,132,0,0,108,141,123,138,184,137,136,130,19,131,29,136,135,171
3,16,12,130,110,131,194,130,33,132,113,132,143,132,165,132,0,0,98,141,133,138,159,137,148,130,26,131,18,136,120,171
4,16,16,130,136,131,218,130,34,132,79,132,147,132,189,132,0,0,97,141,123,138,81,137,150,130,36,131,39,136,131,171
5,16,19,130,147,131,212,130,33,132,23,132,155,132,208,132,0,0,114,141,120,138,127,137,156,130,33,131,50,136,135,171
6,16,33,130,135,131,193,130,28,132,29,132,152,132,203,132,0,0,97,141,123,138,204,137,159,130,30,131,42,136,135,171
7,16,28,130,140,131,200,130,42,132,65,132,134,132,213,132,0,0,65,141,123,138,145,137,149,130,26,131,39,136,148,171
8,16,18,130,146,131,216,130,54,132,52,132,124,132,224,132,0,0,74,141,141,138,65,137,142,130,19,131,46,136,139,171
9,16,21,130,135,131,194,130,25,132,29,132,130,132,209,132,0,0,107,141,140,138,102,137,145,130,24,131,47,136,122,171
10,16,32,130,133,131,185,130,8,132,39,132,142,132,202,132,0,0,112,141,106,138,173,137,154,130,45,131,35,136,132,171
11,16,32,130,123,131,206,130,34,132,36,132,146,132,203,132,0,0,97,141,103,138,194,137,157,130,41,131,26,136,142,171
12,16,15,130,119,131,199,130,47,132,42,132,131,132,203,132,0,0,97,141,118,138,177,137,151,130,10,131,28,136,133,171
13,16,16,130,144,131,191,130,29,132,61,132,122,132,212,132,0,0,100,141,112,138,163,137,150,130,13,131,28,136,119,171
14,16,28,130,141,131,211,130,26,132,50,132,136,132,217,132,0,0,95,141,119,138,176,137,166,130,32,131,25,136,122,171
15,16,20,130,120,131,206,130,36,132,31,132,141,132,201,132,0,0,92,141,139,138,191,137,158,130,19,131,41,136,123,171
16,16,15,130,114,131,179,130,30,132,35,132,132,132,191,132,0,0,93,141,124,138,193,137,136,130,9,131,59,136,120,171
17,16,28,130,120,131,202,130,32,132,41,132,135,132,168,132,0,0,99,141,112,138,150,137,143,130,38,131,50,136,130,171
18,16,23,130,143,131,220,130,40,132,36,132,136,132,153,132,0,0,94,141,124,138,132,137,160,130,54,131,40,136,151,171
19,16,18,130,154,131,186,130,28,132,54,132,124,132,179,132,0,0,63,141,127,138,190,137,147,130,38,131,42,136,144,171
20,16,41,130,114,131,198,130,25,132,76,132,124,132,181,132,0,0,65,141,128,138,185,137,128,130,28,131,39,136,113,171
21,16,41,130,95,131,218,130,47,132,56,132,142,132,168,132,0,0,105,141,124,138,93,137,136,130,20,131,23,136,122,171
22,16,8,130,131,131,199,130,43,132,26,132,157,132,198,132,0,0,111,141,106,138,75,137,152,130,15,131,27,136,149,171
23,16,255,129,140,131,217,130,30,132,39,132,150,132,212,132,0,0,85,141,101,138,159,137,166,130,27,131,43,136,145,171
24,16,13,130,126,131,231,130,42,132,55,132,130,132,191,132,0,0,83,141,113,138,187,137,163,130,43,131,33,136,131,171
25,16,14,130,140,131,200,130,37,132,39,132,135,132,200,132,0,0,90,141,114,138,166,137,141,130,47,131,15,136,141,171
26,16,3,130,146,131,202,130,18,132,49,132,150,132,213,132,0,0,84,141,118,138,173,137,139,130,39,131,26,136,149,171
27,16,2,130,131,131,220,130,28,132,63,132,143,132,193,132,0,0,87,141,120,138,190,137,150,130,29,131,44,136,125,171
28,16,24,130,129,131,209,130,49,132,44,132,142,132,185,132,0,0,94,141,110,138,188,137,142,130,33,131,35,136,117,171
29,16,37,130,133,131,219,130,40,132,38,132,146,132,200,132,0,0,84,141,110,138,166,137,128,130,24,131,32,136,137,171
30,16,23,130,119,131,210,130,25,132,49,132,144,132,210,132,0,0,85,141,113,138,167,137,126,130,0,131,41,136,135,171
31,16,13,130,138,131,189,130,32,132,52,132,134,132,195,132,0,0,107,141,110,138,190,137,133,130,20,131,41,136,134,171
32,16,18,130,166,131,225,130,41,132,57,132,108,132,188,132,0,0,122,141,115,138,179,137,150,130,23,131,25,136,145,171
33,16,25,130,130,131,230,130,45,132,44,132,113,132,210,132,0,0,107,141,117,138,145,137,162,130,252,130,17,136,141,171
34,16,14,130,89,131,203,130,39,132,14,132,144,132,223,132,0,0,83,141,114,138,160,137,155,130,11,131,25,136,126,171
35,16,6,130,109,131,215,130,24,132,23,132,137,132,207,132,0,0,79,141,131,138,190,137,144,130,41,131,23,136,130,171
36,16,18,130,144,131,226,130,15,132,38,132,97,132,198,132,0,0,86,141,124,138,187,137,146,130,41,131,13,136,128,171
37,16,28,130,135,131,213,130,21,132,35,132,96,132,207,132,0,0,90,141,96,138,157,137,143,130,36,131,15,136,113,171
38,16,30,130,120,131,222,130,28,132,38,132,123,132,214,132,0,0,90,141,102,138,141,137,141,130,37,131,34,136,120,171
39,16,23,130,126,131,228,130,22,132,49,132,119,132,217,132,0,0,86,141,118,138,159,137,141,130,44,131,34,136,143,171
40,16,16,130,119,131,210,130,12,132,47,132,122,132,219,132,0,0,86,141,118,138,191,137,135,130,57,131,32,136,150,171
41,16,24,130,110,131,227,130,19,132,40,132,145,132,220,132,0,0,101,141,124,138,198,137,135,130,39,131,43,136,132,171
42,16,35,130,136,131,246,130,33,132,41,132,154,132,216,132,0,0,100,141,131,138,153,137,131,130,19,131,41,136,117,171
43,16,29,130,157,131,233,130,37,132,33,132,136,132,202,132,0,0,68,141,118,138,113,137,121,130,38,131,39,136,131,171
44,16,21,130,135,131,226,130,45,132,40,132,140,132,190,132,0,0,77,141,108,138,119,137,139,130,53,131,35,136,142,171
45,16,28,130,130,131,237,130,49,132,56,132,158,132,208,132,0,0,111,141,119,138,136,137,160,130,46,131,16,136,133,171
46,16,44,130,146,131,230,130,35,132,57,132,136,132,225,132,0,0,104,141,122,138,112,137,149,130,30,131,8,136,120,171
47,16,48,130,153,131,211,130,31,132,66,132,121,132,204,132,0,0,95,141,110,138,83,137,133,130,29,131,32,136,120,171
48,16,31,130,160,131,222,130,34,132,66,132,143,132,182,132,0,0,107,141,113,138,105,137,140,130,46,131,35,136,131,171
49,16,27,130,159,131,242,130,17,132,48,132,143,132,183,132,0,0,102,141,128,138,162,137,152,130,51,131,25,136,135,171
50,16,34,130,150,131,236,130,8,132,50,132,122,132,186,132,0,0,84,141,131,138,192,137,162,130,27,131,50,136,124,171
51,16,22,130,159,131,219,130,27,132,68,132,130,132,206,132,0,0,79,141,128,138,171,137,156,130,12,131,51,136,122,171
52,16,20,130,149,131,217,130,50,132,47,132,143,132,218,132,0,0,78,141,123,138,163,137,140,130,20,131,18,136,131,171
53,16,25,130,132,131,212,130,49,132,34,132,151,132,210,132,0,0,67,141,129,138,198,137,140,130,27,131,21,136,128,171
54,16,19,130,144,131,213,130,21,132,48,132,155,132,221,132,0,0,61,141,146,138,199,137,153,130,22,131,48,136,123,171
55,16,23,130,140,131,232,130,8,132,37,132,145,132,223,132,0,0,65,141,135,138,159,137,151,130,9,131,41,136,133,171
56,16,32,130,128,131,229,130,24,132,23,132,130,132,190,132,0,0,71,141,106,138,140,137,154,130,7,131,20,136,140,171
57,16,31,130,134,131,223,130,33,132,36,132,134,132,198,132,0,0,80,141,111,138,170,137,159,130,15,131,36,136,135,171
58,16,19,130,140,131,233,130,29,132,42,132,156,132,233,132,0,0,96,141,126,138,197,137,147,130,26,131,49,136,132,171
59,16,6,130,135,131,228,130,33,132,26,132,153,132,227,132,0,0,98,141,122,138,182,137,128,130,32,131,34,136,143,171
60,16,11,130,142,131,210,130,24,132,49,132,128,132,215,132,0,0,79,141,115,138,179,137,138,130,23,131,17,136,149,171
61,16,35,130,136,131,191,130,255,131,79,132,139,132,203,132,0,0,75,141,113,138,187,137,160,130,17,131,15,136,142,171
62,16,49,130,126,131,191,130,18,132,59,132,148,132,197,132,0,0,94,141,120,138,177,137,150,130,44,131,19,136,138,171
63,16,31,130,146,131,215,130,48,132,44,132,116,132,217,132,0,0,113,141,122,138,187,137,135,130,58,131,16,136,128,171
64,16,14,130,152,131,240,130,23,132,34,132,116,132,222,132,0,0,103,141,110,138,196,137,141,130,49,131,28,136,126,171
65,16,37,130,147,131,234,130,10,132,15,132,144,132,211,132,0,0,93,141,110,138,180,137,153,130,57,131,30,136,148,171
66,16,43,130,153,131,211,130,42,132,32,132,130,132,210,132,0,0,98,141,116,138,187,137,155,130,61,131,20,136,157,171
67,16,21,130,146,131,211,130,47,132,62,132,122,132,189,132,0,0,92,141,112,138,209,137,144,130,29,131,22,136,137,171
68,16,25,130,122,131,219,130,19,132,44,132,139,132,182,132,0,0,100,141,114,138,156,137,141,130,12,131,47,136,125,171
69,16,37,130,116,131,215,130,16,132,36,132,141,132,216,132,0,0,116,141,115,138,116,137,151,130,37,131,52,136,146,171
70,16,28,130,122,131,203,130,23,132,58,132,143,132,231,132,0,0,108,141,112,138,146,137,153,130,36,131,27,136,160,171
71,16,23,130,113,131,201,130,29,132,41,132,151,132,210,132,0,0,102,141,115,138,135,137,147,130,17,131,18,136,138,171
72,16,32,130,122,131,222,130,30,132,33,132,146,132,207,132,0,0,99,141,115,138,98,137,153,130,23,131,24,136,113,171
73,16,31,130,143,131,237,130,13,132,60,132,147,132,215,132,0,0,106,141,113,138,101,137,161,130,28,131,15,136,135,171
74,16,25,130,136,131,220,130,11,132,63,132,153,132,204,132,0,0,111,141,117,138,120,137,149,130,30,131,17,136,159,171
75,16,20,130,122,131,201,130,19,132,25,132,139,132,193,132,0,0,79,141,121,138,139,137,139,130,47,131,44,136,141,171
76,16,18,130,129,131,202,130,6,132,29,132,122,132,199,132,0,0,49,141,123,138,181,137,147,130,59,131,42,136,137,171
77,16,28,130,151,131,213,130,14,132,84,132,120,132,213,132,0,0,59,141,114,138,193,137,143,130,27,131,26,136,146,171
78,16,22,130,145,131,217,130,40,132,65,132,134,132,205,132,0,0,79,141,108,138,165,137,125,130,14,131,29,136,132,171
79,16,16,130,98,131,206,130,24,132,35,132,156,132,189,132,0,0,88,141,117,138,160,137,138,130,51,131,22,136,127,171
80,16,19,130,80,131,206,130,23,132,85,132,149,132,201,132,0,0,83,141,112,138,180,137,172,130,56,131,29,136,147,171
81,16,11,130,125,131,207,130,57,132,93,132,128,132,213,132,0,0,83,141,103,138,185,137,164,130,19,131,38,136,150,171
82,16,25,130,149,131,209,130,37,132,34,132,130,132,206,132,0,0,95,141,121,138,181,137,150,130,14,131,26,136,133,171
83,16,49,130,130,131,210,130,9,132,41,132,149,132,195,132,0,0,101,141,122,138,186,137,163,130,31,131,28,136,127,171
84,16,43,130,139,131,207,130,48,132,77,132,145,132,200,132,0,0,94,141,108,138,165,137,160,130,19,131,53,136,125,171
85,16,31,130,151,131,213,130,71,132,40,132,133,132,211,132,0,0,93,141,114,138,102,137,138,130,17,131,50,136,112,171
86,16,24,130,136,131,211,130,32,132,16,132,144,132,217,132,0,0,84,141,119,138,97,137,125,130,23,131,26,136,109,171
87,16,19,130,141,131,209,130,21,132,32,132,148,132,208,132,0,0,84,141,100,138,155,137,137,130,17,131,27,136,143,171
88,16,6,130,151,131,215,130,59,132,38,132,143,132,207,132,0,0,103,141,103,138,164,137,158,130,33,131,38,136,166,171
89,16,251,129,135,131,215,130,46,132,57,132,140,132,220,132,0,0,102,141,138,138,115,137,154,130,44,131,40,136,140,171
90,16,6,130,137,131,205,130,13,132,64,132,143,132,220,132,0,0,90,141,148,138,90,137,136,130,36,131,24,136,129,171
91,16,39,130,173,131,196,130,24,132,45,132,148,132,221,132,0,0,91,141,121,138,113,137,139,130,33,131,8,136,151,171
92,16,26,130,173,131,207,130,26,132,40,132,140,132,225,132,0,0,86,141,120,138,114,137,137,130,34,131,26,136,145,171
93,16,255,129,139,131,222,130,13,132,50,132,129,132,214,132,0,0,81,141,130,138,82,137,124,130,31,131,28,136,129,171
94,16,41,130,138,131,230,130,35,132,48,132,136,132,186,132,0,0,99,141,110,138,108,137,138,130,37,131,4,136,144,171
95,16,52,130,167,131,220,130,60,132,43,132,142,132,179,132,0,0,112,141,117,138,173,137,146,130,47,131,20,136,140,171
96,16,6,130,167,131,208,130,37,132,43,132,140,132,220,132,0,0,106,141,142,138,190,137,129,130,46,131,34,136,127,171
97,16,3,130,144,131,211,130,23,132,52,132,143,132,248,132,0,0,97,141,128,138,177,137,136,130,39,131,23,136,144,171
98,16,31,130,152,131,220,130,16,132,68,132,150,132,213,132,0,0,99,141,117,138,174,137,146,130,33,131,46,136,147,171
99,16,23,130,172,131,213,130,4,132,49,132,147,132,193,132,0,0,105,141,131,138,176,137,127,130,46,131,61,136,130,171
100,16,21,130,165,131,218,130,28,132,20,132,139,132,220,132,0,0,93,141,124,138,186,137,126,130,58,131,25,136,141,171
101,16,46,130,129,131,233,130,37,132,34,132,141,132,229,132,0,0,88,141,103,138,147,137,143,130,51,131,19,136,139,171
102,16,41,130,108,131,231,130,31,132,50,132,154,132,210,132,0,0,88,141,115,138,125,137,138,130,28,131,62,136,122,171
103,16,41,130,122,131,226,130,37,132,43,132,155,132,194,132,0,0,85,141,128,138,176,137,130,130,28,131,61,136,131,171
104,16,42,130,142,131,240,130,38,132,53,132,131,132,193,132,0,0,93,141,119,138,166,137,139,130,50,131,27,136,140,171
105,16,23,130,145,131,253,130,30,132,74,132,129,132,191,132,0,0,102,141,113,138,117,137,145,130,54,131,29,136,136,171
106,16,19,130,144,131,232,130,21,132,58,132,138,132,190,132,0,0,96,141,122,138,154,137,144,130,41,131,50,136,141,171
107,16,31,130,143,131,210,130,2,132,37,132,128,132,203,132,0,0,91,141,127,138,200,137,147,130,43,131,47,136,137,171
108,16,27,130,132,131,224,130,237,131,60,132,126,132,219,132,0,0,101,141,127,138,155,137,147,130,45,131,35,136,126,171
109,16,14,130,120,131,239,130,0,132,68,132,130,132,210,132,0,0,98,141,134,138,112,137,138,130,27,131,41,136,132,171
110,16,30,130,139,131,234,130,18,132,39,132,130,132,193,132,0,0,83,141,121,138,142,137,140,130,20,131,33,136,136,171
111,16,40,130,154,131,220,130,7,132,47,132,117,132,200,132,0,0,74,141,106,138,183,137,149,130,33,131,39,136,126,171
112,16,21,130,131,131,219,130,16,132,57,132,124,132,214,132,0,0,80,141,122,138,190,137,146,130,46,131,53,136,127,171
113,16,16,130,122,131,220,130,19,132,13,132,135,132,213,132,0,0,87,141,124,138,183,137,148,130,52,131,33,136,132,171
114,16,25,130,123,131,207,130,15,132,15,132,130,132,200,132,0,0,77,141,107,138,153,137,167,130,37,131,15,136,128,171
115,16,26,130,113,131,215,130,30,132,58,132,137,132,195,132,0,0,89,141,121,138,124,137,170,130,18,131,28,136,133,171
116,16,23,130,116,131,242,130,31,132,49,132,135,132,214,132,0,0,102,141,139,138,129,137,156,130,18,131,33,136,147,171
117,16,14,130,119,131,240,130,10,132,38,132,127,132,223,132,0,0,97,141,128,138,139,137,144,130,27,131,17,136,143,171
118,16,8,130,125,131,220,130,16,132,49,132,134,132,202,132,0,0,88,141,114,138,141,137,147,130,35,131,29,136,121,171
119,16,23,130,140,131,227,130,23,132,29,132,145,132,184,132,0,0,86,141,121,138,185,137,155,130,59,131,46,136,116,171
120,16,29,130,138,131,234,130,2,132,8,132,134,132,197,132,0,0,81,141,124,138,199,137,151,130,72,131,36,136,141,171
121,16,18,130,131,131,228,130,21,132,33,132,130,132,204,132,0,0,80,141,123,138,142,137,136,130,40,131,34,136,151,171
122,16,17,130,151,131,220,130,40,132,48,132,145,132,201,132,0,0,106,141,125,138,111,137,126,130,7,131,41,136,137,171
123,16,34,130,155,131,215,130,14,132,37,132,136,132,206,132,0,0,101,141,123,138,109,137,138,130,22,131,35,136,144,171
124,16,35,130,126,131,221,130,249,131,28,132,126,132,197,132,0,0,73,141,119,138,94,137,142,130,57,131,28,136,163,171
125,16,26,130,135,131,219,130,1,132,31,132,131,132,197,132,0,0,71,141,121,138,109,137,134,130,57,131,36,136,148,171
126,16,28,130,154,131,218,130,34,132,35,132,127,132,212,132,0,0,79,141,129,138,170,137,142,130,39,131,38,136,128,171
127,16,23,130,138,131,218,130,44,132,34,132,121,132,200,132,77,0,83,141,128,138,200,137,145,130,38,131,42,136,141,171
0,16,21,130,125,131,219,130,31,132,52,132,132,132,197,132,0,0,79,141,127,138,173,137,137,130,39,131,42,136,147,171
1,16,29,130,133,131,231,130,29,132,72,132,131,132,204,132,0,0,75,141,124,138,185,137,145,130,23,131,19,136,144,171
2,16,30,130,128,131,211,130,30,132,66,132,122,132,184,132,0,0,90,141,117,138,198,137,152,130,23,131,29,136,144,171
3,16,23,130,119,131,191,130,39,132,39,132,139,132,192,132,0,0,104,141,110,138,158,137,134,130,42,131,53,136,134,171
4,16,24,130,132,131,206,130,49,132,38,132,152,132,217,132,0,0,88,141,107,138,147,137,136,130,41,131,37,136,130,171
5,16,39,130,129,131,209,130,29,132,56,132,139,132,174,132,0,0,92,141,118,138,185,137,160,130,29,131,21,136,142,171
6,16,35,130,109,131,194,130,8,132,49,132,142,132,156,132,0,0,121,141,129,138,159,137,151,130,40,131,37,136,144,171
7,16,11,130,113,131,216,130,27,132,26,132,154,132,219,132,0,0,115,141,119,138,105,137,135,130,46,131,47,136,131,171
8,16,11,130,126,131,238,130,22,132,21,132,141,132,226,132,0,0,87,141,119,138,128,137,149,130,32,131,40,136,132,171
9,16,25,130,118,131,218,130,247,131,32,132,128,132,189,132,0,0,74,141,127,138,181,137,155,130,37,131,46,136,131,171
10,16,16,130,115,131,223,130,7,132,52,132,133,132,200,132,0,0,66,141,128,138,187,137,146,130,50,131,43,136,132,171
11,16,17,130,133,131,242,130,25,132,58,132,140,132,221,132,0,0,71,141,121,138,178,137,151,130,29,131,28,136,147,171
12,16,39,130,128,131,232,130,14,132,50,132,132,132,215,132,0,0,93,141,109,138,189,137,143,130,14,131,32,136,137,171
13,16,43,130,118,131,201,130,3,132,45,132,130,132,202,132,0,0,81,141,101,138,190,137,135,130,34,131,43,136,121,171
14,16,27,130,138,131,194,130,249,131,42,132,158,132,206,132,0,0,59,141,115,138,177,137,140,130,43,131,45,136,131,171
15,16,22,130,152,131,221,130,255,131,46,132,160,132,223,132,0,0,84,141,119,138,171,137,130,130,31,131,42,136,142,171
16,16,25,130,145,131,232,130,24,132,61,132,126,132,213,132,0,0,114,141,108,138,183,137,111,130,33,131,39,136,134,171
17,16,17,130,141,131,207,130,24,132,55,132,124,132,188,132,0,0,100,141,121,138,200,137,130,130,38,131,27,136,129,171
18,16,22,130,152,131,216,130,252,131,34,132,142,132,204,132,0,0,91,141,129,138,186,137,148,130,32,131,28,136,125,171
19,16,34,130,146,131,249,130,253,131,43,132,136,132,221,132,0,0,97,141,117,138,169,137,138,130,27,131,40,136,126,171
20,16,20,130,122,131,223,130,6,132,64,132,132,132,207,132,0,0,93,141,118,138,182,137,133,130,41,131,24,136,138,171
21,16,8,130,111,131,204,130,2,132,49,132,147,132,211,132,0,0,90,141,121,138,198,137,129,130,42,131,8,136,144,171
22,16,20,130,143,131,238,130,251,131,36,132,151,132,204,132,0,0,105,141,117,138,163,137,137,130,23,131,17,136,153,171
23,16,37,130,155,131,251,130,251,131,45,132,143,132,180,132,0,0,123,141,115,138,140,137,154,130,25,131,26,136,157,171
24,16,23,130,113,131,230,130,6,132,43,132,128,132,205,132,0,0,107,141,116,138,178,137,154,130,41,131,18,136,141,171
25,16,1,130,103,131,216,130,12,132,20,132,134,132,235,132,0,0,59,141,121,138,200,137,161,130,39,131,15,136,133,171
26,16,10,130,147,131,215,130,9,132,32,132,147,132,213,132,0,0,65,141,129,138,185,137,180,130,47,131,26,136,137,171
27,16,32,130,153,131,211,130,9,132,58,132,119,132,198,132,0,0,116,141,131,138,183,137,172,130,54,131,25,136,134,171
28,16,30,130,103,131,220,130,14,132,39,132,91,132,202,132,0,0,105,141,112,138,187,137,160,130,34,131,35,136,137,171
29,16,14,130,98,131,230,130,33,132,25,132,125,132,208,132,0,0,72,141,99,138,190,137,168,130,49,131,45,136,140,171
30,16,19,130,135,131,222,130,43,132,46,132,159,132,222,132,0,0,92,141,122,138,181,137,148,130,81,131,23,136,140,171
31,16,31,130,125,131,217,130,34,132,54,132,135,132,216,132,0,0,98,141,133,138,116,137,130,130,58,131,19,136,153,171
32,16,26,130,115,131,221,130,38,132,46,132,124,132,191,132,0,0,78,141,105,138,69,137,144,130,30,131,38,136,158,171
33,16,33,130,140,131,238,130,50,132,40,132,139,132,193,132,0,0,73,141,101,138,133,137,138,130,51,131,22,136,129,171
34,16,42,130,142,131,247,130,43,132,31,132,138,132,210,132,0,0,67,141,122,138,198,137,126,130,64,131,4,136,110,171
35,16,26,130,120,131,236,130,32,132,28,132,138,132,198,132,0,0,63,141,109,138,192,137,146,130,40,131,26,136,125,171
36,16,8,130,133,131,229,130,27,132,40,132,145,132,198,132,0,0,75,141,99,138,177,137,150,130,21,131,36,136,136,171
37,16,13,130,144,131,222,130,13,132,51,132,135,132,224,132,0,0,91,141,110,138,181,137,148,130,34,131,25,136,132,171
38,16,35,130,131,131,212,130,22,132,44,132,125,132,229,132,0,0,101,141,120,138,186,137,161,130,42,131,37,136,129,171
39,16,40,130,125,131,219,130,38,132,19,132,136,132,204,132,0,0,99,141,133,138,160,137,140,130,29,131,51,136,138,171
40,16,20,130,129,131,239,130,21,132,16,132,147,132,194,132,0,0,91,141,126,138,125,137,116,130,34,131,37,136,141,171
41,16,14,130,128,131,228,130,27,132,42,132,144,132,204,132,0,0,94,141,117,138,115,137,127,130,52,131,16,136,143,171
42,16,26,130,121,131,207,130,39,132,44,132,118,132,198,132,0,0,107,141,138,138,110,137,130,130,43,131,8,136,154,171
43,16,21,130,123,131,210,130,21,132,25,132,108,132,205,132,0,0,90,141,134,138,139,137,127,130,47,131,12,136,137,171
44,16,20,130,143,131,221,130,29,132,31,132,130,132,231,132,0,0,76,141,100,138,188,137,140,130,70,131,37,136,107,171
45,16,34,130,142,131,215,130,57,132,45,132,143,132,225,132,0,0,99,141,102,138,186,137,138,130,43,131,50,136,113,171
46,16,37,130,127,131,215,130,48,132,37,132,147,132,200,132,0,0,103,141,119,138,166,137,144,130,11,131,26,136,136,171
47,16,31,130,143,131,223,130,30,132,45,132,146,132,209,132,0,0,93,141,115,138,186,137,160,130,33,131,23,136,129,171
48,16,32,130,118,131,205,130,37,132,48,132,155,132,221,132,0,0,104,141,117,138,188,137,148,130,45,131,33,136,120,171
49,16,41,130,86,131,198,130,39,132,9,132,156,132,202,132,0,0,109,141,122,138,177,137,145,130,29,131,22,136,136,171
50,16,30,130,120,131,195,130,22,132,7,132,127,132,204,132,0,0,113,141,129,138,189,137,159,130,33,131,34,136,147,171
51,16,13,130,121,131,187,130,15,132,34,132,117,132,215,132,0,0,118,141,133,138,185,137,151,130,51,131,42,136,131,171
52,16,26,130,94,131,208,130,8,132,17,132,151,132,208,132,0,0,86,141,125,138,175,137,138,130,40,131,9,136,123,171
53,16,24,130,110,131,228,130,5,132,4,132,159,132,212,132,0,0,67,141,119,138,186,137,148,130,26,131,10,136,138,171
54,16,5,130,114,131,216,130,18,132,26,132,138,132,225,132,0,0,86,141,120,138,204,137,146,130,25,131,45,136,145,171
55,16,18,130,92,131,209,130,32,132,51,132,153,132,217,132,0,0,94,141,120,138,174,137,135,130,22,131,25,136,132,171
56,16,30,130,125,131,228,130,19,132,38,132,145,132,196,132,0,0,96,141,123,138,137,137,136,130,33,131,7,136,122,171
57,16,28,130,157,131,232,130,4,132,1,132,109,132,203,132,0,0,101,141,131,138,161,137,146,130,47,131,39,136,115,171
58,16,32,130,144,131,208,130,13,132,12,132,133,132,222,132,0,0,99,141,128,138,193,137,155,130,42,131,45,136,124,171
59,16,31,130,141,131,200,130,14,132,71,132,162,132,225,132,0,0,94,141,113,138,188,137,146,130,37,131,24,136,130,171
60,16,27,130,145,131,210,130,21,132,69,132,150,132,221,132,0,0,91,141,106,138,168,137,145,130,45,131,30,136,120,171
61,16,22,130,140,131,204,130,36,132,21,132,141,132,226,132,0,0,90,141,109,138,173,137,166,130,42,131,37,136,121,171
62,16,24,130,137,131,200,130,20,132,30,132,150,132,229,132,0,0,97,141,114,138,191,137,165,130,38,131,19,136,139,171
63,16,33,130,161,131,216,130,0,132,43,132,142,132,225,132,0,0,105,141,123,138,152,137,137,130,30,131,25,136,136,171
64,16,34,130,167,131,234,130,18,132,29,132,129,132,218,132,0,0,103,141,129,138,132,137,136,130,20,131,53,136,124,171
65,16,24,130,135,131,222,130,30,132,26,132,127,132,204,132,0,0,92,141,123,138,164,137,150,130,32,131,45,136,140,171
66,16,14,130,139,131,197,130,14,132,44,132,120,132,200,132,0,0,80,141,117,138,139,137,144,130,36,131,21,136,166,171
67,16,0,130,157,131,196,130,15,132,50,132,129,132,222,132,0,0,82,141,113,138,126,137,150,130,23,131,22,136,158,171
68,16,254,129,145,131,200,130,25,132,39,132,158,132,219,132,0,0,79,141,119,138,196,137,157,130,12,131,17,136,127,171
69,16,28,130,144,131,198,130,24,132,51,132,161,132,187,132,0,0,77,141,130,138,158,137,148,130,26,131,20,136,121,171
70,16,32,130,158,131,203,130,19,132,56,132,136,132,180,132,0,0,93,141,128,138,68,137,141,130,48,131,29,136,133,171
71,16,8,130,145,131,217,130,7,132,33,132,133,132,214,132,0,0,102,141,121,138,142,137,149,130,38,131,21,136,125,171
72,16,9,130,145,131,222,130,3,132,35,132,148,132,233,132,0,0,91,141,111,138,231,137,155,130,19,131,25,136,119,171
73,16,29,130,147,131,230,130,18,132,46,132,149,132,205,132,0,0,100,141,107,138,169,137,152,130,42,131,32,136,124,171
74,16,39,130,119,131,235,130,46,132,34,132,140,132,196,132,0,0,109,141,105,138,124,137,144,130,67,131,15,136,130,171
75,16,25,130,110,131,216,130,60,132,42,132,136,132,226,132,0,0,81,141,101,138,164,137,147,130,32,131,12,136,134,171
76,16,16,130,139,131,199,130,39,132,46,132,139,132,232,132,0,0,81,141,111,138,199,137,155,130,16,131,40,136,127,171
77,16,28,130,149,131,206,130,10,132,35,132,136,132,209,132,0,0,121,141,141,138,186,137,153,130,35,131,50,136,118,171
78,16,15,130,133,131,206,130,9,132,47,132,121,132,212,132,0,0,116,141,145,138,149,137,156,130,25,131,39,136,127,171
79,16,249,129,134,131,203,130,22,132,48,132,129,132,222,132,0,0,92,141,117,138,111,137,167,130,28,131,48,136,137,171
80,16,10,130,142,131,225,130,33,132,46,132,153,132,203,132,0,0,102,141,118,138,89,137,147,130,48,131,61,136,138,171
81,16,25,130,115,131,220,130,38,132,63,132,155,132,201,132,0,0,100,141,126,138,114,137,121,130,38,131,49,136,141,171
82,16,22,130,88,131,197,130,28,132,61,132,132,132,221,132,0,0,80,141,114,138,169,137,140,130,25,131,23,136,131,171
83,16,30,130,121,131,219,130,21,132,33,132,119,132,211,132,0,0,80,141,117,138,200,137,160,130,31,131,3,136,119,171
84,16,31,130,148,131,233,130,33,132,33,132,138,132,189,132,0,0,92,141,122,138,206,137,149,130,29,131,2,136,141,171
85,16,23,130,122,131,209,130,18,132,44,132,137,132,203,132,0,0,103,141,114,138,203,137,149,130,29,131,15,136,148,171
86,16,22,130,123,131,213,130,246,131,36,132,120,132,232,132,0,0,98,141,117,138,170,137,161,130,40,131,19,136,113,171
87,16,19,130,165,131,230,130,17,132,20,132,133,132,229,132,0,0,82,141,121,138,95,137,149,130,31,131,30,136,110,171
88,16,20,130,174,131,212,130,18,132,39,132,154,132,215,132,0,0,91,141,117,138,103,137,133,130,28,131,49,136,146,171
89,16,27,130,148,131,202,130,230,131,79,132,144,132,220,132,0,0,99,141,124,138,184,137,148,130,47,131,44,136,135,171
90,16,22,130,146,131,213,130,5,132,67,132,139,132,230,132,0,0,81,141,116,138,191,137,164,130,46,131,23,136,106,171
91,16,14,130,152,131,207,130,30,132,32,132,144,132,237,132,0,0,76,141,97,138,169,137,146,130,26,131,13,136,122,171
92,16,17,130,150,131,216,130,5,132,42,132,140,132,233,132,0,0,89,141,105,138,189,137,128,130,19,131,8,136,133,171
93,16,26,130,137,131,250,130,33,132,53,132,142,132,210,132,0,0,94,141,120,138,163,137,146,130,30,131,7,136,128,171
94,16,21,130,116,131,235,130,63,132,32,132,140,132,200,132,0,0,97,141,129,138,107,137,164,130,31,131,25,136,138,171
95,16,1,130,108,131,191,130,38,132,31,132,135,132,214,132,0,0,91,141,129,138,130,137,157,130,20,131,37,136,140,171
96,16,253,129,122,131,190,130,28,132,44,132,149,132,211,132,0,0,83,141,131,138,185,137,135,130,8,131,22,136,129,171
97,16,6,130,131,131,216,130,31,132,38,132,157,132,204,132,0,0,95,141,127,138,208,137,123,130,11,131,12,136,142,171
98,16,27,130,133,131,226,130,255,131,28,132,149,132,200,132,0,0,111,141,104,138,163,137,138,130,27,131,28,136,154,171
99,16,39,130,155,131,229,130,251,131,27,132,154,132,188,132,0,0,117,141,101,138,105,137,156,130,28,131,44,136,127,171
100,16,16,130,163,131,218,130,17,132,41,132,158,132,202,132,0,0,107,141,123,138,156,137,162,130,27,131,32,136,117,171
101,16,0,130,153,131,200,130,14,132,48,132,148,132,222,132,0,0,104,141,117,138,181,137,159,130,40,131,24,136,139,171
102,16,30,130,145,131,210,130,10,132,41,132,149,132,200,132,0,0,111,141,102,138,117,137,141,130,44,131,30,136,133,171
103,16,42,130,139,131,218,130,5,132,32,132,133,132,197,132,0,0,101,141,119,138,131,137,131,130,31,131,25,136,120,171
104,16,0,130,123,131,205,130,1,132,33,132,108,132,233,132,0,0,103,141,122,138,172,137,149,130,15,131,10,136,135,171
105,16,0,130,106,131,211,130,14,132,46,132,128,132,235,132,0,0,107,141,98,138,110,137,154,130,21,131,3,136,137,171
106,16,44,130,111,131,226,130,32,132,51,132,165,132,216,132,0,0,73,141,109,138,87,137,146,130,35,131,21,136,123,171
107,16,33,130,127,131,212,130,23,132,42,132,156,132,210,132,0,0,60,141,137,138,133,137,152,130,39,131,37,136,132,171
108,16,11,130,128,131,203,130,8,132,33,132,128,132,212,132,0,0,88,141,134,138,109,137,145,130,43,131,31,136,141,171
109,16,29,130,112,131,205,130,23,132,34,132,131,132,191,132,0,0,91,141,111,138,92,137,127,130,38,131,34,136,125,171
110,16,41,130,117,131,210,130,28,132,45,132,141,132,150,132,0,0,65,141,118,138,160,137,130,130,31,131,37,136,119,171
111,16,18,130,141,131,213,130,10,132,55,132,136,132,165,132,0,0,71,141,132,138,194,137,136,130,36,131,22,136,130,171
112,16,253,129,154,131,196,130,4,132,46,132,131,132,213,132,0,0,101,141,118,138,164,137,132,130,35,131,22,136,133,171
113,16,6,130,149,131,189,130,5,132,35,132,133,132,219,132,0,0,96,141,106,138,155,137,135,130,16,131,37,136,130,171
114,16,15,130,130,131,188,130,253,131,36,132,150,132,207,132,0,0,74,141,111,138,194,137,136,130,18,131,37,136,128,171
115,16,22,130,132,131,182,130,10,132,39,132,153,132,213,132,0,0,67,141,122,138,195,137,132,130,40,131,29,136,127,171
116,16,33,130,134,131,191,130,30,132,49,132,128,132,212,132,0,0,79,141,129,138,131,137,132,130,29,131,26,136,126,171
117,16,32,130,124,131,198,130,34,132,57,132,129,132,196,132,0,0,96,141,130,138,96,137,148,130,17,131,20,136,122,171
118,16,17,130,136,131,199,130,42,132,49,132,153,132,183,132,0,0,103,141,126,138,146,137,161,130,24,131,18,136,123,171
119,16,0,130,155,131,203,130,44,132,45,132,140,132,181,132,0,0,100,141,129,138,179,137,144,130,30,131,18,136,136,171
120,16,3,130,149,131,207,130,22,132,53,132,114,132,196,132,0,0,92,141,129,138,139,137,130,130,30,131,18,136,145,171
121,16,10,130,139,131,200,130,2,132,46,132,126,132,209,132,0,0,92,141,110,138,86,137,143,130,45,131,23,136,141,171
122,16,3,130,126,131,195,130,9,132,36,132,150,132,210,132,0,0,95,141,112,138,97,137,158,130,59,131,34,136,143,171
123,16,3,130,120,131,205,130,10,132,32,132,141,132,209,132,0,0,104,141,135,138,175,137,152,130,50,131,34,136,135,171
124,16,19,130,137,131,214,130,1,132,29,132,124,132,210,132,0,0,112,141,141,138,199,137,148,130,45,131,24,136,127,171
125,16,23,130,121,131,213,130,5,132,56,132,130,132,222,132,0,0,92,141,135,138,148,137,162,130,49,131,21,136,141,171
126,16,2,130,93,131,209,130,17,132,85,132,150,132,232,132,0,0,74,141,139,138,143,137,165,130,35,131,31,136,147,171
127,16,248,129,112,131,209,130,14,132,64,132,152,132,217,132,77,0,83,141,139,138,158,137,146,130,18,131,41,136,129,171
0,16,11,130,139,131,210,130,12,132,33,132,149,132,201,132,0,0,97,141,111,138,112,137,142,130,30,131,34,136,121,171
1,16,22,130,132,131,197,130,28,132,57,132,149,132,198,132,0,0,88,141,105,138,79,137,142,130,38,131,19,136,125,171
2,16,26,130,127,131,192,130,35,132,66,132,133,132,212,132,0,0,75,141,116,138,129,137,137,130,21,131,22,136,117,171
3,16,33,130,144,131,202,130,31,132,17,132,124,132,216,132,0,0,75,141,114,138,171,137,159,130,21,131,32,136,127,171
4,16,21,130,148,131,197,130,37,132,10,132,139,132,198,132,0,0,81,141,130,138,166,137,161,130,26,131,36,136,151,171
5,16,10,130,131,131,185,130,26,132,47,132,156,132,197,132,0,0,99,141,137,138,174,137,138,130,21,131,42,136,146,171
6,16,21,130,123,131,187,130,2,132,54,132,131,132,209,132,0,0,104,141,116,138,172,137,142,130,32,131,24,136,125,171
7,16,26,130,140,131,197,130,2,132,40,132,106,132,193,132,0,0,89,141,112,138,165,137,145,130,42,131,247,135,120,171
8,16,28,130,164,131,205,130,26,132,34,132,122,132,168,132,0,0,85,141,132,138,179,137,129,130,35,131,7,136,129,171
9,16,30,130,155,131,209,130,40,132,36,132,124,132,194,132,0,0,93,141,128,138,176,137,146,130,34,131,33,136,131,171
10,16,21,130,129,131,198,130,37,132,44,132,104,132,224,132,0,0,97,141,110,138,118,137,160,130,32,131,17,136,132,171
11,16,32,130,122,131,201,130,40,132,42,132,127,132,212,132,0,0,94,141,111,138,84,137,134,130,19,131,9,136,130,171
12,16,47,130,144,131,216,130,48,132,32,132,155,132,220,132,0,0,93,141,114,138,117,137,142,130,15,131,30,136,131,171
13,16,14,130,149,131,211,130,45,132,32,132,130,132,224,132,0,0,96,141,118,138,127,137,158,130,27,131,40,136,131,171
14,16,252,129,132,131,210,130,23,132,32,132,132,132,196,132,0,0,106,141,119,138,111,137,130,130,30,131,31,136,125,171
15,16,27,130,127,131,214,130,10,132,46,132,165,132,179,132,0,0,101,141,116,138,117,137,112,130,35,131,32,136,129,171
16,16,20,130,136,131,215,130,40,132,55,132,145,132,186,132,0,0,92,141,117,138,158,137,129,130,40,131,42,136,127,171
17,16,4,130,131,131,217,130,52,132,42,132,106,132,201,132,0,0,105,141,121,138,197,137,140,130,28,131,39,136,114,171
18,16,25,130,119,131,209,130,30,132,35,132,123,132,213,132,0,0,90,141,130,138,191,137,147,130,22,131,32,136,112,171
19,16,27,130,111,131,208,130,10,132,42,132,152,132,204,132,0,0,58,141,130,138,168,137,156,130,38,131,35,136,128,171
20,16,12,130,120,131,227,130,2,132,51,132,137,132,191,132,0,0,74,141,121,138,180,137,161,130,47,131,36,136,145,171
21,16,18,130,145,131,218,130,9,132,50,132,132,132,208,132,0,0,104,141,112,138,194,137,174,130,44,131,33,136,147,171
22,16,29,130,146,131,182,130,28,132,41,132,148,132,231,132,0,0,85,141,129,138,153,137,166,130,45,131,26,136,129,171
23,16,24,130,122,131,208,130,31,132,45,132,143,132,218,132,0,0,72,141,137,138,98,137,144,130,47,131,15,136,123,171
24,16,19,130,126,131,240,130,9,132,58,132,133,132,205,132,0,0,96,141,111,138,105,137,145,130,27,131,24,136,128,171
25,16,15,130,143,131,217,130,25,132,45,132,140,132,209,132,0,0,92,141,113,138,136,137,154,130,24,131,18,136,114,171
26,16,20,130,154,131,210,130,49,132,37,132,141,132,216,132,0,0,67,141,140,138,144,137,160,130,44,131,242,135,130,171
27,16,25,130,138,131,214,130,18,132,64,132,138,132,207,132,0,0,70,141,127,138,166,137,156,130,32,131,235,135,154,171
28,16,17,130,110,131,209,130,1,132,47,132,148,132,208,132,0,0,89,141,114,138,196,137,148,130,14,131,17,136,119,171
29,16,33,130,105,131,214,130,38,132,2,132,137,132,231,132,0,0,98,141,133,138,179,137,150,130,33,131,22,136,97,171
30,16,32,130,118,131,216,130,49,132,22,132,127,132,191,132,0,0,95,141,118,138,129,137,146,130,42,131,248,135,127,171
31,16,7,130,122,131,214,130,10,132,60,132,136,132,135,132,0,0,81,141,102,138,91,137,138,130,31,131,0,136,140,171
32,16,10,130,134,131,214,130,249,131,46,132,147,132,192,132,0,0,75,141,127,138,113,137,155,130,32,131,28,136,138,171
33,16,34,130,144,131,202,130,10,132,27,132,145,132,252,132,0,0,83,141,132,138,171,137,163,130,24,131,30,136,143,171
34,16,32,130,129,131,205,130,15,132,33,132,122,132,205,132,0,0,90,141,114,138,202,137,129,130,25,131,7,136,130,171
35,16,9,130,130,131,217,130,14,132,41,132,110,132,174,132,0,0,99,141,105,138,167,137,125,130,45,131,3,136,130,171
36,16,4,130,148,131,212,130,20,132,55,132,133,132,213,132,0,0,107,141,108,138,104,137,147,130,36,131,27,136,151,171
37,16,6,130,139,131,208,130,25,132,53,132,146,132,216,132,0,0,101,141,115,138,92,137,147,130,38,131,4,136,139,171
38,16,19,130,133,131,216,130,10,132,38,132,133,132,189,132,0,0,82,141,117,138,161,137,152,130,46,131,228,135,123,171
39,16,42,130,133,131,215,130,254,131,47,132,130,132,202,132,0,0,76,141,112,138,207,137,167,130,29,131,250,135,134,171
40,16,42,130,130,131,196,130,5,132,47,132,143,132,220,132,0,0,88,141,112,138,150,137,156,130,31,131,23,136,137,171
41,16,26,130,132,131,200,130,18,132,37,132,134,132,226,132,0,0,78,141,112,138,119,137,140,130,35,131,6,136,127,171
42,16,24,130,129,131,223,130,27,132,38,132,120,132,221,132,0,0,61,141,114,138,180,137,140,130,23,131,0,136,125,171
43,16,20,130,123,131,233,130,40,132,33,132,124,132,204,132,0,0,87,141,121,138,200,137,138,130,30,131,10,136,116,171
44,16,12,130,116,131,226,130,54,132,32,132,139,132,204,132,0,0,107,141,116,138,163,137,139,130,39,131,13,136,124,171
45,16,15,130,117,131,205,130,40,132,50,132,140,132,218,132,0,0,94,141,121,138,171,137,144,130,30,131,29,136,141,171
46,16,26,130,118,131,209,130,25,132,49,132,133,132,214,132,0,0,98,141,143,138,189,137,138,130,44,131,23,136,132,171
47,16,32,130,113,131,222,130,41,132,53,132,131,132,203,132,0,0,102,141,123,138,182,137,134,130,54,131,4,136,138,171
48,16,27,130,123,131,206,130,40,132,56,132,132,132,210,132,0,0,105,141,102,138,186,137,139,130,23,131,17,136,161,171
49,16,25,130,152,131,200,130,30,132,20,132,149,132,192,132,0,0,124,141,124,138,183,137,146,130,13,131,40,136,144,171
50,16,18,130,158,131,208,130,29,132,26,132,157,132,176,132,0,0,111,141,128,138,180,137,145,130,29,131,27,136,109,171
51,16,17,130,132,131,205,130,24,132,45,132,122,132,210,132,0,0,94,141,116,138,181,137,129,130,29,131,1,136,121,171
52,16,27,130,134,131,199,130,23,132,11,132,120,132,211,132,0,0,107,141,116,138,181,137,130,130,29,131,23,136,141,171
53,16,27,130,127,131,200,130,31,132,15,132,157,132,193,132,0,0,92,141,116,138,176,137,153,130,36,131,44,136,112,171
54,16,19,130,105,131,200,130,32,132,59,132,149,132,208,132,0,0,67,141,108,138,170,137,137,130,31,131,31,136,102,171
55,16,15,130,125,131,211,130,36,132,53,132,135,132,216,132,0,0,92,141,110,138,177,137,111,130,23,131,24,136,144,171
56,16,19,130,152,131,229,130,41,132,44,132,155,132,205,132,0,0,112,141,111,138,182,137,129,130,42,131,28,136,155,171
57,16,28,130,137,131,219,130,1,132,52,132,150,132,211,132,0,0,92,141,109,138,172,137,151,130,35,131,21,136,126,171
58,16,22,130,115,131,206,130,233,131,52,132,135,132,213,132,0,0,89,141,124,138,168,137,136,130,20,131,24,136,115,171
59,16,2,130,124,131,205,130,21,132,61,132,148,132,194,132,0,0,100,141,122,138,176,137,127,130,49,131,53,136,137,171
60,16,11,130,126,131,207,130,41,132,47,132,150,132,209,132,0,0,107,141,112,138,175,137,142,130,59,131,50,136,158,171
61,16,32,130,118,131,207,130,28,132,32,132,143,132,236,132,0,0,98,141,111,138,180,137,152,130,31,131,20,136,144,171
62,16,25,130,126,131,201,130,32,132,53,132,138,132,207,132,0,0,82,141,118,138,189,137,142,130,25,131,17,136,111,171
63,16,13,130,129,131,197,130,36,132,47,132,128,132,179,132,0,0,92,141,139,138,182,137,124,130,35,131,25,136,119,171
64,16,15,130,128,131,206,130,35,132,44,132,124,132,218,132,0,0,96,141,144,138,184,137,129,130,30,131,9,136,134,171
65,16,10,130,133,131,216,130,39,132,70,132,129,132,238,132,0,0,80,141,121,138,201,137,147,130,43,131,9,136,121,171
66,16,4,130,147,131,204,130,34,132,54,132,138,132,207,132,0,0,84,141,98,138,171,137,150,130,45,131,26,136,139,171
67,16,10,130,148,131,216,130,45,132,0,132,143,132,214,132,0,0,93,141,104,138,112,137,145,130,25,131,5,136,162,171
68,16,3,130,128,131,240,130,69,132,9,132,136,132,217,132,0,0,87,141,123,138,75,137,128,130,32,131,240,135,141,171
69,16,12,130,122,131,218,130,51,132,58,132,137,132,176,132,0,0,91,141,125,138,80,137,114,130,60,131,11,136,124,171
70,16,34,130,133,131,188,130,8,132,67,132,142,132,178,132,0,0,90,141,117,138,130,137,139,130,56,131,12,136,128,171
71,16,37,130,139,131,195,130,19,132,30,132,128,132,225,132,0,0,84,141,114,138,193,137,156,130,18,131,246,135,132,171
72,16,29,130,124,131,217,130,33,132,25,132,122,132,232,132,0,0,92,141,109,138,195,137,141,130,12,131,8,136,133,171
73,16,2,130,115,131,231,130,12,132,68,132,141,132,218,132,0,0,78,141,107,138,143,137,140,130,24,131,35,136,128,171
74,16,251,129,136,131,230,130,26,132,49,132,141,132,213,132,0,0,63,141,114,138,162,137,155,130,22,131,32,136,127,171
75,16,25,130,143,131,222,130,61,132,253,131,129,132,202,132,0,0,88,141,119,138,197,137,147,130,21,131,26,136,150,171
76,16,40,130,128,131,233,130,44,132,27,132,133,132,199,132,0,0,105,141,121,138,164,137,137,130,27,131,31,136,159,171
77,16,35,130,132,131,237,130,22,132,71,132,147,132,212,132,0,0,81,141,118,138,167,137,157,130,37,131,36,136,134,171
78,16,49,130,149,131,223,130,47,132,46,132,149,132,211,132,0,0,80,141,111,138,172,137,160,130,42,131,22,136,124,171
79,16,48,130,148,131,217,130,46,132,28,132,142,132,193,132,0,0,88,141,107,138,142,137,160,130,48,131,4,136,131,171
80,16,10,130,132,131,212,130,10,132,66,132,136,132,190,132,0,0,65,141,105,138,138,137,167,130,47,131,8,136,123,171
81,16,6,130,121,131,205,130,13,132,70,132,140,132,197,132,0,0,77,141,105,138,174,137,160,130,43,131,24,136,128,171
82,16,33,130,110,131,207,130,40,132,40,132,131,132,198,132,0,0,103,141,120,138,201,137,145,130,44,131,14,136,147,171
83,16,30,130,108,131,214,130,50,132,24,132,127,132,214,132,0,0,90,141,119,138,165,137,150,130,44,131,250,135,140,171
84,16,12,130,117,131,214,130,39,132,44,132,142,132,211,132,0,0,87,141,108,138,123,137,159,130,26,131,5,136,128,171
85,16,23,130,122,131,230,130,29,132,91,132,153,132,201,132,0,0,96,141,124,138,148,137,147,130,16,131,27,136,133,171
86,16,22,130,122,131,229,130,30,132,91,132,159,132,222,132,0,0,85,141,122,138,179,137,144,130,39,131,22,136,138,171
87,16,4,130,137,131,217,130,35,132,36,132,155,132,237,132,0,0,73,141,102,138,154,137,146,130,47,131,5,136,128,171
88,16,20,130,150,131,203,130,13,132,27,132,142,132,222,132,0,0,76,141,112,138,158,137,138,130,33,131,16,136,118,171
89,16,34,130,129,131,182,130,7,132,54,132,138,132,210,132,0,0,78,141,123,138,188,137,146,130,37,131,39,136,126,171
90,16,17,130,127,131,189,130,52,132,38,132,140,132,220,132,0,0,100,141,107,138,176,137,163,130,39,131,34,136,148,171
91,16,12,130,153,131,202,130,78,132,28,132,138,132,229,132,0,0,128,141,114,138,178,137,167,130,28,131,3,136,148,171
92,16,33,130,157,131,209,130,48,132,45,132,142,132,205,132,0,0,108,141,133,138,174,137,149,130,24,131,5,136,114,171
93,16,35,130,146,131,206,130,15,132,35,132,144,132,183,132,0,0,84,141,121,138,165,137,137,130,22,131,36,136,108,171
94,16,21,130,140,131,180,130,28,132,23,132,132,132,204,132,0,0,89,141,112,138,198,137,147,130,14,131,25,136,134,171
95,16,14,130,140,131,187,130,48,132,32,132,125,132,215,132,0,0,95,141,113,138,189,137,151,130,26,131,254,135,142,171
96,16,15,130,139,131,203,130,38,132,37,132,137,132,203,132,0,0,92,141,110,138,154,137,145,130,33,131,11,136,120,171
97,16,20,130,126,131,200,130,29,132,33,132,147,132,216,132,0,0,89,141,116,138,171,137,153,130,18,131,28,136,114,171
98,16,23,130,120,131,202,130,28,132,35,132,136,132,220,132,0,0,96,141,122,138,184,137,169,130,27,131,26,136,141,171
99,16,15,130,133,131,206,130,11,132,52,132,135,132,202,132,0,0,104,141,113,138,165,137,165,130,45,131,15,136,153,171
100,16,13,130,146,131,200,130,253,131,71,132,150,132,190,132,0,0,105,141,121,138,176,137,156,130,34,131,17,136,147,171
101,16,22,130,141,131,194,130,16,132,59,132,152,132,185,132,0,0,92,141,133,138,194,137,151,130,35,131,45,136,142,171
102,16,13,130,134,131,196,130,35,132,48,132,139,132,195,132,0,0,82,141,122,138,179,137,149,130,46,131,47,136,141,171
103,16,27,130,131,131,200,130,29,132,53,132,130,132,202,132,0,0,103,141,120,138,176,137,150,130,32,131,13,136,125,171
104,16,52,130,126,131,203,130,20,132,49,132,137,132,196,132,0,0,103,141,128,138,187,137,144,130,31,131,20,136,119,171
105,16,34,130,129,131,199,130,19,132,51,132,146,132,213,132,0,0,67,141,123,138,185,137,145,130,44,131,51,136,143,171
106,16,19,130,141,131,197,130,17,132,54,132,149,132,212,132,0,0,73,141,115,138,179,137,159,130,23,131,36,136,140,171
107,16,29,130,148,131,197,130,8,132,49,132,139,132,183,132,0,0,109,141,112,138,175,137,161,130,20,131,14,136,112,171
108,16,37,130,151,131,195,130,5,132,45,132,126,132,195,132,0,0,96,141,114,138,189,137,156,130,35,131,34,136,114,171
109,16,27,130,147,131,220,130,5,132,43,132,128,132,225,132,0,0,67,141,123,138,179,137,157,130,25,131,35,136,138,171
110,16,20,130,137,131,0,131,2,132,46,132,141,132,223,132,0,0,83,141,124,138,143,137,142,130,20,131,15,136,136,171
111,16,20,130,136,131,244,130,10,132,49,132,137,132,211,132,0,0,91,141,122,138,165,137,132,130,38,131,26,136,126,171
112,16,20,130,131,131,204,130,24,132,36,132,130,132,208,132,0,0,83,141,119,138,190,137,151,130,48,131,41,136,144,171
113,16,1,130,115,131,198,130,32,132,35,132,131,132,211,132,0,0,96,141,109,138,158,137,138,130,32,131,28,136,153,171
114,16,240,129,122,131,207,130,25,132,56,132,124,132,213,132,0,0,103,141,103,138,172,137,110,130,20,131,22,136,117,171
115,16,16,130,137,131,197,130,24,132,48,132,123,132,196,132,0,0,79,141,118,138,212,137,135,130,42,131,22,136,108,171
116,16,41,130,128,131,196,130,43,132,25,132,117,132,188,132,0,0,68,141,121,138,200,137,155,130,46,131,14,136,144,171
117,16,16,130,124,131,206,130,38,132,35,132,117,132,212,132,0,0,101,141,106,138,196,137,136,130,12,131,20,136,136,171
118,16,255,129,124,131,206,130,37,132,55,132,135,132,217,132,0,0,95,141,108,138,208,137,144,130,11,131,41,136,110,171
119,16,20,130,130,131,196,130,53,132,49,132,150,132,201,132,0,0,55,141,128,138,192,137,159,130,30,131,31,136,128,171
120,16,29,130,151,131,191,130,33,132,31,132,144,132,198,132,0,0,83,141,122,138,203,137,139,130,37,131,13,136,143,171
121,16,30,130,152,131,214,130,3,132,29,132,133,132,206,132,0,0,126,141,100,138,213,137,136,130,43,131,17,136,127,171
122,16,50,130,141,131,219,130,7,132,41,132,134,132,215,132,0,0,90,141,117,138,161,137,148,130,37,131,21,136,120,171
123,16,46,130,143,131,177,130,28,132,19,132,135,132,191,132,0,0,59,141,135,138,133,137,137,130,16,131,12,136,126,171
124,16,22,130,141,131,173,130,42,132,2,132,138,132,184,132,0,0,87,141,110,138,176,137,126,130,19,131,10,136,129,171
125,16,20,130,143,131,214,130,39,132,48,132,141,132,215,132,0,0,94,141,92,138,195,137,135,130,31,131,28,136,134,171
126,16,14,130,149,131,218,130,8,132,80,132,143,132,217,132,0,0,82,141,111,138,141,137,142,130,25,131,27,136,131,171
127,16,3,130,132,131,198,130,248,131,52,132,168,132,192,132,77,0,94,141,119,138,96,137,140,130,30,131,251,135,127,171
0,16,12,130,131,131,205,130,13,132,44,132,176,132,204,132,0,0,92,141,102,138,115,137,139,130,36,131,252,135,123,171
1,16,20,130,148,131,207,130,16,132,68,132,126,132,224,132,0,0,78,141,103,138,140,137,138,130,27,131,21,136,120,171
2,16,24,130,141,131,196,130,9,132,45,132,99,132,214,132,0,0,79,141,115,138,122,137,144,130,19,131,25,136,130,171
3,16,36,130,129,131,222,130,28,132,16,132,137,132,225,132,0,0,60,141,121,138,94,137,129,130,15,131,13,136,138,171
4,16,30,130,133,131,230,130,43,132,55,132,152,132,201,132,0,0,45,141,116,138,135,137,107,130,27,131,21,136,133,171
5,16,23,130,140,131,210,130,24,132,89,132,128,132,146,132,0,0,80,141,111,138,186,137,115,130,36,131,31,136,126,171
6,16,39,130,156,131,229,130,40,132,52,132,133,132,169,132,0,0,108,141,106,138,184,137,149,130,25,131,25,136,125,171
7,16,30,130,157,131,247,130,55,132,19,132,147,132,214,132,0,0,94,141,112,138,188,137,159,130,17,131,13,136,127,171
8,16,21,130,132,131,224,130,24,132,38,132,148,132,200,132,0,0,84,141,123,138,187,137,137,130,25,131,25,136,128,171
9,16,28,130,140,131,208,130,40,132,65,132,158,132,177,132,0,0,95,141,118,138,139,137,129,130,22,131,31,136,128,171
10,16,12,130,164,131,215,130,62,132,46,132,150,132,198,132,0,0,104,141,114,138,107,137,121,130,18,131,6,136,130,171
11,16,254,129,140,131,221,130,9,132,10,132,128,132,209,132,0,0,98,141,119,138,117,137,111,130,37,131,12,136,146,171
12,16,13,130,102,131,215,130,247,131,20,132,125,132,204,132,0,0,101,141,125,138,113,137,123,130,38,131,26,136,144,171
13,16,44,130,116,131,197,130,39,132,58,132,134,132,215,132,0,0,112,141,126,138,132,137,142,130,34,131,15,136,127,171
14,16,51,130,142,131,191,130,32,132,54,132,142,132,224,132,0,0,99,141,124,138,181,137,137,130,37,131,36,136,123,171
15,16,25,130,140,131,210,130,252,131,30,132,136,132,219,132,0,0,84,141,117,138,183,137,140,130,36,131,57,136,120,171
16,16,1,130,131,131,224,130,5,132,46,132,128,132,204,132,0,0,92,141,117,138,171,137,157,130,41,131,26,136,121,171
17,16,0,130,131,131,212,130,17,132,51,132,134,132,208,132,0,0,100,141,115,138,188,137,142,130,25,131,11,136,120,171
18,16,9,130,144,131,192,130,27,132,31,132,157,132,224,132,0,0,90,141,93,138,188,137,129,130,11,131,39,136,114,171
19,16,18,130,149,131,191,130,22,132,34,132,163,132,226,132,0,0,90,141,96,138,161,137,135,130,43,131,41,136,123,171
20,16,17,130,146,131,228,130,11,132,54,132,135,132,221,132,0,0,99,141,119,138,178,137,133,130,53,131,29,136,138,171
21,16,17,130,147,131,240,130,7,132,62,132,123,132,208,132,0,0,88,141,121,138,196,137,128,130,22,131,25,136,133,171
22,16,45,130,137,131,195,130,4,132,42,132,131,132,200,132,0,0,87,141,121,138,128,137,145,130,24,131,19,136,131,171
23,16,53,130,129,131,178,130,19,132,42,132,142,132,213,132,0,0,104,141,124,138,108,137,164,130,45,131,26,136,131,171
24,16,26,130,128,131,209,130,39,132,55,132,143,132,219,132,0,0,100,141,122,138,132,137,135,130,27,131,35,136,121,171
25,16,24,130,117,131,211,130,16,132,38,132,140,132,205,132,0,0,78,141,113,138,145,137,111,130,18,131,29,136,126,171
26,16,26,130,126,131,207,130,7,132,26,132,139,132,205,132,0,0,75,141,105,138,170,137,137,130,31,131,30,136,140,171
27,16,13,130,139,131,216,130,35,132,50,132,125,132,221,132,0,0,91,141,107,138,154,137,151,130,35,131,31,136,134,171
28,16,17,130,123,131,201,130,32,132,53,132,117,132,214,132,0,0,95,141,112,138,120,137,129,130,35,131,16,136,124,171
29,16,13,130,113,131,197,130,18,132,22,132,134,132,199,132,0,0,104,141,103,138,147,137,134,130,41,131,24,136,140,171
30,16,249,129,129,131,213,130,33,132,28,132,142,132,207,132,0,0,101,141,113,138,193,137,150,130,49,131,43,136,144,171
31,16,27,130,135,131,210,130,48,132,51,132,131,132,216,132,0,0,78,141,125,138,182,137,147,130,37,131,24,136,124,171
32,16,39,130,126,131,199,130,32,132,39,132,134,132,213,132,0,0,76,141,108,138,180,137,149,130,15,131,10,136,116,171
33,16,2,130,135,131,200,130,18,132,19,132,152,132,208,132,0,0,96,141,109,138,175,137,137,130,11,131,13,136,126,171
34,16,10,130,153,131,213,130,29,132,32,132,144,132,209,132,0,0,102,141,132,138,163,137,124,130,31,131,27,136,136,171
35,16,41,130,160,131,215,130,26,132,47,132,139,132,208,132,0,0,72,141,128,138,192,137,145,130,47,131,45,136,132,171
36,16,33,130,154,131,206,130,9,132,23,132,138,132,210,132,0,0,60,141,99,138,189,137,147,130,41,131,29,136,126,171
37,16,17,130,140,131,206,130,25,132,29,132,135,132,236,132,0,0,98,141,94,138,172,137,123,130,27,131,249,135,132,171
38,16,35,130,145,131,220,130,48,132,72,132,152,132,238,132,0,0,115,141,106,138,191,137,136,130,19,131,11,136,145,171
39,16,42,130,149,131,228,130,26,132,57,132,139,132,227,132,0,0,93,141,113,138,196,137,166,130,18,131,57,136,145,171
40,16,27,130,139,131,223,130,7,132,20,132,101,132,227,132,0,0,77,141,110,138,149,137,151,130,38,131,44,136,135,171
41,16,20,130,136,131,239,130,17,132,38,132,110,132,203,132,0,0,74,141,108,138,128,137,117,130,38,131,17,136,137,171
42,16,18,130,137,131,243,130,19,132,51,132,149,132,185,132,0,0,78,141,115,138,147,137,110,130,9,131,31,136,133,171
43,16,21,130,132,131,213,130,14,132,45,132,146,132,201,132,0,0,103,141,117,138,166,137,128,130,14,131,39,136,123,171
44,16,30,130,124,131,203,130,12,132,47,132,117,132,209,132,0,0,111,141,114,138,182,137,139,130,36,131,26,136,121,171
45,16,29,130,131,131,235,130,11,132,47,132,122,132,198,132,0,0,79,141,113,138,165,137,128,130,29,131,26,136,122,171
46,16,3,130,147,131,240,130,21,132,53,132,137,132,199,132,0,0,60,141,117,138,145,137,136,130,28,131,34,136,121,171
47,16,249,129,150,131,193,130,29,132,63,132,137,132,198,132,0,0,77,141,118,138,167,137,152,130,39,131,35,136,124,171
48,16,13,130,133,131,197,130,29,132,59,132,125,132,205,132,0,0,99,141,113,138,190,137,146,130,28,131,46,136,141,171
49,16,28,130,118,131,235,130,40,132,53,132,121,132,231,132,0,0,99,141,118,138,185,137,136,130,27,131,45,136,157,171
50,16,13,130,134,131,227,130,43,132,44,132,137,132,225,132,0,0,93,141,123,138,172,137,146,130,42,131,11,136,144,171
51,16,3,130,139,131,209,130,21,132,36,132,146,132,201,132,0,0,99,141,116,138,162,137,157,130,39,131,255,135,126,171
52,16,20,130,139,131,225,130,29,132,46,132,147,132,215,132,0,0,85,141,111,138,177,137,139,130,25,131,36,136,128,171
53,16,33,130,149,131,2,131,43,132,50,132,146,132,226,132,0,0,66,141,119,138,168,137,117,130,18,131,43,136,129,171
54,16,25,130,145,131,243,130,18,132,40,132,141,132,213,132,0,0,71,141,116,138,97,137,128,130,32,131,22,136,128,171
55,16,13,130,127,131,212,130,19,132,51,132,147,132,217,132,0,0,93,141,107,138,112,137,149,130,48,131,41,136,135,171
56,16,6,130,128,131,225,130,47,132,35,132,154,132,233,132,0,0,107,141,112,138,183,137,137,130,44,131,55,136,136,171
57,16,15,130,150,131,228,130,40,132,22,132,143,132,229,132,0,0,96,141,125,138,181,137,129,130,37,131,22,136,125,171
58,16,28,130,138,131,206,130,22,132,62,132,137,132,218,132,0,0,84,141,130,138,174,137,133,130,48,131,4,136,117,171
59,16,26,130,114,131,221,130,32,132,72,132,126,132,209,132,0,0,99,141,122,138,169,137,129,130,50,131,23,136,127,171
60,16,31,130,118,131,231,130,42,132,40,132,116,132,199,132,0,0,106,141,118,138,120,137,131,130,43,131,34,136,128,171
61,16,42,130,131,131,215,130,36,132,33,132,136,132,208,132,0,0,90,141,128,138,104,137,145,130,57,131,31,136,120,171
62,16,38,130,131,131,225,130,16,132,31,132,133,132,214,132,0,0,95,141,126,138,108,137,159,130,55,131,29,136,119,171
63,16,14,130,128,131,217,130,9,132,20,132,94,132,202,132,0,0,110,141,116,138,104,137,144,130,27,131,28,136,118,171
64,16,8,130,130,131,194,130,25,132,40,132,111,132,205,132,0,0,100,141,127,138,146,137,133,130,14,131,22,136,110,171
65,16,20,130,140,131,213,130,21,132,69,132,163,132,210,132,0,0,95,141,137,138,196,137,147,130,20,131,29,136,127,171
66,16,14,130,154,131,225,130,18,132,55,132,154,132,208,132,0,0,106,141,120,138,187,137,158,130,26,131,43,136,159,171
67,16,16,130,143,131,210,130,19,132,19,132,130,132,212,132,0,0,89,141,103,138,182,137,156,130,40,131,29,136,138,171
68,16,33,130,117,131,211,130,0,132,25,132,156,132,210,132,0,0,70,141,118,138,195,137,148,130,38,131,16,136,110,171
69,16,31,130,114,131,227,130,9,132,41,132,177,132,198,132,0,0,82,141,123,138,185,137,139,130,20,131,28,136,124,171
70,16,7,130,133,131,228,130,53,132,17,132,138,132,191,132,0,0,92,141,98,138,168,137,113,130,26,131,19,136,142,171
71,16,6,130,150,131,214,130,48,132,11,132,111,132,196,132,0,0,77,141,101,138,188,137,113,130,31,131,13,136,136,171
72,16,25,130,150,131,228,130,22,132,54,132,148,132,201,132,0,0,69,141,135,138,205,137,127,130,28,131,31,136,123,171
73,16,19,130,139,131,243,130,34,132,59,132,159,132,207,132,0,0,86,141,131,138,155,137,124,130,37,131,43,136,140,171
74,16,9,130,117,131,225,130,42,132,35,132,127,132,208,132,0,0,86,141,94,138,124,137,129,130,40,131,39,136,140,171
75,16,253,129,121,131,207,130,14,132,44,132,135,132,217,132,0,0,77,141,92,138,177,137,147,130,36,131,19,136,105,171
76,16,3,130,133,131,214,130,4,132,47,132,155,132,217,132,0,0,85,141,117,138,197,137,145,130,37,131,11,136,104,171
77,16,27,130,126,131,237,130,24,132,26,132,133,132,204,132,0,0,85,141,122,138,167,137,148,130,42,131,39,136,141,171
78,16,24,130,110,131,217,130,2,132,33,132,117,132,193,132,0,0,100,141,102,138,182,137,163,130,38,131,40,136,136,171
79,16,21,130,132,131,179,130,237,131,38,132,133,132,171,132,0,0,123,141,105,138,190,137,147,130,30,131,20,136,108,171
80,16,35,130,151,131,209,130,20,132,17,132,154,132,175,132,0,0,92,141,131,138,152,137,139,130,27,131,30,136,127,171
81,16,21,130,128,131,250,130,46,132,24,132,147,132,215,132,0,0,62,141,129,138,155,137,151,130,21,131,30,136,143,171
82,16,6,130,115,131,235,130,30,132,60,132,139,132,211,132,0,0,89,141,109,138,199,137,147,130,23,131,17,136,120,171
83,16,20,130,125,131,210,130,19,132,51,132,145,132,190,132,0,0,117,141,115,138,170,137,131,130,43,131,20,136,120,171
84,16,30,130,133,131,199,130,24,132,35,132,145,132,201,132,0,0,108,141,120,138,115,137,133,130,48,131,20,136,139,171
85,16,25,130,143,131,185,130,13,132,47,132,116,132,202,132,0,0,94,141,95,138,165,137,150,130,19,131,30,136,132,171
86,16,24,130,144,131,194,130,0,132,40,132,105,132,171,132,0,0,95,141,98,138,201,137,157,130,21,131,36,136,117,171
87,16,17,130,141,131,221,130,6,132,38,132,130,132,156,132,0,0,106,141,118,138,116,137,162,130,58,131,25,136,138,171
88,16,11,130,133,131,224,130,11,132,53,132,145,132,177,132,0,0,117,141,114,138,86,137,159,130,40,131,26,136,145,171
89,16,13,130,128,131,216,130,2,132,36,132,130,132,217,132,0,0,91,141,117,138,130,137,149,130,16,131,23,136,123,171
90,16,28,130,130,131,209,130,3,132,32,132,123,132,213,132,0,0,69,141,132,138,118,137,144,130,24,131,19,136,129,171
91,16,31,130,131,131,202,130,27,132,58,132,141,132,187,132,0,0,101,141,129,138,104,137,169,130,13,131,33,136,132,171
92,16,5,130,125,131,211,130,41,132,58,132,138,132,197,132,0,0,121,141,102,138,119,137,172,130,5,131,37,136,120,171
93,16,4,130,139,131,217,130,20,132,33,132,127,132,212,132,0,0,93,141,100,138,94,137,147,130,24,131,32,136,134,171
94,16,23,130,160,131,200,130,9,132,46,132,145,132,207,132,0,0,89,141,124,138,102,137,143,130,36,131,33,136,156,171
95,16,35,130,144,131,190,130,25,132,62,132,151,132,195,132,0,0,102,141,125,138,163,137,141,130,30,131,37,136,143,171
96,16,40,130,113,131,212,130,22,132,37,132,141,132,198,132,0,0,92,141,111,138,193,137,148,130,18,131,28,136,121,171
97,16,30,130,115,131,227,130,9,132,30,132,136,132,218,132,0,0,93,141,113,138,175,137,150,130,9,131,19,136,125,171
98,16,24,130,134,131,222,130,9,132,37,132,138,132,220,132,0,0,107,141,126,138,166,137,134,130,36,131,21,136,137,171
99,16,38,130,122,131,223,130,3,132,26,132,137,132,197,132,0,0,91,141,131,138,176,137,145,130,50,131,25,136,136,171
100,16,39,130,110,131,230,130,4,132,24,132,128,132,197,132,0,0,72,141,127,138,178,137,170,130,29,131,9,136,135,171
101,16,25,130,134,131,234,130,27,132,41,132,121,132,221,132,0,0,85,141,116,138,183,137,150,130,38,131,254,135,135,171
102,16,33,130,147,131,239,130,26,132,46,132,130,132,223,132,0,0,92,141,103,138,182,137,124,130,47,131,33,136,128,171
103,16,39,130,140,131,244,130,7,132,31,132,138,132,230,132,0,0,61,141,106,138,167,137,141,130,37,131,65,136,131,171
104,16,25,130,149,131,227,130,18,132,25,132,136,132,230,132,0,0,65,141,110,138,181,137,145,130,50,131,44,136,154,171
105,16,16,130,158,131,218,130,29,132,39,132,136,132,198,132,0,0,122,141,113,138,179,137,127,130,56,131,22,136,155,171
106,16,15,130,138,131,221,130,13,132,39,132,143,132,190,132,0,0,131,141,118,138,127,137,139,130,30,131,34,136,130,171
107,16,14,130,127,131,217,130,7,132,38,132,155,132,220,132,0,0,90,141,112,138,111,137,157,130,30,131,40,136,129,171
108,16,14,130,141,131,237,130,25,132,77,132,154,132,213,132,0,0,84,141,98,138,103,137,148,130,59,131,21,136,149,171
109,16,30,130,141,131,243,130,19,132,88,132,155,132,178,132,0,0,93,141,114,138,93,137,146,130,42,131,24,136,141,171
110,16,32,130,120,131,208,130,252,131,40,132,162,132,204,132,0,0,92,141,124,138,169,137,160,130,13,131,39,136,131,171
111,16,13,130,135,131,200,130,6,132,31,132,149,132,228,132,0,0,97,141,98,138,181,137,155,130,24,131,32,136,152,171
112,16,252,129,162,131,230,130,21,132,48,132,145,132,193,132,0,0,94,141,102,138,97,137,144,130,43,131,30,136,157,171
113,16,2,130,139,131,233,130,18,132,25,132,163,132,179,132,0,0,80,141,136,138,134,137,134,130,31,131,35,136,125,171
114,16,14,130,114,131,214,130,18,132,16,132,146,132,206,132,0,0,89,141,126,138,219,137,118,130,28,131,26,136,138,171
115,16,14,130,136,131,228,130,24,132,50,132,124,132,224,132,0,0,102,141,97,138,177,137,129,130,50,131,23,136,159,171
116,16,29,130,143,131,0,131,19,132,57,132,142,132,217,132,0,0,95,141,105,138,146,137,128,130,41,131,8,136,125,171
117,16,47,130,126,131,240,130,14,132,33,132,153,132,185,132,0,0,90,141,109,138,186,137,104,130,20,131,254,135,97,171
118,16,27,130,133,131,200,130,21,132,25,132,142,132,180,132,0,0,107,141,104,138,181,137,125,130,27,131,12,136,121,171
119,16,0,130,138,131,193,130,33,132,42,132,135,132,220,132,0,0,104,141,110,138,146,137,148,130,36,131,9,136,133,171
120,16,4,130,135,131,227,130,35,132,42,132,136,132,215,132,0,0,78,141,119,138,110,137,136,130,25,131,254,135,117,171
121,16,11,130,147,131,240,130,15,132,28,132,144,132,185,132,0,0,79,141,132,138,91,137,148,130,28,131,9,136,125,171
122,16,9,130,142,131,222,130,13,132,30,132,151,132,211,132,0,0,103,141,129,138,107,137,159,130,42,131,38,136,147,171
123,16,51,130,118,131,228,130,36,132,43,132,148,132,237,132,0,0,109,141,113,138,106,137,144,130,46,131,32,136,139,171
124,16,73,130,116,131,251,130,23,132,50,132,148,132,220,132,0,0,101,141,113,138,94,137,146,130,36,131,12,136,124,171
125,16,32,130,132,131,249,130,252,131,57,132,145,132,197,132,0,0,97,141,126,138,132,137,161,130,40,131,35,136,135,171
126,16,8,130,141,131,225,130,19,132,71,132,140,132,199,132,0,0,93,141,131,138,190,137,167,130,41,131,64,136,146,171
127,16,18,130,138,131,207,130,43,132,65,132,138,132,229,132,77,0,81,141,111,138,194,137,162,130,23,131,42,136,127,171
0,16,22,130,132,131,211,130,22,132,58,132,122,132,230,132,0,0,61,141,100,138,159,137,159,130,33,131,6,136,123,171
1,16,24,130,151,131,219,130,7,132,46,132,117,132,201,132,0,0,60,141,111,138,158,137,161,130,58,131,34,136,122,171
2,16,26,130,166,131,207,130,11,132,40,132,140,132,197,132,0,0,79,141,109,138,179,137,151,130,34,131,47,136,106,171
3,16,17,130,154,131,205,130,31,132,73,132,149,132,199,132,0,0,85,141,88,138,181,137,131,130,10,131,20,136,118,171
4,16,5,130,149,131,220,130,48,132,92,132,138,132,206,132,0,0,93,141,107,138,176,137,140,130,37,131,20,136,138,171
5,16,14,130,146,131,220,130,35,132,49,132,147,132,222,132,0,0,97,141,143,138,182,137,161,130,45,131,25,136,120,171
6,16,18,130,134,131,215,130,16,132,21,132,155,132,207,132,0,0,86,141,125,138,184,137,153,130,24,131,19,136,102,171
7,16,7,130,102,131,222,130,18,132,47,132,140,132,193,132,0,0,77,141,105,138,181,137,153,130,40,131,24,136,114,171
8,16,10,130,94,131,223,130,5,132,45,132,133,132,204,132,0,0,89,141,115,138,197,137,164,130,48,131,19,136,137,171
9,16,19,130,142,131,211,130,239,131,18,132,140,132,192,132,0,0,108,141,120,138,152,137,150,130,23,131,9,136,143,171
10,16,18,130,166,131,204,130,6,132,35,132,140,132,197,132,0,0,94,141,123,138,117,137,134,130,22,131,34,136,114,171
11,16,11,130,123,131,198,130,35,132,62,132,149,132,218,132,0,0,68,141,123,138,136,137,151,130,38,131,55,136,92,171
12,16,4,130,118,131,196,130,13,132,55,132,158,132,202,132,0,0,82,141,124,138,127,137,159,130,31,131,36,136,131,171
13,16,4,130,166,131,208,130,1,132,34,132,136,132,196,132,0,0,103,141,110,138,133,137,151,130,22,131,24,136,160,171
14,16,19,130,168,131,209,130,29,132,49,132,135,132,208,132,0,0,98,141,98,138,181,137,158,130,39,131,33,136,130,171
15,16,19,130,133,131,204,130,49,132,61,132,162,132,201,132,0,0,87,141,116,138,184,137,140,130,57,131,28,136,116,171
16,16,255,129,137,131,217,130,33,132,41,132,159,132,206,132,0,0,79,141,137,138,147,137,133,130,47,131,24,136,137,171
17,16,3,130,146,131,200,130,16,132,33,132,141,132,221,132,0,0,66,141,124,138,169,137,160,130,24,131,33,136,136,171
18,16,14,130,134,131,172,130,22,132,50,132,150,132,216,132,0,0,84,141,122,138,199,137,162,130,24,131,36,136,121,171
19,16,4,130,116,131,197,130,34,132,53,132,154,132,208,132,0,0,101,141,138,138,167,137,136,130,59,131,24,136,134,171
20,16,8,130,99,131,227,130,33,132,43,132,143,132,206,132,0,0,81,141,122,138,151,137,139,130,58,131,16,136,142,171
21,16,27,130,92,131,212,130,5,132,51,132,147,132,209,132,0,0,76,141,104,138,179,137,151,130,28,131,24,136,131,171
22,16,26,130,111,131,196,130,247,131,56,132,145,132,203,132,0,0,108,141,113,138,179,137,148,130,26,131,22,136,128,171
23,16,17,130,135,131,211,130,16,132,52,132,137,132,181,132,0,0,116,141,121,138,115,137,149,130,40,131,14,136,141,171
24,16,17,130,139,131,226,130,16,132,72,132,140,132,167,132,0,0,87,141,130,138,82,137,141,130,37,131,14,136,142,171
25,16,17,130,123,131,214,130,6,132,90,132,137,132,190,132,0,0,68,141,118,138,135,137,127,130,26,131,19,136,116,171
26,16,9,130,112,131,207,130,23,132,63,132,130,132,218,132,0,0,65,141,83,138,192,137,136,130,41,131,33,136,114,171
27,16,249,129,114,131,203,130,33,132,40,132,143,132,219,132,0,0,81,141,101,138,173,137,155,130,60,131,41,136,136,171
28,16,248,129,134,131,177,130,15,132,52,132,157,132,216,132,0,0,102,141,131,138,96,137,163,130,39,131,42,136,139,171
29,16,16,130,134,131,173,130,5,132,47,132,139,132,213,132,0,0,95,141,100,138,94,137,143,130,12,131,34,136,137,171
30,16,26,130,113,131,207,130,6,132,33,132,133,132,213,132,0,0,89,141,92,138,168,137,136,130,26,131,15,136,151,171
31,16,10,130,118,131,217,130,17,132,29,132,152,132,210,132,0,0,88,141,125,138,208,137,145,130,40,131,9,136,143,171
32,16,5,130,139,131,204,130,51,132,34,132,149,132,206,132,0,0,88,141,126,138,171,137,146,130,33,131,32,136,122,171
33,16,23,130,149,131,221,130,52,132,43,132,128,132,204,132,0,0,100,141,112,138,139,137,149,130,40,131,41,136,127,171
34,16,33,130,145,131,220,130,22,132,42,132,125,132,209,132,0,0,102,141,119,138,177,137,149,130,35,131,29,136,133,171
35,16,23,130,132,131,186,130,18,132,31,132,137,132,205,132,0,0,82,141,122,138,186,137,138,130,19,131,27,136,133,171
36,16,29,130,128,131,188,130,30,132,38,132,134,132,193,132,0,0,80,141,121,138,102,137,142,130,29,131,30,136,141,171
37,16,34,130,124,131,221,130,31,132,49,132,137,132,197,132,0,0,103,141,118,138,71,137,160,130,40,131,32,136,154,171
38,16,18,130,115,131,230,130,16,132,35,132,155,132,198,132,0,0,85,141,113,138,149,137,164,130,34,131,39,136,161,171
39,16,24,130,113,131,213,130,7,132,28,132,150,132,210,132,0,0,60,141,119,138,209,137,154,130,36,131,35,136,145,171
40,16,29,130,128,131,210,130,19,132,59,132,132,132,226,132,0,0,85,141,118,138,184,137,150,130,47,131,19,136,123,171
41,16,10,130,131,131,226,130,26,132,76,132,136,132,216,132,0,0,105,141,125,138,121,137,153,130,51,131,19,136,133,171
42,16,254,129,129,131,221,130,24,132,66,132,146,132,201,132,0,0,73,141,127,138,83,137,159,130,26,131,33,136,152,171
43,16,3,130,129,131,209,130,30,132,64,132,128,132,209,132,0,0,59,141,111,138,145,137,159,130,19,131,33,136,145,171
44,16,12,130,131,131,211,130,29,132,66,132,119,132,223,132,0,0,88,141,116,138,210,137,161,130,46,131,29,136,130,171
45,16,29,130,152,131,220,130,21,132,51,132,132,132,223,132,0,0,99,141,129,138,157,137,166,130,41,131,29,136,125,171
46,16,40,130,148,131,215,130,26,132,48,132,135,132,211,132,0,0,86,141,127,138,118,137,166,130,23,131,25,136,140,171
47,16,30,130,116,131,198,130,45,132,67,132,125,132,199,132,0,0,84,141,116,138,178,137,166,130,42,131,34,136,150,171
48,16,22,130,131,131,200,130,52,132,60,132,138,132,202,132,0,0,92,141,95,138,208,137,157,130,59,131,53,136,138,171
49,16,27,130,160,131,218,130,46,132,32,132,153,132,207,132,0,0,103,141,98,138,173,137,149,130,40,131,43,136,137,171
50,16,25,130,135,131,212,130,20,132,31,132,123,132,206,132,0,0,84,141,132,138,155,137,158,130,30,131,26,136,143,171
51,16,12,130,123,131,202,130,9,132,42,132,102,132,204,132,0,0,69,141,136,138,164,137,166,130,36,131,39,136,124,171
52,16,4,130,137,131,203,130,37,132,44,132,127,132,215,132,0,0,90,141,109,138,178,137,171,130,27,131,37,136,130,171
53,16,20,130,129,131,195,130,29,132,33,132,149,132,232,132,0,0,98,141,110,138,194,137,166,130,12,131,37,136,166,171
54,16,41,130,122,131,196,130,12,132,33,132,136,132,227,132,0,0,89,141,118,138,179,137,142,130,16,131,55,136,160,171
55,16,32,130,123,131,207,130,34,132,47,132,144,132,210,132,0,0,101,141,109,138,167,137,139,130,40,131,45,136,132,171
56,16,7,130,123,131,202,130,43,132,54,132,166,132,201,132,0,0,98,141,111,138,195,137,162,130,56,131,41,136,142,171
57,16,1,130,126,131,227,130,41,132,45,132,140,132,211,132,0,0,79,141,121,138,172,137,161,130,54,131,57,136,155,171
58,16,4,130,133,131,4,131,49,132,44,132,125,132,229,132,0,0,76,141,116,138,123,137,133,130,35,131,38,136,141,171
59,16,10,130,146,131,231,130,42,132,51,132,134,132,228,132,0,0,78,141,104,138,147,137,136,130,22,131,6,136,133,171
60,16,25,130,152,131,191,130,39,132,44,132,137,132,215,132,0,0,81,141,103,138,191,137,153,130,30,131,22,136,130,171
61,16,28,130,146,131,204,130,53,132,35,132,133,132,224,132,0,0,96,141,115,138,176,137,158,130,34,131,36,136,137,171
62,16,13,130,137,131,215,130,60,132,36,132,130,132,216,132,0,0,109,141,127,138,166,137,163,130,30,131,22,136,152,171
63,16,5,130,134,131,199,130,51,132,47,132,140,132,188,132,0,0,94,141,124,138,183,137,168,130,30,131,30,136,144,171
64,16,17,130,128,131,216,130,45,132,59,132,137,132,186,132,0,0,69,141,106,138,178,137,171,130,36,131,48,136,127,171
65,16,21,130,126,131,225,130,43,132,47,132,125,132,206,132,0,0,87,141,105,138,169,137,161,130,41,131,46,136,127,171
66,16,11,130,129,131,182,130,65,132,27,132,133,132,214,132,0,0,95,141,117,138,174,137,160,130,44,131,33,136,132,171
67,16,11,130,126,131,194,130,53,132,47,132,149,132,210,132,0,0,53,141,119,138,189,137,169,130,34,131,30,136,125,171
68,16,10,130,134,131,234,130,14,132,83,132,159,132,208,132,0,0,56,141,130,138,178,137,148,130,24,131,49,136,123,171
69,16,0,130,148,131,198,130,35,132,62,132,147,132,218,132,0,0,109,141,125,138,144,137,123,130,29,131,44,136,125,171
70,16,253,129,148,131,175,130,61,132,20,132,129,132,231,132,0,0,97,141,106,138,133,137,143,130,34,131,14,136,126,171
71,16,8,130,136,131,216,130,34,132,27,132,136,132,221,132,0,0,74,141,122,138,160,137,156,130,29,131,16,136,129,171
72,16,2,130,143,131,209,130,13,132,61,132,146,132,209,132,0,0,108,141,138,138,186,137,129,130,18,131,42,136,134,171
73,16,3,130,159,131,181,130,26,132,60,132,131,132,218,132,0,0,103,141,128,138,196,137,132,130,17,131,38,136,122,171
74,16,24,130,150,131,212,130,33,132,26,132,134,132,224,132,0,0,75,141,127,138,184,137,156,130,21,131,19,136,100,171
75,16,31,130,146,131,220,130,4,132,18,132,159,132,218,132,0,0,89,141,133,138,166,137,156,130,41,131,32,136,112,171
76,16,21,130,144,131,204,130,7,132,49,132,149,132,204,132,0,0,106,141,125,138,181,137,147,130,47,131,55,136,136,171
77,16,17,130,124,131,221,130,38,132,63,132,131,132,205,132,0,0,94,141,122,138,185,137,145,130,32,131,47,136,138,171
78,16,22,130,125,131,231,130,46,132,42,132,138,132,213,132,0,0,65,141,120,138,145,137,146,130,33,131,32,136,135,171
79,16,23,130,154,131,220,130,27,132,43,132,153,132,203,132,0,0,80,141,110,138,115,137,154,130,42,131,47,136,143,171
80,16,17,130,168,131,217,130,15,132,55,132,153,132,205,132,0,0,118,141,114,138,101,137,164,130,27,131,56,136,139,171
81,16,9,130,152,131,193,130,22,132,41,132,142,132,228,132,0,0,105,141,132,138,107,137,157,130,13,131,45,136,133,171
82,16,18,130,148,131,184,130,41,132,47,132,149,132,225,132,0,0,72,141,138,138,151,137,148,130,42,131,39,136,129,171
83,16,15,130,149,131,216,130,33,132,74,132,138,132,195,132,0,0,80,141,119,138,189,137,140,130,61,131,38,136,111,171
84,16,251,129,150,131,218,130,8,132,68,132,117,132,211,132,0,0,100,141,119,138,188,137,141,130,36,131,50,136,109,171
85,16,254,129,141,131,204,130,12,132,42,132,114,132,222,132,0,0,103,141,143,138,186,137,159,130,16,131,56,136,146,171
86,16,15,130,126,131,213,130,22,132,44,132,129,132,193,132,0,0,103,141,133,138,172,137,156,130,22,131,45,136,167,171
87,16,24,130,132,131,219,130,33,132,44,132,135,132,206,132,0,0,82,141,108,138,162,137,135,130,40,131,45,136,138,171
88,16,12,130,146,131,217,130,47,132,31,132,131,132,225,132,0,0,69,141,104,138,174,137,133,130,57,131,51,136,132,171
89,16,14,130,151,131,222,130,32,132,53,132,137,132,207,132,0,0,96,141,118,138,169,137,133,130,61,131,46,136,158,171
90,16,35,130,141,131,227,130,6,132,64,132,146,132,207,132,0,0,100,141,133,138,156,137,128,130,46,131,41,136,144,171
91,16,34,130,130,131,226,130,254,131,31,132,136,132,223,132,0,0,84,141,123,138,178,137,160,130,52,131,48,136,117,171
92,16,9,130,121,131,234,130,9,132,24,132,112,132,211,132,0,0,73,141,106,138,205,137,178,130,58,131,60,136,123,171
93,16,2,130,115,131,247,130,39,132,48,132,116,132,201,132,0,0,74,141,116,138,161,137,153,130,33,131,61,136,132,171
94,16,28,130,130,131,238,130,51,132,50,132,141,132,212,132,0,0,91,141,129,138,132,137,144,130,21,131,52,136,124,171
95,16,52,130,139,131,214,130,27,132,45,132,149,132,223,132,0,0,93,141,129,138,168,137,145,130,34,131,59,136,129,171
96,16,47,130,132,131,209,130,22,132,52,132,147,132,222,132,0,0,90,141,130,138,168,137,131,130,32,131,65,136,148,171
97,16,25,130,144,131,212,130,47,132,42,132,140,132,218,132,0,0,96,141,119,138,131,137,145,130,25,131,41,136,151,171
98,16,22,130,162,131,203,130,59,132,42,132,134,132,210,132,0,0,103,141,107,138,168,137,168,130,34,131,31,136,136,171
99,16,32,130,140,131,206,130,54,132,67,132,136,132,198,132,0,0,101,141,129,138,214,137,146,130,45,131,46,136,124,171
100,16,31,130,132,131,226,130,44,132,66,132,139,132,193,132,0,0,91,141,133,138,169,137,125,130,42,131,40,136,126,171
101,16,31,130,152,131,213,130,30,132,34,132,134,132,212,132,0,0,100,141,116,138,153,137,147,130,29,131,36,136,132,171
102,16,16,130,147,131,180,130,16,132,33,132,137,132,220,132,0,0,99,141,121,138,190,137,155,130,29,131,53,136,128,171
103,16,6,130,132,131,185,130,14,132,50,132,158,132,214,132,0,0,68,141,120,138,181,137,130,130,45,131,58,136,127,171
104,16,17,130,129,131,208,130,19,132,41,132,150,132,217,132,0,0,68,141,114,138,154,137,129,130,46,131,49,136,133,171
105,16,25,130,132,131,211,130,24,132,43,132,129,132,202,132,0,0,104,141,138,138,182,137,159,130,34,131,41,136,131,171
106,16,20,130,141,131,198,130,30,132,62,132,137,132,191,132,0,0,108,141,145,138,196,137,163,130,35,131,35,136,130,171
107,16,21,130,123,131,196,130,18,132,52,132,146,132,199,132,0,0,86,141,123,138,128,137,138,130,43,131,32,136,143,171
108,16,35,130,103,131,196,130,15,132,39,132,139,132,195,132,0,0,101,141,119,138,115,137,137,130,36,131,34,136,143,171
109,16,25,130,115,131,193,130,31,132,61,132,139,132,197,132,0,0,119,141,123,138,176,137,149,130,22,131,30,136,121,171
110,16,3,130,120,131,204,130,14,132,69,132,155,132,216,132,0,0,92,141,122,138,208,137,146,130,23,131,21,136,119,171
111,16,8,130,117,131,213,130,247,131,40,132,148,132,211,132,0,0,76,141,122,138,165,137,129,130,36,131,29,136,135,171
112,16,24,130,138,131,219,130,11,132,27,132,123,132,189,132,0,0,102,141,112,138,118,137,129,130,25,131,27,136,117,171
113,16,11,130,167,131,222,130,32,132,32,132,127,132,208,132,0,0,113,141,114,138,133,137,152,130,26,131,26,136,109,171
114,16,255,129,169,131,217,130,22,132,35,132,149,132,230,132,0,0,99,141,129,138,183,137,149,130,49,131,32,136,145,171
115,16,27,130,144,131,215,130,18,132,49,132,154,132,216,132,0,0,90,141,124,138,198,137,142,130,45,131,33,136,144,171
116,16,55,130,135,131,218,130,29,132,59,132,114,132,202,132,0,0,87,141,124,138,170,137,149,130,18,131,41,136,111,171
117,16,48,130,149,131,219,130,30,132,32,132,103,132,201,132,0,0,78,141,133,138,185,137,141,130,37,131,49,136,114,171
118,16,38,130,147,131,223,130,19,132,38,132,142,132,191,132,0,0,69,141,120,138,196,137,120,130,58,131,46,136,128,171
119,16,31,130,116,131,220,130,2,132,84,132,141,132,192,132,0,0,64,141,126,138,144,137,114,130,29,131,26,136,128,171
120,16,21,130,118,131,205,130,13,132,54,132,107,132,199,132,0,0,66,141,129,138,118,137,132,130,20,131,19,136,137,171
121,16,18,130,139,131,211,130,35,132,23,132,111,132,197,132,0,0,80,141,101,138,165,137,145,130,33,131,43,136,149,171
122,16,12,130,137,131,211,130,27,132,70,132,147,132,202,132,0,0,106,141,108,138,202,137,146,130,22,131,64,136,146,171
123,16,6,130,125,131,206,130,255,131,86,132,147,132,206,132,0,0,128,141,133,138,164,137,157,130,20,131,50,136,143,171
124,16,12,130,116,131,236,130,247,131,41,132,120,132,200,132,0,0,118,141,126,138,151,137,149,130,42,131,36,136,134,171
125,16,22,130,114,131,0,131,29,132,38,132,115,132,201,132,0,0,97,141,123,138,188,137,118,130,44,131,63,136,128,171
126,16,26,130,126,131,238,130,28,132,46,132,131,132,196,132,0,0,99,141,136,138,188,137,119,130,35,131,67,136,141,171
127,16,31,130,139,131,216,130,246,131,31,132,147,132,188,132,77,0,88,141,128,138,133,137,145,130,44,131,51,136,143,171
0,16,27,130,129,131,226,130,27,132,77,132,136,132,204,132,0,0,78,141,116,138,110,137,142,130,44,131,56,136,132,171
1,16,18,130,127,131,244,130,83,132,109,132,146,132,205,132,0,0,89,141,116,138,160,137,136,130,22,131,43,136,126,171
2,16,28,130,154,131,229,130,46,132,63,132,163,132,181,132,0,0,79,141,115,138,195,137,149,130,17,131,37,136,138,171
3,16,42,130,163,131,215,130,18,132,30,132,146,132,188,132,0,0,65,141,126,138,178,137,137,130,46,131,61,136,137,171
4,16,39,130,126,131,217,130,48,132,44,132,143,132,211,132,0,0,93,141,128,138,169,137,133,130,52,131,37,136,121,171
5,16,33,130,101,131,212,130,47,132,46,132,133,132,218,132,0,0,115,141,116,138,179,137,149,130,34,131,8,136,132,171
6,16,41,130,129,131,194,130,35,132,38,132,121,132,233,132,0,0,104,141,120,138,181,137,139,130,30,131,32,136,141,171
7,16,27,130,142,131,198,130,34,132,38,132,142,132,229,132,0,0,100,141,130,138,182,137,129,130,24,131,45,136,138,171
8,16,6,130,123,131,216,130,11,132,22,132,153,132,194,132,0,0,94,141,125,138,178,137,133,130,14,131,42,136,142,171
9,16,16,130,131,131,213,130,255,131,38,132,131,132,195,132,0,0,82,141,125,138,186,137,135,130,14,131,45,136,139,171
10,16,31,130,151,131,204,130,16,132,66,132,120,132,210,132,0,0,82,141,122,138,182,137,134,130,13,131,27,136,135,171
11,16,22,130,141,131,215,130,19,132,42,132,134,132,200,132,0,0,81,141,103,138,140,137,152,130,12,131,26,136,133,171
12,16,10,130,131,131,240,130,9,132,25,132,139,132,202,132,0,0,86,141,105,138,104,137,164,130,26,131,42,136,116,171
13,16,33,130,129,131,245,130,16,132,50,132,138,132,212,132,0,0,93,141,120,138,94,137,148,130,30,131,24,136,112,171
14,16,47,130,120,131,218,130,24,132,47,132,125,132,197,132,0,0,86,141,116,138,110,137,151,130,32,131,12,136,136,171
15,16,24,130,133,131,200,130,27,132,42,132,118,132,192,132,0,0,61,141,101,138,115,137,167,130,49,131,47,136,147,171
16,16,25,130,149,131,209,130,11,132,80,132,140,132,211,132,0,0,61,141,106,138,97,137,159,130,43,131,63,136,140,171
17,16,37,130,138,131,221,130,251,131,68,132,154,132,201,132,0,0,96,141,124,138,134,137,147,130,24,131,31,136,129,171
18,16,32,130,127,131,237,130,1,132,20,132,160,132,195,132,0,0,85,141,121,138,188,137,154,130,24,131,13,136,125,171
19,16,31,130,140,131,247,130,15,132,39,132,147,132,211,132,0,0,60,141,106,138,138,137,157,130,36,131,40,136,145,171
20,16,34,130,149,131,224,130,14,132,66,132,125,132,206,132,0,0,89,141,119,138,101,137,144,130,41,131,54,136,137,171
21,16,25,130,145,131,206,130,3,132,41,132,131,132,202,132,0,0,118,141,134,138,132,137,143,130,35,131,34,136,119,171
22,16,10,130,141,131,220,130,254,131,40,132,146,132,208,132,0,0,99,141,119,138,135,137,155,130,24,131,28,136,149,171
23,16,7,130,130,131,236,130,251,131,59,132,139,132,207,132,0,0,85,141,109,138,149,137,153,130,23,131,63,136,161,171
24,16,14,130,126,131,213,130,2,132,51,132,144,132,211,132,0,0,96,141,108,138,158,137,141,130,21,131,62,136,126,171
25,16,21,130,113,131,188,130,17,132,46,132,156,132,219,132,0,0,96,141,102,138,125,137,146,130,16,131,18,136,120,171
26,16,29,130,103,131,220,130,11,132,55,132,132,132,196,132,0,0,95,141,112,138,149,137,149,130,35,131,13,136,133,171
27,16,44,130,116,131,237,130,254,131,43,132,115,132,185,132,0,0,103,141,121,138,199,137,137,130,43,131,39,136,122,171
28,16,51,130,110,131,204,130,243,131,34,132,132,132,216,132,0,0,89,141,106,138,186,137,141,130,25,131,52,136,124,171
29,16,36,130,100,131,209,130,240,131,52,132,118,132,210,132,0,0,66,141,97,138,194,137,155,130,23,131,46,136,132,171
30,16,24,130,123,131,226,130,252,131,47,132,104,132,182,132,0,0,80,141,109,138,183,137,155,130,43,131,29,136,126,171
31,16,21,130,136,131,206,130,9,132,28,132,125,132,198,132,0,0,111,141,118,138,101,137,154,130,38,131,36,136,132,171
32,16,6,130,117,131,205,130,4,132,41,132,130,132,208,132,0,0,102,141,108,138,99,137,144,130,13,131,54,136,134,171
33,16,255,129,122,131,225,130,245,131,40,132,115,132,196,132,0,0,105,141,98,138,131,137,132,130,4,131,35,136,141,171
34,16,18,130,135,131,221,130,7,132,22,132,125,132,206,132,0,0,124,141,103,138,93,137,146,130,28,131,12,136,151,171
35,16,33,130,130,131,211,130,40,132,43,132,153,132,194,132,0,0,108,141,110,138,89,137,150,130,37,131,33,136,129,171
36,16,30,130,142,131,199,130,22,132,68,132,146,132,151,132,0,0,89,141,122,138,179,137,140,130,25,131,46,136,116,171
37,16,29,130,145,131,187,130,247,131,50,132,125,132,169,132,0,0,92,141,132,138,209,137,150,130,43,131,38,136,136,171
38,16,31,130,134,131,203,130,16,132,33,132,134,132,201,132,0,0,92,141,116,138,136,137,152,130,52,131,25,136,141,171
39,16,10,130,135,131,217,130,27,132,38,132,134,132,190,132,0,0,93,141,107,138,81,137,126,130,33,131,19,136,122,171
40,16,0,130,137,131,194,130,245,131,42,132,119,132,203,132,0,0,106,141,121,138,104,137,116,130,29,131,33,136,110,171
41,16,19,130,123,131,188,130,250,131,41,132,137,132,211,132,0,0,91,141,123,138,150,137,139,130,39,131,25,136,117,171
42,16,24,130,126,131,201,130,25,132,37,132,160,132,187,132,0,0,68,141,102,138,130,137,144,130,32,131,15,136,131,171
43,16,21,130,146,131,200,130,26,132,34,132,139,132,194,132,0,0,97,141,105,138,129,137,130,130,20,131,27,136,142,171
44,16,21,130,144,131,214,130,22,132,46,132,144,132,218,132,0,0,106,141,128,138,191,137,134,130,21,131,35,136,135,171
45,16,14,130,121,131,230,130,11,132,59,132,154,132,217,132,0,0,65,141,119,138,168,137,144,130,38,131,31,136,130,171
46,16,22,130,137,131,216,130,4,132,30,132,125,132,205,132,0,0,63,141,107,138,102,137,137,130,52,131,24,136,127,171
47,16,32,130,176,131,202,130,8,132,0,132,115,132,209,132,0,0,99,141,125,138,147,137,123,130,33,131,28,136,136,171
48,16,20,130,169,131,201,130,254,131,12,132,130,132,216,132,0,0,88,141,117,138,213,137,129,130,26,131,33,136,140,171
49,16,17,130,142,131,215,130,4,132,32,132,128,132,219,132,0,0,55,141,86,138,179,137,138,130,36,131,37,136,111,171
50,16,11,130,134,131,230,130,14,132,31,132,129,132,201,132,0,0,78,141,103,138,131,137,125,130,38,131,31,136,105,171
51,16,0,130,122,131,205,130,3,132,27,132,144,132,201,132,0,0,99,141,128,138,140,137,124,130,52,131,22,136,131,171
52,16,16,130,113,131,183,130,33,132,33,132,145,132,217,132,0,0,82,141,103,138,165,137,131,130,50,131,30,136,137,171
53,16,24,130,106,131,210,130,43,132,38,132,134,132,213,132,0,0,88,141,102,138,190,137,134,130,31,131,50,136,134,171
54,16,6,130,99,131,223,130,15,132,48,132,123,132,211,132,0,0,99,141,131,138,196,137,153,130,24,131,57,136,142,171
55,16,5,130,114,131,194,130,40,132,49,132,122,132,201,132,0,0,99,141,119,138,145,137,162,130,27,131,48,136,133,171
56,16,22,130,130,131,200,130,50,132,49,132,133,132,186,132,0,0,106,141,102,138,98,137,139,130,26,131,44,136,119,171
57,16,18,130,135,131,234,130,245,131,48,132,135,132,188,132,0,0,103,141,114,138,140,137,116,130,32,131,28,136,127,171
58,16,5,130,148,131,226,130,241,131,46,132,138,132,190,132,0,0,88,141,117,138,201,137,128,130,38,131,12,136,124,171
59,16,7,130,147,131,221,130,25,132,45,132,138,132,186,132,0,0,84,141,100,138,189,137,140,130,28,131,24,136,116,171
60,16,20,130,125,131,220,130,7,132,30,132,136,132,200,132,0,0,103,141,111,138,154,137,131,130,9,131,25,136,132,171
61,16,24,130,118,131,193,130,253,131,34,132,142,132,216,132,0,0,120,141,134,138,130,137,127,130,16,131,16,136,145,171
62,16,28,130,121,131,189,130,15,132,47,132,145,132,208,132,0,0,109,141,113,138,94,137,140,130,44,131,29,136,130,171
63,16,26,130,127,131,226,130,15,132,45,132,134,132,211,132,0,0,94,141,100,138,99,137,152,130,40,131,36,136,120,171
64,16,11,130,137,131,232,130,18,132,35,132,130,132,198,132,0,0,97,141,109,138,167,137,143,130,36,131,33,136,130,171
65,16,19,130,134,131,193,130,13,132,25,132,136,132,183,132,0,0,102,141,122,138,201,137,129,130,49,131,45,136,146,171
66,16,32,130,137,131,208,130,12,132,38,132,130,132,205,132,0,0,100,141,129,138,142,137,126,130,28,131,39,136,150,171
67,16,21,130,135,131,234,130,12,132,57,132,121,132,214,132,0,0,107,141,108,138,92,137,122,130,19,131,19,136,142,171
68,16,17,130,127,131,181,130,4,132,45,132,135,132,194,132,0,0,98,141,94,138,115,137,125,130,45,131,30,136,137,171
69,16,27,130,130,131,164,130,2,132,26,132,150,132,203,132,0,0,76,141,103,138,113,137,134,130,45,131,49,136,140,171
70,16,32,130,134,131,231,130,0,132,50,132,127,132,217,132,0,0,93,141,99,138,96,137,123,130,23,131,46,136,139,171
71,16,33,130,112,131,1,131,4,132,58,132,112,132,200,132,0,0,108,141,89,138,116,137,122,130,22,131,36,136,120,171
72,16,33,130,102,131,215,130,15,132,40,132,133,132,206,132,0,0,93,141,109,138,120,137,125,130,32,131,24,136,104,171
73,16,22,130,120,131,201,130,9,132,41,132,129,132,231,132,0,0,83,141,115,138,109,137,106,130,44,131,21,136,119,171
74,16,22,130,125,131,219,130,247,131,27,132,111,132,222,132,0,0,84,141,101,138,126,137,109,130,40,131,48,136,140,171
75,16,29,130,117,131,217,130,249,131,20,132,126,132,203,132,0,0,73,141,111,138,163,137,139,130,14,131,56,136,138,171
76,16,26,130,136,131,210,130,4,132,39,132,140,132,214,132,0,0,68,141,117,138,187,137,146,130,16,131,29,136,125,171
77,16,19,130,156,131,212,130,5,132,52,132,133,132,230,132,0,0,98,141,107,138,178,137,132,130,38,131,18,136,138,171
78,16,14,130,135,131,215,130,9,132,45,132,135,132,209,132,0,0,125,141,119,138,172,137,124,130,24,131,36,136,142,171
79,16,13,130,122,131,207,130,2,132,47,132,132,132,184,132,0,0,110,141,127,138,190,137,129,130,11,131,37,136,123,171
80,16,35,130,131,131,202,130,6,132,46,132,125,132,207,132,0,0,86,141,107,138,169,137,146,130,23,131,9,136,127,171
81,16,51,130,116,131,195,130,19,132,35,132,137,132,223,132,0,0,91,141,103,138,131,137,139,130,19,131,14,136,149,171
82,16,37,130,112,131,201,130,8,132,50,132,138,132,191,132,0,0,106,141,113,138,164,137,131,130,13,131,48,136,138,171
83,16,22,130,122,131,203,130,248,131,68,132,127,132,176,132,0,0,93,141,108,138,208,137,156,130,33,131,35,136,119,171
84,16,12,130,112,131,181,130,11,132,64,132,129,132,197,132,0,0,78,141,109,138,187,137,139,130,37,131,2,136,138,171
85,16,2,130,118,131,182,130,38,132,46,132,133,132,217,132,0,0,68,141,122,138,163,137,100,130,33,131,13,136,153,171
86,16,9,130,156,131,196,130,13,132,39,132,135,132,218,132,0,0,60,141,118,138,189,137,116,130,40,131,44,136,133,171
87,16,28,130,160,131,190,130,250,131,43,132,140,132,196,132,0,0,80,141,121,138,197,137,144,130,36,131,34,136,130,171
88,16,28,130,133,131,192,130,25,132,43,132,142,132,198,132,0,0,109,141,132,138,141,137,152,130,31,131,15,136,140,171
89,16,17,130,129,131,192,130,36,132,43,132,142,132,213,132,0,0,105,141,109,138,136,137,166,130,25,131,18,136,136,171
90,16,27,130,149,131,193,130,21,132,43,132,148,132,202,132,0,0,83,141,105,138,188,137,159,130,17,131,23,136,130,171
91,16,38,130,145,131,214,130,16,132,64,132,146,132,198,132,0,0,86,141,125,138,171,137,132,130,17,131,21,136,126,171
92,16,31,130,132,131,212,130,13,132,71,132,127,132,212,132,0,0,90,141,124,138,139,137,134,130,20,131,28,136,123,171
93,16,29,130,130,131,183,130,10,132,43,132,126,132,208,132,0,0,71,141,115,138,171,137,157,130,17,131,40,136,138,171
94,16,36,130,126,131,189,130,10,132,33,132,147,132,206,132,0,0,69,141,124,138,188,137,157,130,22,131,34,136,151,171
95,16,17,130,133,131,212,130,21,132,48,132,143,132,204,132,0,0,85,141,109,138,168,137,133,130,28,131,33,136,136,171
96,16,242,129,156,131,213,130,27,132,39,132,124,132,190,132,0,0,87,141,98,138,184,137,118,130,18,131,43,136,114,171
97,16,245,129,147,131,196,130,15,132,30,132,129,132,198,132,0,0,72,141,122,138,180,137,137,130,23,131,32,136,125,171
98,16,16,130,108,131,189,130,12,132,50,132,127,132,218,132,0,0,77,141,125,138,167,137,154,130,39,131,31,136,150,171
99,16,34,130,113,131,211,130,21,132,54,132,101,132,201,132,0,0,80,141,119,138,192,137,130,130,42,131,45,136,156,171
100,16,35,130,144,131,228,130,21,132,39,132,101,132,190,132,0,0,68,141,126,138,187,137,121,130,37,131,33,136,146,171
101,16,27,130,137,131,214,130,4,132,69,132,120,132,208,132,0,0,80,141,120,138,164,137,162,130,36,131,22,136,133,171
102,16,20,130,130,131,199,130,19,132,59,132,123,132,208,132,0,0,104,141,116,138,184,137,179,130,28,131,32,136,130,171
103,16,20,130,150,131,199,130,43,132,254,131,120,132,198,132,0,0,94,141,124,138,187,137,146,130,32,131,28,136,141,171
104,16,34,130,144,131,200,130,27,132,18,132,137,132,219,132,0,0,90,141,115,138,132,137,137,130,58,131,30,136,143,171
105,16,42,130,120,131,215,130,19,132,45,132,154,132,222,132,0,0,111,141,103,138,125,137,149,130,55,131,48,136,140,171
106,16,21,130,138,131,226,130,34,132,11,132,137,132,190,132,0,0,118,141,119,138,181,137,145,130,22,131,39,136,154,171
107,16,9,130,158,131,223,130,29,132,18,132,117,132,199,132,0,0,91,141,120,138,193,137,141,130,15,131,17,136,167,171
108,16,22,130,131,131,223,130,15,132,62,132,106,132,219,132,0,0,55,141,102,138,174,137,158,130,33,131,26,136,152,171
109,16,22,130,121,131,221,130,28,132,46,132,104,132,183,132,0,0,61,141,108,138,180,137,157,130,45,131,31,136,130,171
110,16,32,130,138,131,230,130,32,132,25,132,117,132,182,132,0,0,100,141,119,138,188,137,145,130,38,131,16,136,129,171
111,16,46,130,127,131,231,130,14,132,38,132,118,132,221,132,0,0,100,141,110,138,144,137,143,130,20,131,20,136,136,171
112,16,30,130,110,131,206,130,19,132,49,132,109,132,223,132,0,0,63,141,107,138,125,137,141,130,27,131,37,136,134,171
113,16,21,130,135,131,196,130,24,132,65,132,118,132,209,132,0,0,65,141,115,138,161,137,149,130,37,131,45,136,136,171
114,16,36,130,149,131,204,130,21,132,63,132,128,132,210,132,0,0,85,141,119,138,163,137,156,130,17,131,51,136,134,171
115,16,31,130,119,131,211,130,11,132,57,132,133,132,207,132,0,0,76,141,121,138,140,137,146,130,17,131,53,136,133,171
116,16,14,130,120,131,225,130,9,132,56,132,151,132,217,132,0,0,91,141,129,138,169,137,142,130,34,131,35,136,143,171
117,16,25,130,152,131,230,130,20,132,38,132,151,132,227,132,0,0,111,141,128,138,202,137,154,130,24,131,25,136,144,171
118,16,35,130,148,131,207,130,6,132,23,132,118,132,200,132,0,0,82,141,125,138,175,137,157,130,24,131,40,136,137,171
119,16,17,130,125,131,200,130,240,131,29,132,111,132,194,132,0,0,63,141,136,138,164,137,138,130,28,131,41,136,130,171
120,16,19,130,128,131,223,130,0,132,57,132,127,132,207,132,0,0,99,141,124,138,199,137,143,130,18,131,31,136,118,171
121,16,42,130,150,131,228,130,23,132,66,132,130,132,202,132,0,0,111,141,98,138,183,137,159,130,27,131,33,136,123,171
122,16,29,130,153,131,203,130,11,132,45,132,131,132,204,132,0,0,69,141,98,138,143,137,143,130,22,131,43,136,142,171
123,16,253,129,155,131,213,130,12,132,38,132,131,132,209,132,0,0,60,141,113,138,153,137,134,130,15,131,47,136,137,171
124,16,12,130,153,131,237,130,22,132,57,132,123,132,212,132,0,0,89,141,112,138,177,137,161,130,50,131,46,136,118,171
125,16,28,130,148,131,216,130,9,132,67,132,129,132,221,132,0,0,101,141,109,138,183,137,170,130,57,131,36,136,120,171
126,16,18,130,145,131,209,130,6,132,54,132,141,132,229,132,0,0,100,141,119,138,179,137,138,130,19,131,19,136,132,171
127,16,24,130,130,131,235,130,17,132,38,132,129,132,215,132,77,0,92,141,122,138,135,137,125,130,16,131,37,136,139,171
0,16,33,130,126,131,222,130,12,132,36,132,116,132,210,132,0,0,91,141,112,138,108,137,149,130,24,131,77,136,145,171
1,16,13,130,153,131,195,130,252,131,60,132,129,132,220,132,0,0,108,141,90,138,162,137,162,130,24,131,66,136,142,171
2,16,6,130,171,131,202,130,19,132,54,132,138,132,199,132,0,0,105,141,104,138,201,137,152,130,35,131,26,136,134,171
3,16,42,130,145,131,215,130,44,132,10,132,129,132,167,132,0,0,75,141,146,138,176,137,142,130,26,131,28,136,131,171
4,16,36,130,128,131,216,130,3,132,13,132,127,132,185,132,0,0,83,141,137,138,178,137,148,130,22,131,38,136,121,171
5,16,255,129,138,131,227,130,238,131,47,132,133,132,213,132,0,0,110,141,107,138,182,137,149,130,39,131,10,136,114,171
6,16,13,130,137,131,238,130,43,132,46,132,132,132,193,132,0,0,88,141,108,138,162,137,125,130,20,131,14,136,115,171
7,16,28,130,127,131,219,130,55,132,27,132,121,132,188,132,0,0,75,141,120,138,168,137,123,130,254,130,52,136,127,171
8,16,14,130,129,131,195,130,255,131,31,132,113,132,205,132,0,0,98,141,136,138,197,137,159,130,19,131,37,136,155,171
9,16,15,130,122,131,192,130,12,132,36,132,122,132,196,132,0,0,93,141,132,138,177,137,161,130,38,131,9,136,157,171
10,16,15,130,95,131,207,130,46,132,34,132,135,132,199,132,0,0,75,141,103,138,107,137,127,130,31,131,27,136,127,171
11,16,9,130,112,131,231,130,19,132,45,132,133,132,213,132,0,0,90,141,100,138,85,137,132,130,40,131,34,136,122,171
12,16,29,130,130,131,214,130,11,132,55,132,124,132,207,132,0,0,100,141,120,138,109,137,161,130,46,131,18,136,143,171
13,16,51,130,105,131,192,130,32,132,51,132,124,132,206,132,0,0,81,141,109,138,136,137,158,130,36,131,24,136,138,171
14,16,23,130,101,131,222,130,14,132,35,132,147,132,220,132,0,0,89,141,110,138,167,137,141,130,21,131,38,136,139,171
15,16,250,129,127,131,250,130,2,132,42,132,146,132,203,132,0,0,105,141,136,138,186,137,150,130,16,131,35,136,150,171
16,16,17,130,135,131,222,130,27,132,65,132,123,132,182,132,0,0,95,141,138,138,177,137,156,130,30,131,33,136,129,171
17,16,48,130,132,131,203,130,26,132,59,132,130,132,198,132,0,0,88,141,117,138,195,137,142,130,31,131,38,136,119,171
18,16,41,130,125,131,219,130,15,132,25,132,129,132,203,132,0,0,75,141,113,138,183,137,128,130,22,131,41,136,137,171
19,16,19,130,111,131,206,130,31,132,19,132,112,132,182,132,0,0,71,141,126,138,119,137,141,130,24,131,32,136,137,171
20,16,19,130,135,131,193,130,46,132,42,132,119,132,192,132,0,0,89,141,134,138,158,137,149,130,39,131,4,136,122,171
21,16,35,130,153,131,206,130,33,132,46,132,133,132,225,132,0,0,98,141,115,138,213,137,112,130,50,131,1,136,138,171
22,16,19,130,134,131,209,130,2,132,33,132,139,132,224,132,0,0,90,141,112,138,137,137,95,130,49,131,25,136,145,171
23,16,250,129,129,131,192,130,17,132,15,132,152,132,208,132,0,0,72,141,131,138,115,137,121,130,35,131,27,136,126,171
24,16,250,129,135,131,195,130,72,132,40,132,136,132,213,132,0,0,72,141,132,138,207,137,143,130,29,131,7,136,128,171
25,16,8,130,135,131,213,130,61,132,91,132,118,132,219,132,0,0,93,141,109,138,200,137,136,130,51,131,17,136,139,171
26,16,10,130,139,131,215,130,18,132,79,132,129,132,227,132,0,0,92,141,96,138,120,137,137,130,43,131,31,136,139,171
27,16,5,130,136,131,200,130,25,132,34,132,123,132,221,132,0,0,84,141,115,138,152,137,148,130,19,131,15,136,133,171
28,16,13,130,122,131,196,130,32,132,58,132,111,132,199,132,0,0,104,141,129,138,207,137,144,130,25,131,27,136,115,171
29,16,24,130,141,131,203,130,22,132,85,132,113,132,198,132,0,0,96,141,124,138,182,137,149,130,24,131,55,136,111,171
30,16,28,130,173,131,216,130,36,132,60,132,131,132,203,132,0,0,73,141,119,138,155,137,160,130,25,131,43,136,133,171
31,16,33,130,158,131,246,130,42,132,40,132,135,132,176,132,0,0,88,141,116,138,166,137,149,130,44,131,28,136,140,171
32,16,30,130,131,131,237,130,26,132,32,132,126,132,175,132,0,0,81,141,113,138,187,137,127,130,39,131,32,136,134,171
33,16,16,130,147,131,202,130,37,132,26,132,132,132,208,132,0,0,58,141,120,138,181,137,138,130,27,131,30,136,140,171
34,16,7,130,166,131,211,130,53,132,40,132,143,132,215,132,0,0,74,141,135,138,139,137,157,130,42,131,28,136,137,171
35,16,15,130,151,131,228,130,34,132,48,132,120,132,194,132,0,0,93,141,126,138,115,137,146,130,45,131,31,136,128,171
36,16,16,130,147,131,219,130,7,132,28,132,102,132,191,132,0,0,90,141,111,138,102,137,132,130,38,131,32,136,129,171
37,16,12,130,151,131,208,130,6,132,33,132,139,132,214,132,0,0,101,141,106,138,93,137,132,130,39,131,46,136,138,171
38,16,23,130,142,131,201,130,19,132,38,132,148,132,213,132,0,0,119,141,107,138,134,137,144,130,31,131,45,136,144,171
39,16,30,130,130,131,189,130,20,132,11,132,119,132,198,132,0,0,92,141,116,138,189,137,149,130,27,131,25,136,125,171
40,16,15,130,131,131,194,130,20,132,9,132,127,132,199,132,0,0,72,141,127,138,187,137,142,130,33,131,26,136,121,171
41,16,9,130,137,131,209,130,27,132,37,132,148,132,202,132,0,0,106,141,124,138,176,137,135,130,34,131,42,136,136,171
42,16,17,130,121,131,207,130,17,132,55,132,140,132,197,132,0,0,117,141,107,138,190,137,133,130,28,131,33,136,132,171
43,16,25,130,111,131,201,130,8,132,43,132,131,132,200,132,0,0,87,141,121,138,178,137,139,130,20,131,16,136,127,171
44,16,26,130,147,131,219,130,18,132,24,132,153,132,224,132,0,0,86,141,132,138,174,137,153,130,26,131,25,136,142,171
45,16,29,130,151,131,233,130,34,132,20,132,140,132,234,132,0,0,97,141,107,138,185,137,156,130,46,131,41,136,147,171
46,16,29,130,117,131,227,130,48,132,34,132,112,132,213,132,0,0,91,141,104,138,178,137,145,130,42,131,32,136,127,171
47,16,20,130,119,131,215,130,45,132,52,132,130,132,195,132,0,0,97,141,124,138,183,137,137,130,31,131,17,136,123,171
48,16,26,130,135,131,217,130,27,132,39,132,153,132,192,132,0,0,99,141,115,138,186,137,138,130,48,131,33,136,127,171
49,16,39,130,135,131,228,130,20,132,25,132,139,132,188,132,0,0,83,141,92,138,175,137,148,130,49,131,54,136,118,171
50,16,22,130,136,131,233,130,29,132,24,132,127,132,186,132,0,0,84,141,106,138,182,137,150,130,33,131,45,136,106,171
51,16,3,130,128,131,239,130,33,132,59,132,138,132,193,132,0,0,84,141,119,138,207,137,142,130,36,131,32,136,114,171
52,16,37,130,122,131,240,130,27,132,78,132,135,132,187,132,0,0,90,141,110,138,194,137,140,130,33,131,36,136,135,171
53,16,52,130,126,131,226,130,17,132,49,132,123,132,180,132,0,0,99,141,108,138,142,137,144,130,27,131,46,136,136,171
54,16,16,130,116,131,214,130,27,132,31,132,118,132,182,132,0,0,80,141,116,138,141,137,141,130,34,131,49,136,133,171
55,16,10,130,118,131,223,130,58,132,36,132,134,132,198,132,0,0,82,141,113,138,195,137,144,130,22,131,44,136,125,171
56,16,33,130,153,131,238,130,43,132,36,132,144,132,207,132,0,0,111,141,116,138,204,137,135,130,8,131,35,136,117,171
57,16,30,130,162,131,231,130,246,131,37,132,136,132,191,132,0,0,106,141,125,138,179,137,132,130,24,131,29,136,136,171
58,16,17,130,143,131,214,130,252,131,43,132,135,132,202,132,0,0,72,141,103,138,196,137,152,130,41,131,34,136,152,171
59,16,26,130,138,131,219,130,48,132,42,132,126,132,229,132,0,0,64,141,91,138,211,137,152,130,35,131,35,136,146,171
60,16,35,130,143,131,230,130,43,132,40,132,118,132,206,132,0,0,90,141,105,138,191,137,135,130,20,131,18,136,143,171
61,16,28,130,137,131,205,130,11,132,54,132,120,132,196,132,0,0,117,141,101,138,183,137,139,130,27,131,16,136,140,171
62,16,27,130,139,131,195,130,19,132,57,132,122,132,233,132,0,0,107,141,104,138,201,137,151,130,31,131,34,136,130,171
63,16,14,130,149,131,224,130,25,132,42,132,125,132,238,132,0,0,83,141,121,138,176,137,145,130,21,131,26,136,139,171
64,16,16,130,150,131,225,130,16,132,32,132,139,132,208,132,0,0,90,141,117,138,99,137,143,130,24,131,11,136,148,171
65,16,36,130,134,131,207,130,12,132,34,132,130,132,193,132,0,0,103,141,105,138,97,137,150,130,32,131,36,136,135,171
66,16,25,130,122,131,224,130,8,132,35,132,109,132,202,132,0,0,93,141,123,138,195,137,149,130,23,131,49,136,122,171
67,16,9,130,120,131,229,130,22,132,29,132,126,132,234,132,0,0,94,141,133,138,214,137,156,130,22,131,24,136,126,171
68,16,22,130,125,131,185,130,44,132,35,132,143,132,211,132,0,0,99,141,119,138,123,137,154,130,25,131,17,136,131,171
69,16,19,130,127,131,187,130,33,132,49,132,130,132,149,132,0,0,86,141,118,138,128,137,154,130,14,131,36,136,117,171
70,16,0,130,146,131,234,130,13,132,46,132,129,132,173,132,0,0,69,141,124,138,167,137,147,130,21,131,25,136,102,171
71,16,13,130,158,131,240,130,12,132,32,132,151,132,233,132,0,0,75,141,126,138,152,137,139,130,28,131,12,136,111,171
72,16,29,130,128,131,227,130,11,132,39,132,137,132,219,132,0,0,97,141,117,138,161,137,143,130,33,131,24,136,123,171
73,16,13,130,110,131,231,130,1,132,51,132,102,132,188,132,0,0,115,141,109,138,191,137,143,130,41,131,24,136,120,171
74,16,2,130,128,131,225,130,253,131,39,132,104,132,194,132,0,0,109,141,113,138,204,137,138,130,26,131,13,136,130,171
75,16,4,130,134,131,218,130,1,132,37,132,133,132,203,132,0,0,93,141,119,138,180,137,142,130,29,131,20,136,140,171
76,16,17,130,112,131,215,130,15,132,45,132,146,132,208,132,0,0,90,141,112,138,161,137,146,130,44,131,24,136,130,171
77,16,37,130,97,131,214,130,22,132,29,132,148,132,211,132,0,0,94,141,98,138,166,137,131,130,39,131,18,136,126,171
78,16,21,130,114,131,222,130,255,131,31,132,162,132,198,132,0,0,106,141,102,138,161,137,123,130,39,131,27,136,131,171
79,16,249,129,140,131,219,130,0,132,43,132,161,132,203,132,0,0,101,141,117,138,107,137,146,130,44,131,35,136,130,171
80,16,25,130,149,131,210,130,32,132,24,132,131,132,221,132,0,0,80,141,124,138,84,137,163,130,25,131,29,136,130,171
81,16,56,130,131,131,215,130,15,132,20,132,116,132,224,132,0,0,98,141,122,138,116,137,149,130,20,131,29,136,133,171
82,16,18,130,121,131,210,130,243,131,52,132,129,132,220,132,0,0,112,141,117,138,111,137,126,130,28,131,32,136,130,171
83,16,248,129,132,131,203,130,22,132,59,132,151,132,210,132,0,0,87,141,114,138,106,137,144,130,23,131,27,136,122,171
84,16,29,130,152,131,217,130,47,132,38,132,162,132,212,132,0,0,86,141,114,138,115,137,163,130,29,131,25,136,121,171
85,16,52,130,151,131,222,130,22,132,29,132,145,132,218,132,0,0,111,141,121,138,102,137,124,130,45,131,23,136,126,171
86,16,24,130,126,131,204,130,19,132,45,132,114,132,199,132,0,0,93,141,123,138,104,137,103,130,31,131,255,135,125,171
87,16,10,130,132,131,207,130,39,132,39,132,126,132,179,132,0,0,72,141,108,138,125,137,142,130,27,131,242,135,128,171
88,16,24,130,159,131,224,130,35,132,11,132,153,132,192,132,0,0,78,141,102,138,131,137,159,130,56,131,14,136,139,171
89,16,25,130,155,131,223,130,22,132,17,132,145,132,206,132,0,0,72,141,113,138,121,137,139,130,62,131,26,136,138,171
90,16,16,130,125,131,204,130,14,132,41,132,146,132,192,132,0,0,77,141,115,138,105,137,137,130,30,131,1,136,123,171
91,16,13,130,105,131,191,130,15,132,35,132,160,132,209,132,0,0,106,141,107,138,99,137,150,130,20,131,4,136,130,171
92,16,5,130,120,131,202,130,24,132,37,132,144,132,229,132,0,0,105,141,113,138,153,137,152,130,32,131,29,136,146,171
93,16,250,129,156,131,206,130,26,132,44,132,124,132,206,132,0,0,89,141,132,138,193,137,150,130,25,131,25,136,143,171
94,16,11,130,174,131,190,130,37,132,36,132,133,132,187,132,0,0,105,141,132,138,158,137,131,130,22,131,10,136,140,171
95,16,24,130,155,131,192,130,55,132,31,132,140,132,202,132,0,0,101,141,110,138,144,137,131,130,40,131,14,136,138,171
96,16,4,130,136,131,203,130,44,132,43,132,152,132,214,132,0,0,64,141,105,138,178,137,149,130,43,131,17,136,127,171
97,16,253,129,139,131,200,130,10,132,56,132,163,132,196,132,0,0,58,141,118,138,199,137,134,130,49,131,17,136,121,171
98,16,5,130,145,131,199,130,17,132,55,132,144,132,189,132,0,0,75,141,118,138,176,137,119,130,46,131,35,136,122,171
99,16,16,130,135,131,202,130,36,132,43,132,139,132,203,132,0,0,105,141,116,138,156,137,141,130,17,131,45,136,120,171
100,16,26,130,120,131,203,130,24,132,34,132,151,132,205,132,0,0,113,141,111,138,157,137,165,130,15,131,34,136,136,171
101,16,18,130,121,131,207,130,23,132,33,132,147,132,211,132,0,0,89,141,99,138,155,137,158,130,33,131,29,136,141,171
102,16,9,130,137,131,212,130,29,132,38,132,145,132,220,132,0,0,82,141,98,138,158,137,139,130,22,131,26,136,128,171
103,16,14,130,141,131,206,130,14,132,49,132,146,132,205,132,0,0,97,141,113,138,172,137,142,130,23,131,12,136,127,171
104,16,0,130,129,131,196,130,8,132,52,132,137,132,192,132,0,0,88,141,127,138,191,137,151,130,31,131,13,136,123,171
105,16,252,129,130,131,194,130,27,132,45,132,137,132,193,132,0,0,75,141,118,138,196,137,142,130,25,131,22,136,129,171
106,16,22,130,146,131,198,130,20,132,41,132,143,132,197,132,0,0,92,141,115,138,174,137,128,130,46,131,11,136,146,171
107,16,21,130,151,131,212,130,2,132,33,132,136,132,200,132,0,0,94,141,128,138,151,137,134,130,60,131,16,136,138,171
108,16,18,130,147,131,219,130,17,132,34,132,141,132,200,132,0,0,87,141,129,138,164,137,145,130,32,131,31,136,120,171
109,16,26,130,129,131,200,130,20,132,47,132,149,132,195,132,0,0,109,141,120,138,205,137,148,130,18,131,22,136,117,171
110,16,12,130,118,131,210,130,255,131,26,132,145,132,193,132,0,0,110,141,117,138,170,137,143,130,31,131,27,136,131,171
111,16,1,130,125,131,232,130,247,131,9,132,138,132,201,132,0,0,102,141,115,138,111,137,129,130,36,131,41,136,142,171
112,16,5,130,125,131,213,130,255,131,22,132,135,132,207,132,0,0,110,141,101,138,107,137,136,130,35,131,24,136,141,171
113,16,10,130,117,131,200,130,252,131,30,132,134,132,211,132,0,0,103,141,95,138,95,137,166,130,30,131,8,136,125,171
114,16,28,130,127,131,208,130,255,131,40,132,125,132,201,132,0,0,78,141,111,138,101,137,155,130,30,131,14,136,129,171
115,16,34,130,139,131,215,130,13,132,44,132,127,132,206,132,0,0,76,141,120,138,162,137,130,130,37,131,26,136,139,171
116,16,15,130,126,131,236,130,13,132,38,132,135,132,225,132,0,0,85,141,108,138,202,137,149,130,28,131,33,136,127,171
117,16,9,130,127,131,231,130,9,132,35,132,135,132,221,132,0,0,92,141,103,138,183,137,168,130,19,131,37,136,128,171
118,16,12,130,143,131,211,130,30,132,26,132,132,132,221,132,0,0,83,141,115,138,181,137,143,130,29,131,43,136,132,171
119,16,19,130,145,131,226,130,44,132,16,132,141,132,218,132,0,0,80,141,126,138,202,137,112,130,39,131,44,136,130,171
120,16,17,130,134,131,238,130,25,132,40,132,147,132,214,132,0,0,86,141,131,138,183,137,126,130,26,131,35,136,122,171
121,16,7,130,113,131,227,130,5,132,55,132,126,132,205,132,0,0,85,141,123,138,174,137,154,130,18,131,38,136,106,171
122,16,8,130,121,131,223,130,251,131,25,132,113,132,182,132,0,0,89,141,112,138,190,137,148,130,23,131,51,136,108,171
123,16,25,130,154,131,220,130,5,132,25,132,124,132,183,132,0,0,94,141,110,138,192,137,129,130,26,131,35,136,134,171
124,16,32,130,145,131,221,130,29,132,54,132,142,132,201,132,0,0,98,141,120,138,179,137,142,130,26,131,18,136,154,171
125,16,23,130,106,131,244,130,32,132,28,132,139,132,211,132,0,0,108,141,127,138,171,137,174,130,27,131,29,136,132,171
126,16,23,130,119,131,255,130,14,132,18,132,122,132,220,132,0,0,108,141,118,138,180,137,172,130,43,131,33,136,98,171
127,16,12,130,143,131,230,130,1,132,61,132,131,132,225,132,77,0,83,141,107,138,168,137,139,130,62,131,29,136,108,171
0,16,5,130,133,131,227,130,26,132,45,132,146,132,223,132,0,0,72,141,102,138,181,137,141,130,60,131,33,136,132,171
1,16,10,130,142,131,234,130,62,132,244,131,137,132,221,132,0,0,75,141,117,138,184,137,156,130,32,131,39,136,127,171
2,16,12,130,123,131,214,130,48,132,17,132,129,132,209,132,0,0,72,141,126,138,152,137,132,130,13,131,40,136,126,171
3,16,31,130,93,131,205,130,10,132,77,132,145,132,200,132,0,0,70,141,108,138,150,137,125,130,26,131,36,136,146,171
4,16,43,130,115,131,213,130,1,132,62,132,144,132,204,132,0,0,65,141,106,138,156,137,149,130,43,131,32,136,141,171
5,16,25,130,138,131,214,130,19,132,35,132,128,132,195,132,0,0,73,141,121,138,113,137,154,130,43,131,33,136,133,171
6,16,2,130,127,131,221,130,31,132,33,132,141,132,198,132,0,0,87,141,115,138,80,137,148,130,24,131,37,136,142,171
7,16,5,130,126,131,224,130,34,132,35,132,149,132,225,132,0,0,87,141,99,138,140,137,144,130,10,131,39,136,124,171
8,16,20,130,128,131,207,130,29,132,35,132,131,132,220,132,0,0,79,141,120,138,190,137,139,130,23,131,37,136,123,171
9,16,30,130,113,131,209,130,19,132,31,132,132,132,203,132,0,0,75,141,112,138,179,137,147,130,35,131,26,136,147,171
10,16,35,130,129,131,226,130,31,132,43,132,140,132,197,132,0,0,79,141,91,138,182,137,145,130,24,131,21,136,117,171
11,16,30,130,148,131,210,130,45,132,57,132,131,132,188,132,0,0,94,141,117,138,200,137,135,130,38,131,31,136,103,171
12,16,24,130,147,131,202,130,28,132,51,132,138,132,193,132,0,0,104,141,130,138,181,137,150,130,48,131,31,136,128,171
13,16,32,130,147,131,226,130,23,132,44,132,152,132,206,132,0,0,78,141,110,138,148,137,156,130,26,131,21,136,119,171
14,16,41,130,135,131,231,130,59,132,60,132,149,132,218,132,0,0,69,141,102,138,171,137,140,130,31,131,24,136,114,171
15,16,31,130,130,131,216,130,65,132,43,132,155,132,225,132,0,0,77,141,118,138,204,137,136,130,51,131,32,136,136,171
16,16,24,130,142,131,219,130,21,132,6,132,144,132,215,132,0,0,62,141,114,138,170,137,145,130,30,131,36,136,132,171
17,16,30,130,144,131,216,130,9,132,18,132,121,132,199,132,0,0,70,141,109,138,102,137,145,130,16,131,24,136,121,171
18,16,26,130,128,131,202,130,26,132,44,132,123,132,203,132,0,0,95,141,123,138,107,137,142,130,29,131,10,136,135,171
19,16,10,130,127,131,202,130,7,132,35,132,120,132,212,132,0,0,80,141,120,138,156,137,133,130,21,131,17,136,129,171
20,16,7,130,145,131,201,130,246,131,44,132,109,132,202,132,0,0,54,141,104,138,143,137,132,130,26,131,32,136,117,171
21,16,8,130,143,131,198,130,12,132,74,132,137,132,196,132,0,0,74,141,107,138,84,137,138,130,42,131,28,136,135,171
22,16,249,129,118,131,193,130,35,132,64,132,156,132,212,132,0,0,96,141,119,138,100,137,140,130,27,131,16,136,142,171
23,16,12,130,116,131,194,130,40,132,44,132,136,132,213,132,0,0,90,141,105,138,186,137,151,130,33,131,14,136,131,171
24,16,44,130,131,131,203,130,37,132,46,132,140,132,195,132,0,0,92,141,101,138,192,137,147,130,44,131,19,136,122,171
25,16,16,130,113,131,200,130,33,132,41,132,154,132,202,132,0,0,110,141,118,138,124,137,126,130,28,131,35,136,135,171
26,16,254,129,98,131,195,130,42,132,47,132,146,132,217,132,0,0,107,141,111,138,131,137,123,130,33,131,37,136,139,171
27,16,22,130,124,131,209,130,53,132,63,132,141,132,213,132,0,0,95,141,107,138,195,137,151,130,44,131,7,136,122,171
28,16,15,130,140,131,217,130,46,132,32,132,139,132,208,132,0,0,105,141,116,138,202,137,165,130,18,131,6,136,128,171
29,16,0,130,123,131,196,130,28,132,5,132,137,132,215,132,0,0,95,141,121,138,164,137,156,130,17,131,35,136,142,171
30,16,13,130,102,131,183,130,16,132,36,132,145,132,207,132,0,0,65,141,126,138,124,137,148,130,57,131,33,136,129,171
31,16,0,130,103,131,199,130,30,132,40,132,142,132,190,132,0,0,80,141,114,138,92,137,141,130,46,131,23,136,127,171
32,16,239,129,118,131,216,130,54,132,8,132,134,132,195,132,0,0,109,141,101,138,104,137,134,130,3,131,35,136,128,171
33,16,8,130,133,131,203,130,45,132,23,132,153,132,185,132,0,0,109,141,112,138,122,137,130,130,10,131,39,136,118,171
34,16,17,130,133,131,190,130,3,132,56,132,148,132,170,132,0,0,106,141,120,138,97,137,129,130,34,131,35,136,133,171
35,16,3,130,134,131,205,130,2,132,50,132,125,132,201,132,0,0,93,141,120,138,85,137,139,130,40,131,29,136,152,171
36,16,23,130,148,131,220,130,44,132,50,132,135,132,220,132,0,0,86,141,132,138,147,137,156,130,37,131,19,136,139,171
37,16,38,130,136,131,212,130,56,132,51,132,146,132,182,132,0,0,108,141,127,138,203,137,157,130,31,131,31,136,121,171
38,16,12,130,122,131,214,130,33,132,38,132,133,132,177,132,0,0,94,141,116,138,147,137,155,130,23,131,37,136,114,171
39,16,251,129,140,131,220,130,31,132,46,132,112,132,219,132,0,0,66,141,132,138,85,137,152,130,14,131,14,136,114,171
40,16,247,129,140,131,202,130,30,132,56,132,107,132,218,132,0,0,94,141,129,138,107,137,127,130,15,131,17,136,123,171
41,16,11,130,109,131,212,130,19,132,26,132,111,132,201,132,0,0,115,141,103,138,108,137,121,130,29,131,40,136,128,171
42,16,49,130,109,131,216,130,31,132,10,132,130,132,208,132,0,0,94,141,112,138,94,137,154,130,37,131,31,136,118,171
43,16,38,130,128,131,186,130,37,132,36,132,151,132,209,132,0,0,86,141,130,138,112,137,155,130,33,131,19,136,129,171
44,16,7,130,124,131,197,130,18,132,47,132,142,132,208,132,0,0,91,141,129,138,98,137,129,130,31,131,23,136,134,171
45,16,17,130,138,131,216,130,22,132,41,132,142,132,210,132,0,0,101,141,113,138,120,137,144,130,30,131,6,136,132,171
46,16,30,130,155,131,198,130,48,132,54,132,158,132,204,132,0,0,99,141,107,138,196,137,160,130,32,131,255,135,133,171
47,16,14,130,136,131,199,130,33,132,47,132,145,132,209,132,0,0,81,141,114,138,181,137,148,130,26,131,23,136,124,171
48,16,21,130,136,131,225,130,8,132,45,132,117,132,212,132,0,0,91,141,117,138,99,137,145,130,14,131,39,136,131,171
49,16,35,130,149,131,214,130,36,132,82,132,122,132,189,132,0,0,111,141,110,138,90,137,148,130,30,131,29,136,138,171
50,16,24,130,137,131,192,130,50,132,76,132,147,132,184,132,0,0,96,141,121,138,102,137,142,130,44,131,17,136,123,171
51,16,16,130,123,131,201,130,28,132,33,132,138,132,218,132,0,0,86,141,137,138,109,137,135,130,27,131,24,136,130,171
52,16,11,130,116,131,213,130,36,132,33,132,127,132,233,132,0,0,102,141,118,138,167,137,140,130,15,131,27,136,150,171
53,16,10,130,117,131,206,130,47,132,42,132,148,132,214,132,0,0,107,141,108,138,198,137,143,130,33,131,18,136,128,171
54,16,9,130,129,131,198,130,41,132,28,132,155,132,218,132,0,0,91,141,126,138,162,137,141,130,45,131,19,136,109,171
55,16,11,130,132,131,199,130,46,132,41,132,133,132,202,132,0,0,82,141,123,138,163,137,145,130,37,131,37,136,127,171
56,16,12,130,113,131,209,130,40,132,53,132,129,132,153,132,0,0,99,141,113,138,192,137,166,130,33,131,28,136,134,171
57,16,1,130,124,131,217,130,19,132,26,132,135,132,155,132,0,0,117,141,121,138,154,137,160,130,41,131,10,136,136,171
58,16,241,129,126,131,197,130,1,132,27,132,123,132,198,132,0,0,102,141,125,138,125,137,143,130,39,131,35,136,132,171
59,16,11,130,94,131,181,130,5,132,46,132,135,132,201,132,0,0,81,141,112,138,191,137,161,130,20,131,48,136,125,171
60,16,46,130,103,131,174,130,21,132,38,132,160,132,182,132,0,0,104,141,102,138,194,137,160,130,9,131,28,136,119,171
61,16,30,130,124,131,164,130,31,132,28,132,136,132,197,132,0,0,115,141,104,138,142,137,139,130,14,131,29,136,119,171
62,16,12,130,122,131,188,130,28,132,46,132,101,132,211,132,0,0,83,141,116,138,162,137,147,130,22,131,29,136,126,171
63,16,19,130,141,131,224,130,27,132,57,132,111,132,208,132,0,0,81,141,116,138,151,137,153,130,30,131,13,136,116,171
64,16,31,130,148,131,220,130,42,132,53,132,126,132,208,132,0,0,98,141,106,138,108,137,137,130,36,131,10,136,114,171
65,16,29,130,121,131,201,130,43,132,44,132,129,132,205,132,0,0,80,141,113,138,165,137,135,130,36,131,6,136,140,171
66,16,17,130,126,131,225,130,39,132,39,132,149,132,201,132,0,0,77,141,117,138,211,137,136,130,33,131,8,136,147,171
67,16,15,130,133,131,254,130,57,132,37,132,148,132,207,132,0,0,98,141,110,138,165,137,136,130,26,131,23,136,134,171
68,16,15,130,108,131,236,130,61,132,46,132,116,132,216,132,0,0,86,141,103,138,167,137,151,130,23,131,9,136,150,171
69,16,21,130,120,131,223,130,26,132,50,132,115,132,206,132,0,0,69,141,100,138,212,137,148,130,20,131,4,136,152,171
70,16,22,130,141,131,232,130,254,131,34,132,141,132,198,132,0,0,81,141,113,138,187,137,138,130,17,131,33,136,137,171
71,16,13,130,144,131,222,130,18,132,37,132,145,132,196,132,0,0,91,141,118,138,164,137,149,130,21,131,27,136,148,171
72,16,24,130,152,131,221,130,26,132,59,132,133,132,198,132,0,0,89,141,106,138,184,137,156,130,25,131,4,136,141,171
73,16,41,130,141,131,232,130,13,132,51,132,115,132,214,132,0,0,87,141,122,138,188,137,151,130,28,131,16,136,115,171
74,16,23,130,125,131,219,130,24,132,31,132,107,132,228,132,0,0,71,141,137,138,124,137,147,130,24,131,32,136,122,171
75,16,8,130,132,131,208,130,50,132,46,132,131,132,208,132,0,0,51,141,114,138,70,137,146,130,25,131,28,136,136,171
76,16,23,130,112,131,219,130,48,132,54,132,142,132,196,132,0,0,63,141,104,138,142,137,147,130,30,131,15,136,129,171
77,16,30,130,95,131,219,130,28,132,40,132,129,132,209,132,0,0,94,141,120,138,192,137,155,130,23,131,20,136,128,171
78,16,17,130,110,131,215,130,31,132,42,132,134,132,205,132,0,0,110,141,123,138,131,137,169,130,31,131,30,136,146,171
79,16,14,130,127,131,214,130,44,132,50,132,142,132,191,132,0,0,94,141,129,138,132,137,164,130,44,131,32,136,154,171
80,16,27,130,147,131,200,130,36,132,61,132,122,132,206,132,0,0,76,141,139,138,195,137,137,130,44,131,25,136,133,171
81,16,18,130,153,131,200,130,26,132,53,132,121,132,211,132,0,0,75,141,127,138,195,137,134,130,31,131,8,136,128,171
82,16,13,130,128,131,211,130,29,132,39,132,144,132,193,132,0,0,75,141,115,138,175,137,161,130,26,131,14,136,147,171
83,16,10,130,111,131,209,130,35,132,57,132,140,132,208,132,0,0,70,141,125,138,169,137,159,130,26,131,38,136,136,171
84,16,255,129,127,131,212,130,48,132,40,132,127,132,231,132,0,0,67,141,122,138,149,137,130,130,41,131,46,136,117,171
85,16,0,130,133,131,240,130,53,132,7,132,124,132,228,132,0,0,79,141,110,138,167,137,125,130,57,131,42,136,126,171
86,16,21,130,120,131,241,130,48,132,63,132,119,132,196,132,0,0,96,141,114,138,197,137,140,130,41,131,36,136,130,171
87,16,34,130,123,131,220,130,40,132,101,132,127,132,166,132,0,0,87,141,126,138,170,137,154,130,33,131,26,136,114,171
88,16,22,130,126,131,220,130,25,132,36,132,134,132,169,132,0,0,78,141,127,138,175,137,143,130,29,131,31,136,120,171
89,16,2,130,131,131,227,130,14,132,27,132,127,132,198,132,0,0,87,141,130,138,195,137,129,130,14,131,30,136,142,171
90,16,13,130,151,131,227,130,20,132,63,132,128,132,212,132,0,0,81,141,133,138,181,137,146,130,12,131,18,136,139,171
91,16,38,130,150,131,216,130,37,132,38,132,131,132,200,132,0,0,82,141,124,138,180,137,163,130,32,131,30,136,124,171
92,16,31,130,129,131,213,130,30,132,32,132,120,132,201,132,0,0,100,141,112,138,186,137,155,130,39,131,38,136,133,171
93,16,6,130,146,131,224,130,3,132,71,132,118,132,214,132,0,0,97,141,113,138,173,137,154,130,8,131,25,136,147,171
94,16,252,129,142,131,216,130,7,132,62,132,134,132,211,132,0,0,88,141,122,138,175,137,164,130,250,130,26,136,132,171
95,16,0,130,101,131,220,130,32,132,23,132,145,132,196,132,0,0,99,141,117,138,184,137,157,130,22,131,38,136,131,171
96,16,9,130,111,131,225,130,20,132,28,132,146,132,200,132,0,0,107,141,105,138,149,137,144,130,51,131,41,136,148,171
97,16,2,130,153,131,193,130,253,131,57,132,131,132,216,132,0,0,101,141,107,138,134,137,144,130,47,131,29,136,131,171
98,16,246,129,158,131,184,130,2,132,48,132,124,132,210,132,0,0,95,141,117,138,174,137,138,130,26,131,22,136,122,171
99,16,5,130,129,131,219,130,14,132,45,132,146,132,193,132,0,0,93,141,125,138,194,137,136,130,32,131,38,136,152,171
100,16,35,130,113,131,227,130,15,132,81,132,156,132,189,132,0,0,80,141,118,138,176,137,150,130,55,131,36,136,161,171
101,16,31,130,126,131,219,130,255,131,81,132,132,132,208,132,0,0,73,141,107,138,159,137,157,130,36,131,1,136,140,171
102,16,23,130,137,131,224,130,4,132,44,132,120,132,224,132,0,0,104,141,117,138,182,137,143,130,7,131,249,135,131,171
103,16,24,130,120,131,218,130,34,132,40,132,138,132,221,132,0,0,118,141,132,138,194,137,147,130,13,131,17,136,137,171
104,16,2,130,132,131,210,130,36,132,54,132,145,132,214,132,0,0,88,141,128,138,159,137,166,130,31,131,31,136,118,171
105,16,10,130,159,131,219,130,22,132,55,132,138,132,218,132,0,0,81,141,127,138,143,137,165,130,27,131,28,136,107,171
106,16,34,130,134,131,209,130,38,132,46,132,149,132,211,132,0,0,93,141,119,138,169,137,159,130,18,131,16,136,138,171
107,16,16,130,122,131,197,130,44,132,36,132,154,132,210,132,0,0,82,141,115,138,195,137,150,130,35,131,16,136,145,171
108,16,5,130,140,131,211,130,19,132,47,132,126,132,215,132,0,0,84,141,131,138,190,137,144,130,44,131,29,136,126,171
109,16,31,130,133,131,197,130,6,132,60,132,127,132,191,132,0,0,86,141,128,138,152,137,144,130,24,131,32,136,130,171
110,16,41,130,133,131,178,130,23,132,44,132,151,132,190,132,0,0,69,141,106,138,141,137,144,130,16,131,24,136,137,171
111,16,18,130,147,131,187,130,37,132,40,132,146,132,215,132,0,0,79,141,117,138,178,137,140,130,38,131,25,136,121,171
112,16,5,130,134,131,203,130,39,132,58,132,135,132,204,132,0,0,77,141,123,138,192,137,134,130,39,131,31,136,120,171
113,16,9,130,128,131,219,130,45,132,62,132,133,132,198,132,0,0,62,141,97,138,160,137,148,130,31,131,26,136,136,171
114,16,7,130,148,131,209,130,39,132,47,132,149,132,228,132,0,0,85,141,100,138,128,137,154,130,40,131,18,136,132,171
115,16,9,130,135,131,184,130,33,132,39,132,148,132,223,132,0,0,97,141,124,138,107,137,139,130,39,131,21,136,131,171
116,16,24,130,126,131,212,130,49,132,42,132,128,132,209,132,0,0,64,141,121,138,136,137,138,130,34,131,30,136,140,171
117,16,17,130,137,131,241,130,47,132,45,132,122,132,231,132,0,0,60,141,119,138,207,137,168,130,24,131,31,136,138,171
118,16,0,130,119,131,215,130,10,132,51,132,140,132,222,132,0,0,90,141,128,138,183,137,178,130,16,131,29,136,123,171
119,16,16,130,112,131,208,130,247,131,50,132,146,132,194,132,0,0,96,141,116,138,108,137,152,130,34,131,25,136,128,171
120,16,33,130,134,131,226,130,8,132,29,132,136,132,185,132,0,0,84,141,105,138,147,137,142,130,46,131,18,136,146,171
121,16,29,130,141,131,216,130,21,132,25,132,144,132,192,132,0,0,72,141,116,138,197,137,149,130,51,131,21,136,134,171
122,16,28,130,135,131,217,130,25,132,48,132,141,132,214,132,0,0,96,141,116,138,158,137,156,130,56,131,36,136,125,171
123,16,34,130,117,131,225,130,22,132,61,132,131,132,214,132,0,0,120,141,97,138,154,137,156,130,43,131,36,136,142,171
124,16,27,130,106,131,209,130,16,132,49,132,132,132,191,132,0,0,105,141,108,138,177,137,143,130,32,131,7,136,141,171
125,16,17,130,136,131,204,130,33,132,26,132,139,132,194,132,0,0,105,141,137,138,123,137,137,130,31,131,2,136,130,171
126,16,18,130,149,131,228,130,44,132,31,132,144,132,215,132,0,0,113,141,127,138,80,137,145,130,34,131,32,136,150,171
127,16,29,130,116,131,214,130,38,132,51,132,132,132,216,132,77,0,97,141,108,138,107,137,137,130,41,131,28,136,148,171
0,16,32,130,128,131,187,130,35,132,47,132,123,132,209,132,0,0,94,141,124,138,132,137,122,130,51,131,18,136,127,171
1,16,24,130,164,131,196,130,27,132,42,132,131,132,206,132,0,0,112,141,132,138,171,137,136,130,42,131,29,136,135,171
2,16,18,130,152,131,236,130,24,132,54,132,143,132,205,132,0,0,99,141,111,138,207,137,145,130,31,131,13,136,134,171
3,16,11,130,136,131,253,130,27,132,54,132,134,132,208,132,0,0,80,141,111,138,194,137,136,130,20,131,249,135,119,171
4,16,29,130,133,131,212,130,8,132,36,132,140,132,206,132,0,0,80,141,134,138,175,137,140,130,14,131,21,136,133,171
5,16,60,130,132,131,201,130,2,132,24,132,158,132,213,132,0,0,70,141,121,138,188,137,149,130,35,131,38,136,139,171
6,16,59,130,133,131,254,130,46,132,28,132,138,132,232,132,0,0,68,141,105,138,190,137,153,130,42,131,31,136,122,171
7,16,40,130,110,131,18,131,52,132,38,132,130,132,231,132,0,0,78,141,125,138,160,137,154,130,35,131,39,136,129,171
8,16,34,130,108,131,234,130,20,132,46,132,155,132,215,132,0,0,89,141,137,138,151,137,146,130,30,131,41,136,160,171
9,16,23,130,143,131,212,130,20,132,56,132,157,132,201,132,0,0,99,141,116,138,186,137,134,130,19,131,32,136,157,171
10,16,12,130,125,131,216,130,21,132,37,132,127,132,198,132,0,0,95,141,117,138,191,137,149,130,28,131,32,136,137,171
11,16,17,130,88,131,203,130,40,132,16,132,120,132,199,132,0,0,85,141,132,138,174,137,158,130,39,131,15,136,135,171
12,16,33,130,117,131,209,130,63,132,34,132,145,132,197,132,0,0,85,141,120,138,188,137,147,130,27,131,252,135,137,171
13,16,40,130,146,131,228,130,42,132,49,132,151,132,204,132,0,0,84,141,109,138,173,137,146,130,20,131,7,136,129,171
14,16,14,130,132,131,225,130,1,132,30,132,138,132,231,132,0,0,86,141,114,138,133,137,149,130,31,131,28,136,126,171
15,16,4,130,130,131,209,130,252,131,27,132,135,132,238,132,0,0,95,141,124,138,113,137,140,130,38,131,27,136,137,171
16,16,42,130,146,131,216,130,7,132,50,132,141,132,226,132,0,0,89,141,126,138,85,137,144,130,47,131,31,136,136,171
17,16,55,130,136,131,216,130,14,132,53,132,137,132,216,132,0,0,85,141,126,138,126,137,153,130,39,131,36,136,125,171
18,16,34,130,116,131,220,130,27,132,47,132,126,132,205,132,0,0,94,141,126,138,200,137,143,130,16,131,33,136,140,171
19,16,31,130,110,131,237,130,16,132,43,132,120,132,215,132,0,0,85,141,117,138,170,137,134,130,25,131,41,136,149,171
20,16,30,130,119,131,231,130,14,132,41,132,121,132,220,132,0,0,65,141,116,138,137,137,147,130,44,131,47,136,126,171
21,16,30,130,135,131,226,130,19,132,44,132,126,132,199,132,0,0,71,141,113,138,159,137,153,130,44,131,42,136,107,171
22,16,45,130,131,131,236,130,14,132,43,132,124,132,206,132,0,0,97,141,116,138,136,137,143,130,33,131,25,136,125,171
23,16,41,130,117,131,233,130,17,132,31,132,132,132,225,132,0,0,111,141,117,138,153,137,130,130,27,131,11,136,147,171
24,16,26,130,117,131,227,130,21,132,26,132,147,132,214,132,0,0,106,141,119,138,197,137,137,130,32,131,21,136,137,171
25,16,27,130,143,131,233,130,21,132,61,132,143,132,211,132,0,0,91,141,122,138,131,137,152,130,31,131,27,136,125,171
26,16,32,130,150,131,233,130,20,132,64,132,130,132,216,132,0,0,81,141,116,138,100,137,156,130,32,131,23,136,129,171
27,16,24,130,128,131,230,130,20,132,33,132,144,132,205,132,0,0,102,141,112,138,182,137,153,130,38,131,38,136,132,171
28,16,37,130,125,131,240,130,6,132,33,132,154,132,208,132,0,0,114,141,111,138,209,137,150,130,41,131,45,136,126,171
29,16,51,130,136,131,231,130,250,131,41,132,134,132,204,132,0,0,78,141,112,138,157,137,137,130,34,131,31,136,125,171
30,16,35,130,136,131,207,130,13,132,31,132,120,132,185,132,0,0,62,141,102,138,134,137,139,130,41,131,33,136,133,171
31,16,32,130,117,131,215,130,30,132,22,132,128,132,200,132,0,0,79,141,112,138,175,137,154,130,60,131,47,136,133,171
32,16,44,130,116,131,220,130,16,132,27,132,126,132,222,132,0,0,76,141,140,138,179,137,149,130,47,131,38,136,131,171
33,16,21,130,141,131,199,130,252,131,39,132,115,132,218,132,0,0,79,141,119,138,128,137,137,130,38,131,20,136,135,171
34,16,17,130,142,131,205,130,13,132,51,132,116,132,207,132,0,0,101,141,88,138,116,137,146,130,55,131,13,136,134,171
35,16,49,130,141,131,235,130,39,132,41,132,124,132,210,132,0,0,98,141,109,138,149,137,155,130,53,131,20,136,131,171
36,16,44,130,156,131,235,130,30,132,34,132,123,132,214,132,0,0,86,141,129,138,158,137,143,130,41,131,44,136,124,171
37,16,22,130,146,131,222,130,13,132,50,132,129,132,206,132,0,0,97,141,106,138,168,137,135,130,38,131,45,136,125,171
38,16,30,130,120,131,222,130,6,132,55,132,130,132,204,132,0,0,113,141,110,138,188,137,141,130,41,131,25,136,133,171
39,16,29,130,130,131,231,130,5,132,53,132,126,132,213,132,0,0,122,141,127,138,166,137,141,130,36,131,24,136,135,171
40,16,9,130,144,131,238,130,6,132,53,132,142,132,210,132,0,0,106,141,121,138,155,137,145,130,33,131,40,136,142,171
41,16,11,130,125,131,221,130,5,132,51,132,148,132,200,132,0,0,83,141,121,138,174,137,148,130,30,131,60,136,140,171
42,16,29,130,116,131,198,130,3,132,43,132,122,132,206,132,0,0,79,141,134,138,172,137,145,130,33,131,52,136,132,171
43,16,33,130,123,131,214,130,3,132,40,132,118,132,223,132,0,0,69,141,131,138,152,137,156,130,32,131,21,136,140,171
44,16,32,130,128,131,242,130,24,132,50,132,153,132,232,132,0,0,60,141,113,138,164,137,165,130,32,131,23,136,135,171
45,16,26,130,142,131,251,130,36,132,46,132,152,132,226,132,0,0,77,141,104,138,193,137,145,130,54,131,45,136,116,171
46,16,20,130,149,131,240,130,29,132,34,132,117,132,215,132,0,0,83,141,110,138,182,137,134,130,53,131,46,136,133,171
47,16,15,130,148,131,219,130,17,132,57,132,123,132,204,132,0,0,80,141,128,138,171,137,142,130,41,131,40,136,150,171
48,16,15,130,146,131,220,130,253,131,61,132,150,132,199,132,0,0,101,141,134,138,177,137,138,130,56,131,37,136,118,171
49,16,26,130,144,131,238,130,247,131,39,132,134,132,204,132,0,0,106,141,132,138,181,137,151,130,56,131,29,136,126,171
50,16,33,130,142,131,219,130,10,132,58,132,123,132,207,132,0,0,92,141,132,138,180,137,166,130,22,131,21,136,163,171
51,16,21,130,147,131,202,130,28,132,75,132,138,132,208,132,0,0,94,141,123,138,164,137,149,130,19,131,12,136,135,171
52,16,5,130,141,131,224,130,30,132,54,132,146,132,218,132,0,0,97,141,116,138,168,137,153,130,36,131,25,136,119,171
53,16,10,130,123,131,217,130,9,132,32,132,142,132,216,132,0,0,97,141,120,138,180,137,157,130,34,131,44,136,144,171
54,16,27,130,142,131,197,130,251,131,12,132,133,132,194,132,0,0,86,141,122,138,162,137,135,130,45,131,33,136,144,171
55,16,32,130,148,131,204,130,18,132,18,132,129,132,195,132,0,0,87,141,116,138,163,137,140,130,40,131,24,136,129,171
56,16,19,130,124,131,219,130,39,132,49,132,139,132,206,132,0,0,98,141,125,138,179,137,148,130,24,131,32,136,133,171
57,16,24,130,135,131,217,130,22,132,50,132,151,132,193,132,0,0,100,141,142,138,172,137,132,130,24,131,25,136,140,171
58,16,52,130,158,131,209,130,10,132,30,132,157,132,196,132,0,0,91,141,126,138,168,137,135,130,21,131,23,136,144,171
59,16,54,130,148,131,218,130,15,132,28,132,145,132,208,132,0,0,84,141,109,138,185,137,142,130,11,131,33,136,134,171
60,16,25,130,139,131,213,130,9,132,47,132,121,132,211,132,0,0,87,141,121,138,183,137,143,130,41,131,24,136,107,171
61,16,14,130,144,131,208,130,10,132,45,132,130,132,198,132,0,0,85,141,126,138,164,137,175,130,62,131,23,136,123,171
62,16,22,130,131,131,219,130,19,132,10,132,143,132,187,132,0,0,81,141,115,138,170,137,172,130,29,131,29,136,164,171
63,16,19,130,130,131,221,130,19,132,255,131,118,132,194,132,0,0,87,141,126,138,190,137,118,130,20,131,24,136,137,171
64,16,12,130,150,131,217,130,22,132,50,132,117,132,208,132,0,0,97,141,129,138,190,137,123,130,35,131,34,136,107,171
65,16,14,130,148,131,228,130,14,132,75,132,144,132,205,132,0,0,97,141,118,138,181,137,164,130,39,131,44,136,134,171
66,16,20,130,138,131,235,130,11,132,52,132,138,132,210,132,0,0,91,141,130,138,191,137,158,130,44,131,31,136,151,171
67,16,22,130,146,131,233,130,18,132,50,132,105,132,226,132,0,0,89,141,130,138,188,137,143,130,60,131,28,136,133,171
68,16,4,130,141,131,229,130,6,132,48,132,113,132,218,132,0,0,91,141,109,138,166,137,152,130,50,131,40,136,124,171
69,16,242,129,123,131,218,130,11,132,32,132,141,132,194,132,0,0,72,141,111,138,192,137,161,130,24,131,47,136,126,171
70,16,254,129,123,131,214,130,46,132,28,132,147,132,190,132,0,0,57,141,122,138,186,137,153,130,39,131,41,136,130,171
71,16,21,130,138,131,213,130,53,132,35,132,146,132,193,132,0,0,62,141,129,138,122,137,133,130,64,131,28,136,139,171
72,16,33,130,146,131,204,130,17,132,42,132,143,132,195,132,0,0,75,141,127,138,131,137,129,130,42,131,17,136,140,171
73,16,31,130,144,131,192,130,12,132,38,132,138,132,196,132,0,0,87,141,131,138,201,137,141,130,11,131,15,136,131,171
74,16,10,130,129,131,208,130,44,132,33,132,138,132,195,132,0,0,99,141,126,138,193,137,140,130,33,131,22,136,124,171
75,16,3,130,132,131,240,130,46,132,32,132,151,132,195,132,0,0,105,141,110,138,112,137,130,130,45,131,27,136,122,171
76,16,20,130,171,131,235,130,12,132,35,132,151,132,192,132,0,0,96,141,110,138,96,137,131,130,20,131,31,136,126,171
77,16,33,130,173,131,210,130,249,131,45,132,130,132,190,132,0,0,81,141,136,138,157,137,139,130,33,131,30,136,130,171
78,16,10,130,130,131,204,130,16,132,43,132,125,132,211,132,0,0,86,141,139,138,192,137,143,130,54,131,32,136,137,171
79,16,249,129,127,131,218,130,25,132,26,132,136,132,221,132,0,0,80,141,110,138,193,137,135,130,38,131,29,136,127,171
80,16,16,130,147,131,240,130,15,132,32,132,144,132,203,132,0,0,57,141,109,138,172,137,131,130,27,131,28,136,119,171
81,16,27,130,137,131,234,130,16,132,49,132,138,132,189,132,0,0,76,141,123,138,135,137,134,130,41,131,37,136,136,171
82,16,20,130,140,131,214,130,24,132,33,132,134,132,184,132,0,0,111,141,114,138,146,137,143,130,36,131,23,136,143,171
83,16,17,130,161,131,226,130,25,132,21,132,145,132,191,132,0,0,101,141,110,138,205,137,143,130,33,131,253,135,140,171
84,16,4,130,158,131,234,130,30,132,55,132,149,132,210,132,0,0,95,141,119,138,203,137,132,130,46,131,0,136,137,171
85,16,5,130,152,131,203,130,33,132,65,132,136,132,211,132,0,0,110,141,132,138,162,137,120,130,37,131,28,136,124,171
86,16,33,130,144,131,185,130,16,132,40,132,129,132,196,132,0,0,109,141,133,138,174,137,122,130,25,131,35,136,107,171
87,16,29,130,134,131,210,130,20,132,36,132,127,132,205,132,0,0,98,141,118,138,186,137,133,130,38,131,17,136,116,171
88,16,5,130,135,131,227,130,38,132,45,132,137,132,225,132,0,0,94,141,115,138,178,137,139,130,39,131,25,136,132,171
89,16,19,130,123,131,216,130,28,132,51,132,151,132,221,132,0,0,95,141,129,138,182,137,158,130,20,131,40,136,132,171
90,16,40,130,116,131,224,130,30,132,54,132,137,132,207,132,0,0,107,141,131,138,180,137,165,130,18,131,31,136,128,171
91,16,30,130,129,131,231,130,35,132,58,132,130,132,192,132,0,0,108,141,123,138,181,137,151,130,37,131,18,136,123,171
92,16,14,130,124,131,215,130,30,132,33,132,149,132,185,132,0,0,98,141,132,138,182,137,141,130,36,131,27,136,125,171
93,16,1,130,110,131,205,130,38,132,8,132,140,132,203,132,0,0,108,141,130,138,172,137,144,130,16,131,28,136,141,171
94,16,6,130,128,131,205,130,39,132,16,132,113,132,220,132,0,0,117,141,124,138,179,137,152,130,24,131,18,136,140,171
95,16,36,130,140,131,203,130,23,132,31,132,133,132,216,132,0,0,96,141,142,138,201,137,153,130,36,131,22,136,116,171
96,16,30,130,125,131,207,130,30,132,47,132,165,132,210,132,0,0,70,141,140,138,178,137,149,130,20,131,26,136,119,171
97,16,7,130,120,131,232,130,43,132,34,132,138,132,214,132,0,0,75,141,116,138,166,137,137,130,25,131,45,136,149,171
98,16,13,130,131,131,233,130,39,132,1,132,107,132,208,132,0,0,93,141,112,138,179,137,126,130,47,131,60,136,148,171
99,16,15,130,119,131,192,130,36,132,7,132,118,132,201,132,0,0,93,141,121,138,150,137,121,130,28,131,40,136,137,171
100,16,9,130,100,131,186,130,49,132,49,132,142,132,222,132,0,0,81,141,124,138,134,137,125,130,10,131,19,136,139,171
101,16,9,130,112,131,218,130,43,132,57,132,138,132,214,132,0,0,73,141,136,138,187,137,132,130,51,131,19,136,130,171
102,16,12,130,132,131,244,130,30,132,31,132,122,132,159,132,0,0,77,141,140,138,210,137,134,130,78,131,26,136,133,171
103,16,11,130,144,131,222,130,56,132,26,132,127,132,159,132,0,0,83,141,125,138,186,137,136,130,34,131,35,136,159,171
104,16,15,130,153,131,190,130,79,132,36,132,142,132,216,132,0,0,93,141,122,138,187,137,136,130,2,131,48,136,147,171
105,16,22,130,152,131,193,130,54,132,46,132,147,132,222,132,0,0,107,141,122,138,188,137,148,130,33,131,53,136,101,171
106,16,14,130,145,131,205,130,26,132,34,132,148,132,201,132,0,0,97,141,113,138,191,137,155,130,50,131,54,136,103,171
107,16,12,130,146,131,203,130,47,132,31,132,145,132,210,132,0,0,72,141,108,138,199,137,156,130,23,131,41,136,127,171
108,16,28,130,134,131,201,130,61,132,53,132,141,132,206,132,0,0,89,141,118,138,185,137,156,130,30,131,27,136,130,171
109,16,22,130,123,131,201,130,32,132,53,132,144,132,191,132,0,0,115,141,120,138,186,137,146,130,45,131,34,136,137,171
110,16,6,130,143,131,187,130,10,132,37,132,145,132,205,132,0,0,92,141,109,138,194,137,137,130,27,131,27,136,130,171
111,16,11,130,152,131,189,130,16,132,32,132,138,132,227,132,0,0,80,141,102,138,183,137,133,130,29,131,22,136,110,171
112,16,20,130,131,131,213,130,14,132,42,132,139,132,225,132,0,0,97,141,96,138,184,137,135,130,48,131,43,136,116,171
113,16,22,130,126,131,225,130,246,131,47,132,140,132,212,132,0,0,86,141,110,138,204,137,149,130,53,131,40,136,141,171
114,16,25,130,144,131,212,130,1,132,43,132,136,132,203,132,0,0,64,141,129,138,165,137,151,130,51,131,16,136,143,171
115,16,11,130,138,131,188,130,33,132,46,132,130,132,216,132,0,0,76,141,122,138,140,137,148,130,41,131,18,136,135,171
116,16,246,129,118,131,205,130,27,132,43,132,125,132,229,132,0,0,100,141,106,138,194,137,152,130,31,131,36,136,143,171
117,16,8,130,127,131,238,130,14,132,40,132,138,132,198,132,0,0,108,141,109,138,208,137,145,130,33,131,31,136,146,171
118,16,28,130,141,131,241,130,10,132,47,132,142,132,169,132,0,0,95,141,117,138,170,137,132,130,41,131,28,136,135,171
119,16,19,130,117,131,227,130,2,132,50,132,134,132,195,132,0,0,82,141,121,138,173,137,147,130,40,131,35,136,122,171
120,16,14,130,114,131,234,130,12,132,48,132,143,132,221,132,0,0,84,141,127,138,214,137,163,130,37,131,31,136,129,171
121,16,21,130,151,131,243,130,28,132,51,132,153,132,206,132,0,0,74,141,114,138,198,137,150,130,40,131,30,136,145,171
122,16,19,130,127,131,220,130,23,132,60,132,144,132,188,132,0,0,65,141,105,138,142,137,136,130,37,131,29,136,135,171
123,16,10,130,90,131,195,130,29,132,54,132,137,132,193,132,0,0,83,141,116,138,144,137,139,130,34,131,19,136,132,171
124,16,14,130,124,131,204,130,55,132,41,132,137,132,216,132,0,0,82,141,124,138,192,137,145,130,46,131,19,136,134,171
125,16,22,130,128,131,213,130,51,132,44,132,131,132,232,132,0,0,78,141,110,138,190,137,146,130,42,131,36,136,126,171
126,16,27,130,102,131,195,130,15,132,38,132,132,132,215,132,0,0,103,141,99,138,162,137,143,130,21,131,42,136,123,171
127,16,19,130,141,131,193,130,1,132,22,132,150,132,200,132,77,0,104,141,114,138,178,137,146,130,41,131,30,136,129,171
0,16,15,130,176,131,221,130,28,132,28,132,150,132,198,132,0,0,88,141,120,138,175,137,154,130,64,131,28,136,136,171
1,16,21,130,153,131,224,130,61,132,48,132,136,132,197,132,0,0,105,141,114,138,149,137,148,130,31,131,40,136,136,171
2,16,6,130,139,131,209,130,45,132,53,132,139,132,206,132,0,0,100,141,125,138,169,137,131,130,19,131,33,136,137,171
3,16,249,129,137,131,214,130,23,132,50,132,145,132,213,132,0,0,79,141,129,138,183,137,132,130,43,131,11,136,140,171
4,16,14,130,136,131,215,130,33,132,48,132,135,132,202,132,0,0,94,141,111,138,170,137,151,130,29,131,16,136,134,171
5,16,28,130,146,131,206,130,36,132,44,132,136,132,203,132,0,0,89,141,104,138,179,137,156,130,8,131,35,136,124,171
6,16,4,130,127,131,209,130,28,132,46,132,140,132,220,132,0,0,87,141,116,138,195,137,148,130,31,131,26,136,133,171
7,16,253,129,117,131,212,130,31,132,34,132,138,132,209,132,0,0,106,141,119,138,192,137,150,130,44,131,16,136,152,171
8,16,18,130,146,131,210,130,48,132,24,132,148,132,181,132,0,0,91,141,109,138,175,137,148,130,24,131,21,136,139,171
9,16,7,130,160,131,199,130,38,132,40,132,147,132,193,132,0,0,71,141,109,138,156,137,142,130,31,131,32,136,121,171
10,16,2,130,156,131,197,130,24,132,31,132,132,132,211,132,0,0,80,141,120,138,159,137,135,130,60,131,41,136,128,171
11,16,27,130,146,131,221,130,33,132,29,132,141,132,195,132,0,0,86,141,115,138,175,137,126,130,43,131,31,136,138,171
12,16,14,130,134,131,229,130,36,132,46,132,148,132,198,132,0,0,74,141,101,138,190,137,129,130,17,131,11,136,138,171
13,16,252,129,147,131,210,130,22,132,18,132,130,132,213,132,0,0,63,141,105,138,169,137,141,130,28,131,18,136,128,171
14,16,23,130,151,131,205,130,0,132,7,132,120,132,200,132,0,0,79,141,127,138,135,137,149,130,28,131,37,136,128,171
15,16,27,130,117,131,219,130,33,132,20,132,124,132,201,132,0,0,103,141,134,138,113,137,149,130,24,131,41,136,139,171
16,16,9,130,113,131,222,130,55,132,16,132,121,132,230,132,0,0,91,141,120,138,91,137,150,130,33,131,37,136,138,171
17,16,16,130,142,131,210,130,17,132,36,132,126,132,218,132,0,0,74,141,116,138,121,137,158,130,34,131,25,136,125,171
18,16,24,130,141,131,207,130,253,131,45,132,128,132,191,132,0,0,88,141,120,138,189,137,161,130,35,131,24,136,124,171
19,16,19,130,125,131,224,130,17,132,1,132,128,132,195,132,0,0,94,141,110,138,200,137,148,130,41,131,30,136,138,171
20,16,18,130,143,131,244,130,31,132,38,132,144,132,201,132,0,0,87,141,101,138,165,137,151,130,26,131,34,136,135,171
21,16,11,130,153,131,247,130,26,132,121,132,150,132,205,132,0,0,80,141,118,138,181,137,167,130,22,131,27,136,129,171
22,16,17,130,133,131,231,130,25,132,71,132,143,132,193,132,0,0,80,141,118,138,204,137,161,130,60,131,4,136,144,171
23,16,28,130,130,131,228,130,19,132,7,132,133,132,174,132,0,0,81,141,97,138,172,137,158,130,63,131,12,136,148,171
24,16,10,130,147,131,230,130,30,132,36,132,128,132,178,132,0,0,84,141,104,138,165,137,175,130,15,131,38,136,127,171
25,16,3,130,154,131,202,130,37,132,66,132,141,132,198,132,0,0,99,141,119,138,190,137,157,130,9,131,42,136,119,171
26,16,46,130,165,131,199,130,17,132,47,132,157,132,203,132,0,0,100,141,108,138,194,137,126,130,51,131,30,136,125,171
27,16,51,130,151,131,235,130,7,132,41,132,141,132,198,132,0,0,67,141,96,138,178,137,146,130,64,131,32,136,128,171
28,16,11,130,103,131,237,130,14,132,61,132,121,132,217,132,0,0,56,141,108,138,177,137,161,130,40,131,31,136,141,171
29,16,22,130,100,131,209,130,34,132,47,132,140,132,222,132,0,0,82,141,108,138,182,137,136,130,35,131,22,136,140,171
30,16,43,130,114,131,208,130,27,132,34,132,147,132,203,132,0,0,85,141,95,138,181,137,129,130,54,131,29,136,127,171
31,16,14,130,96,131,225,130,15,132,54,132,141,132,199,132,0,0,65,141,105,138,180,137,148,130,53,131,26,136,134,171
32,16,2,130,114,131,228,130,37,132,52,132,150,132,202,132,0,0,80,141,124,138,180,137,152,130,35,131,5,136,140,171
33,16,25,130,155,131,221,130,55,132,28,132,140,132,197,132,0,0,117,141,118,138,182,137,154,130,24,131,8,136,127,171
34,16,32,130,146,131,221,130,45,132,42,132,123,132,202,132,0,0,105,141,108,138,183,137,159,130,31,131,42,136,120,171
35,16,18,130,130,131,216,130,23,132,51,132,134,132,214,132,0,0,66,141,115,138,174,137,161,130,48,131,45,136,139,171
36,16,8,130,137,131,215,130,24,132,38,132,144,132,199,132,0,0,67,141,116,138,180,137,165,130,53,131,23,136,144,171
37,16,12,130,129,131,221,130,36,132,47,132,127,132,185,132,0,0,89,141,108,138,188,137,157,130,45,131,36,136,136,171
38,16,19,130,134,131,215,130,38,132,57,132,145,132,210,132,0,0,89,141,115,138,169,137,153,130,27,131,51,136,125,171
39,16,5,130,151,131,200,130,31,132,58,132,165,132,217,132,0,0,100,141,126,138,159,137,158,130,28,131,33,136,112,171
40,16,254,129,154,131,197,130,18,132,43,132,119,132,189,132,0,0,113,141,136,138,185,137,150,130,47,131,11,136,119,171
41,16,16,130,153,131,211,130,10,132,31,132,98,132,189,132,0,0,101,141,133,138,205,137,127,130,42,131,19,136,138,171
42,16,17,130,150,131,223,130,7,132,44,132,141,132,222,132,0,0,92,141,120,138,173,137,128,130,32,131,35,136,132,171
43,16,7,130,134,131,207,130,15,132,60,132,146,132,215,132,0,0,90,141,123,138,165,137,159,130,42,131,30,136,115,171
44,16,29,130,118,131,197,130,21,132,47,132,110,132,183,132,0,0,95,141,120,138,195,137,168,130,57,131,31,136,131,171
45,16,31,130,134,131,225,130,23,132,32,132,109,132,202,132,0,0,93,141,108,138,155,137,146,130,45,131,34,136,142,171
46,16,16,130,151,131,237,130,17,132,40,132,126,132,220,132,0,0,82,141,114,138,113,137,163,130,25,131,24,136,134,171
47,16,25,130,138,131,212,130,5,132,51,132,145,132,201,132,0,0,79,141,116,138,165,137,182,130,32,131,19,136,132,171
48,16,32,130,130,131,211,130,9,132,44,132,158,132,188,132,0,0,97,141,102,138,207,137,146,130,48,131,25,136,130,171
49,16,4,130,153,131,238,130,9,132,27,132,146,132,195,132,0,0,102,141,115,138,179,137,122,130,33,131,25,136,126,171
50,16,242,129,157,131,219,130,254,131,34,132,138,132,217,132,0,0,78,141,123,138,167,137,148,130,11,131,32,136,125,171
51,16,10,130,138,131,197,130,12,132,50,132,146,132,231,132,0,0,85,141,110,138,186,137,159,130,31,131,35,136,130,171
52,16,18,130,126,131,214,130,36,132,44,132,151,132,212,132,0,0,105,141,116,138,184,137,141,130,43,131,28,136,139,171
53,16,17,130,119,131,214,130,30,132,36,132,156,132,183,132,0,0,100,141,121,138,176,137,139,130,19,131,31,136,141,171
54,16,32,130,128,131,212,130,14,132,40,132,135,132,196,132,0,0,90,141,112,138,173,137,149,130,16,131,38,136,146,171
55,16,27,130,134,131,221,130,11,132,61,132,106,132,226,132,0,0,89,141,104,138,183,137,140,130,43,131,37,136,139,171
56,16,11,130,126,131,236,130,9,132,43,132,122,132,207,132,0,0,98,141,102,138,186,137,132,130,61,131,29,136,119,171
57,16,20,130,133,131,233,130,9,132,255,131,151,132,186,132,0,0,106,141,110,138,176,137,149,130,41,131,27,136,130,171
58,16,27,130,139,131,213,130,26,132,16,132,144,132,209,132,0,0,102,141,124,138,174,137,150,130,30,131,32,136,147,171
59,16,8,130,132,131,209,130,24,132,64,132,122,132,223,132,0,0,88,141,117,138,188,137,130,130,42,131,28,136,140,171
60,16,17,130,139,131,214,130,5,132,53,132,120,132,198,132,0,0,98,141,106,138,167,137,141,130,37,131,24,136,143,171
61,16,33,130,155,131,215,130,19,132,38,132,139,132,190,132,0,0,105,141,115,138,129,137,154,130,38,131,37,136,146,171
62,16,13,130,136,131,207,130,37,132,57,132,153,132,212,132,0,0,80,141,124,138,157,137,142,130,65,131,34,136,125,171
63,16,5,130,125,131,203,130,9,132,56,132,148,132,202,132,0,0,69,141,131,138,202,137,152,130,55,131,3,136,121,171
64,16,18,130,140,131,198,130,244,131,54,132,126,132,173,132,0,0,80,141,118,138,176,137,177,130,30,131,7,136,144,171
65,16,13,130,143,131,201,130,7,132,67,132,139,132,205,132,0,0,94,141,99,138,151,137,173,130,53,131,32,136,142,171
66,16,15,130,141,131,216,130,28,132,62,132,163,132,241,132,0,0,92,141,107,138,198,137,142,130,65,131,32,136,126,171
67,16,28,130,147,131,206,130,17,132,49,132,147,132,205,132,0,0,79,141,116,138,200,137,122,130,32,131,22,136,124,171
68,16,1,130,144,131,183,130,10,132,49,132,123,132,187,132,0,0,87,141,123,138,125,137,146,130,7,131,21,136,134,171
69,16,248,129,141,131,191,130,27,132,51,132,142,132,224,132,0,0,92,141,137,138,115,137,149,130,13,131,24,136,142,171
70,16,12,130,142,131,219,130,26,132,42,132,150,132,219,132,0,0,81,141,140,138,181,137,116,130,16,131,27,136,137,171
71,16,252,129,125,131,224,130,18,132,49,132,130,132,204,132,0,0,71,141,117,138,201,137,119,130,13,131,37,136,130,171
72,16,249,129,112,131,226,130,26,132,54,132,132,132,232,132,0,0,76,141,98,138,160,137,147,130,23,131,53,136,134,171
73,16,19,130,136,131,235,130,22,132,39,132,135,132,232,132,0,0,96,141,104,138,159,137,154,130,27,131,52,136,136,171
74,16,12,130,157,131,229,130,16,132,36,132,128,132,192,132,0,0,120,141,130,138,199,137,148,130,31,131,36,136,135,171
75,16,2,130,144,131,212,130,33,132,44,132,138,132,185,132,0,0,114,141,127,138,168,137,142,130,32,131,28,136,142,171
76,16,12,130,127,131,207,130,30,132,43,132,151,132,206,132,0,0,94,141,97,138,130,137,132,130,20,131,23,136,152,171
77,16,8,130,125,131,215,130,18,132,47,132,144,132,204,132,0,0,91,141,109,138,179,137,135,130,18,131,21,136,144,171
78,16,2,130,121,131,218,130,29,132,52,132,127,132,186,132,0,0,86,141,132,138,178,137,125,130,36,131,33,136,129,171
79,16,12,130,128,131,211,130,27,132,38,132,129,132,192,132,0,0,89,141,121,138,110,137,121,130,32,131,36,136,135,171
80,16,23,130,144,131,215,130,34,132,39,132,144,132,206,132,0,0,96,141,127,138,122,137,153,130,25,131,34,136,137,171
81,16,27,130,138,131,217,130,44,132,50,132,153,132,199,132,0,0,93,141,143,138,148,137,163,130,51,131,60,136,129,171
82,16,16,130,129,131,197,130,18,132,51,132,147,132,182,132,0,0,82,141,130,138,94,137,153,130,47,131,62,136,135,171
83,16,16,130,134,131,196,130,8,132,48,132,133,132,194,132,0,0,79,141,125,138,89,137,153,130,16,131,33,136,137,171
84,16,25,130,140,131,220,130,12,132,41,132,125,132,218,132,0,0,87,141,130,138,162,137,152,130,14,131,33,136,127,171
85,16,15,130,146,131,209,130,2,132,39,132,137,132,214,132,0,0,97,141,116,138,188,137,152,130,36,131,44,136,134,171
86,16,12,130,135,131,175,130,6,132,44,132,154,132,203,132,0,0,95,141,126,138,182,137,151,130,38,131,30,136,147,171
87,16,13,130,108,131,188,130,25,132,30,132,144,132,203,132,0,0,87,141,135,138,187,137,150,130,29,131,25,136,129,171
88,16,11,130,109,131,229,130,15,132,14,132,132,132,195,132,0,0,97,141,117,138,178,137,155,130,34,131,31,136,126,171
89,16,29,130,135,131,219,130,1,132,42,132,150,132,193,132,0,0,93,141,101,138,167,137,162,130,48,131,26,136,139,171
90,16,30,130,130,131,188,130,7,132,55,132,157,132,225,132,0,0,70,141,102,138,182,137,149,130,46,131,19,136,124,171
91,16,8,130,114,131,194,130,16,132,19,132,137,132,229,132,0,0,89,141,115,138,169,137,137,130,25,131,12,136,124,171
92,16,8,130,130,131,219,130,15,132,41,132,132,132,188,132,0,0,122,141,124,138,106,137,140,130,28,131,10,136,147,171
93,16,11,130,147,131,214,130,19,132,104,132,143,132,197,132,0,0,119,141,110,138,91,137,144,130,46,131,20,136,136,171
94,16,255,129,134,131,192,130,34,132,76,132,146,132,233,132,0,0,105,141,96,138,128,137,145,130,35,131,23,136,108,171
95,16,3,130,117,131,203,130,33,132,10,132,137,132,220,132,0,0,92,141,108,138,159,137,147,130,31,131,29,136,125,171
96,16,5,130,125,131,224,130,26,132,30,132,142,132,208,132,0,0,80,141,125,138,184,137,156,130,49,131,36,136,131,171
97,16,11,130,133,131,206,130,28,132,69,132,153,132,219,132,0,0,93,141,127,138,198,137,151,130,48,131,35,136,116,171
98,16,30,130,125,131,191,130,15,132,54,132,152,132,212,132,0,0,107,141,120,138,177,137,126,130,21,131,23,136,140,171
99,16,17,130,119,131,202,130,2,132,28,132,148,132,208,132,0,0,108,141,108,138,140,137,135,130,3,131,16,136,151,171
100,16,16,130,116,131,205,130,19,132,26,132,138,132,231,132,0,0,106,141,103,138,94,137,172,130,27,131,26,136,135,171
101,16,30,130,122,131,194,130,30,132,38,132,129,132,224,132,0,0,83,141,110,138,107,137,159,130,46,131,37,136,126,171
102,16,12,130,143,131,198,130,33,132,45,132,123,132,194,132,0,0,71,141,123,138,174,137,115,130,28,131,32,136,126,171
103,16,254,129,150,131,203,130,43,132,50,132,143,132,200,132,0,0,89,141,120,138,194,137,136,130,25,131,26,136,142,171
104,16,7,130,118,131,195,130,43,132,50,132,173,132,221,132,0,0,87,141,112,138,178,137,164,130,37,131,26,136,155,171
105,16,9,130,114,131,210,130,42,132,21,132,161,132,227,132,0,0,78,141,121,138,186,137,149,130,25,131,18,136,145,171
106,16,11,130,152,131,230,130,38,132,13,132,134,132,220,132,0,0,95,141,129,138,187,137,143,130,23,131,20,136,148,171
107,16,28,130,137,131,214,130,27,132,44,132,132,132,218,132,0,0,107,141,123,138,187,137,149,130,41,131,31,136,159,171
108,16,34,130,108,131,196,130,29,132,56,132,140,132,219,132,0,0,86,141,126,138,187,137,151,130,37,131,35,136,127,171
109,16,24,130,145,131,215,130,25,132,48,132,132,132,218,132,0,0,91,141,127,138,143,137,148,130,35,131,32,136,114,171
110,16,38,130,156,131,230,130,5,132,42,132,130,132,209,132,0,0,107,141,120,138,122,137,136,130,47,131,28,136,142,171
111,16,58,130,119,131,213,130,27,132,27,132,143,132,199,132,0,0,74,141,123,138,160,137,136,130,28,131,13,136,144,171
112,16,42,130,131,131,207,130,68,132,29,132,137,132,210,132,0,0,66,141,131,138,189,137,151,130,16,131,0,136,123,171
113,16,26,130,173,131,217,130,57,132,51,132,121,132,223,132,0,0,102,141,122,138,187,137,140,130,35,131,6,136,139,171
114,16,33,130,156,131,213,130,15,132,51,132,128,132,220,132,0,0,89,141,112,138,173,137,134,130,42,131,14,136,162,171
115,16,26,130,124,131,223,130,252,131,46,132,154,132,215,132,0,0,58,141,116,138,183,137,152,130,38,131,24,136,140,171
116,16,23,130,153,131,236,130,15,132,52,132,154,132,207,132,0,0,96,141,119,138,179,137,145,130,51,131,26,136,121,171
117,16,36,130,147,131,218,130,37,132,47,132,141,132,207,132,0,0,106,141,120,138,146,137,136,130,48,131,24,136,138,171
118,16,26,130,91,131,194,130,32,132,37,132,142,132,215,132,0,0,66,141,131,138,149,137,150,130,36,131,29,136,147,171
119,16,26,130,102,131,191,130,255,131,28,132,145,132,211,132,0,0,81,141,137,138,204,137,145,130,47,131,33,136,132,171
120,16,45,130,165,131,201,130,252,131,26,132,143,132,213,132,0,0,104,141,136,138,202,137,141,130,48,131,27,136,131,171
121,16,31,130,160,131,211,130,22,132,39,132,139,132,220,132,0,0,88,141,130,138,165,137,162,130,28,131,8,136,131,171
122,16,15,130,118,131,213,130,20,132,34,132,132,132,199,132,0,0,82,141,124,138,174,137,153,130,13,131,1,136,124,171
123,16,37,130,116,131,227,130,10,132,35,132,134,132,186,132,0,0,90,141,127,138,198,137,136,130,18,131,18,136,137,171
124,16,26,130,124,131,238,130,30,132,59,132,142,132,208,132,0,0,88,141,131,138,180,137,142,130,32,131,27,136,132,171
125,16,246,129,134,131,230,130,38,132,49,132,146,132,202,132,0,0,108,141,121,138,110,137,141,130,32,131,22,136,123,171
126,16,17,130,137,131,223,130,28,132,41,132,133,132,195,132,0,0,122,141,118,138,87,137,135,130,25,131,27,136,134,171
127,16,38,130,135,131,227,130,31,132,58,132,120,132,224,132,77,0,103,141,124,138,133,137,142,130,37,131,39,136,138,171
0,16,16,130,147,131,223,130,39,132,41,132,136,132,226,132,0,0,87,141,108,138,106,137,150,130,44,131,46,136,121,171
1,16,23,130,135,131,216,130,44,132,24,132,147,132,207,132,0,0,92,141,107,138,89,137,142,130,16,131,51,136,128,171
2,16,45,130,117,131,209,130,41,132,46,132,135,132,218,132,0,0,96,141,137,138,175,137,141,130,13,131,35,136,152,171
3,16,43,130,143,131,189,130,37,132,50,132,123,132,226,132,0,0,90,141,139,138,210,137,143,130,35,131,16,136,137,171
4,16,27,130,166,131,180,130,43,132,41,132,138,132,209,132,0,0,90,141,115,138,167,137,140,130,19,131,32,136,118,171
5,16,28,130,138,131,206,130,33,132,54,132,153,132,190,132,0,0,90,141,115,138,176,137,141,130,10,131,50,136,127,171
6,16,32,130,124,131,229,130,28,132,46,132,154,132,192,132,0,0,99,141,128,138,199,137,126,130,28,131,49,136,124,171
7,16,20,130,120,131,216,130,30,132,32,132,148,132,215,132,0,0,117,141,126,138,183,137,112,130,20,131,45,136,118,171
8,16,23,130,96,131,214,130,18,132,43,132,125,132,214,132,0,0,117,141,118,138,178,137,136,130,16,131,27,136,131,171
9,16,41,130,104,131,234,130,16,132,43,132,122,132,196,132,0,0,104,141,114,138,187,137,167,130,49,131,11,136,135,171
10,16,33,130,142,131,227,130,37,132,39,132,141,132,199,132,0,0,88,141,108,138,183,137,150,130,40,131,23,136,126,171
11,16,8,130,150,131,208,130,41,132,44,132,141,132,217,132,0,0,93,141,112,138,179,137,139,130,15,131,39,136,138,171
12,16,255,129,139,131,214,130,17,132,52,132,123,132,210,132,0,0,104,141,128,138,183,137,158,130,47,131,32,136,135,171
13,16,4,130,131,131,218,130,14,132,56,132,105,132,179,132,0,0,108,141,130,138,168,137,153,130,43,131,15,136,120,171
14,16,14,130,127,131,201,130,36,132,43,132,113,132,177,132,0,0,106,141,115,138,128,137,127,130,8,131,13,136,132,171
15,16,17,130,134,131,199,130,39,132,30,132,145,132,207,132,0,0,95,141,118,138,100,137,131,130,25,131,24,136,134,171
16,16,17,130,138,131,224,130,20,132,58,132,161,132,214,132,0,0,84,141,137,138,91,137,145,130,46,131,27,136,127,171
17,16,26,130,129,131,228,130,254,131,71,132,132,132,198,132,0,0,69,141,136,138,102,137,141,130,24,131,19,136,136,171
18,16,31,130,128,131,216,130,27,132,53,132,131,132,210,132,0,0,56,141,131,138,125,137,134,130,18,131,26,136,142,171
19,16,22,130,149,131,213,130,55,132,61,132,156,132,222,132,0,0,66,141,140,138,121,137,141,130,43,131,40,136,127,171
20,16,14,130,157,131,203,130,31,132,61,132,144,132,214,132,0,0,95,141,141,138,126,137,147,130,48,131,34,136,92,171
21,16,19,130,145,131,199,130,0,132,41,132,125,132,211,132,0,0,100,141,131,138,182,137,145,130,32,131,29,136,91,171
22,16,35,130,145,131,216,130,9,132,44,132,128,132,200,132,0,0,90,141,130,138,212,137,147,130,25,131,22,136,130,171
23,16,38,130,152,131,233,130,40,132,25,132,130,132,198,132,0,0,80,141,133,138,189,137,156,130,34,131,16,136,132,171
24,16,13,130,157,131,218,130,46,132,22,132,127,132,222,132,0,0,70,141,114,138,177,137,159,130,28,131,9,136,104,171
25,16,16,130,159,131,197,130,44,132,77,132,126,132,218,132,0,0,81,141,115,138,186,137,156,130,26,131,12,136,124,171
26,16,48,130,146,131,212,130,44,132,73,132,129,132,184,132,0,0,97,141,127,138,180,137,145,130,41,131,24,136,149,171
27,16,37,130,128,131,209,130,22,132,15,132,153,132,192,132,0,0,85,141,116,138,181,137,145,130,28,131,34,136,119,171
28,16,2,130,146,131,173,130,9,132,28,132,160,132,217,132,0,0,70,141,114,138,198,137,161,130,21,131,34,136,107,171
29,16,11,130,141,131,177,130,30,132,57,132,133,132,213,132,0,0,92,141,125,138,162,137,166,130,30,131,24,136,130,171
30,16,32,130,111,131,219,130,44,132,44,132,127,132,210,132,0,0,105,141,114,138,107,137,149,130,19,131,13,136,148,171
31,16,26,130,134,131,222,130,34,132,34,132,134,132,208,132,0,0,88,141,117,138,141,137,151,130,23,131,19,136,150,171
32,16,9,130,156,131,182,130,36,132,34,132,135,132,195,132,0,0,84,141,139,138,193,137,162,130,45,131,23,136,132,171
33,16,8,130,117,131,182,130,35,132,31,132,150,132,201,132,0,0,87,141,125,138,175,137,149,130,37,131,16,136,120,171
34,16,30,130,118,131,211,130,12,132,43,132,149,132,217,132,0,0,94,141,116,138,160,137,133,130,33,131,23,136,142,171
35,16,32,130,146,131,208,130,253,131,72,132,126,132,214,132,0,0,107,141,137,138,179,137,137,130,47,131,41,136,169,171
36,16,10,130,110,131,185,130,9,132,83,132,130,132,222,132,0,0,100,141,131,138,190,137,148,130,25,131,42,136,148,171
37,16,18,130,91,131,187,130,21,132,49,132,145,132,232,132,0,0,74,141,116,138,193,137,140,130,10,131,37,136,116,171
38,16,18,130,125,131,210,130,25,132,23,132,136,132,215,132,0,0,76,141,115,138,188,137,138,130,50,131,30,136,130,171
39,16,2,130,142,131,229,130,22,132,40,132,129,132,212,132,0,0,94,141,111,138,171,137,144,130,58,131,22,136,155,171
40,16,20,130,151,131,229,130,33,132,55,132,140,132,227,132,0,0,90,141,111,138,171,137,132,130,27,131,30,136,143,171
41,16,33,130,152,131,219,130,44,132,49,132,139,132,225,132,0,0,78,141,118,138,198,137,125,130,23,131,33,136,129,171
42,16,17,130,135,131,206,130,33,132,48,132,128,132,219,132,0,0,80,141,121,138,175,137,129,130,32,131,22,136,152,171
43,16,19,130,132,131,202,130,14,132,40,132,130,132,219,132,0,0,93,141,118,138,117,137,131,130,23,131,25,136,162,171
44,16,38,130,149,131,194,130,11,132,34,132,141,132,212,132,0,0,92,141,120,138,134,137,131,130,17,131,32,136,131,171
45,16,33,130,144,131,187,130,29,132,43,132,147,132,217,132,0,0,82,141,125,138,195,137,148,130,24,131,34,136,116,171
46,16,8,130,125,131,196,130,34,132,25,132,138,132,227,132,0,0,84,141,124,138,218,137,157,130,34,131,37,136,141,171
47,16,255,129,124,131,194,130,12,132,29,132,126,132,207,132,0,0,79,141,122,138,171,137,134,130,57,131,26,136,143,171
48,16,15,130,135,131,184,130,12,132,77,132,125,132,199,132,0,0,66,141,121,138,123,137,121,130,52,131,11,136,118,171
49,16,36,130,132,131,196,130,30,132,77,132,141,132,212,132,0,0,79,141,115,138,143,137,134,130,24,131,27,136,123,171
50,16,30,130,119,131,201,130,19,132,40,132,147,132,212,132,0,0,104,141,92,138,194,137,158,130,28,131,41,136,140,171
51,16,21,130,137,131,182,130,5,132,43,132,135,132,204,132,0,0,97,141,87,138,197,137,143,130,43,131,22,136,135,171
52,16,28,130,153,131,189,130,33,132,51,132,146,132,202,132,0,0,70,141,112,138,167,137,133,130,29,131,6,136,130,171
53,16,34,130,140,131,205,130,41,132,33,132,164,132,208,132,0,0,44,141,126,138,148,137,151,130,15,131,12,136,136,171
54,16,20,130,128,131,201,130,18,132,37,132,143,132,205,132,0,0,47,141,130,138,104,137,141,130,32,131,25,136,128,171
55,16,4,130,121,131,217,130,17,132,60,132,126,132,204,132,0,0,86,141,126,138,90,137,143,130,40,131,31,136,115,171
56,16,19,130,124,131,222,130,34,132,43,132,142,132,217,132,0,0,97,141,112,138,157,137,173,130,39,131,34,136,122,171
57,16,32,130,147,131,200,130,35,132,12,132,143,132,230,132,0,0,79,141,113,138,195,137,168,130,50,131,23,136,145,171
58,16,14,130,136,131,193,130,11,132,16,132,129,132,217,132,0,0,79,141,131,138,162,137,143,130,40,131,2,136,147,171
59,16,254,129,96,131,207,130,16,132,47,132,139,132,207,132,0,0,76,141,135,138,152,137,148,130,28,131,12,136,129,171
60,16,253,129,93,131,224,130,57,132,52,132,148,132,222,132,0,0,69,141,132,138,169,137,160,130,34,131,26,136,128,171
61,16,6,130,128,131,225,130,55,132,43,132,149,132,226,132,0,0,84,141,127,138,159,137,153,130,35,131,20,136,150,171
62,16,15,130,140,131,200,130,28,132,53,132,141,132,209,132,0,0,89,141,113,138,153,137,149,130,32,131,13,136,150,171
63,16,27,130,133,131,194,130,22,132,72,132,121,132,204,132,0,0,83,141,114,138,172,137,141,130,34,131,17,136,126,171
64,16,35,130,137,131,226,130,22,132,65,132,117,132,212,132,0,0,92,141,115,138,186,137,138,130,27,131,26,136,119,171
65,16,34,130,139,131,232,130,14,132,44,132,131,132,205,132,0,0,95,141,111,138,171,137,147,130,12,131,14,136,129,171
66,16,22,130,139,131,208,130,21,132,37,132,140,132,202,132,0,0,89,141,123,138,148,137,149,130,13,131,242,135,138,171
67,16,5,130,141,131,214,130,22,132,32,132,121,132,224,132,0,0,92,141,121,138,152,137,146,130,37,131,246,135,138,171
68,16,5,130,133,131,237,130,7,132,38,132,109,132,236,132,0,0,99,141,95,138,189,137,132,130,56,131,24,136,137,171
69,16,10,130,138,131,228,130,21,132,59,132,128,132,221,132,0,0,98,141,106,138,188,137,132,130,40,131,25,136,132,171
70,16,12,130,155,131,196,130,34,132,47,132,138,132,224,132,0,0,85,141,143,138,169,137,152,130,18,131,15,136,134,171
71,16,13,130,153,131,195,130,34,132,25,132,135,132,231,132,0,0,83,141,136,138,189,137,152,130,36,131,27,136,145,171
72,16,23,130,143,131,232,130,39,132,33,132,135,132,214,132,0,0,103,141,109,138,192,137,138,130,36,131,24,136,132,171
73,16,22,130,143,131,235,130,42,132,45,132,137,132,207,132,0,0,102,141,125,138,184,137,132,130,18,131,12,136,128,171
74,16,15,130,140,131,219,130,37,132,36,132,131,132,215,132,0,0,85,141,136,138,181,137,139,130,32,131,21,136,150,171
75,16,28,130,135,131,213,130,35,132,29,132,146,132,218,132,0,0,84,141,109,138,179,137,154,130,34,131,34,136,148,171
76,16,24,130,144,131,199,130,47,132,39,132,155,132,213,132,0,0,86,141,106,138,183,137,159,130,15,131,36,136,120,171
77,16,18,130,142,131,204,130,30,132,57,132,136,132,214,132,0,0,91,141,117,138,182,137,148,130,21,131,42,136,118,171
78,16,30,130,123,131,231,130,21,132,69,132,136,132,208,132,0,0,107,141,106,138,179,137,138,130,31,131,41,136,133,171
79,16,24,130,113,131,233,130,38,132,42,132,156,132,220,132,0,0,112,141,100,138,178,137,142,130,27,131,16,136,131,171
80,16,12,130,119,131,215,130,29,132,4,132,157,132,232,132,0,0,100,141,111,138,187,137,142,130,27,131,21,136,129,171
81,16,15,130,128,131,201,130,2,132,27,132,136,132,201,132,0,0,97,141,118,138,182,137,139,130,25,131,51,136,131,171
82,16,17,130,137,131,200,130,3,132,68,132,137,132,186,132,0,0,102,141,118,138,168,137,147,130,11,131,28,136,137,171
83,16,20,130,143,131,209,130,19,132,45,132,155,132,210,132,0,0,99,141,117,138,174,137,147,130,38,131,4,136,141,171
84,16,13,130,123,131,219,130,10,132,27,132,144,132,229,132,0,0,93,141,115,138,179,137,130,130,71,131,27,136,136,171
85,16,253,129,117,131,223,130,11,132,60,132,139,132,221,132,0,0,100,141,120,138,167,137,120,130,51,131,27,136,121,171
86,16,0,130,146,131,204,130,31,132,55,132,145,132,201,132,0,0,116,141,126,138,159,137,129,130,23,131,3,136,119,171
87,16,13,130,152,131,188,130,42,132,17,132,140,132,197,132,0,0,88,141,124,138,196,137,137,130,36,131,15,136,137,171
88,16,12,130,129,131,199,130,24,132,29,132,135,132,221,132,0,0,61,141,110,138,188,137,140,130,40,131,38,136,142,171
89,16,30,130,117,131,213,130,2,132,52,132,141,132,225,132,0,0,73,141,109,138,107,137,146,130,13,131,34,136,121,171
90,16,37,130,119,131,214,130,252,131,41,132,134,132,198,132,0,0,83,141,127,138,113,137,141,130,22,131,27,136,121,171
91,16,12,130,121,131,201,130,255,131,31,132,128,132,206,132,0,0,94,141,127,138,195,137,140,130,44,131,28,136,144,171
92,16,18,130,127,131,193,130,13,132,41,132,142,132,226,132,0,0,114,141,97,138,205,137,146,130,33,131,32,136,138,171
93,16,31,130,131,131,198,130,20,132,43,132,139,132,220,132,0,0,100,141,95,138,170,137,151,130,26,131,38,136,135,171
93,16,31,130,131,131,198,130,20,132,43,132,139,132,220,132,0,0,100,141,95,138,170,137,151,130,26,131,38,136,135,171
94,16,17,130,121,131,199,130,12,132,30,132,115,132,209,132,0,0,89,141,116,138,182,137,157,130,38,131,22,136,156,171
95,16,13,130,121,131,197,130,19,132,10,132,126,132,204,132,0,0,109,141,116,138,192,137,153,130,43,131,15,136,158,171
96,16,14,130,140,131,209,130,32,132,13,132,167,132,206,132,0,0,97,141,110,138,159,137,134,130,36,131,26,136,137,171
97,16,15,130,149,131,223,130,28,132,45,132,155,132,204,132,0,0,66,141,118,138,109,137,142,130,31,131,35,136,128,171
98,16,18,130,122,131,231,130,17,132,55,132,126,132,213,132,0,0,89,141,120,138,86,137,170,130,20,131,32,136,134,171
99,16,19,130,106,131,217,130,6,132,48,132,140,132,230,132,0,0,99,141,102,138,143,137,155,130,33,131,29,136,133,171
100,16,20,130,127,131,198,130,15,132,51,132,144,132,227,132,0,0,75,141,107,138,198,137,129,130,43,131,17,136,133,171
101,16,17,130,145,131,210,130,30,132,47,132,127,132,210,132,0,0,97,141,114,138,186,137,155,130,27,131,4,136,133,171
102,16,255,129,156,131,220,130,24,132,34,132,133,132,213,132,0,0,124,141,115,138,170,137,171,130,30,131,25,136,141,171
103,16,6,130,155,131,211,130,30,132,50,132,146,132,223,132,0,0,108,141,124,138,186,137,156,130,50,131,45,136,145,171
104,16,41,130,137,131,214,130,34,132,51,132,138,132,212,132,0,0,86,141,117,138,173,137,160,130,35,131,32,136,136,171
105,16,39,130,126,131,217,130,24,132,25,132,132,132,187,132,0,0,79,141,96,138,116,137,155,130,14,131,26,136,131,171
106,16,11,130,129,131,211,130,32,132,52,132,131,132,185,132,0,0,83,141,105,138,81,137,128,130,32,131,32,136,128,171
107,16,12,130,134,131,219,130,46,132,95,132,143,132,209,132,0,0,88,141,122,138,134,137,140,130,33,131,25,136,130,171
108,16,19,130,146,131,219,130,20,132,65,132,139,132,219,132,0,0,80,141,102,138,202,137,161,130,18,131,16,136,132,171
109,16,17,130,139,131,198,130,1,132,12,132,108,132,197,132,0,0,81,141,92,138,159,137,143,130,25,131,22,136,125,171
110,16,14,130,101,131,199,130,19,132,26,132,110,132,182,132,0,0,102,141,107,138,127,137,136,130,23,131,22,136,123,171
111,16,5,130,98,131,209,130,29,132,53,132,140,132,197,132,0,0,109,141,106,138,166,137,142,130,20,131,26,136,138,171
112,16,14,130,117,131,206,130,36,132,43,132,144,132,226,132,0,0,93,141,102,138,152,137,132,130,31,131,34,136,143,171
113,16,32,130,111,131,219,130,22,132,44,132,134,132,224,132,0,0,68,141,110,138,82,137,140,130,32,131,34,136,139,171
114,16,20,130,113,131,220,130,8,132,42,132,156,132,194,132,0,0,79,141,120,138,94,137,155,130,17,131,43,136,143,171
115,16,9,130,132,131,204,130,22,132,39,132,171,132,206,132,0,0,109,141,121,138,170,137,156,130,22,131,52,136,148,171
116,16,15,130,130,131,207,130,36,132,56,132,148,132,239,132,0,0,106,141,130,138,192,137,151,130,35,131,34,136,136,171
117,16,14,130,126,131,215,130,32,132,58,132,136,132,222,132,0,0,82,141,133,138,174,137,144,130,22,131,15,136,118,171
118,16,22,130,156,131,193,130,15,132,47,132,126,132,186,132,0,0,76,141,117,138,188,137,136,130,19,131,30,136,141,171
119,16,39,130,153,131,200,130,12,132,46,132,118,132,192,132,0,0,90,141,108,138,183,137,134,130,27,131,21,136,166,171
120,16,30,130,131,131,230,130,15,132,48,132,138,132,209,132,0,0,106,141,114,138,127,137,135,130,22,131,247,135,138,171
121,16,19,130,144,131,202,130,19,132,41,132,155,132,201,132,0,0,93,141,122,138,137,137,145,130,20,131,21,136,110,171
122,16,32,130,143,131,192,130,23,132,39,132,135,132,197,132,0,0,77,141,123,138,191,137,144,130,43,131,50,136,131,171
123,16,32,130,116,131,230,130,21,132,36,132,124,132,209,132,0,0,85,141,111,138,186,137,129,130,53,131,24,136,146,171
124,16,247,129,113,131,233,130,15,132,36,132,137,132,223,132,0,0,98,141,112,138,170,137,143,130,19,131,13,136,111,171
125,16,234,129,131,131,201,130,19,132,35,132,139,132,212,132,0,0,103,141,117,138,182,137,164,130,18,131,33,136,93,171
126,16,10,130,131,131,191,130,40,132,34,132,134,132,209,132,0,0,100,141,108,138,172,137,141,130,46,131,24,136,127,171
127,16,18,130,126,131,210,130,33,132,34,132,129,132,225,132,77,0,93,141,117,138,151,137,129,130,22,131,8,136,155,171
0,16,18,130,126,131,246,130,21,132,29,132,142,132,218,132,0,0,94,141,132,138,164,137,157,130,1,131,24,136,132,171
1,16,32,130,130,131,254,130,26,132,40,132,156,132,207,132,0,0,83,141,118,138,173,137,163,130,31,131,45,136,105,171
2,16,36,130,135,131,213,130,17,132,35,132,147,132,214,132,0,0,60,141,105,138,177,137,139,130,43,131,60,136,127,171
3,16,21,130,127,131,201,130,242,131,26,132,130,132,216,132,0,0,71,141,124,138,175,137,136,130,26,131,44,136,146,171
4,16,8,130,141,131,217,130,244,131,39,132,131,132,197,132,0,0,98,141,123,138,145,137,153,130,31,131,17,136,124,171
5,16,16,130,162,131,222,130,26,132,38,132,135,132,185,132,0,0,89,141,100,138,121,137,153,130,38,131,26,136,112,171
6,16,28,130,148,131,218,130,21,132,28,132,117,132,183,132,0,0,83,141,96,138,141,137,138,130,36,131,36,136,128,171
7,16,17,130,134,131,188,130,0,132,47,132,103,132,197,132,0,0,103,141,108,138,192,137,133,130,41,131,25,136,134,171
8,16,21,130,141,131,185,130,9,132,46,132,119,132,234,132,0,0,110,141,124,138,184,137,138,130,33,131,24,136,122,171
9,16,43,130,140,131,236,130,17,132,21,132,146,132,228,132,0,0,91,141,117,138,123,137,144,130,25,131,31,136,130,171
10,16,14,130,129,131,243,130,19,132,34,132,147,132,208,132,0,0,89,141,97,138,120,137,153,130,24,131,16,136,147,171
11,16,248,129,136,131,206,130,22,132,42,132,130,132,216,132,0,0,102,141,92,138,152,137,164,130,28,131,21,136,142,171
12,16,26,130,142,131,204,130,17,132,25,132,137,132,211,132,0,0,81,141,117,138,153,137,159,130,31,131,45,136,118,171
13,16,35,130,135,131,232,130,16,132,37,132,142,132,183,132,0,0,67,141,131,138,154,137,148,130,25,131,36,136,123,171
14,16,12,130,133,131,238,130,13,132,56,132,130,132,191,132,0,0,98,141,118,138,194,137,139,130,27,131,29,136,143,171
15,16,14,130,134,131,230,130,0,132,37,132,129,132,201,132,0,0,121,141,123,138,191,137,129,130,30,131,32,136,130,171
16,16,23,130,136,131,224,130,5,132,19,132,150,132,176,132,0,0,94,141,128,138,164,137,138,130,28,131,20,136,125,171
17,16,0,130,132,131,219,130,11,132,35,132,150,132,194,132,0,0,72,141,116,138,184,137,154,130,25,131,22,136,149,171
18,16,6,130,121,131,226,130,252,131,43,132,131,132,223,132,0,0,78,141,107,138,171,137,144,130,17,131,36,136,149,171
19,16,23,130,115,131,231,130,16,132,34,132,127,132,201,132,0,0,97,141,115,138,156,137,129,130,23,131,28,136,129,171
20,16,9,130,134,131,223,130,41,132,36,132,138,132,191,132,0,0,107,141,126,138,183,137,143,130,38,131,13,136,121,171
21,16,22,130,151,131,223,130,21,132,45,132,137,132,212,132,0,0,93,141,125,138,191,137,140,130,22,131,28,136,116,171
22,16,47,130,146,131,219,130,10,132,41,132,127,132,223,132,0,0,85,141,119,138,162,137,109,130,3,131,43,136,114,171
23,16,23,130,141,131,204,130,29,132,30,132,130,132,216,132,0,0,100,141,114,138,175,137,124,130,35,131,19,136,125,171
24,16,3,130,140,131,196,130,37,132,35,132,132,132,207,132,0,0,107,141,109,138,187,137,155,130,45,131,7,136,120,171
25,16,26,130,134,131,197,130,33,132,44,132,130,132,213,132,0,0,92,141,103,138,117,137,152,130,6,131,32,136,110,171
26,16,35,130,117,131,209,130,26,132,19,132,133,132,222,132,0,0,87,141,114,138,83,137,148,130,11,131,27,136,121,171
27,16,21,130,119,131,212,130,15,132,12,132,130,132,201,132,0,0,100,141,114,138,131,137,160,130,46,131,5,136,139,171
28,16,25,130,134,131,206,130,26,132,65,132,132,132,201,132,0,0,90,141,97,138,128,137,160,130,40,131,23,136,139,171
29,16,29,130,135,131,222,130,36,132,72,132,149,132,227,132,0,0,78,141,113,138,107,137,154,130,36,131,47,136,132,171
30,16,11,130,138,131,229,130,42,132,24,132,143,132,229,132,0,0,85,141,129,138,167,137,146,130,49,131,29,136,140,171
31,16,254,129,152,131,206,130,47,132,21,132,124,132,210,132,0,0,78,141,117,138,205,137,127,130,30,131,12,136,142,171
32,16,8,130,148,131,202,130,27,132,44,132,138,132,198,132,0,0,72,141,108,138,172,137,135,130,11,131,16,136,128,171
33,16,17,130,124,131,226,130,22,132,41,132,154,132,195,132,0,0,87,141,125,138,183,137,151,130,35,131,23,136,119,171
34,16,5,130,125,131,220,130,43,132,36,132,148,132,206,132,0,0,94,141,135,138,202,137,132,130,32,131,37,136,124,171
35,16,255,129,146,131,200,130,17,132,47,132,139,132,173,132,0,0,106,141,113,138,135,137,128,130,10,131,19,136,141,171
36,16,19,130,157,131,221,130,13,132,59,132,124,132,152,132,0,0,110,141,104,138,116,137,148,130,17,131,246,135,153,171
37,16,33,130,142,131,229,130,71,132,54,132,113,132,205,132,0,0,84,141,120,138,179,137,142,130,18,131,255,135,136,171
38,16,23,130,126,131,215,130,57,132,45,132,121,132,207,132,0,0,79,141,128,138,206,137,135,130,24,131,34,136,119,171
39,16,3,130,131,131,217,130,253,131,48,132,136,132,173,132,0,0,107,141,115,138,179,137,158,130,37,131,32,136,135,171
40,16,14,130,133,131,225,130,252,131,44,132,156,132,207,132,0,0,105,141,105,138,135,137,155,130,36,131,1,136,137,171
41,16,28,130,143,131,225,130,34,132,42,132,152,132,231,132,0,0,88,141,106,138,129,137,138,130,42,131,25,136,113,171
42,16,8,130,140,131,209,130,38,132,47,132,118,132,187,132,0,0,85,141,118,138,153,137,148,130,42,131,54,136,115,171
43,16,253,129,122,131,193,130,22,132,42,132,111,132,178,132,0,0,77,141,118,138,189,137,150,130,22,131,20,136,137,171
44,16,21,130,131,131,201,130,30,132,27,132,132,132,216,132,0,0,74,141,96,138,174,137,138,130,18,131,253,135,142,171
45,16,36,130,142,131,217,130,28,132,28,132,144,132,193,132,0,0,91,141,100,138,126,137,144,130,37,131,35,136,124,171
46,16,30,130,125,131,222,130,13,132,50,132,139,132,139,132,0,0,106,141,121,138,125,137,166,130,38,131,45,136,119,171
47,16,22,130,109,131,213,130,16,132,66,132,138,132,157,132,0,0,98,141,113,138,179,137,154,130,17,131,23,136,134,171
48,16,10,130,122,131,200,130,30,132,58,132,140,132,221,132,0,0,88,141,102,138,212,137,133,130,9,131,33,136,141,171
49,16,13,130,136,131,199,130,21,132,53,132,132,132,213,132,0,0,93,141,113,138,187,137,141,130,21,131,32,136,133,171
50,16,18,130,139,131,213,130,18,132,57,132,117,132,180,132,0,0,95,141,119,138,173,137,147,130,30,131,10,136,119,171
51,16,16,130,133,131,229,130,33,132,54,132,114,132,192,132,0,0,92,141,109,138,181,137,137,130,24,131,20,136,115,171
52,16,5,130,129,131,212,130,35,132,48,132,138,132,198,132,0,0,94,141,108,138,192,137,136,130,28,131,36,136,136,171
53,16,1,130,146,131,208,130,27,132,41,132,150,132,203,132,0,0,101,141,107,138,194,137,142,130,29,131,22,136,146,171
54,16,34,130,147,131,234,130,13,132,39,132,136,132,211,132,0,0,101,141,100,138,171,137,148,130,6,131,23,136,133,171
55,16,52,130,124,131,232,130,21,132,48,132,135,132,198,132,0,0,100,141,117,138,180,137,154,130,9,131,40,136,133,171
56,16,15,130,120,131,206,130,24,132,49,132,136,132,204,132,0,0,98,141,133,138,187,137,154,130,41,131,30,136,142,171
57,16,247,129,137,131,202,130,6,132,30,132,134,132,217,132,0,0,91,141,119,138,166,137,144,130,48,131,10,136,134,171
58,16,17,130,133,131,212,130,11,132,29,132,149,132,197,132,0,0,86,141,121,138,172,137,132,130,26,131,23,136,137,171
59,16,33,130,118,131,199,130,32,132,51,132,152,132,183,132,0,0,85,141,117,138,179,137,135,130,15,131,30,136,145,171
60,16,15,130,126,131,192,130,36,132,70,132,131,132,196,132,0,0,90,141,100,138,124,137,137,130,17,131,248,135,141,171
61,16,9,130,126,131,196,130,27,132,64,132,130,132,198,132,0,0,95,141,120,138,100,137,141,130,26,131,240,135,137,171
62,16,19,130,126,131,203,130,25,132,35,132,131,132,199,132,0,0,98,141,128,138,152,137,152,130,39,131,15,136,126,171
63,16,23,130,146,131,219,130,19,132,39,132,115,132,209,132,0,0,96,141,102,138,185,137,152,130,35,131,27,136,115,171
64,16,30,130,137,131,227,130,12,132,56,132,126,132,200,132,0,0,87,141,106,138,190,137,150,130,31,131,12,136,129,171
65,16,38,130,132,131,231,130,12,132,33,132,149,132,195,132,0,0,86,141,116,138,156,137,146,130,30,131,254,135,143,171
66,16,21,130,151,131,228,130,24,132,28,132,133,132,205,132,0,0,83,141,101,138,112,137,145,130,30,131,1,136,137,171
67,16,21,130,133,131,219,130,25,132,67,132,118,132,202,132,0,0,89,141,107,138,155,137,141,130,24,131,23,136,140,171
68,16,36,130,111,131,206,130,13,132,68,132,127,132,205,132,0,0,114,141,117,138,170,137,140,130,18,131,34,136,148,171
69,16,19,130,135,131,209,130,20,132,35,132,131,132,220,132,0,0,113,141,116,138,115,137,150,130,26,131,15,136,136,171
70,16,6,130,144,131,221,130,17,132,34,132,128,132,211,132,0,0,77,141,125,138,132,137,154,130,31,131,11,136,135,171
71,16,19,130,134,131,227,130,4,132,36,132,128,132,206,132,0,0,74,141,125,138,206,137,127,130,23,131,28,136,143,171
72,16,12,130,146,131,226,130,26,132,29,132,137,132,229,132,0,0,105,141,116,138,194,137,109,130,20,131,37,136,135,171
73,16,15,130,139,131,217,130,45,132,46,132,146,132,221,132,0,0,117,141,128,138,144,137,143,130,40,131,43,136,126,171
74,16,26,130,111,131,209,130,22,132,46,132,143,132,202,132,0,0,108,141,138,138,112,137,152,130,41,131,33,136,137,171
75,16,10,130,130,131,195,130,5,132,31,132,138,132,209,132,0,0,101,141,122,138,78,137,134,130,25,131,23,136,146,171
76,16,17,130,161,131,189,130,11,132,29,132,140,132,207,132,0,0,105,141,111,138,121,137,153,130,27,131,26,136,133,171
77,16,38,130,147,131,205,130,2,132,37,132,134,132,201,132,0,0,97,141,128,138,181,137,159,130,50,131,32,136,132,171
78,16,22,130,121,131,210,130,253,131,39,132,131,132,221,132,0,0,81,141,139,138,177,137,131,130,61,131,31,136,137,171
79,16,12,130,126,131,196,130,24,132,41,132,141,132,226,132,0,0,86,141,126,138,172,137,140,130,31,131,23,136,121,171
80,16,25,130,146,131,216,130,51,132,43,132,137,132,200,132,0,0,94,141,115,138,189,137,162,130,10,131,35,136,106,171
81,16,19,130,133,131,217,130,41,132,44,132,127,132,198,132,0,0,90,141,121,138,157,137,139,130,28,131,49,136,115,171
82,16,12,130,112,131,191,130,14,132,44,132,133,132,216,132,0,0,102,141,123,138,96,137,123,130,39,131,32,136,127,171
83,16,20,130,136,131,199,130,254,131,49,132,149,132,226,132,0,0,118,141,117,138,92,137,146,130,24,131,21,136,129,171
84,16,17,130,163,131,208,130,2,132,60,132,145,132,225,132,0,0,91,141,124,138,117,137,159,130,24,131,41,136,135,171
85,16,25,130,160,131,213,130,20,132,44,132,131,132,213,132,0,0,74,141,136,138,151,137,162,130,29,131,37,136,128,171
86,16,26,130,140,131,228,130,25,132,31,132,130,132,196,132,0,0,86,141,131,138,191,137,158,130,17,131,254,135,123,171
87,16,16,130,130,131,238,130,26,132,30,132,133,132,190,132,0,0,69,141,115,138,203,137,139,130,27,131,10,136,128,171
88,16,24,130,135,131,221,130,25,132,21,132,136,132,220,132,0,0,62,141,112,138,170,137,132,130,43,131,45,136,117,171
89,16,33,130,124,131,197,130,20,132,34,132,139,132,234,132,0,0,84,141,127,138,152,137,150,130,48,131,27,136,127,171
90,16,29,130,108,131,191,130,26,132,41,132,141,132,206,132,0,0,90,141,130,138,166,137,149,130,42,131,12,136,160,171
91,16,17,130,110,131,211,130,34,132,36,132,134,132,193,132,0,0,79,141,122,138,183,137,125,130,16,131,34,136,159,171
92,16,18,130,126,131,227,130,19,132,61,132,131,132,206,132,0,0,83,141,125,138,185,137,137,130,255,130,49,136,128,171
93,16,39,130,139,131,209,130,255,131,86,132,132,132,207,132,0,0,90,141,125,138,139,137,167,130,35,131,42,136,139,171
94,16,39,130,139,131,203,130,20,132,44,132,131,132,207,132,0,0,88,141,120,138,113,137,148,130,52,131,38,136,171,171
95,16,13,130,129,131,221,130,43,132,21,132,139,132,210,132,0,0,83,141,121,138,148,137,120,130,29,131,40,136,155,171
96,16,15,130,134,131,225,130,30,132,57,132,152,132,201,132,0,0,86,141,110,138,166,137,142,130,26,131,31,136,124,171
97,16,35,130,149,131,210,130,5,132,40,132,162,132,188,132,0,0,93,141,106,138,119,137,166,130,37,131,14,136,132,171
98,16,26,130,131,131,213,130,4,132,19,132,148,132,193,132,0,0,98,141,128,138,85,137,149,130,26,131,3,136,160,171
99,16,13,130,121,131,226,130,14,132,75,132,128,132,213,132,0,0,102,141,125,138,127,137,137,130,15,131,28,136,155,171
100,16,14,130,143,131,208,130,7,132,95,132,122,132,216,132,0,0,97,141,111,138,187,137,149,130,31,131,32,136,127,171
101,16,12,130,129,131,190,130,12,132,45,132,131,132,210,132,0,0,88,141,132,138,193,137,148,130,35,131,255,135,117,171
102,16,15,130,104,131,204,130,18,132,14,132,142,132,214,132,0,0,103,141,135,138,171,137,134,130,28,131,10,136,121,171
103,16,28,130,128,131,224,130,23,132,33,132,132,132,220,132,0,0,99,141,108,138,173,137,142,130,35,131,36,136,131,171
104,16,25,130,161,131,222,130,44,132,75,132,134,132,209,132,0,0,67,141,117,138,161,137,154,130,38,131,37,136,137,171
105,16,23,130,158,131,211,130,37,132,89,132,144,132,205,132,0,0,60,141,120,138,142,137,143,130,24,131,48,136,138,171
106,16,35,130,140,131,193,130,0,132,45,132,130,132,214,132,0,0,89,141,104,138,168,137,128,130,19,131,51,136,135,171
107,16,32,130,138,131,194,130,16,132,27,132,119,132,206,132,0,0,88,141,110,138,183,137,118,130,29,131,24,136,133,171
108,16,24,130,147,131,217,130,47,132,54,132,128,132,201,132,0,0,58,141,111,138,174,137,104,130,40,131,31,136,141,171
109,16,39,130,145,131,213,130,8,132,46,132,136,132,214,132,0,0,65,141,107,138,184,137,108,130,40,131,49,136,144,171
110,16,39,130,132,131,202,130,243,131,36,132,141,132,219,132,0,0,96,141,121,138,184,137,148,130,31,131,28,136,142,171
111,16,6,130,129,131,213,130,27,132,55,132,148,132,206,132,0,0,83,141,124,138,167,137,165,130,32,131,17,136,134,171
112,16,3,130,148,131,209,130,38,132,60,132,144,132,193,132,0,0,56,141,103,138,178,137,145,130,35,131,18,136,132,171
113,16,24,130,142,131,201,130,16,132,49,132,145,132,200,132,0,0,74,141,121,138,182,137,140,130,31,131,22,136,136,171
114,16,18,130,116,131,204,130,9,132,39,132,135,132,210,132,0,0,90,141,149,138,170,137,147,130,30,131,33,136,124,171
115,16,17,130,136,131,220,130,26,132,53,132,122,132,203,132,0,0,86,141,138,138,183,137,143,130,25,131,28,136,119,171
116,16,25,130,158,131,233,130,39,132,59,132,144,132,193,132,0,0,95,141,130,138,190,137,141,130,30,131,16,136,133,171
117,16,24,130,134,131,224,130,41,132,27,132,143,132,200,132,0,0,101,141,136,138,144,137,144,130,29,131,23,136,131,171
118,16,25,130,122,131,226,130,35,132,37,132,118,132,208,132,0,0,96,141,118,138,102,137,139,130,21,131,34,136,114,171
119,16,17,130,145,131,231,130,20,132,82,132,139,132,190,132,0,0,100,141,104,138,110,137,149,130,23,131,32,136,120,171
120,16,8,130,158,131,213,130,8,132,61,132,158,132,183,132,0,0,104,141,123,138,126,137,162,130,50,131,27,136,130,171
121,16,17,130,147,131,182,130,22,132,17,132,130,132,211,132,0,0,91,141,127,138,162,137,145,130,66,131,23,136,127,171
122,16,17,130,125,131,199,130,49,132,40,132,128,132,222,132,0,0,85,141,110,138,198,137,136,130,43,131,35,136,132,171
123,16,11,130,130,131,227,130,53,132,66,132,146,132,211,132,0,0,95,141,119,138,176,137,138,130,26,131,33,136,141,171
124,16,20,130,157,131,213,130,16,132,52,132,139,132,214,132,0,0,98,141,129,138,161,137,122,130,36,131,21,136,147,171
125,16,32,130,153,131,205,130,252,131,37,132,134,132,218,132,0,0,90,141,120,138,203,137,120,130,46,131,25,136,132,171
126,16,37,130,121,131,209,130,16,132,28,132,142,132,208,132,0,0,88,141,116,138,189,137,134,130,30,131,34,136,112,171
127,16,30,130,112,131,205,130,24,132,29,132,146,132,201,132,77,0,93,141,115,138,140,137,129,130,16,131,46,136,113,171
0,16,11,130,128,131,190,130,7,132,48,132,145,132,214,132,0,0,92,141,118,138,163,137,124,130,25,131,51,136,117,171
1,16,0,130,134,131,180,130,11,132,54,132,148,132,211,132,0,0,98,141,122,138,183,137,141,130,17,131,24,136,125,171
2,16,3,130,118,131,205,130,44,132,40,132,143,132,178,132,0,0,83,141,115,138,175,137,129,130,4,131,251,135,133,171
3,16,13,130,122,131,236,130,46,132,34,132,140,132,167,132,0,0,68,141,113,138,181,137,121,130,17,131,10,136,125,171
4,16,10,130,133,131,222,130,6,132,37,132,142,132,204,132,0,0,78,141,125,138,164,137,137,130,35,131,35,136,123,171
5,16,4,130,108,131,208,130,14,132,37,132,135,132,228,132,0,0,80,141,124,138,146,137,120,130,26,131,25,136,147,171
6,16,9,130,94,131,230,130,52,132,42,132,141,132,204,132,0,0,64,141,109,138,168,137,103,130,23,131,10,136,154,171
7,16,15,130,131,131,218,130,22,132,41,132,152,132,203,132,0,0,73,141,116,138,201,137,134,130,42,131,12,136,128,171
8,16,5,130,154,131,199,130,20,132,39,132,157,132,214,132,0,0,87,141,116,138,186,137,141,130,44,131,29,136,120,171
9,16,4,130,157,131,226,130,75,132,44,132,167,132,195,132,0,0,84,141,109,138,136,137,107,130,22,131,38,136,137,171
10,16,16,130,150,131,232,130,49,132,43,132,164,132,183,132,0,0,102,141,133,138,134,137,119,130,7,131,31,136,148,171
11,16,22,130,112,131,212,130,4,132,39,132,151,132,196,132,0,0,122,141,140,138,177,137,148,130,31,131,21,136,130,171
12,16,19,130,95,131,195,130,34,132,48,132,160,132,208,132,0,0,104,141,111,138,152,137,136,130,53,131,35,136,113,171
13,16,22,130,118,131,189,130,41,132,48,132,161,132,205,132,0,0,79,141,111,138,87,137,141,130,35,131,41,136,131,171
14,16,26,130,123,131,211,130,255,131,60,132,130,132,195,132,0,0,95,141,123,138,101,137,167,130,21,131,16,136,133,171
15,16,18,130,122,131,229,130,245,131,75,132,136,132,199,132,0,0,105,141,120,138,137,137,154,130,31,131,17,136,111,171
16,16,14,130,131,131,213,130,19,132,50,132,150,132,225,132,0,0,92,141,120,138,152,137,115,130,35,131,40,136,120,171
17,16,17,130,139,131,190,130,44,132,29,132,127,132,212,132,0,0,99,141,116,138,182,137,122,130,29,131,17,136,143,171
18,16,11,130,148,131,202,130,38,132,37,132,125,132,167,132,0,0,89,141,101,138,194,137,147,130,21,131,250,135,133,171
19,16,0,130,149,131,219,130,19,132,37,132,143,132,179,132,0,0,66,141,112,138,156,137,138,130,24,131,14,136,108,171
20,16,255,129,129,131,213,130,17,132,36,132,142,132,215,132,0,0,79,141,123,138,151,137,126,130,27,131,32,136,107,171
21,16,9,130,134,131,211,130,1,132,49,132,137,132,203,132,0,0,108,141,112,138,176,137,146,130,21,131,37,136,123,171
22,16,20,130,140,131,229,130,2,132,45,132,146,132,193,132,0,0,112,141,110,138,138,137,158,130,28,131,39,136,138,171
23,16,40,130,117,131,246,130,40,132,31,132,152,132,220,132,0,0,97,141,115,138,87,137,136,130,34,131,42,136,143,171
24,16,38,130,128,131,222,130,35,132,31,132,143,132,221,132,0,0,96,141,124,138,102,137,124,130,23,131,48,136,123,171
25,16,20,130,144,131,189,130,3,132,31,132,132,132,188,132,0,0,113,141,134,138,112,137,139,130,15,131,42,136,105,171
26,16,23,130,114,131,200,130,16,132,50,132,143,132,187,132,0,0,109,141,133,138,126,137,156,130,23,131,20,136,123,171
27,16,24,130,103,131,204,130,28,132,62,132,151,132,216,132,0,0,87,141,123,138,188,137,145,130,32,131,18,136,143,171
28,16,3,130,142,131,197,130,21,132,56,132,135,132,221,132,0,0,94,141,108,138,198,137,128,130,31,131,37,136,119,171
29,16,251,129,150,131,212,130,22,132,52,132,139,132,203,132,0,0,91,141,108,138,162,137,141,130,22,131,18,136,99,171
30,16,14,130,127,131,218,130,9,132,50,132,160,132,190,132,0,0,70,141,114,138,175,137,148,130,21,131,237,135,115,171
31,16,18,130,130,131,211,130,10,132,48,132,142,132,211,132,0,0,71,141,118,138,187,137,136,130,30,131,3,136,130,171
32,16,7,130,135,131,208,130,53,132,43,132,128,132,246,132,0,0,88,141,132,138,184,137,140,130,31,131,30,136,134,171
33,16,10,130,131,131,196,130,58,132,36,132,155,132,231,132,0,0,90,141,125,138,186,137,154,130,33,131,9,136,136,171
34,16,14,130,140,131,178,130,7,132,44,132,159,132,194,132,0,0,90,141,94,138,140,137,153,130,44,131,16,136,132,171
35,16,18,130,137,131,191,130,249,131,49,132,128,132,198,132,0,0,95,141,96,138,105,137,155,130,40,131,47,136,129,171
36,16,22,130,115,131,208,130,13,132,25,132,121,132,210,132,0,0,80,141,112,138,173,137,154,130,23,131,35,136,141,171
37,16,19,130,114,131,200,130,12,132,21,132,146,132,197,132,0,0,65,141,113,138,222,137,145,130,19,131,16,136,154,171
38,16,5,130,140,131,198,130,2,132,58,132,156,132,208,132,0,0,79,141,123,138,141,137,148,130,26,131,36,136,147,171
39,16,17,130,138,131,200,130,19,132,64,132,150,132,223,132,0,0,104,141,131,138,70,137,147,130,19,131,26,136,123,171
40,16,31,130,133,131,202,130,42,132,39,132,147,132,208,132,0,0,101,141,122,138,123,137,137,130,12,131,247,135,119,171
41,16,36,130,151,131,203,130,48,132,33,132,127,132,206,132,0,0,95,141,110,138,183,137,137,130,32,131,3,136,148,171
42,16,30,130,146,131,207,130,39,132,62,132,127,132,215,132,0,0,108,141,105,138,181,137,149,130,43,131,42,136,153,171
43,16,7,130,136,131,215,130,34,132,59,132,156,132,204,132,0,0,90,141,101,138,174,137,153,130,30,131,41,136,120,171
44,16,7,130,139,131,214,130,51,132,10,132,163,132,208,132,0,0,65,141,114,138,188,137,142,130,32,131,19,136,102,171
45,16,23,130,137,131,200,130,36,132,5,132,140,132,232,132,0,0,73,141,124,138,180,137,139,130,28,131,24,136,127,171
46,16,20,130,129,131,197,130,14,132,64,132,128,132,217,132,0,0,83,141,111,138,121,137,164,130,20,131,26,136,150,171
47,16,15,130,113,131,203,130,29,132,86,132,136,132,213,132,0,0,81,141,116,138,76,137,174,130,32,131,15,136,133,171
48,16,19,130,101,131,208,130,30,132,45,132,149,132,234,132,0,0,96,141,147,138,149,137,145,130,27,131,17,136,115,171
49,16,13,130,115,131,220,130,16,132,30,132,142,132,221,132,0,0,106,141,160,138,191,137,137,130,14,131,32,136,140,171
50,16,2,130,132,131,231,130,30,132,56,132,131,132,203,132,0,0,94,141,130,138,122,137,150,130,43,131,31,136,155,171
51,16,25,130,129,131,217,130,41,132,72,132,139,132,197,132,0,0,95,141,112,138,139,137,141,130,55,131,10,136,130,171
52,16,45,130,127,131,201,130,5,132,62,132,146,132,198,132,0,0,98,141,132,138,215,137,133,130,18,131,23,136,122,171
53,16,23,130,128,131,200,130,254,131,44,132,142,132,219,132,0,0,82,141,145,138,172,137,148,130,16,131,46,136,141,171
54,16,255,129,146,131,201,130,6,132,55,132,147,132,228,132,0,0,87,141,121,138,135,137,151,130,31,131,35,136,142,171
55,16,13,130,142,131,190,130,255,131,86,132,149,132,207,132,0,0,104,141,106,138,189,137,136,130,21,131,18,136,123,171
56,16,26,130,98,131,198,130,21,132,59,132,151,132,199,132,0,0,91,141,118,138,204,137,138,130,37,131,24,136,121,171
57,16,13,130,104,131,231,130,24,132,5,132,145,132,199,132,0,0,80,141,127,138,174,137,150,130,51,131,28,136,133,171
58,16,16,130,142,131,237,130,3,132,16,132,126,132,192,132,0,0,91,141,115,138,156,137,147,130,21,131,17,136,123,171
59,16,25,130,131,131,229,130,20,132,49,132,131,132,216,132,0,0,72,141,108,138,156,137,144,130,16,131,15,136,124,171
60,16,9,130,124,131,230,130,33,132,39,132,154,132,231,132,0,0,57,141,133,138,184,137,156,130,32,131,23,136,137,171
61,16,0,130,141,131,210,130,253,131,30,132,130,132,220,132,0,0,75,141,147,138,205,137,155,130,35,131,25,136,129,171
62,16,14,130,135,131,183,130,6,132,39,132,101,132,211,132,0,0,81,141,119,138,174,137,135,130,29,131,17,136,125,171
63,16,13,130,110,131,170,130,48,132,38,132,135,132,216,132,0,0,74,141,116,138,149,137,148,130,29,131,22,136,119,171
64,16,6,130,95,131,181,130,28,132,44,132,148,132,211,132,0,0,90,141,138,138,174,137,169,130,48,131,33,136,101,171
65,16,14,130,105,131,196,130,249,131,46,132,126,132,194,132,0,0,106,141,124,138,200,137,152,130,38,131,23,136,110,171
66,16,20,130,138,131,212,130,14,132,27,132,154,132,189,132,0,0,91,141,105,138,183,137,145,130,13,131,24,136,132,171
67,16,36,130,149,131,225,130,60,132,21,132,167,132,208,132,0,0,86,141,115,138,168,137,169,130,33,131,39,136,130,171
68,16,41,130,124,131,216,130,63,132,53,132,129,132,224,132,0,0,92,141,108,138,189,137,165,130,54,131,31,136,139,171
69,16,26,130,122,131,206,130,31,132,81,132,138,132,214,132,0,0,86,141,108,138,179,137,138,130,28,131,11,136,154,171
70,16,22,130,141,131,221,130,5,132,47,132,171,132,208,132,0,0,87,141,121,138,147,137,145,130,11,131,8,136,132,171
71,16,27,130,142,131,228,130,9,132,24,132,155,132,215,132,0,0,104,141,120,138,181,137,148,130,28,131,11,136,125,171
72,16,27,130,136,131,222,130,28,132,42,132,147,132,217,132,0,0,96,141,126,138,200,137,129,130,39,131,11,136,137,171
73,16,15,130,133,131,226,130,22,132,44,132,148,132,219,132,0,0,64,141,123,138,130,137,131,130,54,131,24,136,138,171
74,16,12,130,136,131,233,130,15,132,39,132,132,132,210,132,0,0,71,141,120,138,121,137,150,130,57,131,29,136,136,171
75,16,33,130,141,131,218,130,41,132,54,132,134,132,193,132,0,0,90,141,121,138,199,137,160,130,48,131,28,136,123,171
76,16,36,130,131,131,208,130,53,132,52,132,142,132,188,132,0,0,85,141,112,138,179,137,149,130,61,131,26,136,118,171
77,16,3,130,114,131,217,130,28,132,31,132,133,132,205,132,0,0,89,141,106,138,88,137,136,130,61,131,20,136,131,171
78,16,1,130,127,131,222,130,15,132,35,132,133,132,206,132,0,0,104,141,120,138,84,137,139,130,25,131,19,136,141,171
79,16,38,130,139,131,212,130,7,132,45,132,137,132,192,132,0,0,97,141,122,138,145,137,153,130,6,131,26,136,133,171
80,16,40,130,121,131,206,130,15,132,31,132,132,132,195,132,0,0,82,141,107,138,181,137,152,130,39,131,20,136,131,171
81,16,22,130,104,131,211,130,53,132,33,132,144,132,206,132,0,0,89,141,118,138,188,137,142,130,53,131,3,136,132,171
82,16,40,130,100,131,218,130,35,132,59,132,144,132,211,132,0,0,93,141,120,138,176,137,149,130,32,131,11,136,125,171
83,16,48,130,109,131,216,130,238,131,61,132,135,132,202,132,0,0,83,141,114,138,180,137,157,130,38,131,20,136,129,171
84,16,34,130,124,131,220,130,9,132,33,132,149,132,194,132,0,0,70,141,121,138,189,137,160,130,45,131,18,136,136,171
85,16,32,130,130,131,227,130,50,132,33,132,139,132,218,132,0,0,92,141,110,138,176,137,155,130,33,131,19,136,130,171
86,16,23,130,127,131,213,130,14,132,64,132,105,132,218,132,0,0,124,141,102,138,183,137,148,130,38,131,19,136,123,171
87,16,13,130,138,131,231,130,253,131,70,132,116,132,174,132,0,0,86,141,117,138,201,137,146,130,40,131,27,136,120,171
88,16,17,130,134,131,252,130,45,132,49,132,144,132,167,132,0,0,57,141,126,138,154,137,141,130,17,131,36,136,121,171
89,16,17,130,112,131,206,130,48,132,28,132,116,132,211,132,0,0,101,141,115,138,120,137,133,130,16,131,17,136,134,171
90,16,22,130,119,131,179,130,3,132,23,132,113,132,222,132,0,0,110,141,114,138,177,137,135,130,37,131,6,136,141,171
91,16,30,130,137,131,195,130,7,132,33,132,150,132,208,132,0,0,63,141,114,138,209,137,135,130,45,131,31,136,131,171
92,16,28,130,135,131,204,130,36,132,44,132,149,132,208,132,0,0,66,141,115,138,180,137,130,130,47,131,33,136,121,171
93,16,26,130,127,131,213,130,22,132,53,132,135,132,226,132,0,0,96,141,120,138,182,137,148,130,32,131,16,136,119,171
94,16,25,130,146,131,209,130,250,131,48,132,143,132,245,132,0,0,92,141,124,138,194,137,170,130,12,131,20,136,120,171
95,16,30,130,149,131,195,130,4,132,32,132,149,132,222,132,0,0,85,141,137,138,176,137,163,130,7,131,21,136,116,171
96,16,30,130,120,131,198,130,41,132,30,132,136,132,181,132,0,0,96,141,142,138,181,137,153,130,23,131,5,136,124,171
97,16,8,130,124,131,197,130,52,132,33,132,132,132,196,132,0,0,103,141,123,138,191,137,157,130,43,131,10,136,142,171
98,16,255,129,154,131,183,130,24,132,42,132,134,132,231,132,0,0,86,141,111,138,182,137,150,130,28,131,19,136,137,171
99,16,20,130,143,131,193,130,4,132,38,132,136,132,229,132,0,0,75,141,115,138,180,137,140,130,13,131,14,136,107,171
100,16,23,130,119,131,203,130,14,132,12,132,143,132,208,132,0,0,88,141,116,138,189,137,157,130,35,131,11,136,115,171
101,16,8,130,130,131,209,130,4,132,20,132,140,132,202,132,0,0,91,141,126,138,199,137,162,130,36,131,8,136,147,171
102,16,1,130,124,131,218,130,249,131,35,132,136,132,209,132,0,0,94,141,136,138,198,137,144,130,14,131,16,136,136,171
103,16,5,130,121,131,206,130,30,132,28,132,123,132,223,132,0,0,110,141,120,138,156,137,151,130,26,131,26,136,117,171
104,16,20,130,149,131,193,130,43,132,55,132,120,132,223,132,0,0,103,141,110,138,104,137,163,130,43,131,16,136,131,171
105,16,29,130,146,131,200,130,14,132,80,132,128,132,198,132,0,0,94,141,135,138,139,137,134,130,30,131,18,136,150,171
106,16,23,130,122,131,198,130,5,132,41,132,135,132,182,132,0,0,100,141,138,138,198,137,121,130,21,131,41,136,128,171
107,16,19,130,123,131,185,130,24,132,19,132,141,132,198,132,0,0,82,141,112,138,183,137,149,130,25,131,15,136,102,171
108,16,9,130,137,131,198,130,20,132,53,132,132,132,216,132,0,0,70,141,121,138,159,137,139,130,39,131,237,135,119,171
109,16,5,130,139,131,211,130,0,132,48,132,120,132,216,132,0,0,100,141,139,138,160,137,106,130,53,131,16,136,152,171
110,16,28,130,130,131,207,130,0,132,28,132,122,132,218,132,0,0,105,141,127,138,126,137,123,130,39,131,46,136,155,171
111,16,27,130,118,131,201,130,15,132,47,132,132,132,216,132,0,0,81,141,115,138,81,137,152,130,23,131,33,136,136,171
112,16,4,130,119,131,205,130,18,132,55,132,130,132,182,132,0,0,80,141,114,138,123,137,144,130,26,131,20,136,126,171
113,16,23,130,128,131,205,130,17,132,45,132,126,132,156,132,0,0,94,141,97,138,193,137,147,130,36,131,12,136,129,171
114,16,32,130,124,131,191,130,25,132,41,132,136,132,178,132,0,0,99,141,107,138,164,137,162,130,43,131,16,136,131,171
115,16,25,130,127,131,203,130,32,132,62,132,141,132,216,132,0,0,101,141,136,138,114,137,152,130,38,131,41,136,124,171
116,16,39,130,140,131,225,130,18,132,49,132,132,132,214,132,0,0,97,141,128,138,166,137,140,130,38,131,27,136,127,171
117,16,41,130,131,131,216,130,15,132,37,132,138,132,195,132,0,0,86,141,117,138,220,137,147,130,35,131,248,135,140,171
118,16,31,130,120,131,207,130,27,132,95,132,138,132,202,132,0,0,92,141,135,138,186,137,145,130,36,131,21,136,136,171
119,16,20,130,137,131,213,130,15,132,104,132,113,132,214,132,0,0,105,141,131,138,184,137,131,130,44,131,57,136,126,171
120,16,250,129,132,131,208,130,6,132,54,132,109,132,206,132,0,0,86,141,109,138,209,137,139,130,38,131,34,136,126,171
121,16,6,130,112,131,200,130,20,132,64,132,136,132,198,132,0,0,79,141,127,138,196,137,167,130,27,131,10,136,130,171
122,16,34,130,126,131,205,130,15,132,79,132,140,132,202,132,0,0,102,141,146,138,188,137,164,130,35,131,28,136,133,171
123,16,18,130,137,131,216,130,6,132,35,132,121,132,206,132,0,0,95,141,129,138,194,137,133,130,46,131,25,136,146,171
124,16,11,130,120,131,235,130,8,132,22,132,113,132,209,132,0,0,76,141,113,138,186,137,129,130,23,131,254,135,144,171
125,16,34,130,111,131,228,130,12,132,56,132,122,132,208,132,0,0,94,141,125,138,166,137,164,130,20,131,254,135,120,171
126,16,23,130,104,131,204,130,17,132,43,132,132,132,195,132,0,0,100,141,136,138,167,137,157,130,57,131,14,136,119,171
127,16,0,130,102,131,206,130,20,132,30,132,134,132,195,132,77,0,84,141,135,138,182,137,115,130,53,131,29,136,134,171
0,16,255,129,136,131,226,130,23,132,74,132,135,132,213,132,0,0,89,141,127,138,180,137,129,130,23,131,45,136,135,171
1,16,13,130,145,131,229,130,28,132,101,132,141,132,213,132,0,0,98,141,116,138,170,137,161,130,23,131,37,136,119,171
2,16,20,130,107,131,220,130,18,132,68,132,142,132,198,132,0,0,93,141,114,138,178,137,160,130,37,131,22,136,113,171
3,16,17,130,100,131,221,130,255,131,28,132,128,132,188,132,0,0,71,141,109,138,183,137,162,130,34,131,27,136,131,171
4,16,27,130,119,131,207,130,1,132,41,132,127,132,198,132,0,0,63,141,107,138,177,137,156,130,38,131,21,136,141,171
5,16,42,130,129,131,193,130,22,132,60,132,138,132,214,132,0,0,101,141,112,138,179,137,125,130,55,131,12,136,139,171
6,16,33,130,137,131,209,130,18,132,53,132,133,132,198,132,0,0,125,141,115,138,185,137,114,130,42,131,19,136,141,171
7,16,8,130,125,131,228,130,17,132,36,132,126,132,186,132,0,0,101,141,109,138,186,137,131,130,15,131,7,136,133,171
8,16,5,130,101,131,227,130,32,132,25,132,131,132,207,132,0,0,77,141,103,138,180,137,136,130,30,131,15,136,108,171
9,16,9,130,111,131,211,130,30,132,52,132,133,132,208,132,0,0,97,141,118,138,183,137,146,130,57,131,41,136,109,171
10,16,9,130,135,131,195,130,4,132,45,132,133,132,185,132,0,0,122,141,136,138,180,137,168,130,43,131,28,136,138,171
11,16,12,130,134,131,197,130,240,131,253,131,145,132,200,132,0,0,109,141,128,138,160,137,157,130,32,131,13,136,136,171
12,16,9,130,104,131,197,130,233,131,6,132,148,132,228,132,0,0,103,141,118,138,177,137,131,130,51,131,35,136,105,171
13,16,24,130,91,131,195,130,6,132,48,132,132,132,215,132,0,0,112,141,115,138,189,137,143,130,32,131,34,136,119,171
14,16,29,130,122,131,192,130,55,132,42,132,136,132,203,132,0,0,101,141,111,138,136,137,168,130,3,131,17,136,146,171
15,16,23,130,141,131,190,130,52,132,23,132,146,132,208,132,0,0,80,141,114,138,131,137,164,130,25,131,23,136,131,171
16,16,32,130,105,131,202,130,18,132,54,132,133,132,203,132,0,0,88,141,123,138,196,137,148,130,40,131,29,136,115,171
17,16,32,130,103,131,204,130,8,132,76,132,122,132,199,132,0,0,102,141,120,138,203,137,131,130,27,131,21,136,140,171
18,16,18,130,143,131,201,130,9,132,53,132,133,132,188,132,0,0,101,141,118,138,170,137,127,130,30,131,18,136,149,171
19,16,9,130,126,131,217,130,11,132,32,132,144,132,187,132,0,0,93,141,119,138,181,137,140,130,42,131,30,136,125,171
20,16,15,130,104,131,228,130,11,132,40,132,134,132,207,132,0,0,83,141,117,138,194,137,143,130,43,131,39,136,116,171
21,16,33,130,135,131,213,130,6,132,63,132,121,132,213,132,0,0,87,141,127,138,172,137,134,130,44,131,32,136,124,171
22,16,42,130,143,131,200,130,255,131,61,132,123,132,210,132,0,0,89,141,132,138,157,137,140,130,45,131,15,136,130,171
23,16,20,130,124,131,212,130,16,132,49,132,135,132,216,132,0,0,83,141,113,138,180,137,143,130,42,131,6,136,132,171
24,16,4,130,124,131,202,130,39,132,45,132,140,132,212,132,0,0,98,141,109,138,180,137,134,130,30,131,20,136,125,171
25,16,22,130,129,131,185,130,45,132,39,132,125,132,198,132,0,0,117,141,120,138,137,137,144,130,11,131,38,136,116,171
26,16,11,130,118,131,206,130,31,132,32,132,125,132,211,132,0,0,99,141,120,138,161,137,156,130,15,131,29,136,118,171
27,16,242,129,126,131,224,130,23,132,33,132,125,132,222,132,0,0,87,141,119,138,207,137,147,130,33,131,10,136,142,171
28,16,8,130,151,131,208,130,20,132,38,132,105,132,204,132,0,0,97,141,114,138,133,137,132,130,32,131,18,136,140,171
29,16,27,130,144,131,207,130,8,132,51,132,100,132,191,132,0,0,89,141,98,138,76,137,146,130,44,131,24,136,124,171
30,16,15,130,130,131,226,130,2,132,42,132,120,132,192,132,0,0,81,141,98,138,153,137,147,130,61,131,13,136,133,171
31,16,22,130,130,131,221,130,17,132,11,132,107,132,190,132,0,0,92,141,117,138,213,137,126,130,28,131,17,136,137,171
32,16,29,130,110,131,204,130,15,132,47,132,91,132,186,132,0,0,105,141,125,138,188,137,134,130,4,131,22,136,118,171
33,16,246,129,102,131,199,130,8,132,104,132,125,132,198,132,0,0,84,141,106,138,160,137,148,130,30,131,11,136,120,171
34,16,232,129,136,131,197,130,28,132,58,132,124,132,211,132,0,0,74,141,104,138,172,137,139,130,37,131,19,136,152,171
35,16,18,130,121,131,214,130,33,132,6,132,100,132,199,132,0,0,88,141,125,138,195,137,135,130,18,131,33,136,165,171
36,16,33,130,74,131,225,130,14,132,46,132,124,132,190,132,0,0,84,141,126,138,188,137,154,130,26,131,28,136,135,171
37,16,13,130,96,131,199,130,27,132,70,132,137,132,202,132,0,0,86,141,103,138,166,137,151,130,41,131,23,136,121,171
38,16,11,130,138,131,204,130,42,132,43,132,115,132,203,132,0,0,92,141,107,138,188,137,126,130,38,131,36,136,137,171
39,16,17,130,120,131,239,130,25,132,26,132,103,132,190,132,0,0,86,141,123,138,209,137,131,130,27,131,48,136,128,171
40,16,20,130,112,131,220,130,17,132,35,132,110,132,202,132,0,0,78,141,119,138,164,137,140,130,16,131,33,136,112,171
41,16,37,130,138,131,194,130,35,132,54,132,109,132,212,132,0,0,83,141,120,138,138,137,132,130,23,131,21,136,137,171
42,16,30,130,126,131,216,130,38,132,55,132,107,132,196,132,0,0,76,141,127,138,174,137,126,130,37,131,41,136,149,171
43,16,1,130,108,131,224,130,17,132,39,132,108,132,198,132,0,0,73,141,129,138,195,137,145,130,42,131,51,136,130,171
44,16,1,130,142,131,208,130,27,132,31,132,115,132,229,132,0,0,93,141,121,138,177,137,159,130,34,131,41,136,125,171
45,16,14,130,158,131,211,130,51,132,35,132,139,132,229,132,0,0,99,141,110,138,170,137,149,130,26,131,39,136,126,171
46,16,18,130,131,131,208,130,44,132,31,132,150,132,202,132,0,0,87,141,108,138,182,137,143,130,39,131,30,136,118,171
47,16,19,130,114,131,211,130,51,132,36,132,125,132,194,132,0,0,86,141,117,138,164,137,140,130,58,131,9,136,118,171
48,16,20,130,114,131,234,130,60,132,46,132,110,132,197,132,0,0,99,141,120,138,124,137,140,130,50,131,7,136,136,171
49,16,26,130,120,131,234,130,31,132,34,132,135,132,192,132,0,0,87,141,115,138,101,137,141,130,30,131,15,136,150,171
50,16,21,130,127,131,200,130,12,132,30,132,126,132,190,132,0,0,95,141,116,138,99,137,148,130,48,131,14,136,143,171
51,16,7,130,117,131,197,130,27,132,36,132,100,132,211,132,0,0,125,141,107,138,112,137,160,130,63,131,15,136,139,171
52,16,15,130,119,131,222,130,35,132,29,132,122,132,223,132,0,0,106,141,102,138,155,137,158,130,28,131,16,136,139,171
53,16,20,130,143,131,214,130,24,132,34,132,136,132,213,132,0,0,84,141,115,138,189,137,151,130,5,131,30,136,128,171
54,16,10,130,144,131,210,130,18,132,71,132,120,132,211,132,0,0,96,141,112,138,170,137,148,130,40,131,45,136,130,171
55,16,8,130,127,131,238,130,19,132,77,132,126,132,203,132,0,0,102,141,111,138,171,137,139,130,60,131,27,136,136,171
56,16,21,130,139,131,244,130,38,132,47,132,135,132,198,132,0,0,82,141,125,138,208,137,137,130,25,131,18,136,126,171
57,16,26,130,156,131,230,130,34,132,41,132,123,132,206,132,0,0,77,141,120,138,158,137,144,130,6,131,30,136,127,171
58,16,19,130,146,131,228,130,0,132,57,132,119,132,209,132,0,0,88,141,106,138,116,137,154,130,39,131,28,136,133,171
59,16,22,130,132,131,232,130,254,131,53,132,126,132,199,132,0,0,85,141,113,138,183,137,158,130,58,131,23,136,129,171
60,16,28,130,134,131,212,130,29,132,37,132,124,132,221,132,0,0,101,141,123,138,185,137,153,130,29,131,14,136,121,171
61,16,22,130,144,131,191,130,44,132,38,132,126,132,233,132,0,0,119,141,127,138,120,137,147,130,11,131,12,136,114,171
62,16,27,130,136,131,222,130,17,132,51,132,115,132,199,132,0,0,98,141,139,138,142,137,163,130,38,131,32,136,132,171
63,16,39,130,107,131,245,130,12,132,47,132,109,132,186,132,0,0,70,141,137,138,206,137,174,130,44,131,34,136,160,171
64,16,27,130,112,131,208,130,49,132,21,132,126,132,199,132,0,0,84,141,126,138,201,137,149,130,13,131,16,136,139,171
65,16,15,130,145,131,189,130,39,132,31,132,132,132,201,132,0,0,112,141,124,138,133,137,134,130,14,131,24,136,119,171
66,16,26,130,132,131,223,130,8,132,76,132,119,132,204,132,0,0,108,141,119,138,111,137,147,130,33,131,37,136,137,171
67,16,23,130,104,131,233,130,9,132,87,132,106,132,210,132,0,0,103,141,106,138,164,137,138,130,35,131,16,136,139,171
68,16,10,130,120,131,201,130,13,132,61,132,125,132,204,132,0,0,92,141,110,138,181,137,121,130,36,131,13,136,128,171
69,16,17,130,130,131,203,130,24,132,61,132,135,132,194,132,0,0,79,141,129,138,151,137,141,130,33,131,34,136,127,171
70,16,24,130,135,131,216,130,41,132,71,132,113,132,210,132,0,0,88,141,124,138,162,137,153,130,20,131,24,136,129,171
71,16,23,130,153,131,205,130,28,132,50,132,115,132,214,132,0,0,95,141,118,138,197,137,144,130,26,131,10,136,144,171
72,16,24,130,138,131,208,130,6,132,40,132,132,132,194,132,0,0,94,141,125,138,182,137,154,130,51,131,32,136,152,171
73,16,20,130,116,131,217,130,8,132,56,132,122,132,192,132,0,0,96,141,133,138,137,137,155,130,38,131,51,136,122,171
74,16,17,130,134,131,212,130,14,132,65,132,102,132,201,132,0,0,94,141,120,138,132,137,142,130,20,131,28,136,104,171
75,16,14,130,135,131,211,130,27,132,52,132,110,132,204,132,0,0,80,141,110,138,189,137,148,130,28,131,18,136,138,171
76,16,23,130,126,131,216,130,39,132,33,132,123,132,206,132,0,0,72,141,119,138,194,137,150,130,19,131,40,136,158,171
77,16,36,130,148,131,220,130,46,132,27,132,121,132,211,132,0,0,86,141,115,138,94,137,139,130,15,131,43,136,135,171
78,16,25,130,146,131,204,130,48,132,31,132,121,132,210,132,0,0,95,141,110,138,83,137,136,130,30,131,24,136,124,171
79,16,12,130,127,131,188,130,23,132,44,132,120,132,218,132,0,0,72,141,127,138,166,137,137,130,29,131,12,136,134,171
80,16,31,130,141,131,213,130,5,132,55,132,117,132,225,132,0,0,57,141,124,138,204,137,136,130,18,131,29,136,132,171
81,16,37,130,136,131,221,130,6,132,53,132,117,132,205,132,0,0,95,141,104,138,168,137,141,130,32,131,46,136,129,171
82,16,20,130,104,131,194,130,0,132,46,132,129,132,191,132,0,0,120,141,122,138,90,137,142,130,55,131,35,136,142,171
83,16,25,130,109,131,191,130,11,132,54,132,129,132,202,132,0,0,88,141,138,138,91,137,155,130,41,131,19,136,136,171
84,16,38,130,129,131,224,130,29,132,59,132,116,132,219,132,0,0,74,141,111,138,173,137,156,130,27,131,39,136,127,171
85,16,31,130,126,131,231,130,22,132,44,132,121,132,228,132,0,0,78,141,115,138,205,137,132,130,41,131,57,136,126,171
86,16,12,130,135,131,207,130,21,132,30,132,126,132,220,132,0,0,71,141,149,138,176,137,134,130,38,131,25,136,120,171
87,16,15,130,144,131,201,130,38,132,42,132,124,132,209,132,0,0,85,141,148,138,174,137,149,130,33,131,8,136,123,171
88,16,40,130,130,131,200,130,40,132,56,132,135,132,207,132,0,0,87,141,121,138,198,137,142,130,45,131,14,136,133,171
89,16,46,130,119,131,199,130,29,132,32,132,134,132,198,132,0,0,71,141,104,138,192,137,135,130,44,131,8,136,133,171
90,16,27,130,127,131,203,130,23,132,12,132,126,132,180,132,0,0,90,141,103,138,179,137,139,130,33,131,14,136,134,171
91,16,15,130,142,131,218,130,26,132,52,132,137,132,195,132,0,0,119,141,112,138,187,137,135,130,25,131,23,136,138,171
92,16,30,130,147,131,225,130,15,132,85,132,146,132,207,132,0,0,107,141,116,138,192,137,154,130,16,131,21,136,137,171
93,16,28,130,143,131,205,130,249,131,73,132,156,132,198,132,0,0,88,141,114,138,183,137,168,130,33,131,34,136,142,171
94,16,6,130,153,131,189,130,250,131,57,132,167,132,214,132,0,0,97,141,116,138,176,137,142,130,51,131,51,136,132,171
95,16,24,130,166,131,197,130,6,132,50,132,144,132,237,132,0,0,97,141,120,138,178,137,140,130,22,131,16,136,112,171
96,16,41,130,147,131,221,130,6,132,47,132,128,132,221,132,0,0,96,141,134,138,174,137,155,130,23,131,253,135,117,171
97,16,17,130,113,131,226,130,6,132,30,132,147,132,209,132,0,0,97,141,128,138,173,137,136,130,38,131,22,136,133,171
98,16,13,130,124,131,202,130,247,131,14,132,147,132,211,132,0,0,88,141,103,138,174,137,125,130,14,131,25,136,142,171
99,16,17,130,134,131,187,130,235,131,26,132,124,132,211,132,0,0,81,141,103,138,170,137,154,130,19,131,11,136,138,171
100,16,3,130,106,131,196,130,255,131,48,132,118,132,211,132,0,0,80,141,120,138,183,137,164,130,54,131,13,136,131,171
101,16,16,130,96,131,206,130,13,132,39,132,131,132,203,132,0,0,97,141,119,138,184,137,152,130,49,131,24,136,132,171
102,16,29,130,118,131,206,130,2,132,26,132,144,132,207,132,0,0,95,141,122,138,163,137,142,130,34,131,21,136,130,171
103,16,6,130,132,131,214,130,249,131,43,132,132,132,231,132,0,0,75,141,133,138,178,137,135,130,42,131,29,136,125,171
104,16,4,130,139,131,219,130,255,131,56,132,119,132,226,132,0,0,77,141,119,138,177,137,144,130,37,131,36,136,132,171
105,16,21,130,153,131,228,130,7,132,41,132,138,132,209,132,0,0,94,141,119,138,122,137,152,130,27,131,23,136,146,171
106,16,19,130,157,131,218,130,9,132,26,132,145,132,227,132,0,0,85,141,125,138,85,137,152,130,22,131,30,136,141,171
107,16,20,130,150,131,170,130,22,132,33,132,129,132,232,132,0,0,53,141,107,138,130,137,151,130,14,131,38,136,140,171
108,16,32,130,141,131,159,130,18,132,36,132,132,132,210,132,0,0,63,141,101,138,176,137,147,130,23,131,34,136,149,171
109,16,14,130,114,131,186,130,5,132,24,132,148,132,211,132,0,0,92,141,122,138,164,137,141,130,47,131,36,136,134,171
110,16,252,129,110,131,184,130,21,132,35,132,147,132,219,132,0,0,94,141,127,138,164,137,134,130,53,131,43,136,116,171
111,16,20,130,139,131,182,130,27,132,46,132,146,132,225,132,0,0,74,141,115,138,179,137,134,130,20,131,23,136,126,171
112,16,40,130,138,131,213,130,21,132,34,132,142,132,224,132,0,0,66,141,119,138,179,137,150,130,14,131,10,136,135,171
113,16,9,130,100,131,222,130,39,132,27,132,132,132,217,132,0,0,73,141,125,138,183,137,147,130,41,131,35,136,137,171
114,16,248,129,107,131,202,130,36,132,31,132,134,132,220,132,0,0,78,141,122,138,189,137,116,130,45,131,47,136,137,171
115,16,30,130,147,131,207,130,3,132,35,132,138,132,226,132,0,0,89,141,117,138,138,137,118,130,32,131,41,136,114,171
116,16,45,130,151,131,217,130,9,132,34,132,132,132,218,132,0,0,85,141,108,138,81,137,147,130,24,131,50,136,98,171
117,16,25,130,141,131,207,130,34,132,33,132,125,132,207,132,0,0,81,141,111,138,128,137,147,130,27,131,56,136,120,171
118,16,24,130,132,131,204,130,26,132,34,132,130,132,211,132,0,0,101,141,118,138,195,137,147,130,31,131,38,136,139,171
119,16,25,130,128,131,203,130,6,132,38,132,126,132,218,132,0,0,102,141,124,138,191,137,157,130,32,131,31,136,135,171
120,16,19,130,142,131,202,130,5,132,48,132,122,132,220,132,0,0,78,141,121,138,178,137,156,130,35,131,38,136,120,171
121,16,24,130,154,131,201,130,20,132,53,132,118,132,219,132,0,0,91,141,121,138,189,137,161,130,37,131,24,136,127,171
122,16,25,130,133,131,190,130,11,132,44,132,120,132,205,132,0,0,120,141,131,138,158,137,162,130,29,131,18,136,151,171
123,16,27,130,121,131,196,130,8,132,35,132,136,132,208,132,0,0,95,141,136,138,97,137,159,130,30,131,23,136,138,171
124,16,34,130,148,131,203,130,33,132,50,132,140,132,225,132,0,0,67,141,117,138,95,137,163,130,48,131,23,136,100,171
125,16,23,130,156,131,179,130,30,132,46,132,133,132,223,132,0,0,84,141,111,138,151,137,151,130,39,131,35,136,122,171
126,16,3,130,132,131,167,130,1,132,11,132,141,132,212,132,0,0,101,141,122,138,189,137,141,130,31,131,45,136,169,171
127,16,10,130,118,131,183,130,1,132,18,132,146,132,220,132,77,0,96,141,128,138,156,137,150,130,44,131,21,136,151,171
0,16,22,130,128,131,206,130,13,132,55,132,137,132,230,132,0,0,84,141,120,138,106,137,151,130,42,131,13,136,119,171
1,16,23,130,133,131,209,130,16,132,50,132,139,132,222,132,0,0,77,141,121,138,89,137,146,130,37,131,48,136,120,171
2,16,21,130,130,131,202,130,37,132,31,132,137,132,216,132,0,0,88,141,129,138,127,137,151,130,45,131,43,136,121,171
3,16,17,130,133,131,208,130,27,132,58,132,123,132,217,132,0,0,106,141,120,138,176,137,138,130,52,131,11,136,129,171
4,16,16,130,121,131,211,130,254,131,58,132,137,132,215,132,0,0,103,141,100,138,146,137,129,130,38,131,21,136,140,171
5,16,24,130,117,131,200,130,20,132,27,132,149,132,221,132,0,0,82,141,114,138,118,137,133,130,20,131,49,136,143,171
6,16,35,130,134,131,186,130,49,132,36,132,131,132,217,132,0,0,85,141,140,138,196,137,112,130,19,131,44,136,139,171
7,16,19,130,142,131,176,130,38,132,52,132,119,132,200,132,0,0,112,141,115,138,202,137,100,130,38,131,30,136,142,171
8,16,21,130,138,131,183,130,10,132,45,132,127,132,206,132,0,0,87,141,87,138,97,137,118,130,45,131,33,136,138,171
9,16,40,130,137,131,198,130,250,131,41,132,133,132,214,132,0,0,48,141,114,138,91,137,126,130,17,131,42,136,116,171
10,16,22,130,140,131,196,130,0,132,46,132,146,132,193,132,0,0,80,141,134,138,144,137,124,130,11,131,42,136,120,171
11,16,9,130,132,131,192,130,15,132,41,132,159,132,195,132,0,0,111,141,120,138,113,137,132,130,40,131,28,136,140,171
12,16,25,130,132,131,188,130,13,132,30,132,143,132,206,132,0,0,70,141,118,138,89,137,144,130,41,131,19,136,149,171
13,16,36,130,144,131,183,130,12,132,27,132,126,132,182,132,0,0,46,141,129,138,132,137,134,130,31,131,22,136,148,171
14,16,20,130,134,131,202,130,17,132,37,132,141,132,192,132,0,0,96,141,118,138,186,137,127,130,56,131,20,136,142,171
15,16,18,130,119,131,225,130,9,132,44,132,145,132,219,132,0,0,116,141,104,138,192,137,139,130,52,131,9,136,133,171
16,16,28,130,137,131,210,130,17,132,30,132,129,132,209,132,0,0,85,141,110,138,166,137,141,130,11,131,248,135,121,171
17,16,26,130,153,131,194,130,22,132,32,132,148,132,218,132,0,0,64,141,117,138,178,137,133,130,23,131,14,136,130,171
18,16,32,130,140,131,204,130,19,132,40,132,160,132,230,132,0,0,82,141,118,138,200,137,144,130,51,131,44,136,129,171
19,16,27,130,138,131,205,130,35,132,28,132,140,132,201,132,0,0,111,141,119,138,164,137,151,130,32,131,21,136,108,171
20,16,25,130,143,131,201,130,25,132,31,132,144,132,207,132,0,0,106,141,116,138,164,137,145,130,34,131,11,136,111,171
21,16,27,130,128,131,203,130,247,131,49,132,149,132,232,132,0,0,85,141,108,138,195,137,146,130,50,131,36,136,128,171
22,16,9,130,122,131,190,130,248,131,47,132,128,132,210,132,0,0,97,141,95,138,149,137,143,130,31,131,30,136,128,171
23,16,14,130,143,131,199,130,6,132,31,132,118,132,185,132,0,0,100,141,99,138,115,137,140,130,10,131,23,136,133,171
24,16,29,130,148,131,201,130,249,131,33,132,139,132,192,132,0,0,88,141,124,138,172,137,138,130,32,131,37,136,146,171
25,16,15,130,117,131,184,130,246,131,54,132,151,132,221,132,0,0,89,141,136,138,195,137,133,130,43,131,24,136,125,171
26,16,18,130,106,131,206,130,2,132,54,132,141,132,238,132,0,0,85,141,125,138,164,137,142,130,29,131,22,136,111,171
27,16,50,130,128,131,234,130,4,132,43,132,130,132,217,132,0,0,80,141,112,138,173,137,151,130,41,131,43,136,138,171
28,16,47,130,145,131,209,130,14,132,45,132,131,132,204,132,0,0,94,141,115,138,184,137,142,130,57,131,37,136,139,171
29,16,20,130,149,131,197,130,25,132,38,132,141,132,201,132,0,0,96,141,119,138,172,137,136,130,39,131,22,136,123,171
30,16,21,130,141,131,226,130,17,132,38,132,124,132,189,132,0,0,85,141,118,138,175,137,146,130,21,131,26,136,134,171
31,16,19,130,125,131,241,130,11,132,52,132,122,132,199,132,0,0,76,141,109,138,163,137,138,130,25,131,26,136,150,171
32,16,254,129,136,131,221,130,20,132,48,132,143,132,214,132,0,0,75,141,114,138,165,137,133,130,34,131,25,136,135,171
33,16,252,129,163,131,198,130,25,132,31,132,150,132,201,132,0,0,90,141,129,138,188,137,145,130,48,131,34,136,122,171
34,16,18,130,145,131,198,130,24,132,28,132,135,132,197,132,0,0,109,141,124,138,182,137,143,130,63,131,35,136,138,171
35,16,12,130,108,131,217,130,51,132,31,132,126,132,209,132,0,0,94,141,108,138,178,137,135,130,38,131,19,136,151,171
36,16,252,129,116,131,214,130,57,132,39,132,120,132,190,132,0,0,81,141,119,138,198,137,153,130,22,131,7,136,135,171
37,16,29,130,130,131,195,130,23,132,47,132,106,132,183,132,0,0,99,141,133,138,177,137,178,130,41,131,21,136,124,171
38,16,49,130,112,131,191,130,14,132,34,132,111,132,210,132,0,0,88,141,124,138,153,137,162,130,47,131,25,136,129,171
39,16,13,130,113,131,207,130,17,132,49,132,119,132,208,132,0,0,60,141,122,138,175,137,141,130,21,131,22,136,129,171
40,16,0,130,143,131,213,130,255,131,73,132,128,132,183,132,0,0,70,141,130,138,177,137,145,130,13,131,40,136,118,171
41,16,26,130,134,131,197,130,11,132,23,132,137,132,182,132,0,0,91,141,116,138,182,137,144,130,35,131,62,136,123,171
42,16,29,130,114,131,206,130,36,132,5,132,140,132,207,132,0,0,94,141,101,138,186,137,121,130,36,131,56,136,142,171
43,16,16,130,130,131,228,130,24,132,41,132,136,132,207,132,0,0,90,141,119,138,147,137,121,130,31,131,25,136,122,171
44,16,19,130,140,131,209,130,14,132,32,132,140,132,194,132,0,0,90,141,136,138,140,137,141,130,34,131,16,136,107,171
45,16,13,130,128,131,190,130,25,132,12,132,153,132,203,132,0,0,93,141,116,138,184,137,130,130,38,131,37,136,139,171
46,16,7,130,133,131,203,130,22,132,37,132,147,132,203,132,0,0,86,141,97,138,187,137,128,130,41,131,46,136,141,171
47,16,15,130,146,131,203,130,22,132,53,132,135,132,206,132,0,0,72,141,117,138,170,137,153,130,29,131,27,136,109,171
48,16,23,130,139,131,174,130,28,132,43,132,130,132,217,132,0,0,68,141,133,138,189,137,156,130,25,131,33,136,116,171
49,16,24,130,127,131,190,130,32,132,41,132,141,132,208,132,0,0,73,141,116,138,188,137,141,130,49,131,51,136,144,171
50,16,4,130,126,131,209,130,24,132,36,132,156,132,188,132,0,0,76,141,113,138,171,137,143,130,53,131,30,136,124,171
51,16,245,129,126,131,189,130,28,132,45,132,143,132,192,132,0,0,93,141,112,138,176,137,160,130,23,131,21,136,115,171
52,16,6,130,128,131,188,130,29,132,58,132,131,132,198,132,0,0,95,141,102,138,176,137,160,130,31,131,33,136,136,171
53,16,13,130,139,131,198,130,22,132,34,132,151,132,190,132,0,0,81,141,114,138,175,137,138,130,55,131,20,136,138,171
54,16,4,130,148,131,208,130,50,132,38,132,143,132,191,132,0,0,79,141,130,138,168,137,135,130,27,131,2,136,126,171
55,16,9,130,139,131,213,130,59,132,63,132,112,132,203,132,0,0,93,141,109,138,173,137,151,130,4,131,9,136,119,171
56,16,22,130,123,131,217,130,17,132,42,132,135,132,216,132,0,0,85,141,108,138,182,137,145,130,20,131,22,136,127,171
57,16,13,130,123,131,209,130,23,132,15,132,154,132,209,132,0,0,63,141,137,138,169,137,131,130,27,131,44,136,137,171
58,16,250,129,141,131,197,130,60,132,44,132,124,132,207,132,0,0,82,141,133,138,165,137,139,130,17,131,45,136,128,171
59,16,10,130,144,131,205,130,25,132,70,132,120,132,213,132,0,0,107,141,114,138,185,137,152,130,27,131,17,136,125,171
60,16,39,130,132,131,198,130,243,131,32,132,145,132,207,132,0,0,99,141,125,138,185,137,151,130,35,131,28,136,135,171
61,16,26,130,131,131,200,130,25,132,36,132,146,132,209,132,0,0,98,141,126,138,173,137,147,130,29,131,56,136,131,171
62,16,3,130,131,131,219,130,51,132,84,132,136,132,216,132,0,0,100,141,107,138,193,137,148,130,28,131,33,136,116,171
63,16,13,130,136,131,225,130,44,132,72,132,131,132,197,132,0,0,88,141,106,138,185,137,144,130,27,131,18,136,122,171
64,16,26,130,148,131,209,130,46,132,38,132,127,132,196,132,0,0,74,141,125,138,111,137,142,130,31,131,39,136,132,171
65,16,15,130,148,131,205,130,23,132,42,132,134,132,221,132,0,0,83,141,131,138,76,137,151,130,40,131,38,136,133,171
66,16,14,130,142,131,206,130,0,132,49,132,135,132,196,132,0,0,101,141,121,138,147,137,151,130,45,131,23,136,143,171
67,16,24,130,133,131,213,130,10,132,31,132,126,132,177,132,0,0,101,141,112,138,192,137,141,130,48,131,30,136,133,171
68,16,22,130,126,131,218,130,6,132,46,132,139,132,218,132,0,0,92,141,119,138,157,137,156,130,44,131,37,136,120,171
69,16,21,130,135,131,208,130,12,132,64,132,152,132,234,132,0,0,95,141,131,138,153,137,160,130,38,131,30,136,125,171
70,16,3,130,138,131,206,130,50,132,46,132,128,132,210,132,0,0,95,141,130,138,189,137,131,130,38,131,24,136,130,171
71,16,240,129,125,131,211,130,43,132,44,132,127,132,191,132,0,0,87,141,121,138,191,137,130,130,38,131,30,136,130,171
72,16,13,130,138,131,224,130,25,132,58,132,141,132,195,132,0,0,89,141,117,138,178,137,142,130,40,131,40,136,130,171
73,16,32,130,153,131,223,130,44,132,45,132,121,132,221,132,0,0,94,141,119,138,186,137,132,130,38,131,32,136,134,171
74,16,11,130,129,131,200,130,39,132,24,132,106,132,226,132,0,0,90,141,114,138,183,137,138,130,22,131,16,136,116,171
75,16,16,130,113,131,198,130,29,132,36,132,128,132,188,132,0,0,96,141,104,138,180,137,154,130,33,131,12,136,117,171
76,16,32,130,119,131,216,130,28,132,49,132,149,132,178,132,0,0,113,141,122,138,189,137,153,130,43,131,13,136,138,171
77,16,25,130,120,131,212,130,26,132,39,132,145,132,221,132,0,0,109,141,140,138,181,137,163,130,33,131,23,136,133,171
78,16,31,130,121,131,191,130,26,132,26,132,147,132,235,132,0,0,87,141,122,138,174,137,169,130,41,131,27,136,127,171
79,16,32,130,131,131,209,130,30,132,44,132,148,132,206,132,0,0,80,141,107,138,187,137,145,130,56,131,21,136,134,171
80,16,13,130,130,131,239,130,23,132,95,132,149,132,197,132,0,0,86,141,112,138,187,137,136,130,44,131,28,136,126,171
81,16,252,129,126,131,225,130,22,132,76,132,151,132,218,132,0,0,87,141,120,138,168,137,143,130,33,131,38,136,118,171
82,16,236,129,145,131,193,130,50,132,11,132,146,132,220,132,0,0,88,141,111,138,197,137,145,130,53,131,26,136,118,171
83,16,238,129,149,131,192,130,47,132,33,132,151,132,201,132,0,0,101,141,112,138,192,137,144,130,57,131,21,136,115,171
84,16,254,129,138,131,203,130,17,132,60,132,139,132,203,132,0,0,97,141,123,138,118,137,118,130,36,131,32,136,135,171
85,16,252,129,146,131,200,130,20,132,12,132,129,132,222,132,0,0,80,141,120,138,108,137,102,130,23,131,31,136,144,171
86,16,0,130,138,131,194,130,29,132,2,132,139,132,220,132,0,0,86,141,111,138,149,137,132,130,38,131,26,136,104,171
87,16,11,130,121,131,205,130,16,132,48,132,132,132,203,132,0,0,94,141,116,138,183,137,154,130,52,131,35,136,109,171
88,16,248,129,151,131,199,130,23,132,48,132,118,132,207,132,0,0,75,141,128,138,182,137,144,130,36,131,39,136,142,171
89,16,241,129,167,131,193,130,39,132,23,132,133,132,205,132,0,0,62,141,123,138,152,137,149,130,33,131,32,136,123,171
90,16,6,130,139,131,180,130,20,132,43,132,144,132,191,132,0,0,78,141,124,138,145,137,144,130,37,131,33,136,115,171
91,16,8,130,144,131,168,130,12,132,57,132,116,132,201,132,0,0,105,141,130,138,148,137,123,130,13,131,27,136,146,171
92,16,8,130,155,131,184,130,22,132,43,132,111,132,219,132,0,0,99,141,114,138,114,137,127,130,9,131,19,136,159,171
93,16,15,130,135,131,195,130,19,132,46,132,146,132,212,132,0,0,80,141,109,138,79,137,139,130,37,131,37,136,138,171
94,16,13,130,114,131,199,130,20,132,56,132,153,132,211,132,0,0,109,141,125,138,113,137,150,130,45,131,47,136,115,171
95,16,14,130,104,131,210,130,17,132,43,132,143,132,223,132,0,0,136,141,137,138,176,137,148,130,40,131,24,136,125,171
96,16,23,130,113,131,213,130,15,132,35,132,155,132,216,132,0,0,103,141,123,138,198,137,138,130,51,131,20,136,150,171
97,16,26,130,140,131,202,130,20,132,58,132,158,132,217,132,0,0,72,141,105,138,168,137,138,130,45,131,40,136,148,171
98,16,18,130,144,131,211,130,0,132,54,132,129,132,219,132,0,0,91,141,105,138,140,137,136,130,27,131,36,136,139,171
99,16,8,130,125,131,209,130,244,131,33,132,117,132,200,132,0,0,100,141,117,138,182,137,131,130,26,131,18,136,140,171
100,16,16,130,126,131,194,130,14,132,43,132,126,132,196,132,0,0,77,141,115,138,199,137,142,130,36,131,25,136,128,171
101,16,17,130,127,131,209,130,22,132,49,132,127,132,215,132,0,0,77,141,113,138,148,137,161,130,42,131,41,136,126,171
102,16,1,130,117,131,213,130,19,132,36,132,130,132,221,132,0,0,96,141,130,138,106,137,158,130,45,131,28,136,136,171
103,16,5,130,120,131,210,130,27,132,51,132,136,132,206,132,0,0,93,141,126,138,89,137,146,130,35,131,12,136,128,171
104,16,8,130,128,131,207,130,23,132,82,132,130,132,199,132,0,0,78,141,112,138,119,137,150,130,18,131,36,136,120,171
105,16,7,130,140,131,193,130,22,132,56,132,137,132,212,132,0,0,88,141,115,138,182,137,159,130,16,131,48,136,139,171
106,16,24,130,131,131,200,130,14,132,19,132,151,132,224,132,0,0,101,141,116,138,200,137,140,130,33,131,25,136,156,171
107,16,26,130,112,131,220,130,0,132,23,132,140,132,212,132,0,0,86,141,119,138,185,137,133,130,36,131,18,136,144,171
108,16,9,130,122,131,205,130,21,132,37,132,123,132,203,132,0,0,78,141,127,138,167,137,154,130,12,131,39,136,130,171
109,16,26,130,152,131,193,130,21,132,43,132,137,132,213,132,0,0,106,141,123,138,173,137,151,130,22,131,46,136,145,171
110,16,45,130,155,131,229,130,4,132,34,132,136,132,205,132,0,0,109,141,123,138,177,137,141,130,48,131,33,136,162,171
111,16,32,130,130,131,225,130,49,132,18,132,116,132,203,132,0,0,77,141,126,138,139,137,145,130,38,131,28,136,141,171
112,16,33,130,131,131,178,130,72,132,28,132,139,132,210,132,0,0,83,141,112,138,109,137,140,130,16,131,35,136,114,171
113,16,32,130,149,131,193,130,18,132,42,132,153,132,195,132,0,0,110,141,114,138,167,137,134,130,17,131,35,136,126,171
114,16,254,129,148,131,229,130,254,131,29,132,126,132,178,132,0,0,94,141,127,138,205,137,147,130,40,131,19,136,139,171
115,16,242,129,142,131,213,130,19,132,27,132,128,132,194,132,0,0,71,141,115,138,123,137,150,130,46,131,21,136,120,171
116,16,14,130,134,131,200,130,15,132,39,132,147,132,216,132,0,0,83,141,102,138,85,137,151,130,28,131,38,136,121,171
117,16,8,130,98,131,211,130,18,132,40,132,148,132,206,132,0,0,89,141,115,138,126,137,151,130,16,131,40,136,138,171
118,16,242,129,83,131,221,130,24,132,41,132,127,132,182,132,0,0,81,141,118,138,108,137,123,130,30,131,26,136,140,171
119,16,0,130,117,131,217,130,7,132,40,132,110,132,185,132,0,0,84,141,116,138,92,137,110,130,42,131,17,136,140,171
120,16,22,130,132,131,212,130,8,132,48,132,125,132,214,132,0,0,84,141,117,138,149,137,133,130,34,131,30,136,123,171
121,16,22,130,132,131,210,130,12,132,61,132,137,132,228,132,0,0,89,141,108,138,206,137,150,130,26,131,30,136,103,171
122,16,10,130,124,131,216,130,19,132,51,132,118,132,177,132,0,0,100,141,110,138,174,137,144,130,24,131,22,136,117,171
123,16,14,130,101,131,221,130,52,132,43,132,118,132,141,132,0,0,99,141,124,138,110,137,130,130,28,131,27,136,136,171
124,16,18,130,100,131,215,130,64,132,49,132,151,132,205,132,0,0,86,141,129,138,87,137,137,130,26,131,34,136,134,171
125,16,6,130,121,131,214,130,39,132,46,132,142,132,255,132,0,0,76,141,125,138,128,137,156,130,41,131,28,136,137,171
126,16,4,130,127,131,227,130,28,132,48,132,121,132,212,132,0,0,81,141,127,138,170,137,152,130,62,131,27,136,137,171
127,16,18,130,128,131,228,130,29,132,50,132,135,132,177,132,77,0,84,141,127,138,156,137,146,130,37,131,43,136,115,171
0,16,20,130,139,131,226,130,39,132,31,132,150,132,207,132,0,0,77,141,104,138,155,137,159,130,20,131,55,136,123,171
1,16,3,130,128,131,220,130,46,132,30,132,139,132,210,132,0,0,92,141,96,138,188,137,151,130,41,131,41,136,141,171
2,16,17,130,128,131,202,130,30,132,41,132,129,132,190,132,0,0,95,141,112,138,193,137,133,130,38,131,24,136,120,171
3,16,25,130,143,131,212,130,21,132,25,132,152,132,206,132,0,0,65,141,122,138,183,137,148,130,18,131,35,136,97,171
4,16,250,129,132,131,223,130,29,132,24,132,162,132,225,132,0,0,81,141,123,138,167,137,148,130,17,131,36,136,108,171
5,16,252,129,124,131,209,130,35,132,53,132,139,132,227,132,0,0,115,141,115,138,125,137,129,130,30,131,25,136,139,171
6,16,27,130,141,131,207,130,40,132,59,132,134,132,226,132,0,0,86,141,97,138,77,137,130,130,35,131,31,136,142,171
7,16,23,130,146,131,225,130,32,132,50,132,149,132,201,132,0,0,77,141,105,138,122,137,135,130,35,131,36,136,127,171
8,16,14,130,132,131,218,130,36,132,53,132,152,132,171,132,0,0,96,141,124,138,174,137,134,130,37,131,31,136,126,171
9,16,255,129,145,131,192,130,61,132,64,132,149,132,187,132,0,0,73,141,124,138,129,137,141,130,48,131,27,136,136,171
10,16,249,129,146,131,200,130,52,132,40,132,152,132,201,132,0,0,60,141,113,138,134,137,138,130,39,131,24,136,143,171
11,16,13,130,118,131,207,130,25,132,4,132,171,132,196,132,0,0,85,141,114,138,190,137,128,130,0,131,5,136,136,171
12,16,17,130,118,131,192,130,37,132,19,132,172,132,204,132,0,0,80,141,122,138,156,137,139,130,252,130,7,136,119,171
13,16,21,130,123,131,197,130,34,132,55,132,141,132,187,132,0,0,70,141,125,138,133,137,154,130,25,131,23,136,104,171
14,16,24,130,111,131,193,130,255,131,45,132,140,132,180,132,0,0,92,141,123,138,177,137,138,130,38,131,12,136,116,171
15,16,242,129,125,131,161,130,3,132,29,132,153,132,217,132,0,0,108,141,121,138,138,137,123,130,38,131,4,136,138,171
16,16,225,129,161,131,171,130,20,132,55,132,140,132,225,132,0,0,102,141,126,138,79,137,145,130,34,131,27,136,133,171
17,16,250,129,157,131,209,130,17,132,75,132,131,132,200,132,0,0,95,141,121,138,124,137,147,130,25,131,41,136,115,171
18,16,242,129,127,131,193,130,24,132,51,132,154,132,183,132,0,0,100,141,123,138,112,137,125,130,11,131,16,136,113,171
19,16,248,129,108,131,166,130,37,132,31,132,169,132,180,132,0,0,92,141,123,138,77,137,137,130,17,131,2,136,130,171
20,16,33,130,117,131,181,130,22,132,41,132,142,132,195,132,0,0,95,141,120,138,136,137,158,130,33,131,12,136,127,171
21,16,28,130,147,131,193,130,254,131,45,132,109,132,202,132,0,0,114,141,130,138,180,137,148,130,32,131,16,136,108,171
22,16,7,130,129,131,188,130,12,132,30,132,122,132,190,132,0,0,107,141,131,138,191,137,132,130,20,131,4,136,116,171
23,16,23,130,91,131,199,130,28,132,28,132,151,132,214,132,0,0,86,141,122,138,188,137,146,130,10,131,6,136,126,171
24,16,28,130,117,131,213,130,16,132,39,132,144,132,232,132,0,0,91,141,120,138,159,137,157,130,7,131,36,136,108,171
25,16,7,130,153,131,209,130,8,132,57,132,146,132,211,132,0,0,101,141,120,138,146,137,145,130,16,131,41,136,104,171
26,16,249,129,128,131,192,130,4,132,62,132,148,132,216,132,0,0,81,141,112,138,193,137,142,130,40,131,24,136,129,171
27,16,8,130,113,131,176,130,251,131,46,132,125,132,219,132,0,0,79,141,112,138,201,137,150,130,41,131,27,136,137,171
28,16,23,130,141,131,175,130,7,132,20,132,123,132,199,132,0,0,105,141,126,138,118,137,146,130,25,131,36,136,132,171
29,16,18,130,138,131,186,130,29,132,17,132,136,132,205,132,0,0,111,141,125,138,80,137,128,130,28,131,31,136,147,171
30,16,15,130,119,131,191,130,40,132,33,132,144,132,227,132,0,0,96,141,102,138,95,137,136,130,20,131,30,136,150,171
31,16,23,130,138,131,201,130,39,132,39,132,133,132,228,132,0,0,97,141,98,138,75,137,154,130,9,131,33,136,134,171
32,16,8,130,143,131,204,130,22,132,26,132,119,132,216,132,0,0,98,141,114,138,94,137,132,130,28,131,31,136,130,171
33,16,247,129,133,131,210,130,14,132,39,132,134,132,208,132,0,0,88,141,114,138,174,137,113,130,32,131,33,136,144,171
34,16,11,130,145,131,220,130,23,132,77,132,155,132,208,132,0,0,106,141,116,138,202,137,134,130,3,131,37,136,138,171
35,16,26,130,113,131,207,130,12,132,62,132,149,132,200,132,0,0,113,141,124,138,176,137,152,130,7,131,33,136,122,171
36,16,19,130,57,131,222,130,251,131,30,132,124,132,186,132,0,0,74,141,122,138,183,137,140,130,40,131,26,136,138,171
37,16,27,130,101,131,1,131,5,132,53,132,115,132,212,132,0,0,70,141,117,138,190,137,136,130,27,131,30,136,152,171
38,16,40,130,164,131,236,130,9,132,55,132,115,132,237,132,0,0,103,141,129,138,178,137,143,130,3,131,32,136,136,171
39,16,43,130,132,131,215,130,5,132,13,132,114,132,222,132,0,0,102,141,127,138,180,137,143,130,12,131,31,136,138,171
40,16,25,130,98,131,222,130,14,132,17,132,118,132,216,132,0,0,85,141,118,138,180,137,154,130,26,131,27,136,160,171
41,16,18,130,131,131,222,130,31,132,52,132,140,132,222,132,0,0,92,141,113,138,180,137,155,130,30,131,19,136,154,171
42,16,37,130,146,131,230,130,35,132,39,132,152,132,209,132,0,0,102,141,106,138,183,137,144,130,18,131,19,136,132,171
43,16,48,130,129,131,236,130,28,132,23,132,138,132,198,132,0,0,83,141,112,138,186,137,143,130,16,131,24,136,147,171
44,16,43,130,123,131,223,130,26,132,28,132,146,132,214,132,0,0,80,141,122,138,167,137,141,130,29,131,20,136,163,171
45,16,29,130,117,131,216,130,19,132,36,132,148,132,218,132,0,0,103,141,123,138,118,137,140,130,20,131,28,136,146,171
46,16,16,130,120,131,207,130,11,132,49,132,106,132,204,132,0,0,97,141,106,138,121,137,133,130,19,131,61,136,127,171
47,16,8,130,139,131,200,130,16,132,55,132,94,132,200,132,0,0,86,141,117,138,169,137,138,130,50,131,59,136,130,171
48,16,3,130,148,131,222,130,27,132,38,132,144,132,197,132,0,0,97,141,145,138,187,137,158,130,48,131,24,136,119,171
49,16,17,130,146,131,242,130,38,132,16,132,151,132,188,132,0,0,90,141,134,138,198,137,151,130,22,131,27,136,100,171
50,16,18,130,152,131,213,130,21,132,19,132,100,132,200,132,0,0,67,141,111,138,164,137,138,130,34,131,45,136,121,171
51,16,20,130,152,131,199,130,21,132,33,132,99,132,217,132,0,0,77,141,120,138,115,137,145,130,41,131,54,136,156,171
52,16,37,130,134,131,228,130,37,132,33,132,147,132,204,132,0,0,83,141,111,138,140,137,137,130,25,131,48,136,141,171
53,16,27,130,132,131,227,130,26,132,30,132,151,132,200,132,0,0,71,141,88,138,197,137,124,130,34,131,21,136,112,171
54,16,15,130,130,131,199,130,32,132,51,132,118,132,210,132,0,0,77,141,109,138,187,137,149,130,48,131,15,136,125,171
55,16,17,130,113,131,205,130,53,132,54,132,128,132,208,132,0,0,100,141,126,138,130,137,163,130,37,131,29,136,130,171
56,16,12,130,127,131,228,130,28,132,53,132,142,132,200,132,0,0,107,141,109,138,121,137,143,130,28,131,22,136,108,171
57,16,11,130,153,131,205,130,3,132,94,132,128,132,186,132,0,0,94,141,105,138,171,137,137,130,22,131,16,136,107,171
58,16,17,130,136,131,189,130,20,132,95,132,125,132,188,132,0,0,95,141,112,138,204,137,137,130,16,131,39,136,129,171
59,16,9,130,110,131,227,130,13,132,38,132,131,132,202,132,0,0,101,141,105,138,178,137,133,130,32,131,27,136,142,171
60,16,8,130,123,131,223,130,252,131,27,132,139,132,202,132,0,0,97,141,107,138,169,137,127,130,33,131,8,136,132,171
61,16,28,130,136,131,209,130,20,132,44,132,143,132,195,132,0,0,98,141,114,138,197,137,126,130,17,131,34,136,135,171
62,16,37,130,137,131,237,130,16,132,34,132,126,132,210,132,0,0,98,141,112,138,190,137,141,130,27,131,44,136,146,171
63,16,29,130,113,131,228,130,248,131,39,132,112,132,227,132,0,0,100,141,120,138,150,137,143,130,34,131,36,136,128,171
64,16,17,130,95,131,211,130,4,132,24,132,133,132,227,132,0,0,99,141,117,138,104,137,139,130,18,131,38,136,125,171
65,16,24,130,121,131,241,130,18,132,250,131,142,132,213,132,0,0,99,141,116,138,79,137,143,130,17,131,31,136,152,171
66,16,43,130,121,131,235,130,2,132,18,132,122,132,183,132,0,0,90,141,120,138,128,137,147,130,25,131,32,136,137,171
67,16,35,130,98,131,194,130,235,131,51,132,120,132,179,132,0,0,71,141,105,138,177,137,151,130,32,131,61,136,106,171
68,16,20,130,133,131,206,130,240,131,45,132,130,132,201,132,0,0,69,141,94,138,141,137,152,130,42,131,55,136,129,171
69,16,25,130,152,131,225,130,12,132,42,132,134,132,192,132,0,0,76,141,120,138,126,137,146,130,39,131,38,136,151,171
70,16,25,130,99,131,203,130,22,132,59,132,123,132,187,132,0,0,69,141,128,138,193,137,140,130,48,131,55,136,136,171
71,16,28,130,92,131,207,130,9,132,43,132,116,132,201,132,0,0,69,141,105,138,203,137,139,130,58,131,37,136,135,171
72,16,33,130,135,131,221,130,5,132,7,132,138,132,198,132,0,0,77,141,120,138,143,137,136,130,29,131,8,136,132,171
73,16,16,130,134,131,208,130,17,132,18,132,146,132,188,132,0,0,67,141,137,138,155,137,142,130,19,131,17,136,126,171
74,16,16,130,127,131,219,130,24,132,55,132,128,132,200,132,0,0,56,141,116,138,197,137,135,130,37,131,33,136,126,171
75,16,29,130,136,131,231,130,13,132,51,132,116,132,196,132,0,0,74,141,103,138,179,137,125,130,31,131,39,136,120,171
76,16,17,130,129,131,204,130,7,132,37,132,121,132,199,132,0,0,94,141,121,138,167,137,143,130,18,131,37,136,123,171
77,16,15,130,126,131,202,130,27,132,50,132,128,132,219,132,0,0,104,141,123,138,182,137,141,130,18,131,23,136,122,171
78,16,29,130,148,131,224,130,46,132,37,132,129,132,207,132,0,0,102,141,105,138,185,137,119,130,9,131,13,136,117,171
79,16,28,130,156,131,220,130,27,132,40,132,125,132,192,132,0,0,92,141,114,138,190,137,133,130,19,131,13,136,136,171
80,16,28,130,135,131,213,130,3,132,66,132,127,132,209,132,0,0,101,141,123,138,167,137,145,130,34,131,16,136,152,171
81,16,42,130,123,131,203,130,250,131,50,132,146,132,214,132,0,0,113,141,121,138,137,137,140,130,21,131,28,136,131,171
82,16,39,130,138,131,209,130,255,131,53,132,148,132,219,132,0,0,102,141,119,138,157,137,151,130,19,131,41,136,128,171
83,16,15,130,146,131,227,130,6,132,72,132,136,132,211,132,0,0,91,141,114,138,143,137,141,130,43,131,34,136,153,171
84,16,17,130,130,131,231,130,5,132,46,132,139,132,175,132,0,0,89,141,114,138,124,137,121,130,54,131,31,136,144,171
85,16,38,130,126,131,224,130,12,132,18,132,142,132,177,132,0,0,72,141,130,138,183,137,135,130,46,131,40,136,132,171
86,16,30,130,149,131,211,130,20,132,39,132,144,132,210,132,0,0,78,141,143,138,205,137,154,130,29,131,42,136,145,171
87,16,21,130,164,131,209,130,14,132,45,132,137,132,196,132,0,0,106,141,121,138,159,137,146,130,15,131,44,136,149,171
88,16,36,130,143,131,231,130,6,132,26,132,135,132,186,132,0,0,113,141,106,138,146,137,139,130,32,131,41,136,130,171
89,16,31,130,129,131,242,130,9,132,34,132,144,132,209,132,0,0,113,141,115,138,145,137,149,130,56,131,26,136,114,171
90,16,12,130,145,131,214,130,10,132,34,132,143,132,194,132,0,0,99,141,112,138,100,137,151,130,31,131,11,136,122,171
91,16,14,130,147,131,181,130,249,131,30,132,139,132,179,132,0,0,77,141,100,138,102,137,147,130,14,131,8,136,135,171
92,16,25,130,132,131,184,130,249,131,45,132,142,132,208,132,0,0,87,141,114,138,155,137,140,130,46,131,21,136,141,171
93,16,14,130,125,131,218,130,1,132,48,132,120,132,220,132,0,0,108,141,133,138,148,137,127,130,48,131,25,136,137,171
94,16,253,129,127,131,235,130,254,131,43,132,105,132,195,132,0,0,100,141,118,138,147,137,122,130,21,131,40,136,130,171
95,16,9,130,132,131,209,130,252,131,64,132,142,132,177,132,0,0,99,141,102,138,181,137,131,130,19,131,64,136,133,171
96,16,17,130,129,131,194,130,2,132,68,132,157,132,189,132,0,0,113,141,117,138,152,137,149,130,26,131,55,136,145,171
97,16,254,129,116,131,200,130,9,132,29,132,129,132,208,132,0,0,98,141,130,138,113,137,159,130,25,131,41,136,139,171
98,16,10,130,127,131,219,130,15,132,21,132,141,132,221,132,0,0,88,141,124,138,163,137,153,130,30,131,48,136,131,171
99,16,27,130,140,131,238,130,17,132,31,132,157,132,223,132,0,0,93,141,113,138,209,137,141,130,28,131,39,136,145,171
100,16,12,130,111,131,234,130,4,132,28,132,138,132,218,132,0,0,103,141,108,138,177,137,138,130,23,131,15,136,148,171
101,16,16,130,97,131,223,130,255,131,40,132,132,132,210,132,0,0,103,141,114,138,142,137,145,130,29,131,18,136,132,171
102,16,33,130,139,131,228,130,17,132,49,132,155,132,198,132,0,0,82,141,118,138,135,137,156,130,15,131,22,136,128,171
103,16,20,130,152,131,233,130,20,132,41,132,155,132,194,132,0,0,79,141,113,138,173,137,164,130,13,131,18,136,150,171
104,16,11,130,122,131,209,130,11,132,40,132,128,132,206,132,0,0,116,141,117,138,202,137,151,130,46,131,41,136,161,171
105,16,6,130,129,131,202,130,18,132,43,132,120,132,203,132,0,0,122,141,128,138,165,137,144,130,51,131,55,136,147,171
106,16,250,129,143,131,218,130,24,132,45,132,133,132,199,132,0,0,98,141,125,138,165,137,160,130,17,131,33,136,134,171
107,16,8,130,107,131,211,130,11,132,40,132,141,132,212,132,0,0,98,141,117,138,201,137,174,130,18,131,8,136,131,171
108,16,20,130,106,131,197,130,10,132,11,132,133,132,216,132,0,0,101,141,118,138,192,137,162,130,47,131,20,136,137,171
109,16,7,130,126,131,207,130,15,132,16,132,121,132,211,132,0,0,98,141,115,138,148,137,146,130,30,131,37,136,142,171
110,16,13,130,104,131,224,130,4,132,58,132,121,132,210,132,0,0,102,141,106,138,143,137,159,130,21,131,31,136,141,171
111,16,29,130,98,131,222,130,10,132,55,132,136,132,194,132,0,0,95,141,108,138,153,137,166,130,54,131,22,136,132,171
112,16,17,130,126,131,221,130,27,132,31,132,146,132,186,132,0,0,99,141,129,138,140,137,143,130,46,131,22,136,133,171
113,16,8,130,134,131,215,130,14,132,26,132,148,132,206,132,0,0,109,141,134,138,153,137,133,130,5,131,24,136,139,171
114,16,9,130,122,131,198,130,251,131,16,132,155,132,206,132,0,0,106,141,117,138,190,137,144,130,27,131,44,136,137,171
115,16,24,130,129,131,213,130,251,131,19,132,154,132,202,132,0,0,101,141,114,138,186,137,155,130,58,131,54,136,142,171
116,16,35,130,150,131,232,130,3,132,46,132,146,132,230,132,0,0,90,141,126,138,172,137,161,130,23,131,25,136,148,171
117,16,16,130,152,131,207,130,5,132,44,132,143,132,211,132,0,0,67,141,127,138,195,137,149,130,2,131,6,136,151,171
118,16,20,130,144,131,190,130,11,132,34,132,145,132,182,132,0,0,74,141,123,138,192,137,124,130,32,131,23,136,136,171
119,16,35,130,134,131,193,130,19,132,37,132,160,132,222,132,0,0,100,141,123,138,159,137,126,130,36,131,48,136,123,171
120,16,17,130,131,131,195,130,20,132,36,132,148,132,221,132,0,0,98,141,107,138,108,137,132,130,24,131,43,136,136,171
121,16,5,130,119,131,200,130,31,132,31,132,124,132,163,132,0,0,93,141,107,138,78,137,128,130,24,131,34,136,141,171
122,16,15,130,116,131,204,130,33,132,35,132,146,132,186,132,0,0,94,141,124,138,100,137,136,130,18,131,41,136,124,171
123,16,16,130,137,131,192,130,25,132,62,132,158,132,234,132,0,0,87,141,131,138,112,137,143,130,30,131,44,136,125,171
124,16,18,130,137,131,179,130,24,132,79,132,126,132,203,132,0,0,94,141,122,138,124,137,148,130,49,131,42,136,141,171
125,16,34,130,117,131,191,130,22,132,52,132,125,132,192,132,0,0,101,141,106,138,122,137,149,130,33,131,44,136,144,171
126,16,27,130,118,131,200,130,23,132,29,132,143,132,215,132,0,0,94,141,106,138,110,137,131,130,21,131,42,136,145,171
127,16,19,130,142,131,191,130,28,132,39,132,134,132,202,132,77,0,97,141,113,138,155,137,124,130,28,131,34,136,143,171
0,16,19,130,157,131,190,130,27,132,38,132,116,132,198,132,0,0,96,141,112,138,213,137,151,130,36,131,42,136,126,171
1,16,10,130,140,131,202,130,20,132,39,132,123,132,214,132,0,0,86,141,117,138,195,137,150,130,35,131,46,136,128,171
2,16,12,130,110,131,196,130,24,132,45,132,130,132,214,132,0,0,100,141,131,138,172,137,129,130,28,131,25,136,141,171
3,16,26,130,104,131,195,130,20,132,31,132,139,132,195,132,0,0,109,141,116,138,189,137,155,130,33,131,21,136,146,171
4,16,39,130,137,131,223,130,10,132,39,132,153,132,187,132,0,0,92,141,100,138,154,137,164,130,49,131,46,136,145,171
5,16,43,130,134,131,231,130,19,132,38,132,137,132,189,132,0,0,95,141,116,138,129,137,130,130,56,131,52,136,142,171
6,16,34,130,115,131,214,130,9,132,4,132,107,132,190,132,0,0,96,141,131,138,171,137,132,130,43,131,28,136,134,171
7,16,13,130,127,131,206,130,253,131,24,132,118,132,201,132,0,0,81,141,130,138,192,137,147,130,32,131,23,136,128,171
8,16,5,130,132,131,191,130,23,132,79,132,135,132,208,132,0,0,84,141,114,138,163,137,136,130,23,131,32,136,138,171
9,16,17,130,120,131,177,130,28,132,68,132,111,132,208,132,0,0,100,141,112,138,127,137,141,130,16,131,24,136,145,171
10,16,17,130,104,131,193,130,8,132,32,132,114,132,214,132,0,0,86,141,129,138,110,137,150,130,26,131,24,136,145,171
11,16,9,130,92,131,207,130,20,132,40,132,136,132,211,132,0,0,62,141,123,138,109,137,137,130,26,131,39,136,148,171
12,16,14,130,101,131,190,130,33,132,44,132,121,132,186,132,0,0,85,141,109,138,105,137,152,130,31,131,40,136,136,171
13,16,23,130,122,131,185,130,18,132,28,132,116,132,185,132,0,0,117,141,127,138,107,137,166,130,53,131,38,136,127,171
14,16,16,130,124,131,194,130,13,132,27,132,143,132,210,132,0,0,105,141,126,138,165,137,146,130,58,131,31,136,140,171
15,16,4,130,131,131,202,130,15,132,46,132,150,132,203,132,0,0,90,141,93,138,202,137,141,130,42,131,22,136,145,171
16,16,251,129,139,131,219,130,9,132,50,132,134,132,182,132,0,0,112,141,102,138,135,137,154,130,35,131,25,136,130,171
17,16,0,130,128,131,223,130,16,132,46,132,144,132,197,132,0,0,113,141,129,138,101,137,141,130,32,131,24,136,137,171
18,16,23,130,146,131,207,130,6,132,33,132,142,132,216,132,0,0,86,141,126,138,169,137,128,130,24,131,15,136,154,171
19,16,19,130,149,131,193,130,251,131,16,132,127,132,214,132,0,0,85,141,114,138,186,137,143,130,34,131,28,136,143,171
20,16,5,130,128,131,211,130,17,132,34,132,141,132,207,132,0,0,97,141,120,138,156,137,155,130,58,131,39,136,121,171
21,16,33,130,123,131,225,130,23,132,56,132,132,132,208,132,0,0,97,141,129,138,181,137,143,130,51,131,24,136,115,171
22,16,37,130,123,131,204,130,11,132,35,132,102,132,211,132,0,0,106,141,125,138,168,137,130,130,34,131,28,136,130,171
23,16,15,130,116,131,200,130,4,132,25,132,115,132,213,132,0,0,121,141,125,138,120,137,143,130,45,131,46,136,137,171
24,16,21,130,123,131,223,130,248,131,49,132,149,132,214,132,0,0,106,141,122,138,156,137,147,130,41,131,41,136,139,171
25,16,27,130,130,131,222,130,0,132,55,132,147,132,196,132,0,0,78,141,119,138,210,137,132,130,13,131,21,136,139,171
26,16,29,130,117,131,223,130,20,132,54,132,126,132,185,132,0,0,79,141,126,138,192,137,140,130,27,131,14,136,140,171
27,16,31,130,122,131,234,130,10,132,60,132,124,132,192,132,0,0,91,141,128,138,150,137,152,130,49,131,22,136,147,171
28,16,20,130,140,131,222,130,17,132,50,132,133,132,200,132,0,0,84,141,117,138,107,137,145,130,22,131,36,136,145,171
29,16,7,130,138,131,226,130,44,132,38,132,135,132,201,132,0,0,80,141,116,138,99,137,142,130,20,131,35,136,131,171
30,16,18,130,104,131,227,130,20,132,42,132,128,132,189,132,0,0,84,141,129,138,123,137,161,130,53,131,19,136,128,171
31,16,43,130,90,131,203,130,252,131,38,132,131,132,173,132,0,0,77,141,129,138,85,137,165,130,34,131,26,136,136,171
32,16,46,130,132,131,203,130,18,132,30,132,142,132,192,132,0,0,86,141,127,138,61,137,150,130,9,131,35,136,134,171
33,16,27,130,149,131,223,130,14,132,51,132,151,132,222,132,0,0,97,141,137,138,144,137,133,130,34,131,24,136,137,171
34,16,17,130,133,131,212,130,249,131,61,132,154,132,214,132,0,0,91,141,140,138,207,137,121,130,59,131,20,136,142,171
35,16,28,130,142,131,204,130,0,132,42,132,144,132,197,132,0,0,103,141,127,138,180,137,133,130,54,131,29,136,141,171
36,16,33,130,156,131,212,130,6,132,26,132,136,132,208,132,0,0,126,141,128,138,168,137,155,130,35,131,32,136,146,171
37,16,20,130,123,131,204,130,3,132,27,132,132,132,217,132,0,0,113,141,136,138,177,137,154,130,21,131,27,136,126,171
38,16,15,130,109,131,213,130,8,132,25,132,115,132,203,132,0,0,99,141,122,138,127,137,142,130,27,131,34,136,113,171
39,16,22,130,138,131,232,130,5,132,28,132,111,132,196,132,0,0,100,141,116,138,90,137,151,130,33,131,39,136,148,171
40,16,26,130,146,131,213,130,250,131,43,132,135,132,200,132,0,0,103,141,124,138,128,137,160,130,23,131,43,136,160,171
41,16,24,130,143,131,190,130,18,132,36,132,151,132,181,132,0,0,110,141,125,138,127,137,147,130,33,131,57,136,137,171
42,16,20,130,156,131,191,130,36,132,24,132,145,132,184,132,0,0,111,141,127,138,99,137,131,130,48,131,49,136,141,171
43,16,17,130,137,131,202,130,11,132,46,132,150,132,220,132,0,0,99,141,129,138,145,137,154,130,36,131,18,136,153,171
44,16,28,130,106,131,228,130,245,131,53,132,141,132,217,132,0,0,96,141,118,138,204,137,174,130,22,131,26,136,137,171
45,16,35,130,131,131,222,130,254,131,45,132,117,132,188,132,0,0,103,141,117,138,177,137,142,130,23,131,48,136,129,171
46,16,41,130,153,131,197,130,22,132,52,132,118,132,203,132,0,0,109,141,124,138,170,137,123,130,36,131,35,136,134,171
47,16,42,130,120,131,209,130,33,132,53,132,144,132,221,132,0,0,110,141,125,138,186,137,149,130,50,131,25,136,135,171
48,16,15,130,123,131,210,130,24,132,34,132,150,132,204,132,0,0,92,141,126,138,128,137,160,130,48,131,36,136,137,171
49,16,255,129,155,131,194,130,17,132,13,132,124,132,188,132,0,0,76,141,124,138,112,137,148,130,43,131,36,136,139,171
50,16,24,130,129,131,199,130,20,132,23,132,119,132,179,132,0,0,97,141,118,138,184,137,158,130,31,131,38,136,139,171
51,16,51,130,111,131,202,130,14,132,53,132,125,132,202,132,0,0,112,141,107,138,201,137,170,130,21,131,46,136,131,171
52,16,39,130,150,131,181,130,12,132,56,132,126,132,233,132,0,0,109,141,111,138,165,137,159,130,38,131,44,136,134,171
53,16,20,130,166,131,186,130,16,132,32,132,138,132,189,132,0,0,103,141,124,138,183,137,152,130,63,131,49,136,157,171
54,16,19,130,134,131,206,130,255,131,40,132,142,132,151,132,0,0,88,141,117,138,201,137,163,130,53,131,45,136,156,171
55,16,21,130,120,131,205,130,242,131,57,132,136,132,197,132,0,0,98,141,105,138,163,137,157,130,21,131,37,136,127,171
56,16,29,130,146,131,193,130,6,132,36,132,142,132,234,132,0,0,111,141,114,138,167,137,139,130,27,131,46,136,129,171
57,16,23,130,160,131,176,130,23,132,25,132,147,132,220,132,0,0,85,141,128,138,179,137,151,130,57,131,39,136,139,171
58,16,15,130,125,131,186,130,14,132,35,132,140,132,217,132,0,0,82,141,130,138,158,137,155,130,44,131,25,136,146,171
59,16,22,130,102,131,197,130,10,132,44,132,141,132,222,132,0,0,104,141,123,138,159,137,134,130,21,131,36,136,149,171
60,16,27,130,119,131,185,130,18,132,40,132,141,132,214,132,0,0,91,141,117,138,164,137,130,130,39,131,47,136,135,171
61,16,10,130,117,131,186,130,21,132,36,132,122,132,209,132,0,0,73,141,128,138,146,137,138,130,40,131,33,136,126,171
62,16,0,130,114,131,196,130,19,132,47,132,120,132,199,132,0,0,88,141,130,138,143,137,139,130,31,131,31,136,132,171
63,16,29,130,133,131,198,130,12,132,47,132,115,132,195,132,0,0,90,141,108,138,179,137,147,130,52,131,47,136,134,171
64,16,37,130,135,131,215,130,13,132,36,132,108,132,208,132,0,0,85,141,113,138,200,137,151,130,46,131,52,136,148,171
65,16,4,130,136,131,221,130,33,132,38,132,129,132,209,132,0,0,105,141,138,138,154,137,143,130,31,131,38,136,156,171
66,16,12,130,158,131,206,130,32,132,43,132,143,132,185,132,0,0,112,141,135,138,115,137,143,130,38,131,26,136,131,171
67,16,56,130,154,131,216,130,5,132,36,132,130,132,178,132,0,0,95,141,117,138,152,137,141,130,43,131,45,136,125,171
68,16,48,130,136,131,221,130,2,132,36,132,134,132,207,132,0,0,84,141,107,138,201,137,135,130,39,131,48,136,133,171
69,16,11,130,138,131,209,130,7,132,40,132,141,132,221,132,0,0,86,141,111,138,183,137,143,130,32,131,30,136,125,171
70,16,7,130,135,131,213,130,9,132,31,132,138,132,221,132,0,0,83,141,115,138,165,137,142,130,33,131,39,136,119,171
71,16,23,130,133,131,204,130,34,132,29,132,146,132,224,132,0,0,68,141,113,138,194,137,131,130,41,131,49,136,118,171
72,16,24,130,135,131,196,130,37,132,43,132,135,132,203,132,0,0,70,141,119,138,182,137,136,130,36,131,43,136,126,171
73,16,13,130,134,131,217,130,12,132,52,132,111,132,185,132,0,0,98,141,129,138,132,137,155,130,27,131,41,136,128,171
74,16,16,130,128,131,225,130,16,132,47,132,126,132,215,132,0,0,108,141,124,138,151,137,167,130,42,131,36,136,126,171
75,16,27,130,116,131,201,130,52,132,33,132,150,132,238,132,0,0,96,141,118,138,188,137,165,130,41,131,31,136,134,171
76,16,15,130,118,131,197,130,52,132,31,132,154,132,216,132,0,0,97,141,120,138,153,137,153,130,28,131,35,136,135,171
77,16,18,130,138,131,216,130,15,132,35,132,145,132,213,132,0,0,99,141,115,138,125,137,139,130,38,131,27,136,108,171
78,16,40,130,136,131,195,130,4,132,31,132,143,132,223,132,0,0,98,141,108,138,166,137,147,130,35,131,28,136,115,171
79,16,28,130,114,131,172,130,27,132,40,132,138,132,219,132,0,0,88,141,117,138,185,137,147,130,31,131,45,136,147,171
80,16,5,130,126,131,217,130,26,132,50,132,128,132,218,132,0,0,76,141,130,138,184,137,136,130,32,131,35,136,136,171
81,16,7,130,131,131,235,130,0,132,49,132,131,132,220,132,0,0,86,141,139,138,192,137,152,130,25,131,13,136,120,171
82,16,17,130,94,131,193,130,16,132,60,132,150,132,209,132,0,0,97,141,128,138,126,137,168,130,40,131,26,136,128,171
83,16,29,130,81,131,189,130,25,132,83,132,145,132,207,132,0,0,100,141,118,138,75,137,152,130,56,131,43,136,145,171
84,16,33,130,93,131,200,130,1,132,51,132,124,132,217,132,0,0,109,141,121,138,130,137,142,130,34,131,40,136,145,171
85,16,27,130,94,131,175,130,6,132,2,132,133,132,191,132,0,0,112,141,113,138,185,137,152,130,22,131,39,136,131,171
86,16,26,130,101,131,182,130,25,132,20,132,139,132,185,132,0,0,98,141,120,138,198,137,148,130,42,131,54,136,129,171
87,16,29,130,118,131,225,130,31,132,47,132,132,132,210,132,0,0,87,141,131,138,183,137,143,130,37,131,69,136,148,171
88,16,16,130,122,131,218,130,22,132,38,132,136,132,209,132,0,0,92,141,127,138,171,137,148,130,25,131,54,136,153,171
89,16,1,130,121,131,204,130,25,132,34,132,135,132,200,132,0,0,115,141,123,138,190,137,151,130,37,131,41,136,138,171
90,16,11,130,135,131,223,130,33,132,43,132,135,132,201,132,0,0,107,141,117,138,183,137,149,130,54,131,51,136,134,171
91,16,26,130,116,131,197,130,22,132,38,132,146,132,200,132,0,0,86,141,107,138,116,137,137,130,59,131,48,136,134,171
92,16,9,130,84,131,183,130,6,132,32,132,158,132,197,132,0,0,117,141,115,138,128,137,115,130,54,131,25,136,131,171
93,16,241,129,101,131,205,130,7,132,37,132,147,132,208,132,0,0,122,141,124,138,186,137,123,130,41,131,27,136,124,171
94,16,251,129,121,131,192,130,13,132,45,132,124,132,210,132,0,0,100,141,112,138,168,137,167,130,36,131,34,136,123,171
95,16,15,130,104,131,179,130,10,132,51,132,118,132,210,132,0,0,116,141,117,138,152,137,170,130,51,131,14,136,137,171
96,16,18,130,98,131,202,130,5,132,44,132,127,132,214,132,0,0,127,141,131,138,177,137,121,130,39,131,20,136,132,171
97,16,24,130,130,131,199,130,11,132,36,132,131,132,204,132,0,0,92,141,121,138,190,137,113,130,20,131,33,136,117,171
98,16,28,130,146,131,173,130,27,132,39,132,140,132,197,132,0,0,74,141,123,138,160,137,148,130,45,131,29,136,123,171
99,16,22,130,113,131,172,130,20,132,34,132,141,132,188,132,0,0,90,141,135,138,128,137,149,130,74,131,28,136,139,171
100,16,33,130,88,131,192,130,249,131,22,132,121,132,193,132,0,0,91,141,126,138,147,137,133,130,49,131,32,136,143,171
101,16,31,130,106,131,201,130,253,131,24,132,129,132,206,132,0,0,93,141,112,138,182,137,137,130,19,131,28,136,142,171
102,16,13,130,123,131,203,130,19,132,40,132,149,132,200,132,0,0,102,141,126,138,198,137,142,130,25,131,33,136,137,171
103,16,20,130,110,131,205,130,14,132,50,132,131,132,195,132,0,0,103,141,133,138,175,137,152,130,39,131,41,136,125,171
104,16,28,130,97,131,200,130,250,131,44,132,109,132,187,132,0,0,103,141,119,138,140,137,161,130,44,131,33,136,107,171
105,16,18,130,95,131,197,130,254,131,45,132,130,132,180,132,0,0,107,141,110,138,134,137,144,130,31,131,57,136,117,171
106,16,13,130,104,131,201,130,18,132,51,132,161,132,200,132,0,0,121,141,118,138,153,137,123,130,32,131,74,136,134,171
107,16,23,130,129,131,188,130,15,132,39,132,153,132,212,132,0,0,107,141,116,138,156,137,126,130,55,131,47,136,127,171
108,16,30,130,132,131,190,130,254,131,38,132,118,132,187,132,0,0,89,141,113,138,170,137,142,130,30,131,29,136,118,171
109,16,25,130,121,131,217,130,252,131,44,132,112,132,186,132,0,0,89,141,117,138,178,137,157,130,17,131,48,136,134,171
110,16,24,130,114,131,219,130,7,132,28,132,131,132,205,132,0,0,82,141,130,138,98,137,168,130,55,131,58,136,145,171
111,16,19,130,103,131,186,130,19,132,28,132,140,132,203,132,0,0,84,141,139,138,71,137,160,130,45,131,37,136,136,171
112,16,11,130,132,131,185,130,15,132,35,132,151,132,209,132,0,0,83,141,138,138,166,137,141,130,14,131,32,136,143,171
113,16,24,130,157,131,204,130,247,131,21,132,147,132,217,132,0,0,71,141,130,138,201,137,124,130,36,131,44,136,145,171
114,16,33,130,137,131,202,130,0,132,23,132,128,132,209,132,0,0,79,141,122,138,178,137,125,130,43,131,46,136,125,171
115,16,17,130,143,131,208,130,14,132,29,132,141,132,206,132,0,0,103,141,123,138,179,137,143,130,23,131,45,136,111,171
116,16,10,130,149,131,221,130,251,131,35,132,150,132,219,132,0,0,102,141,119,138,188,137,157,130,36,131,52,136,125,171
117,16,7,130,126,131,206,130,6,132,68,132,118,132,231,132,0,0,93,141,116,138,189,137,150,130,62,131,48,136,147,171
118,16,7,130,122,131,189,130,24,132,76,132,116,132,218,132,0,0,91,141,119,138,192,137,139,130,56,131,28,136,129,171
119,16,15,130,136,131,209,130,0,132,36,132,154,132,191,132,0,0,83,141,115,138,149,137,145,130,39,131,25,136,114,171
120,16,5,130,137,131,217,130,2,132,21,132,155,132,188,132,0,0,110,141,127,138,123,137,151,130,40,131,40,136,123,171
121,16,246,129,130,131,192,130,29,132,31,132,128,132,214,132,0,0,128,141,141,138,177,137,140,130,41,131,47,136,125,171
122,16,254,129,121,131,179,130,16,132,33,132,123,132,225,132,0,0,81,141,129,138,201,137,134,130,18,131,34,136,124,171
123,16,13,130,116,131,201,130,252,131,50,132,145,132,205,132,0,0,70,141,110,138,176,137,147,130,16,131,48,136,128,171
124,16,8,130,133,131,231,130,12,132,51,132,154,132,196,132,0,0,94,141,117,138,179,137,137,130,31,131,58,136,124,171
125,16,5,130,139,131,229,130,27,132,40,132,138,132,216,132,0,0,90,141,124,138,182,137,127,130,24,131,22,136,128,171
126,16,12,130,133,131,217,130,19,132,50,132,133,132,219,132,0,0,79,141,123,138,161,137,158,130,13,131,9,136,150,171
127,16,7,130,134,131,212,130,9,132,54,132,147,132,187,132,77,0,86,141,129,138,187,137,165,130,19,131,36,136,148,171
0,16,4,130,126,131,220,130,19,132,33,132,147,132,203,132,0,0,95,141,125,138,202,137,137,130,27,131,30,136,130,171
1,16,18,130,119,131,231,130,17,132,22,132,146,132,236,132,0,0,101,141,117,138,139,137,132,130,40,131,17,136,128,171
2,16,33,130,133,131,231,130,0,132,56,132,146,132,198,132,0,0,97,141,122,138,108,137,151,130,43,131,30,136,128,171
3,16,22,130,149,131,227,130,18,132,74,132,125,132,181,132,0,0,89,141,123,138,167,137,153,130,29,131,28,136,142,171
4,16,9,130,135,131,231,130,31,132,40,132,121,132,226,132,0,0,109,141,118,138,205,137,147,130,34,131,16,136,147,171
5,16,12,130,113,131,228,130,20,132,16,132,135,132,218,132,0,0,118,141,122,138,162,137,147,130,41,131,12,136,134,171
6,16,19,130,118,131,214,130,22,132,43,132,137,132,180,132,0,0,101,141,131,138,159,137,141,130,29,131,12,136,133,171
7,16,16,130,151,131,208,130,255,131,50,132,148,132,201,132,0,0,97,141,134,138,189,137,146,130,22,131,27,136,130,171
8,16,4,130,164,131,211,130,25,132,16,132,152,132,216,132,0,0,99,141,133,138,179,137,156,130,36,131,36,136,114,171
9,16,21,130,130,131,205,130,68,132,24,132,137,132,189,132,0,0,102,141,132,138,172,137,146,130,42,131,29,136,125,171
10,16,43,130,127,131,191,130,37,132,37,132,136,132,189,132,0,0,107,141,119,138,192,137,131,130,25,131,31,136,138,171
11,16,28,130,146,131,197,130,14,132,14,132,147,132,208,132,0,0,107,141,112,138,174,137,137,130,22,131,34,136,133,171
12,16,17,130,129,131,221,130,43,132,20,132,136,132,205,132,0,0,89,141,119,138,153,137,148,130,44,131,17,136,135,171
13,16,39,130,130,131,229,130,37,132,56,132,133,132,197,132,0,0,99,141,125,138,155,137,149,130,49,131,22,136,137,171
14,16,29,130,153,131,223,130,3,132,50,132,147,132,210,132,0,0,111,141,122,138,116,137,156,130,24,131,34,136,130,171
15,16,247,129,138,131,226,130,26,132,30,132,150,132,205,132,0,0,87,141,116,138,116,137,149,130,18,131,31,136,137,171
16,16,9,130,116,131,229,130,29,132,37,132,136,132,187,132,0,0,77,141,113,138,163,137,135,130,37,131,26,136,148,171
17,16,32,130,116,131,204,130,7,132,47,132,127,132,198,132,0,0,93,141,121,138,125,137,145,130,33,131,27,136,138,171
18,16,12,130,104,131,199,130,23,132,58,132,139,132,221,132,0,0,90,141,130,138,98,137,152,130,25,131,23,136,128,171
19,16,8,130,111,131,198,130,21,132,46,132,155,132,214,132,0,0,96,141,121,138,181,137,135,130,35,131,19,136,126,171
20,16,24,130,137,131,183,130,5,132,17,132,154,132,196,132,0,0,108,141,115,138,204,137,133,130,42,131,24,136,125,171
21,16,10,130,137,131,201,130,1,132,28,132,127,132,199,132,0,0,83,141,125,138,153,137,154,130,43,131,41,136,129,171
22,16,252,129,119,131,229,130,16,132,46,132,113,132,201,132,0,0,92,141,129,138,174,137,149,130,41,131,49,136,124,171
23,16,29,130,125,131,226,130,15,132,46,132,131,132,201,132,0,0,124,141,113,138,198,137,132,130,47,131,37,136,131,171
24,16,26,130,157,131,216,130,3,132,53,132,134,132,202,132,0,0,90,141,102,138,175,137,138,130,52,131,26,136,148,171
25,16,253,129,162,131,222,130,11,132,62,132,125,132,209,132,0,0,70,141,107,138,169,137,149,130,39,131,26,136,143,171
26,16,23,130,145,131,229,130,30,132,43,132,133,132,210,132,0,0,100,141,117,138,181,137,143,130,32,131,21,136,124,171
27,16,26,130,155,131,221,130,35,132,25,132,136,132,200,132,0,0,94,141,116,138,176,137,135,130,25,131,23,136,133,171
28,16,251,129,165,131,216,130,28,132,31,132,124,132,209,132,0,0,68,141,113,138,186,137,146,130,20,131,26,136,146,171
29,16,1,130,149,131,211,130,40,132,46,132,126,132,227,132,0,0,86,141,126,138,184,137,161,130,32,131,24,136,139,171
30,16,18,130,137,131,195,130,42,132,42,132,136,132,223,132,0,0,87,141,120,138,144,137,141,130,33,131,25,136,133,171
31,16,19,130,139,131,182,130,28,132,28,132,139,132,202,132,0,0,60,141,112,138,138,137,122,130,19,131,30,136,135,171
32,16,30,130,148,131,202,130,23,132,35,132,146,132,203,132,0,0,62,141,117,138,167,137,142,130,27,131,19,136,129,171
33,16,34,130,154,131,240,130,25,132,49,132,137,132,217,132,0,0,82,141,115,138,193,137,149,130,50,131,21,136,133,171
34,16,20,130,142,131,237,130,36,132,38,132,130,132,222,132,0,0,90,141,120,138,182,137,131,130,35,131,37,136,141,171
35,16,21,130,128,131,206,130,37,132,27,132,148,132,206,132,0,0,91,141,137,138,150,137,139,130,7,131,29,136,133,171
36,16,27,130,127,131,202,130,23,132,32,132,148,132,196,132,0,0,80,141,125,138,142,137,153,130,23,131,15,136,126,171
37,16,41,130,117,131,192,130,251,131,39,132,130,132,228,132,0,0,68,141,103,138,177,137,137,130,40,131,25,136,144,171
38,16,36,130,113,131,179,130,252,131,30,132,140,132,236,132,0,0,73,141,122,138,191,137,126,130,20,131,40,136,146,171
39,16,250,129,124,131,177,130,15,132,25,132,146,132,213,132,0,0,89,141,137,138,167,137,130,130,20,131,18,136,124,171
40,16,241,129,123,131,192,130,9,132,48,132,130,132,222,132,0,0,102,141,132,138,181,137,141,130,39,131,246,135,132,171
41,16,25,130,115,131,207,130,5,132,60,132,123,132,228,132,0,0,95,141,128,138,208,137,151,130,27,131,20,136,152,171
42,16,21,130,129,131,201,130,23,132,42,132,132,132,202,132,0,0,85,141,130,138,174,137,136,130,30,131,44,136,130,171
43,16,249,129,144,131,185,130,31,132,32,132,140,132,210,132,0,0,80,141,130,138,144,137,134,130,52,131,40,136,117,171
44,16,6,130,143,131,203,130,6,132,44,132,143,132,235,132,0,0,68,141,114,138,156,137,154,130,35,131,44,136,150,171
45,16,26,130,152,131,230,130,254,131,38,132,143,132,223,132,0,0,74,141,105,138,149,137,137,130,37,131,50,136,131,171
46,16,23,130,159,131,201,130,12,132,25,132,147,132,211,132,0,0,102,141,123,138,108,137,110,130,51,131,27,136,86,171
47,16,14,130,149,131,174,130,16,132,29,132,151,132,221,132,0,0,116,141,141,138,91,137,124,130,24,131,14,136,99,171
48,16,8,130,149,131,193,130,18,132,30,132,145,132,219,132,0,0,115,141,127,138,120,137,139,130,10,131,27,136,115,171
49,16,13,130,147,131,212,130,10,132,42,132,132,132,205,132,0,0,107,141,114,138,165,137,135,130,35,131,30,136,127,171
50,16,17,130,145,131,213,130,0,132,53,132,132,132,201,132,0,0,96,141,128,138,182,137,139,130,47,131,26,136,149,171
51,16,18,130,157,131,216,130,249,131,47,132,141,132,207,132,0,0,96,141,143,138,190,137,142,130,39,131,21,136,132,171
52,16,21,130,147,131,209,130,251,131,31,132,145,132,218,132,0,0,94,141,141,138,190,137,147,130,36,131,14,136,102,171
53,16,7,130,132,131,198,130,17,132,35,132,142,132,218,132,0,0,92,141,127,138,169,137,155,130,41,131,20,136,120,171
54,16,247,129,139,131,210,130,22,132,48,132,138,132,214,132,0,0,99,141,114,138,155,137,126,130,48,131,31,136,141,171
55,16,9,130,124,131,216,130,3,132,39,132,122,132,227,132,0,0,98,141,106,138,168,137,102,130,50,131,23,136,133,171
56,16,22,130,117,131,193,130,8,132,23,132,116,132,232,132,0,0,79,141,112,138,167,137,136,130,39,131,10,136,130,171
57,16,14,130,138,131,181,130,24,132,40,132,134,132,204,132,0,0,71,141,138,138,132,137,157,130,26,131,19,136,133,171
58,16,27,130,125,131,190,130,21,132,80,132,134,132,183,132,0,0,86,141,137,138,120,137,135,130,20,131,15,136,138,171
59,16,38,130,114,131,206,130,19,132,69,132,127,132,202,132,0,0,93,141,115,138,161,137,142,130,26,131,20,136,137,171
60,16,11,130,124,131,211,130,7,132,31,132,139,132,216,132,0,0,90,141,108,138,201,137,159,130,34,131,42,136,131,171
61,16,9,130,102,131,199,130,243,131,38,132,145,132,207,132,0,0,76,141,116,138,190,137,136,130,39,131,35,136,137,171
62,16,44,130,114,131,195,130,2,132,52,132,136,132,211,132,0,0,68,141,123,138,184,137,133,130,30,131,11,136,136,171
63,16,40,130,137,131,202,130,20,132,36,132,135,132,209,132,0,0,89,141,123,138,198,137,165,130,38,131,18,136,129,171
64,16,14,130,105,131,202,130,4,132,37,132,136,132,204,132,0,0,105,141,112,138,170,137,160,130,49,131,17,136,136,171
65,16,22,130,110,131,205,130,1,132,56,132,132,132,212,132,0,0,84,141,120,138,160,137,130,130,28,131,252,135,159,171
66,16,37,130,160,131,214,130,2,132,38,132,138,132,178,132,0,0,60,141,143,138,202,137,141,130,25,131,4,136,149,171
67,16,30,130,152,131,212,130,1,132,7,132,134,132,138,132,0,0,67,141,127,138,175,137,154,130,40,131,32,136,111,171
68,16,27,130,126,131,192,130,10,132,22,132,115,132,189,132,0,0,85,141,117,138,89,137,138,130,23,131,36,136,113,171
69,16,38,130,130,131,209,130,22,132,58,132,121,132,238,132,0,0,88,141,131,138,122,137,139,130,18,131,25,136,142,171
70,16,25,130,125,131,225,130,18,132,55,132,149,132,196,132,0,0,84,141,118,138,197,137,153,130,48,131,38,136,129,171
71,16,10,130,117,131,182,130,6,132,33,132,145,132,183,132,0,0,87,141,102,138,154,137,144,130,46,131,46,136,106,171
72,16,22,130,121,131,159,130,10,132,38,132,125,132,212,132,0,0,91,141,104,138,130,137,134,130,39,131,29,136,127,171
73,16,17,130,124,131,195,130,13,132,51,132,133,132,210,132,0,0,77,141,111,138,181,137,132,130,58,131,22,136,150,171
74,16,0,130,132,131,221,130,10,132,39,132,136,132,202,132,0,0,62,141,110,138,189,137,137,130,46,131,29,136,135,171
75,16,18,130,137,131,199,130,248,131,29,132,122,132,203,132,0,0,76,141,110,138,168,137,147,130,15,131,37,136,115,171
76,16,36,130,129,131,174,130,238,131,36,132,129,132,198,132,0,0,87,141,120,138,161,137,160,130,23,131,38,136,117,171
77,16,27,130,121,131,203,130,1,132,40,132,145,132,209,132,0,0,83,141,133,138,143,137,169,130,34,131,39,136,129,171
78,16,29,130,134,131,235,130,4,132,30,132,149,132,209,132,0,0,103,141,118,138,173,137,158,130,18,131,35,136,129,171
79,16,31,130,149,131,203,130,252,131,50,132,135,132,175,132,0,0,112,141,112,138,208,137,136,130,15,131,18,136,127,171
80,16,11,130,145,131,188,130,20,132,81,132,115,132,163,132,0,0,102,141,131,138,142,137,142,130,28,131,15,136,131,171
81,16,252,129,144,131,240,130,46,132,59,132,125,132,197,132,0,0,97,141,123,138,115,137,152,130,24,131,38,136,137,171
82,16,14,130,155,131,251,130,40,132,18,132,138,132,224,132,0,0,84,141,111,138,177,137,132,130,26,131,39,136,147,171
83,16,32,130,123,131,217,130,31,132,28,132,118,132,209,132,0,0,78,141,127,138,202,137,134,130,34,131,24,136,146,171
84,16,20,130,85,131,211,130,35,132,51,132,118,132,195,132,0,0,92,141,119,138,176,137,168,130,35,131,32,136,144,171
85,16,17,130,102,131,229,130,31,132,34,132,126,132,215,132,0,0,82,141,105,138,155,137,157,130,53,131,31,136,138,171
86,16,21,130,116,131,238,130,20,132,27,132,110,132,227,132,0,0,71,141,124,138,142,137,121,130,59,131,30,136,126,171
87,16,21,130,120,131,233,130,13,132,44,132,108,132,211,132,0,0,94,141,113,138,98,137,125,130,30,131,32,136,122,171
88,16,23,130,152,131,219,130,16,132,48,132,150,132,193,132,0,0,93,141,88,138,84,137,154,130,26,131,24,136,121,171
89,16,27,130,148,131,216,130,21,132,45,132,156,132,200,132,0,0,76,141,114,138,145,137,160,130,40,131,33,136,125,171
90,16,34,130,114,131,236,130,16,132,49,132,134,132,220,132,0,0,88,141,142,138,205,137,150,130,36,131,53,136,142,171
91,16,37,130,132,131,226,130,8,132,51,132,168,132,230,132,0,0,76,141,127,138,182,137,151,130,25,131,38,136,146,171
92,16,42,130,168,131,206,130,18,132,45,132,176,132,221,132,0,0,54,141,117,138,171,137,149,130,16,131,15,136,133,171
93,16,31,130,150,131,224,130,25,132,40,132,131,132,222,132,0,0,70,141,117,138,197,137,144,130,23,131,15,136,139,171
94,16,17,130,133,131,236,130,7,132,37,132,126,132,224,132,0,0,87,141,116,138,158,137,143,130,37,131,18,136,153,171
95,16,30,130,134,131,215,130,10,132,43,132,154,132,202,132,0,0,72,141,126,138,133,137,135,130,35,131,27,136,130,171
96,16,32,130,136,131,187,130,27,132,51,132,152,132,193,132,0,0,64,141,125,138,152,137,126,130,23,131,34,136,117,171
97,16,3,130,143,131,193,130,27,132,45,132,135,132,209,132,0,0,72,141,116,138,135,137,131,130,29,131,27,136,128,171
98,16,255,129,150,131,209,130,23,132,29,132,118,132,216,132,0,0,87,141,121,138,157,137,156,130,41,131,29,136,129,171
99,16,26,130,159,131,207,130,18,132,28,132,108,132,222,132,0,0,114,141,122,138,210,137,161,130,42,131,43,136,124,171
100,16,26,130,157,131,198,130,8,132,47,132,127,132,225,132,0,0,110,141,121,138,195,137,143,130,46,131,35,136,138,171
101,16,13,130,116,131,194,130,14,132,54,132,137,132,195,132,0,0,80,141,123,138,179,137,143,130,36,131,18,136,148,171
102,16,3,130,94,131,209,130,27,132,36,132,125,132,180,132,0,0,81,141,114,138,202,137,154,130,39,131,28,136,134,171
103,16,3,130,139,131,217,130,9,132,27,132,121,132,207,132,0,0,88,141,108,138,205,137,145,130,50,131,34,136,128,171
104,16,17,130,131,131,213,130,8,132,34,132,133,132,220,132,0,0,75,141,112,138,185,137,136,130,38,131,22,136,144,171
105,16,8,130,90,131,212,130,31,132,38,132,150,132,198,132,0,0,75,141,97,138,125,137,150,130,41,131,23,136,136,171
106,16,3,130,124,131,206,130,33,132,43,132,155,132,189,132,0,0,99,141,94,138,81,137,156,130,58,131,26,136,119,171
107,16,25,130,158,131,204,130,21,132,48,132,148,132,211,132,0,0,108,141,114,138,135,137,141,130,45,131,11,136,129,171
108,16,24,130,130,131,217,130,13,132,37,132,146,132,225,132,0,0,92,141,120,138,176,137,135,130,19,131,30,136,143,171
109,16,254,129,113,131,216,130,19,132,34,132,147,132,214,132,0,0,94,141,115,138,133,137,152,130,28,131,47,136,131,171
110,16,7,130,135,131,195,130,15,132,52,132,133,132,206,132,0,0,111,141,119,138,100,137,172,130,47,131,30,136,129,171
111,16,29,130,138,131,192,130,5,132,53,132,133,132,208,132,0,0,100,141,116,138,100,137,168,130,47,131,30,136,137,171
112,16,15,130,123,131,204,130,13,132,29,132,141,132,207,132,0,0,75,141,114,138,147,137,152,130,49,131,38,136,127,171
113,16,249,129,128,131,201,130,22,132,36,132,141,132,225,132,0,0,74,141,120,138,192,137,140,130,44,131,22,136,125,171
114,16,3,130,126,131,194,130,11,132,59,132,144,132,225,132,0,0,87,141,113,138,143,137,144,130,21,131,25,136,133,171
115,16,16,130,113,131,200,130,247,131,27,132,150,132,182,132,0,0,91,141,110,138,109,137,165,130,6,131,41,136,137,171
116,16,242,129,121,131,191,130,252,131,1,132,136,132,185,132,0,0,97,141,129,138,164,137,169,130,33,131,33,136,130,171
117,16,224,129,140,131,184,130,13,132,48,132,129,132,225,132,0,0,85,141,135,138,195,137,148,130,57,131,45,136,112,171
118,16,6,130,133,131,211,130,21,132,69,132,137,132,213,132,0,0,69,141,121,138,164,137,141,130,32,131,71,136,115,171
119,16,14,130,126,131,206,130,12,132,33,132,140,132,193,132,0,0,92,141,117,138,174,137,141,130,8,131,49,136,135,171
120,16,248,129,120,131,193,130,253,131,34,132,137,132,202,132,0,0,109,141,124,138,187,137,140,130,26,131,34,136,139,171
121,16,6,130,122,131,234,130,8,132,57,132,130,132,195,132,0,0,95,141,118,138,173,137,140,130,46,131,59,136,126,171
122,16,28,130,123,131,246,130,23,132,41,132,136,132,187,132,0,0,97,141,106,138,176,137,138,130,32,131,56,136,128,171
123,16,21,130,100,131,207,130,8,132,35,132,143,132,215,132,0,0,99,141,108,138,181,137,144,130,28,131,38,136,139,171
124,16,4,130,94,131,206,130,252,131,55,132,142,132,223,132,0,0,101,141,116,138,178,137,143,130,41,131,47,136,141,171
125,16,3,130,108,131,230,130,8,132,59,132,140,132,207,132,0,0,112,141,108,138,174,137,142,130,41,131,46,136,136,171
126,16,9,130,107,131,209,130,29,132,48,132,126,132,199,132,0,0,103,141,100,138,184,137,161,130,41,131,31,136,135,171
127,16,11,130,116,131,187,130,29,132,28,132,114,132,196,132,77,0,72,141,108,138,186,137,164,130,47,131,26,136,137,171
0,16,9,130,139,131,218,130,23,132,24,132,120,132,201,132,0,0,65,141,125,138,176,137,133,130,51,131,26,136,134,171
1,16,6,130,120,131,219,130,13,132,43,132,133,132,200,132,0,0,90,141,113,138,183,137,130,130,43,131,31,136,135,171
2,16,6,130,101,131,187,130,0,132,37,132,144,132,190,132,0,0,98,141,99,138,191,137,154,130,41,131,41,136,126,171
3,16,20,130,114,131,192,130,4,132,21,132,150,132,191,132,0,0,77,141,106,138,178,137,156,130,51,131,22,136,137,171
4,16,28,130,113,131,209,130,11,132,33,132,134,132,209,132,0,0,63,141,114,138,165,137,149,130,55,131,7,136,144,171
5,16,22,130,121,131,212,130,17,132,39,132,128,132,204,132,0,0,74,141,119,138,194,137,145,130,37,131,31,136,112,171
6,16,14,130,147,131,216,130,11,132,29,132,149,132,195,132,0,0,98,141,123,138,186,137,141,130,10,131,41,136,109,171
7,16,12,130,158,131,201,130,9,132,38,132,151,132,218,132,0,0,107,141,122,138,141,137,152,130,23,131,18,136,143,171
8,16,24,130,133,131,200,130,14,132,50,132,142,132,222,132,0,0,88,141,112,138,147,137,162,130,44,131,15,136,137,171
9,16,28,130,113,131,215,130,6,132,52,132,146,132,205,132,0,0,72,141,105,138,194,137,158,130,29,131,27,136,114,171
10,16,18,130,132,131,206,130,17,132,34,132,134,132,206,132,0,0,82,141,113,138,211,137,154,130,34,131,34,136,126,171
11,16,20,130,152,131,191,130,33,132,12,132,118,132,222,132,0,0,100,141,125,138,164,137,151,130,58,131,38,136,134,171
12,16,33,130,136,131,193,130,24,132,27,132,136,132,211,132,0,0,105,141,135,138,141,137,142,130,46,131,25,136,130,171
13,16,38,130,114,131,207,130,12,132,43,132,157,132,197,132,0,0,95,141,114,138,177,137,140,130,30,131,25,136,126,171
14,16,27,130,125,131,225,130,29,132,31,132,160,132,196,132,0,0,82,141,103,138,167,137,149,130,41,131,37,136,117,171
15,16,17,130,136,131,212,130,35,132,34,132,150,132,193,132,0,0,74,141,114,138,115,137,147,130,47,131,39,136,129,171
16,16,30,130,136,131,188,130,13,132,40,132,139,132,205,132,0,0,69,141,113,138,147,137,138,130,42,131,40,136,146,171
17,16,33,130,154,131,186,130,8,132,24,132,136,132,187,132,0,0,65,141,108,138,208,137,141,130,42,131,41,136,148,171
18,16,0,130,159,131,209,130,17,132,33,132,135,132,150,132,0,0,75,141,127,138,185,137,150,130,30,131,24,136,147,171
19,16,247,129,129,131,205,130,15,132,55,132,134,132,171,132,0,0,96,141,135,138,171,137,146,130,12,131,23,136,144,171
20,16,16,130,102,131,187,130,12,132,46,132,126,132,228,132,0,0,99,141,113,138,187,137,130,130,24,131,38,136,138,171
21,16,21,130,118,131,191,130,19,132,38,132,136,132,239,132,0,0,94,141,114,138,182,137,146,130,33,131,29,136,137,171
22,16,13,130,135,131,197,130,17,132,40,132,157,132,194,132,0,0,100,141,119,138,174,137,164,130,18,131,30,136,138,171
23,16,20,130,118,131,203,130,14,132,37,132,160,132,164,132,0,0,102,141,103,138,192,137,152,130,17,131,40,136,140,171
24,16,25,130,113,131,205,130,27,132,37,132,143,132,178,132,0,0,81,141,105,138,181,137,139,130,39,131,35,136,136,171
25,16,15,130,124,131,197,130,32,132,44,132,128,132,220,132,0,0,75,141,130,138,117,137,143,130,42,131,38,136,129,171
26,16,3,130,125,131,191,130,21,132,39,132,141,132,215,132,0,0,82,141,132,138,118,137,138,130,29,131,51,136,136,171
27,16,253,129,120,131,195,130,14,132,31,132,152,132,184,132,0,0,79,141,107,138,178,137,127,130,39,131,31,136,140,171
28,16,5,130,133,131,204,130,23,132,39,132,143,132,204,132,0,0,80,141,106,138,180,137,139,130,38,131,254,135,137,171
29,16,12,130,135,131,194,130,22,132,44,132,133,132,229,132,0,0,91,141,129,138,160,137,147,130,20,131,12,136,136,171
30,16,12,130,122,131,188,130,23,132,35,132,141,132,206,132,0,0,102,141,123,138,188,137,144,130,23,131,39,136,132,171
31,16,29,130,135,131,199,130,29,132,29,132,156,132,185,132,0,0,107,141,96,138,200,137,153,130,38,131,36,136,126,171
32,16,32,130,155,131,206,130,4,132,39,132,142,132,210,132,0,0,106,141,107,138,178,137,154,130,33,131,20,136,133,171
33,16,12,130,157,131,217,130,244,131,29,132,125,132,225,132,0,0,99,141,123,138,191,137,152,130,17,131,28,136,142,171
34,16,8,130,147,131,225,130,32,132,7,132,132,132,213,132,0,0,86,141,105,138,190,137,150,130,28,131,48,136,138,171
35,16,23,130,147,131,219,130,51,132,31,132,150,132,222,132,0,0,90,141,109,138,147,137,150,130,34,131,43,136,128,171
36,16,29,130,156,131,211,130,22,132,56,132,146,132,235,132,0,0,102,141,120,138,136,137,157,130,16,131,26,136,131,171
37,16,23,130,139,131,202,130,32,132,41,132,130,132,216,132,0,0,90,141,110,138,184,137,165,130,21,131,27,136,132,171
38,16,21,130,107,131,201,130,41,132,39,132,130,132,200,132,0,0,81,141,108,138,205,137,148,130,47,131,41,136,125,171
39,16,20,130,109,131,208,130,13,132,53,132,147,132,211,132,0,0,94,141,119,138,179,137,129,130,46,131,38,136,128,171
40,16,2,130,133,131,204,130,0,132,37,132,169,132,202,132,0,0,92,141,112,138,184,137,162,130,19,131,22,136,137,171
41,16,2,130,125,131,205,130,20,132,33,132,146,132,205,132,0,0,70,141,104,138,187,137,188,130,22,131,24,136,126,171
42,16,16,130,112,131,237,130,35,132,53,132,112,132,223,132,0,0,68,141,126,138,175,137,156,130,36,131,39,136,115,171
43,16,1,130,136,131,247,130,35,132,38,132,128,132,184,132,0,0,72,141,129,138,192,137,141,130,39,131,27,136,123,171
44,16,2,130,149,131,220,130,38,132,31,132,136,132,157,132,0,0,71,141,108,138,156,137,158,130,45,131,4,136,133,171
45,16,33,130,126,131,200,130,35,132,59,132,121,132,213,132,0,0,81,141,105,138,116,137,148,130,34,131,24,136,131,171
46,16,36,130,131,131,212,130,20,132,58,132,130,132,233,132,0,0,73,141,113,138,156,137,130,130,27,131,55,136,126,171
47,16,15,130,169,131,231,130,8,132,36,132,142,132,193,132,0,0,65,141,108,138,194,137,141,130,22,131,49,136,127,171
48,16,14,130,148,131,228,130,13,132,33,132,135,132,204,132,0,0,83,141,107,138,182,137,148,130,17,131,33,136,144,171
49,16,17,130,91,131,219,130,26,132,28,132,150,132,230,132,0,0,89,141,113,138,176,137,133,130,38,131,44,136,145,171
50,16,8,130,87,131,209,130,26,132,32,132,161,132,217,132,0,0,85,141,116,138,187,137,125,130,52,131,45,136,114,171
51,16,12,130,123,131,198,130,22,132,44,132,134,132,194,132,0,0,105,141,125,138,186,137,138,130,25,131,28,136,109,171
52,16,17,130,146,131,202,130,22,132,27,132,117,132,177,132,0,0,119,141,128,138,190,137,152,130,6,131,17,136,136,171
53,16,9,130,143,131,209,130,54,132,28,132,121,132,195,132,0,0,93,141,115,138,182,137,143,130,30,131,7,136,136,171
54,16,18,130,140,131,204,130,60,132,52,132,125,132,244,132,0,0,80,141,113,138,176,137,137,130,31,131,14,136,130,171
55,16,42,130,148,131,220,130,22,132,45,132,137,132,226,132,0,0,93,141,118,138,187,137,135,130,6,131,34,136,138,171
56,16,40,130,157,131,244,130,27,132,35,132,145,132,185,132,0,0,85,141,128,138,171,137,125,130,18,131,33,136,128,171
57,16,16,130,140,131,220,130,57,132,44,132,126,132,235,132,0,0,85,141,128,138,153,137,135,130,55,131,23,136,124,171
58,16,10,130,132,131,197,130,38,132,39,132,105,132,236,132,0,0,103,141,111,138,168,137,156,130,51,131,21,136,126,171
59,16,22,130,134,131,222,130,18,132,40,132,124,132,159,132,0,0,95,141,116,138,186,137,151,130,17,131,26,136,130,171
60,16,25,130,123,131,222,130,33,132,54,132,153,132,184,132,0,0,98,141,139,138,191,137,142,130,15,131,37,136,139,171
61,16,20,130,124,131,178,130,22,132,44,132,151,132,247,132,0,0,120,141,127,138,182,137,136,130,34,131,33,136,140,171
62,16,20,130,121,131,188,130,3,132,30,132,135,132,217,132,0,0,108,141,101,138,171,137,131,130,33,131,19,136,137,171
63,16,17,130,118,131,216,130,23,132,33,132,138,132,187,132,0,0,74,141,114,138,186,137,147,130,11,131,42,136,139,171
64,16,7,130,134,131,209,130,29,132,42,132,135,132,206,132,0,0,73,141,134,138,181,137,163,130,21,131,58,136,126,171
65,16,9,130,122,131,212,130,9,132,49,132,130,132,199,132,0,0,89,141,139,138,115,137,157,130,45,131,18,136,117,171
66,16,21,130,106,131,210,130,7,132,51,132,138,132,202,132,0,0,78,141,144,138,96,137,151,130,39,131,1,136,134,171
67,16,24,130,132,131,191,130,18,132,49,132,133,132,211,132,0,0,71,141,135,138,159,137,147,130,31,131,29,136,137,171
68,16,13,130,148,131,197,130,20,132,40,132,132,132,201,132,0,0,95,141,122,138,201,137,152,130,51,131,53,136,123,171
69,16,27,130,126,131,220,130,15,132,37,132,148,132,214,132,0,0,103,141,121,138,183,137,159,130,53,131,57,136,137,171
70,16,55,130,123,131,216,130,6,132,45,132,146,132,219,132,0,0,88,141,123,138,121,137,147,130,25,131,20,136,156,171
71,16,44,130,135,131,212,130,20,132,36,132,124,132,199,132,0,0,96,141,116,138,100,137,151,130,17,131,250,135,149,171
72,16,5,130,132,131,222,130,48,132,34,132,134,132,206,132,0,0,108,141,116,138,177,137,179,130,30,131,21,136,132,171
73,16,248,129,132,131,190,130,45,132,63,132,148,132,232,132,0,0,92,141,119,138,195,137,158,130,38,131,38,136,128,171
74,16,17,130,145,131,176,130,23,132,44,132,136,132,232,132,0,0,84,141,99,138,133,137,121,130,34,131,28,136,134,171
75,16,20,130,148,131,204,130,10,132,244,131,139,132,226,132,0,0,100,141,96,138,146,137,129,130,31,131,20,136,134,171
76,16,12,130,121,131,196,130,5,132,10,132,160,132,228,132,0,0,97,141,129,138,188,137,141,130,45,131,8,136,124,171
77,16,36,130,105,131,195,130,18,132,62,132,148,132,228,132,0,0,59,141,129,138,176,137,126,130,55,131,10,136,129,171
78,16,48,130,121,131,228,130,31,132,39,132,119,132,225,132,0,0,70,141,103,138,176,137,135,130,42,131,40,136,155,171
79,16,29,130,139,131,213,130,20,132,250,131,128,132,215,132,0,0,111,141,113,138,191,137,158,130,15,131,38,136,154,171
80,16,9,130,153,131,192,130,3,132,0,132,140,132,218,132,0,0,89,141,132,138,185,137,146,130,20,131,27,136,124,171
81,16,10,130,135,131,229,130,10,132,45,132,143,132,234,132,0,0,59,141,129,138,193,137,136,130,36,131,44,136,125,171
82,16,19,130,96,131,235,130,47,132,65,132,140,132,225,132,0,0,87,141,135,138,200,137,147,130,37,131,35,136,137,171
83,16,28,130,97,131,192,130,60,132,41,132,124,132,200,132,0,0,114,141,124,138,188,137,139,130,38,131,8,136,121,171
84,16,22,130,138,131,199,130,31,132,35,132,126,132,195,132,0,0,97,141,100,138,182,137,126,130,47,131,11,136,113,171
85,16,11,130,150,131,236,130,2,132,57,132,140,132,194,132,0,0,86,141,108,138,180,137,145,130,26,131,35,136,137,171
86,16,10,130,134,131,213,130,0,132,42,132,131,132,187,132,0,0,99,141,124,138,183,137,164,130,20,131,39,136,151,171
87,16,19,130,129,131,189,130,33,132,25,132,138,132,188,132,0,0,101,141,107,138,184,137,143,130,47,131,35,136,140,171
88,16,20,130,124,131,211,130,49,132,45,132,150,132,188,132,0,0,84,141,106,138,180,137,122,130,51,131,40,136,118,171
89,16,6,130,127,131,219,130,31,132,50,132,113,132,195,132,0,0,72,141,137,138,179,137,137,130,42,131,40,136,110,171
90,16,5,130,127,131,208,130,19,132,45,132,92,132,220,132,0,0,79,141,130,138,184,137,158,130,32,131,32,136,132,171
91,16,1,130,125,131,214,130,30,132,46,132,119,132,230,132,0,0,93,141,112,138,183,137,141,130,22,131,38,136,142,171
92,16,253,129,132,131,221,130,45,132,53,132,134,132,189,132,0,0,104,141,116,138,174,137,128,130,34,131,42,136,135,171
93,16,23,130,138,131,210,130,46,132,57,132,131,132,170,132,0,0,99,141,120,138,174,137,145,130,47,131,5,136,142,171
94,16,23,130,121,131,202,130,27,132,43,132,126,132,215,132,0,0,93,141,122,138,187,137,143,130,33,131,253,135,139,171
95,16,1,130,105,131,206,130,13,132,26,132,124,132,225,132,0,0,100,141,130,138,193,137,134,130,20,131,36,136,118,171
96,16,20,130,105,131,209,130,14,132,37,132,128,132,202,132,0,0,97,141,123,138,175,137,143,130,21,131,38,136,110,171
97,16,39,130,109,131,211,130,22,132,57,132,130,132,215,132,0,0,93,141,120,138,165,137,150,130,19,131,24,136,126,171
98,16,20,130,127,131,198,130,30,132,55,132,132,132,222,132,0,0,100,141,137,138,170,137,152,130,27,131,41,136,137,171
99,16,18,130,151,131,207,130,38,132,50,132,150,132,202,132,0,0,95,141,126,138,175,137,157,130,27,131,36,136,123,171
100,16,31,130,140,131,238,130,27,132,46,132,147,132,211,132,0,0,85,141,117,138,188,137,147,130,18,131,21,136,97,171
101,16,25,130,115,131,238,130,19,132,52,132,132,132,235,132,0,0,92,141,123,138,169,137,134,130,18,131,41,136,108,171
102,16,13,130,139,131,226,130,27,132,59,132,130,132,216,132,0,0,97,141,116,138,142,137,148,130,22,131,52,136,140,171
103,16,12,130,156,131,234,130,30,132,32,132,130,132,185,132,0,0,84,141,122,138,170,137,153,130,27,131,40,136,140,171
104,16,11,130,129,131,223,130,26,132,22,132,131,132,194,132,0,0,92,141,127,138,201,137,138,130,31,131,35,136,133,171
105,16,13,130,114,131,198,130,41,132,56,132,124,132,219,132,0,0,108,141,120,138,184,137,135,130,31,131,22,136,145,171
106,16,29,130,119,131,205,130,68,132,59,132,113,132,224,132,0,0,101,141,115,138,169,137,142,130,39,131,14,136,139,171
107,16,32,130,120,131,227,130,68,132,41,132,113,132,236,132,0,0,82,141,116,138,194,137,150,130,40,131,35,136,136,171
108,16,22,130,134,131,236,130,19,132,63,132,127,132,229,132,0,0,84,141,121,138,206,137,152,130,33,131,40,136,144,171
109,16,18,130,158,131,229,130,2,132,65,132,130,132,193,132,0,0,93,141,128,138,155,137,144,130,36,131,7,136,134,171
110,16,29,130,149,131,214,130,40,132,21,132,123,132,192,132,0,0,97,141,114,138,129,137,145,130,30,131,10,136,128,171
111,16,35,130,148,131,215,130,48,132,26,132,118,132,216,132,0,0,101,141,105,138,179,137,158,130,21,131,49,136,135,171
112,16,15,130,167,131,216,130,14,132,39,132,122,132,214,132,0,0,82,141,130,138,160,137,160,130,40,131,38,136,134,171
113,16,252,129,160,131,216,130,16,132,5,132,138,132,216,132,0,0,58,141,129,138,77,137,138,130,57,131,10,136,125,171
114,16,255,129,132,131,220,130,21,132,14,132,148,132,223,132,0,0,81,141,109,138,123,137,117,130,35,131,27,136,124,171
115,16,18,130,126,131,226,130,7,132,56,132,137,132,196,132,0,0,95,141,110,138,207,137,127,130,39,131,40,136,126,171
116,16,13,130,140,131,222,130,14,132,45,132,119,132,189,132,0,0,66,141,120,138,183,137,154,130,52,131,27,136,123,171
117,16,6,130,129,131,210,130,15,132,26,132,125,132,211,132,0,0,73,141,128,138,160,137,161,130,20,131,25,136,123,171
118,16,32,130,117,131,219,130,5,132,40,132,132,132,204,132,0,0,109,141,123,138,183,137,146,130,24,131,32,136,129,171
119,16,33,130,124,131,205,130,28,132,43,132,138,132,190,132,0,0,97,141,121,138,184,137,145,130,63,131,41,136,127,171
120,16,15,130,123,131,183,130,41,132,21,132,133,132,207,132,0,0,78,141,134,138,171,137,157,130,45,131,44,136,121,171
121,16,14,130,108,131,209,130,15,132,16,132,116,132,230,132,0,0,98,141,130,138,180,137,148,130,22,131,28,136,139,171
122,16,16,130,90,131,243,130,8,132,36,132,124,132,208,132,0,0,104,141,116,138,188,137,143,130,60,131,14,136,152,171
123,16,20,130,81,131,231,130,17,132,43,132,134,132,184,132,0,0,89,141,123,138,170,137,153,130,55,131,15,136,133,171
124,16,21,130,93,131,195,130,5,132,34,132,135,132,216,132,0,0,93,141,129,138,157,137,141,130,13,131,27,136,136,171
125,16,28,130,115,131,195,130,1,132,24,132,152,132,245,132,0,0,90,141,115,138,169,137,140,130,16,131,32,136,152,171
126,16,45,130,123,131,217,130,13,132,14,132,137,132,220,132,0,0,90,141,109,138,182,137,162,130,30,131,25,136,132,171
127,16,26,130,127,131,216,130,13,132,26,132,99,132,200,132,77,0,107,141,116,138,188,137,148,130,28,131,22,136,121,171
0,16,251,129,137,131,199,130,12,132,46,132,113,132,215,132,0,0,81,141,126,138,189,137,125,130,28,131,25,136,132,171
1,16,14,130,150,131,195,130,4,132,33,132,148,132,226,132,0,0,52,141,134,138,183,137,135,130,23,131,29,136,122,171
2,16,37,130,155,131,212,130,16,132,31,132,139,132,218,132,0,0,68,141,133,138,188,137,136,130,14,131,30,136,116,171
3,16,23,130,145,131,235,130,34,132,68,132,134,132,203,132,0,0,89,141,134,138,189,137,125,130,9,131,33,136,141,171
4,16,9,130,128,131,243,130,6,132,55,132,145,132,199,132,0,0,84,141,141,138,177,137,141,130,8,131,31,136,143,171
5,16,24,130,112,131,229,130,239,131,21,132,132,132,211,132,0,0,84,141,133,138,180,137,155,130,27,131,22,136,124,171
6,16,31,130,98,131,208,130,12,132,61,132,129,132,210,132,0,0,87,141,122,138,185,137,148,130,29,131,25,136,136,171
7,16,20,130,98,131,208,130,15,132,67,132,141,132,202,132,0,0,78,141,112,138,172,137,136,130,16,131,32,136,144,171
8,16,21,130,110,131,233,130,18,132,5,132,148,132,200,132,0,0,76,141,102,138,170,137,134,130,36,131,31,136,139,171
9,16,30,130,115,131,232,130,63,132,3,132,145,132,206,132,0,0,86,141,114,138,196,137,150,130,41,131,21,136,147,171
10,16,23,130,112,131,201,130,69,132,49,132,134,132,225,132,0,0,99,141,138,138,181,137,146,130,24,131,24,136,149,171
11,16,19,130,121,131,203,130,35,132,39,132,130,132,224,132,0,0,90,141,131,138,114,137,126,130,29,131,37,136,134,171
12,16,44,130,134,131,218,130,17,132,26,132,128,132,195,132,0,0,70,141,122,138,125,137,133,130,43,131,39,136,139,171
13,16,52,130,130,131,207,130,21,132,45,132,125,132,201,132,0,0,73,141,133,138,209,137,151,130,45,131,40,136,157,171
14,16,21,130,108,131,200,130,42,132,39,132,130,132,227,132,0,0,85,141,139,138,201,137,151,130,48,131,24,136,151,171
15,16,11,130,108,131,208,130,51,132,46,132,144,132,211,132,0,0,95,141,127,138,156,137,156,130,35,131,12,136,127,171
16,16,26,130,127,131,204,130,12,132,54,132,146,132,192,132,0,0,93,141,123,138,171,137,154,130,22,131,40,136,123,171
17,16,17,130,127,131,193,130,248,131,31,132,130,132,207,132,0,0,80,141,124,138,167,137,144,130,33,131,56,136,138,171
18,16,4,130,123,131,198,130,29,132,38,132,137,132,210,132,0,0,73,141,113,138,171,137,160,130,40,131,29,136,141,171
19,16,18,130,139,131,196,130,29,132,63,132,157,132,198,132,0,0,88,141,105,138,170,137,176,130,32,131,5,136,142,171
20,16,29,130,150,131,195,130,4,132,45,132,146,132,197,132,0,0,103,141,127,138,127,137,147,130,38,131,15,136,143,171
21,16,16,130,138,131,213,130,17,132,15,132,122,132,201,132,0,0,86,141,140,138,157,137,123,130,56,131,16,136,129,171
22,16,13,130,111,131,217,130,35,132,30,132,136,132,206,132,0,0,66,141,115,138,206,137,127,130,46,131,11,136,132,171
23,16,24,130,107,131,210,130,30,132,43,132,146,132,227,132,0,0,60,141,122,138,143,137,135,130,26,131,30,136,137,171
24,16,17,130,125,131,225,130,15,132,31,132,130,132,234,132,0,0,75,141,141,138,89,137,135,130,35,131,9,136,136,171
25,16,8,130,120,131,226,130,0,132,20,132,148,132,204,132,0,0,93,141,117,138,149,137,134,130,50,131,234,135,153,171
26,16,15,130,104,131,206,130,15,132,36,132,164,132,190,132,0,0,87,141,110,138,184,137,149,130,37,131,6,136,158,171
27,16,13,130,88,131,200,130,45,132,47,132,140,132,198,132,0,0,77,141,135,138,147,137,165,130,17,131,35,136,136,171
28,16,12,130,85,131,200,130,34,132,34,132,131,132,194,132,0,0,87,141,126,138,114,137,157,130,27,131,23,136,141,171
29,16,22,130,105,131,191,130,30,132,49,132,148,132,204,132,0,0,96,141,113,138,94,137,138,130,37,131,6,136,151,171
30,16,4,130,126,131,206,130,41,132,63,132,148,132,233,132,0,0,86,141,132,138,136,137,131,130,32,131,3,136,131,171
31,16,246,129,125,131,237,130,32,132,40,132,128,132,225,132,0,0,92,141,136,138,173,137,134,130,43,131,22,136,125,171
32,16,24,130,124,131,229,130,26,132,30,132,130,132,207,132,0,0,109,141,118,138,134,137,129,130,42,131,46,136,132,171
33,16,32,130,139,131,196,130,30,132,38,132,148,132,213,132,0,0,108,141,110,138,124,137,128,130,21,131,37,136,126,171
34,16,19,130,144,131,191,130,37,132,41,132,158,132,213,132,0,0,92,141,113,138,155,137,144,130,36,131,0,136,123,171
35,16,31,130,133,131,207,130,40,132,33,132,146,132,211,132,0,0,91,141,118,138,164,137,159,130,67,131,246,135,128,171
36,16,44,130,127,131,215,130,27,132,15,132,137,132,212,132,0,0,98,141,127,138,176,137,141,130,40,131,22,136,140,171
37,16,34,130,130,131,198,130,16,132,12,132,146,132,215,132,0,0,92,141,130,138,188,137,135,130,3,131,37,136,131,171
38,16,26,130,123,131,200,130,29,132,44,132,148,132,214,132,0,0,89,141,121,138,125,137,163,130,36,131,16,136,106,171
39,16,24,130,105,131,223,130,29,132,62,132,140,132,207,132,0,0,91,141,130,138,69,137,166,130,72,131,18,136,104,171
40,16,14,130,111,131,207,130,15,132,45,132,139,132,192,132,0,0,86,141,141,138,133,137,145,130,41,131,30,136,120,171
41,16,20,130,130,131,175,130,26,132,31,132,149,132,191,132,0,0,77,141,112,138,195,137,158,130,12,131,19,136,132,171
42,16,34,130,134,131,183,130,22,132,37,132,144,132,198,132,0,0,71,141,100,138,170,137,172,130,32,131,21,136,130,171
43,16,26,130,128,131,212,130,0,132,42,132,139,132,196,132,0,0,77,141,120,138,133,137,136,130,35,131,27,136,120,171
44,16,23,130,131,131,226,130,21,132,34,132,152,132,198,132,0,0,86,141,114,138,173,137,126,130,22,131,10,136,121,171
45,16,34,130,148,131,221,130,47,132,33,132,161,132,203,132,0,0,93,141,112,138,214,137,157,130,33,131,19,136,131,171
46,16,29,130,153,131,219,130,31,132,50,132,132,132,207,132,0,0,98,141,126,138,170,137,157,130,38,131,40,136,130,171
47,16,3,130,127,131,228,130,8,132,46,132,121,132,223,132,0,0,97,141,115,138,159,137,139,130,41,131,31,136,117,171
48,16,252,129,124,131,221,130,13,132,27,132,158,132,229,132,0,0,85,141,111,138,184,137,138,130,44,131,18,136,128,171
49,16,14,130,148,131,218,130,7,132,49,132,159,132,210,132,0,0,84,141,129,138,168,137,135,130,40,131,20,136,141,171
50,16,24,130,141,131,237,130,250,131,60,132,133,132,204,132,0,0,92,141,142,138,157,137,119,130,39,131,22,136,133,171
51,16,12,130,113,131,232,130,17,132,38,132,137,132,207,132,0,0,91,141,132,138,175,137,136,130,46,131,19,136,135,171
52,16,255,129,125,131,219,130,31,132,36,132,145,132,202,132,0,0,89,141,114,138,191,137,163,130,50,131,21,136,145,171
53,16,12,130,149,131,219,130,24,132,50,132,136,132,197,132,0,0,89,141,117,138,160,137,164,130,49,131,33,136,131,171
54,16,16,130,138,131,209,130,36,132,44,132,138,132,185,132,0,0,92,141,130,138,95,137,157,130,37,131,28,136,125,171
55,16,242,129,129,131,188,130,42,132,29,132,149,132,183,132,0,0,111,141,114,138,96,137,157,130,24,131,18,136,124,171
56,16,248,129,139,131,199,130,16,132,47,132,143,132,210,132,0,0,121,141,106,138,177,137,161,130,34,131,32,136,113,171
57,16,36,130,138,131,208,130,14,132,75,132,134,132,213,132,0,0,97,141,118,138,205,137,140,130,39,131,30,136,127,171
58,16,37,130,126,131,193,130,43,132,69,132,136,132,191,132,0,0,76,141,117,138,167,137,125,130,29,131,4,136,139,171
59,16,11,130,141,131,206,130,28,132,46,132,146,132,213,132,0,0,84,141,127,138,178,137,146,130,43,131,12,136,134,171
60,16,20,130,158,131,204,130,251,131,35,132,152,132,231,132,0,0,93,141,143,138,179,137,167,130,50,131,31,136,128,171
61,16,26,130,130,131,180,130,16,132,51,132,139,132,206,132,0,0,86,141,118,138,163,137,162,130,44,131,22,136,132,171
62,16,12,130,111,131,196,130,47,132,58,132,129,132,212,132,0,0,85,141,96,138,148,137,149,130,26,131,23,136,132,171
63,16,12,130,139,131,220,130,42,132,45,132,137,132,233,132,0,0,111,141,116,138,119,137,160,130,9,131,30,136,128,171
64,16,16,130,157,131,210,130,24,132,56,132,158,132,206,132,0,0,118,141,119,138,152,137,165,130,22,131,30,136,129,171
65,16,5,130,121,131,185,130,5,132,73,132,154,132,191,132,0,0,97,141,111,138,190,137,151,130,38,131,40,136,128,171
66,16,12,130,101,131,194,130,14,132,44,132,125,132,208,132,0,0,104,141,121,138,160,137,151,130,27,131,34,136,125,171
67,16,32,130,137,131,205,130,34,132,27,132,132,132,210,132,0,0,116,141,129,138,138,137,164,130,16,131,25,136,128,171
68,16,25,130,158,131,204,130,29,132,53,132,148,132,204,132,0,0,88,141,121,138,135,137,167,130,21,131,43,136,143,171
69,16,14,130,139,131,211,130,27,132,52,132,124,132,192,132,0,0,64,141,123,138,127,137,171,130,13,131,43,136,130,171
70,16,4,130,125,131,212,130,34,132,33,132,126,132,179,132,0,0,91,141,128,138,161,137,158,130,24,131,22,136,119,171
71,16,255,129,134,131,205,130,19,132,42,132,165,132,192,132,0,0,113,141,120,138,197,137,136,130,45,131,28,136,140,171
72,16,15,130,142,131,205,130,13,132,48,132,146,132,212,132,0,0,96,141,118,138,173,137,152,130,31,131,42,136,130,171
73,16,20,130,137,131,208,130,22,132,33,132,123,132,209,132,0,0,94,141,122,138,176,137,167,130,37,131,30,136,113,171
74,16,15,130,138,131,200,130,14,132,24,132,142,132,201,132,0,0,103,141,117,138,194,137,157,130,47,131,23,136,133,171
75,16,23,130,150,131,199,130,17,132,30,132,121,132,198,132,0,0,95,141,110,138,175,137,157,130,30,131,38,136,153,171
76,16,24,130,166,131,216,130,12,132,44,132,107,132,212,132,0,0,91,141,110,138,185,137,164,130,41,131,34,136,139,171
77,16,15,130,157,131,228,130,254,131,53,132,129,132,226,132,0,0,92,141,108,138,196,137,156,130,69,131,10,136,127,171
78,16,17,130,131,131,215,130,15,132,46,132,138,132,189,132,0,0,81,141,117,138,189,137,163,130,43,131,12,136,137,171
79,16,20,130,132,131,205,130,34,132,43,132,137,132,182,132,0,0,73,141,122,138,189,137,171,130,15,131,44,136,139,171
80,16,7,130,148,131,222,130,40,132,48,132,135,132,222,132,0,0,87,141,115,138,190,137,154,130,35,131,25,136,137,171
81,16,6,130,153,131,210,130,35,132,52,132,134,132,217,132,0,0,101,141,132,138,179,137,146,130,43,131,236,135,128,171
82,16,16,130,141,131,184,130,24,132,42,132,144,132,204,132,0,0,94,141,127,138,172,137,154,130,47,131,250,135,130,171
83,16,29,130,136,131,200,130,15,132,29,132,145,132,227,132,0,0,93,141,103,138,187,137,149,130,55,131,38,136,135,171
84,16,30,130,131,131,218,130,39,132,26,132,129,132,208,132,0,0,97,141,122,138,186,137,143,130,36,131,40,136,115,171
85,16,16,130,126,131,210,130,57,132,37,132,130,132,199,132,0,0,75,141,140,138,177,137,148,130,22,131,1,136,118,171
86,16,24,130,138,131,217,130,30,132,72,132,151,132,235,132,0,0,66,141,113,138,186,137,158,130,49,131,246,135,136,171
87,16,36,130,134,131,216,130,13,132,82,132,151,132,213,132,0,0,90,141,102,138,192,137,155,130,54,131,6,136,135,171
88,16,9,130,111,131,185,130,21,132,62,132,135,132,193,132,0,0,91,141,124,138,190,137,145,130,11,131,254,135,140,171
89,16,244,129,114,131,184,130,44,132,43,132,131,132,232,132,0,0,89,141,125,138,187,137,148,130,11,131,247,135,150,171
90,16,28,130,136,131,212,130,53,132,34,132,140,132,223,132,0,0,115,141,107,138,186,137,168,130,39,131,8,136,132,171
91,16,62,130,136,131,210,130,40,132,39,132,133,132,184,132,0,0,111,141,110,138,187,137,167,130,25,131,23,136,120,171
92,16,46,130,134,131,201,130,22,132,45,132,126,132,198,132,0,0,80,141,132,138,169,137,147,130,18,131,19,136,133,171
93,16,17,130,140,131,218,130,22,132,29,132,149,132,227,132,0,0,92,141,140,138,156,137,146,130,42,131,28,136,129,171
94,16,252,129,111,131,214,130,33,132,36,132,164,132,210,132,0,0,108,141,136,138,179,137,150,130,37,131,25,136,131,171
95,16,25,130,92,131,198,130,14,132,84,132,151,132,187,132,0,0,76,141,129,138,166,137,142,130,28,131,9,136,144,171
96,16,42,130,114,131,199,130,252,131,89,132,132,132,194,132,0,0,60,141,118,138,111,137,144,130,51,131,15,136,143,171
97,16,14,130,131,131,193,130,17,132,25,132,126,132,217,132,0,0,74,141,128,138,142,137,152,130,57,131,19,136,137,171
98,16,5,130,133,131,206,130,50,132,7,132,143,132,200,132,0,0,82,141,140,138,203,137,149,130,33,131,12,136,114,171
99,16,13,130,140,131,226,130,40,132,42,132,156,132,184,132,0,0,89,141,121,138,193,137,138,130,11,131,23,136,102,171
100,16,9,130,129,131,214,130,10,132,24,132,139,132,217,132,0,0,94,141,114,138,173,137,129,130,31,131,51,136,120,171
101,16,1,130,107,131,200,130,14,132,16,132,123,132,222,132,0,0,89,141,130,138,160,137,136,130,64,131,36,136,137,171
102,16,6,130,119,131,228,130,27,132,35,132,141,132,198,132,0,0,108,141,134,138,158,137,169,130,39,131,7,136,141,171
103,16,8,130,139,131,230,130,25,132,23,132,151,132,211,132,0,0,130,141,125,138,149,137,186,130,17,131,12,136,136,171
104,16,9,130,122,131,186,130,7,132,28,132,129,132,228,132,0,0,106,141,109,138,112,137,153,130,48,131,18,136,124,171
105,16,13,130,105,131,201,130,3,132,29,132,132,132,223,132,0,0,69,141,108,138,130,137,138,130,47,131,21,136,131,171
106,16,6,130,122,131,236,130,16,132,1,132,153,132,218,132,0,0,76,141,130,138,199,137,163,130,2,131,17,136,126,171
107,16,3,130,119,131,213,130,12,132,34,132,144,132,208,132,0,0,109,141,119,138,150,137,155,130,12,131,5,136,103,171
108,16,22,130,107,131,187,130,14,132,89,132,135,132,191,132,0,0,113,141,88,138,77,137,129,130,43,131,18,136,117,171
109,16,42,130,123,131,202,130,28,132,51,132,136,132,191,132,0,0,83,141,117,138,135,137,151,130,24,131,36,136,139,171
110,16,32,130,139,131,208,130,35,132,28,132,128,132,191,132,0,0,78,141,144,138,200,137,183,130,11,131,34,136,135,171
111,16,18,130,134,131,184,130,39,132,53,132,144,132,199,132,0,0,113,141,124,138,195,137,163,130,31,131,33,136,129,171
112,16,22,130,109,131,172,130,42,132,54,132,162,132,215,132,0,0,110,141,128,138,142,137,143,130,49,131,26,136,123,171
113,16,26,130,102,131,200,130,37,132,47,132,140,132,190,132,0,0,70,141,143,138,96,137,153,130,41,131,11,136,127,171
114,16,22,130,118,131,212,130,11,132,38,132,128,132,166,132,0,0,81,141,124,138,115,137,148,130,14,131,18,136,135,171
115,16,24,130,127,131,184,130,13,132,39,132,142,132,212,132,0,0,114,141,117,138,124,137,142,130,23,131,26,136,124,171
116,16,25,130,130,131,204,130,42,132,65,132,135,132,233,132,0,0,122,141,131,138,77,137,151,130,47,131,27,136,121,171
117,16,15,130,147,131,244,130,36,132,62,132,125,132,183,132,0,0,106,141,130,138,111,137,159,130,36,131,31,136,127,171
118,16,11,130,151,131,235,130,16,132,9,132,128,132,173,132,0,0,70,141,117,138,192,137,160,130,27,131,23,136,119,171
119,16,9,130,131,131,209,130,39,132,252,131,116,132,203,132,0,0,56,141,113,138,164,137,162,130,38,131,19,136,117,171
120,16,13,130,135,131,205,130,60,132,45,132,113,132,207,132,0,0,83,141,124,138,96,137,167,130,31,131,28,136,127,171
121,16,33,130,154,131,215,130,23,132,86,132,137,132,207,132,0,0,99,141,131,138,85,137,164,130,15,131,19,136,138,171
122,16,30,130,130,131,213,130,3,132,61,132,150,132,220,132,0,0,91,141,119,138,128,137,157,130,23,131,3,136,140,171
123,16,15,130,91,131,207,130,21,132,34,132,128,132,227,132,0,0,94,141,124,138,181,137,149,130,25,131,16,136,133,171
124,16,6,130,99,131,203,130,18,132,55,132,114,132,212,132,0,0,110,141,136,138,201,137,147,130,24,131,32,136,137,171
125,16,15,130,144,131,203,130,15,132,48,132,141,132,189,132,0,0,104,141,124,138,184,137,154,130,27,131,31,136,144,171
126,16,28,130,142,131,196,130,40,132,15,132,155,132,196,132,0,0,80,141,118,138,170,137,161,130,30,131,33,136,124,171
127,16,12,130,123,131,189,130,51,132,21,132,135,132,227,132,77,0,87,141,129,138,180,137,167,130,48,131,38,136,107,171
0,16,10,130,137,131,200,130,42,132,50,132,138,132,207,132,0,0,112,141,134,138,178,137,166,130,48,131,27,136,113,171
1,16,44,130,138,131,198,130,58,132,60,132,160,132,175,132,0,0,114,141,135,138,133,137,165,130,33,131,17,136,125,171
2,16,48,130,129,131,194,130,65,132,36,132,146,132,200,132,0,0,90,141,135,138,113,137,161,130,46,131,27,136,135,171
3,16,7,130,137,131,203,130,24,132,9,132,135,132,234,132,0,0,75,141,122,138,176,137,150,130,65,131,25,136,132,171
4,16,4,130,132,131,205,130,5,132,36,132,151,132,220,132,0,0,91,141,108,138,209,137,143,130,42,131,9,136,124,171
5,16,34,130,127,131,208,130,33,132,56,132,138,132,187,132,0,0,93,141,105,138,171,137,154,130,21,131,19,136,127,171
6,16,22,130,138,131,195,130,34,132,14,132,118,132,199,132,0,0,77,141,114,138,160,137,157,130,35,131,42,136,122,171
7,16,5,130,140,131,193,130,6,132,21,132,137,132,221,132,0,0,90,141,131,138,188,137,141,130,39,131,42,136,113,171
8,16,8,130,118,131,216,130,15,132,61,132,151,132,216,132,0,0,104,141,124,138,168,137,141,130,52,131,17,136,137,171
9,16,254,129,114,131,207,130,37,132,35,132,143,132,211,132,0,0,87,141,111,138,114,137,158,130,67,131,1,136,156,171
10,16,247,129,138,131,195,130,36,132,31,132,146,132,213,132,0,0,86,141,114,138,134,137,167,130,51,131,17,136,128,171
11,16,5,130,155,131,219,130,37,132,80,132,151,132,211,132,0,0,95,141,127,138,160,137,164,130,21,131,30,136,125,171
12,16,24,130,152,131,211,130,35,132,60,132,152,132,223,132,0,0,76,141,122,138,125,137,150,130,16,131,24,136,143,171
13,16,41,130,139,131,185,130,20,132,37,132,139,132,225,132,0,0,84,141,100,138,141,137,143,130,25,131,28,136,131,171
14,16,37,130,127,131,212,130,28,132,61,132,131,132,194,132,0,0,101,141,115,138,206,137,149,130,21,131,28,136,122,171
15,16,27,130,127,131,220,130,62,132,54,132,147,132,198,132,0,0,70,141,125,138,188,137,147,130,31,131,18,136,133,171
16,16,23,130,134,131,196,130,52,132,35,132,155,132,232,132,0,0,59,141,107,138,155,137,145,130,32,131,24,136,131,171
17,16,5,130,130,131,200,130,15,132,43,132,143,132,218,132,0,0,88,141,117,138,184,137,150,130,15,131,26,136,117,171
18,16,6,130,125,131,228,130,14,132,62,132,137,132,180,132,0,0,92,141,136,138,193,137,140,130,12,131,27,136,128,171
19,16,33,130,129,131,234,130,28,132,65,132,143,132,184,132,0,0,91,141,129,138,175,137,138,130,15,131,23,136,151,171
20,16,29,130,134,131,222,130,22,132,65,132,145,132,203,132,0,0,104,141,122,138,182,137,146,130,3,131,3,136,165,171
21,16,21,130,141,131,230,130,254,131,68,132,143,132,204,132,0,0,96,141,126,138,177,137,146,130,255,130,11,136,159,171
22,16,37,130,151,131,237,130,254,131,68,132,143,132,213,132,0,0,85,141,115,138,149,137,156,130,30,131,41,136,130,171
23,16,31,130,139,131,217,130,17,132,42,132,142,132,212,132,0,0,86,141,104,138,149,137,166,130,34,131,28,136,132,171
24,16,19,130,114,131,199,130,8,132,15,132,137,132,198,132,0,0,83,141,103,138,174,137,147,130,23,131,4,136,149,171
25,16,31,130,115,131,215,130,3,132,38,132,139,132,206,132,0,0,75,141,110,138,195,137,140,130,38,131,17,136,145,171
26,16,34,130,142,131,239,130,32,132,43,132,137,132,225,132,0,0,77,141,123,138,185,137,163,130,45,131,19,136,132,171
27,16,26,130,142,131,221,130,38,132,23,132,142,132,218,132,0,0,90,141,131,138,146,137,158,130,37,131,6,136,134,171
28,16,30,130,114,131,196,130,14,132,39,132,149,132,200,132,0,0,93,141,118,138,162,137,136,130,30,131,8,136,145,171
29,16,33,130,116,131,213,130,7,132,62,132,129,132,210,132,0,0,84,141,100,138,179,137,138,130,31,131,14,136,143,171
30,16,17,130,136,131,236,130,20,132,49,132,120,132,225,132,0,0,77,141,112,138,136,137,156,130,26,131,31,136,133,171
31,16,14,130,136,131,223,130,26,132,39,132,146,132,225,132,0,0,87,141,128,138,137,137,164,130,36,131,43,136,132,171
32,16,34,130,124,131,203,130,253,131,60,132,141,132,223,132,0,0,101,141,115,138,197,137,163,130,47,131,23,136,149,171
33,16,31,130,126,131,206,130,245,131,69,132,118,132,222,132,0,0,90,141,122,138,206,137,160,130,44,131,8,136,143,171
34,16,4,130,127,131,225,130,21,132,49,132,137,132,221,132,0,0,90,141,145,138,181,137,160,130,46,131,34,136,121,171
35,16,11,130,109,131,234,130,6,132,30,132,154,132,226,132,0,0,110,141,125,138,162,137,160,130,43,131,53,136,135,171
36,16,43,130,117,131,232,130,229,131,34,132,144,132,213,132,0,0,104,141,107,138,155,137,149,130,35,131,34,136,154,171
37,16,38,130,135,131,216,130,3,132,38,132,131,132,189,132,0,0,86,141,128,138,184,137,150,130,34,131,11,136,147,171
38,16,14,130,123,131,205,130,34,132,37,132,115,132,196,132,0,0,90,141,122,138,199,137,169,130,56,131,4,136,142,171
39,16,16,130,118,131,209,130,23,132,40,132,104,132,207,132,0,0,98,141,100,138,192,137,170,130,65,131,16,136,146,171
40,16,23,130,152,131,217,130,12,132,44,132,124,132,201,132,0,0,86,141,112,138,174,137,157,130,37,131,33,136,140,171
41,16,23,130,158,131,223,130,12,132,44,132,123,132,210,132,0,0,72,141,119,138,109,137,143,130,30,131,30,136,138,171
42,16,29,130,124,131,228,130,13,132,46,132,109,132,218,132,0,0,74,141,109,138,80,137,136,130,42,131,8,136,138,171
43,16,32,130,131,131,239,130,14,132,46,132,121,132,202,132,0,0,93,141,109,138,148,137,149,130,39,131,249,135,120,171
44,16,37,130,157,131,240,130,12,132,39,132,129,132,213,132,0,0,96,141,117,138,197,137,172,130,31,131,9,136,109,171
45,16,36,130,140,131,223,130,12,132,42,132,140,132,223,132,0,0,86,141,109,138,179,137,160,130,38,131,31,136,113,171
46,16,31,130,132,131,218,130,9,132,30,132,144,132,209,132,0,0,83,141,106,138,173,137,134,130,38,131,20,136,128,171
47,16,24,130,155,131,203,130,1,132,16,132,144,132,212,132,0,0,78,141,112,138,184,137,143,130,18,131,3,136,140,171
48,16,15,130,161,131,191,130,15,132,33,132,147,132,198,132,0,0,78,141,117,138,154,137,163,130,19,131,14,136,133,171
49,16,255,129,140,131,189,130,38,132,44,132,146,132,171,132,0,0,88,141,132,138,96,137,148,130,43,131,16,136,131,171
50,16,247,129,131,131,183,130,32,132,35,132,144,132,194,132,0,0,93,141,133,138,103,137,132,130,48,131,252,135,146,171
51,16,22,130,131,131,188,130,25,132,35,132,144,132,226,132,0,0,94,141,113,138,159,137,148,130,39,131,2,136,148,171
52,16,35,130,132,131,195,130,21,132,45,132,145,132,221,132,0,0,93,141,108,138,191,137,157,130,42,131,25,136,123,171
53,16,1,130,140,131,199,130,3,132,41,132,142,132,210,132,0,0,75,141,134,138,181,137,135,130,42,131,21,136,105,171
54,16,0,130,142,131,216,130,248,131,16,132,135,132,202,132,0,0,56,141,140,138,166,137,137,130,29,131,22,136,125,171
55,16,20,130,132,131,203,130,1,132,17,132,130,132,194,132,0,0,66,141,119,138,175,137,152,130,29,131,36,136,149,171
56,16,13,130,137,131,182,130,23,132,44,132,142,132,210,132,0,0,75,141,111,138,180,137,150,130,40,131,29,136,142,171
57,16,15,130,148,131,216,130,27,132,43,132,140,132,204,132,0,0,78,141,113,138,170,137,142,130,30,131,21,136,129,171
58,16,45,130,136,131,233,130,255,131,26,132,120,132,192,132,0,0,81,141,123,138,179,137,149,130,12,131,34,136,132,171
59,16,50,130,131,131,203,130,249,131,43,132,116,132,208,132,0,0,76,141,126,138,190,137,158,130,31,131,44,136,131,171
60,16,26,130,154,131,199,130,26,132,52,132,125,132,209,132,0,0,90,141,118,138,186,137,145,130,60,131,40,136,129,171
61,16,18,130,150,131,206,130,33,132,39,132,128,132,196,132,0,0,101,141,113,138,182,137,130,130,61,131,28,136,147,171
62,16,24,130,128,131,199,130,21,132,45,132,141,132,206,132,0,0,66,141,123,138,196,137,138,130,37,131,31,136,144,171
63,16,16,130,128,131,203,130,13,132,46,132,139,132,222,132,0,0,56,141,132,138,174,137,155,130,20,131,30,136,131,171
64,16,1,130,130,131,236,130,25,132,40,132,114,132,215,132,0,0,93,141,127,138,100,137,143,130,19,131,8,136,132,171
65,16,14,130,137,131,231,130,57,132,50,132,130,132,199,132,0,0,90,141,116,138,88,137,128,130,34,131,9,136,132,171
66,16,31,130,147,131,200,130,48,132,48,132,161,132,197,132,0,0,83,141,110,138,159,137,141,130,40,131,47,136,134,171
67,16,21,130,152,131,217,130,12,132,35,132,150,132,217,132,0,0,111,141,114,138,193,137,151,130,22,131,44,136,144,171
68,16,19,130,155,131,237,130,14,132,28,132,138,132,226,132,0,0,108,141,119,138,174,137,144,130,27,131,25,136,140,171
69,16,30,130,153,131,209,130,36,132,39,132,151,132,200,132,0,0,93,141,117,138,170,137,133,130,39,131,42,136,129,171
70,16,31,130,140,131,192,130,36,132,55,132,148,132,192,132,0,0,101,141,117,138,177,137,140,130,28,131,19,136,125,171
71,16,26,130,126,131,213,130,26,132,46,132,125,132,212,132,0,0,96,141,122,138,177,137,147,130,17,131,240,135,127,171
72,16,29,130,138,131,224,130,30,132,16,132,132,132,205,132,0,0,84,141,125,138,172,137,144,130,24,131,12,136,142,171
73,16,22,130,143,131,224,130,25,132,23,132,151,132,185,132,0,0,97,141,125,138,166,137,143,130,28,131,20,136,144,171
74,16,13,130,130,131,236,130,17,132,61,132,143,132,198,132,0,0,99,141,124,138,183,137,149,130,27,131,255,135,131,171
75,16,25,130,138,131,239,130,26,132,54,132,140,132,219,132,0,0,91,141,124,138,173,137,142,130,32,131,12,136,135,171
76,16,31,130,127,131,222,130,43,132,25,132,156,132,198,132,0,0,103,141,121,138,128,137,142,130,38,131,28,136,134,171
77,16,18,130,104,131,222,130,36,132,36,132,156,132,192,132,0,0,101,141,124,138,146,137,162,130,51,131,31,136,121,171
78,16,18,130,121,131,226,130,24,132,53,132,145,132,217,132,0,0,83,141,122,138,198,137,145,130,50,131,46,136,128,171
79,16,20,130,118,131,209,130,30,132,29,132,137,132,223,132,0,0,88,141,121,138,197,137,126,130,24,131,35,136,133,171
80,16,16,130,102,131,206,130,27,132,21,132,127,132,211,132,0,0,96,141,121,138,168,137,146,130,14,131,17,136,120,171
81,16,18,130,116,131,226,130,27,132,46,132,134,132,216,132,0,0,76,141,108,138,181,137,142,130,31,131,25,136,129,171
82,16,23,130,127,131,233,130,33,132,25,132,147,132,218,132,0,0,52,141,96,138,206,137,132,130,40,131,25,136,133,171
83,16,24,130,120,131,205,130,11,132,10,132,154,132,207,132,0,0,65,141,103,138,160,137,154,130,24,131,35,136,129,171
84,16,22,130,126,131,201,130,252,131,38,132,155,132,196,132,0,0,86,141,124,138,102,137,149,130,18,131,53,136,131,171
85,16,20,130,120,131,223,130,11,132,26,132,128,132,183,132,0,0,89,141,129,138,137,137,124,130,19,131,36,136,120,171
86,16,17,130,115,131,211,130,16,132,13,132,110,132,195,132,0,0,86,141,130,138,197,137,145,130,21,131,13,136,128,171
87,16,25,130,149,131,196,130,14,132,53,132,134,132,226,132,0,0,73,141,134,138,194,137,168,130,26,131,23,136,146,171
88,16,25,130,151,131,199,130,23,132,73,132,136,132,233,132,0,0,67,141,131,138,170,137,147,130,21,131,33,136,137,171
89,16,9,130,126,131,204,130,23,132,52,132,118,132,223,132,0,0,78,141,113,138,123,137,131,130,22,131,27,136,132,171
90,16,24,130,144,131,219,130,8,132,39,132,136,132,211,132,0,0,84,141,109,138,78,137,137,130,44,131,17,136,132,171
91,16,31,130,159,131,224,130,3,132,40,132,148,132,205,132,0,0,83,141,133,138,140,137,135,130,39,131,14,136,118,171
92,16,21,130,133,131,219,130,19,132,45,132,137,132,216,132,0,0,78,141,137,138,216,137,129,130,13,131,20,136,123,171
93,16,23,130,111,131,212,130,32,132,44,132,146,132,233,132,0,0,90,141,122,138,193,137,129,130,26,131,19,136,140,171
94,16,25,130,137,131,190,130,26,132,36,132,155,132,222,132,0,0,104,141,122,138,166,137,142,130,43,131,14,136,132,171
95,16,6,130,150,131,188,130,22,132,46,132,132,132,216,132,0,0,100,141,117,138,191,137,154,130,32,131,26,136,122,171
96,16,0,130,132,131,207,130,17,132,46,132,126,132,219,132,0,0,100,141,106,138,174,137,140,130,20,131,37,136,126,171
97,16,19,130,121,131,213,130,16,132,31,132,147,132,207,132,0,0,94,141,120,138,115,137,134,130,26,131,26,136,129,171
98,16,4,130,120,131,199,130,26,132,45,132,148,132,208,132,0,0,79,141,133,138,89,137,132,130,31,131,18,136,134,171
99,16,243,129,123,131,186,130,30,132,52,132,137,132,224,132,0,0,84,141,124,138,113,137,125,130,29,131,17,136,129,171
100,16,14,130,129,131,196,130,19,132,15,132,132,132,223,132,0,0,99,141,117,138,165,137,137,130,40,131,16,136,131,171
101,16,31,130,125,131,203,130,9,132,4,132,131,132,224,132,0,0,104,141,117,138,166,137,162,130,44,131,36,136,138,171
102,16,27,130,123,131,193,130,15,132,45,132,136,132,226,132,0,0,101,141,127,138,116,137,159,130,25,131,45,136,142,171
103,16,33,130,138,131,192,130,12,132,57,132,146,132,206,132,0,0,77,141,133,138,96,137,140,130,18,131,21,136,157,171
104,16,34,130,147,131,201,130,20,132,28,132,147,132,195,132,0,0,59,141,119,138,107,137,133,130,33,131,14,136,151,171
105,16,30,130,132,131,203,130,23,132,33,132,138,132,207,132,0,0,94,141,118,138,139,137,128,130,37,131,31,136,127,171
106,16,34,130,115,131,210,130,1,132,63,132,125,132,202,132,0,0,122,141,127,138,167,137,142,130,31,131,2,136,125,171
107,16,32,130,127,131,206,130,14,132,44,132,118,132,201,132,0,0,102,141,117,138,138,137,161,130,32,131,247,135,128,171
108,16,28,130,143,131,195,130,34,132,6,132,124,132,225,132,0,0,95,141,110,138,87,137,146,130,42,131,30,136,128,171
109,16,25,130,134,131,225,130,14,132,15,132,124,132,220,132,0,0,107,141,119,138,111,137,128,130,47,131,31,136,135,171
110,16,17,130,131,131,239,130,252,131,47,132,125,132,180,132,0,0,102,141,114,138,166,137,135,130,38,131,12,136,146,171
111,16,11,130,140,131,199,130,7,132,52,132,141,132,180,132,0,0,89,141,107,138,173,137,143,130,28,131,21,136,137,171
112,16,13,130,140,131,188,130,15,132,52,132,145,132,213,132,0,0,89,141,127,138,133,137,143,130,39,131,25,136,127,171
113,16,14,130,148,131,207,130,15,132,40,132,143,132,217,132,0,0,97,141,134,138,95,137,149,130,46,131,23,136,140,171
114,16,14,130,166,131,217,130,15,132,28,132,146,132,201,132,0,0,101,141,122,138,115,137,142,130,30,131,40,136,154,171
115,16,19,130,162,131,217,130,19,132,47,132,146,132,190,132,0,0,90,141,121,138,139,137,144,130,28,131,38,136,141,171
116,16,19,130,147,131,203,130,23,132,52,132,137,132,179,132,0,0,81,141,128,138,102,137,160,130,35,131,27,136,124,171
117,16,10,130,151,131,204,130,12,132,30,132,144,132,194,132,0,0,95,141,124,138,107,137,160,130,30,131,35,136,142,171
118,16,13,130,159,131,222,130,254,131,35,132,145,132,214,132,0,0,109,141,114,138,180,137,152,130,29,131,35,136,153,171
119,16,29,130,138,131,204,130,9,132,46,132,126,132,203,132,0,0,101,141,122,138,173,137,149,130,26,131,26,136,122,171
120,16,22,130,119,131,195,130,30,132,40,132,127,132,199,132,0,0,76,141,127,138,117,137,149,130,24,131,16,136,100,171
121,16,8,130,134,131,216,130,29,132,47,132,138,132,197,132,0,0,63,141,125,138,157,137,142,130,18,131,13,136,109,171
122,16,3,130,141,131,206,130,3,132,36,132,134,132,179,132,0,0,79,141,143,138,212,137,121,130,28,131,27,136,124,171
123,16,252,129,138,131,200,130,1,132,24,132,120,132,201,132,0,0,86,141,148,138,187,137,116,130,36,131,33,136,124,171
124,16,248,129,145,131,230,130,19,132,60,132,115,132,228,132,0,0,80,141,121,138,168,137,140,130,22,131,27,136,124,171
125,16,14,130,148,131,222,130,11,132,58,132,119,132,200,132,0,0,91,141,111,138,190,137,138,130,11,131,31,136,135,171
126,16,25,130,133,131,189,130,13,132,251,131,130,132,189,132,0,0,109,141,131,138,147,137,120,130,30,131,40,136,131,171
127,16,251,129,126,131,212,130,32,132,5,132,135,132,199,132,77,0,104,141,126,138,99,137,138,130,31,131,38,136,119,171
0,16,249,129,134,131,244,130,25,132,69,132,124,132,163,132,0,0,101,141,112,138,137,137,146,130,14,131,36,136,138,171
1,16,11,130,143,131,216,130,10,132,48,132,133,132,168,132,0,0,100,141,128,138,174,137,115,130,37,131,29,136,148,171
2,16,249,129,143,131,192,130,13,132,3,132,155,132,221,132,0,0,88,141,131,138,171,137,119,130,45,131,10,136,125,171
3,16,250,129,130,131,215,130,20,132,25,132,144,132,219,132,0,0,93,141,108,138,169,137,145,130,23,131,19,136,124,171
4,16,13,130,127,131,202,130,14,132,45,132,127,132,199,132,0,0,104,141,107,138,159,137,131,130,30,131,40,136,154,171
5,16,6,130,136,131,197,130,14,132,53,132,137,132,219,132,0,0,95,141,124,138,155,137,123,130,34,131,30,136,151,171
6,16,8,130,132,131,235,130,18,132,75,132,135,132,219,132,0,0,87,141,130,138,189,137,149,130,20,131,28,136,119,171
7,16,25,130,120,131,222,130,11,132,51,132,112,132,196,132,0,0,110,141,132,138,203,137,159,130,36,131,51,136,120,171
8,16,20,130,110,131,201,130,5,132,23,132,114,132,200,132,0,0,115,141,124,138,170,137,143,130,45,131,46,136,142,171
9,16,13,130,124,131,225,130,1,132,44,132,131,132,202,132,0,0,83,141,101,138,169,137,144,130,6,131,12,136,147,171
10,16,23,130,153,131,239,130,7,132,51,132,122,132,191,132,0,0,70,141,103,138,198,137,149,130,16,131,16,136,142,171
11,16,25,130,156,131,216,130,33,132,43,132,117,132,187,132,0,0,84,141,117,138,157,137,144,130,59,131,32,136,132,171
12,16,16,130,148,131,189,130,43,132,44,132,134,132,184,132,0,0,83,141,122,138,112,137,146,130,53,131,33,136,129,171
13,16,15,130,148,131,198,130,20,132,28,132,137,132,181,132,0,0,86,141,122,138,125,137,141,130,30,131,48,136,134,171
14,16,12,130,138,131,203,130,11,132,22,132,132,132,198,132,0,0,98,141,123,138,131,137,143,130,14,131,55,136,123,171
15,16,9,130,120,131,196,130,35,132,48,132,133,132,221,132,0,0,79,141,128,138,133,137,166,130,19,131,35,136,121,171
