thisN,thisTrialN,thisRepN,freq,tone,stim,correct,choice_resp.keys,choice_resp.corr,choice_resp.rt,choice_resp.duration,eyes.thisRepN,eyes.thisTrialN,eyes.thisN,eyes.thisIndex,trials.thisRepN,trials.thisTrialN,trials.thisN,trials.thisIndex,blocks.thisRepN,blocks.thisTrialN,blocks.thisN,blocks.thisIndex,choice.thisRepN,choice.thisTrialN,choice.thisN,choice.thisIndex,thisRow.t,notes,piloting,text_blank.started,audio_target_lsl,audio_actual_lsl,audio_schedule_error_ms,isi,soa,choice.choice_resp.keys,choice.choice_resp.corr,Break.started,Break.stopped,choice.choice_resp.rt,choice.choice_resp.duration,participant,session,date,expName,expVersion,psychopyVersion,frameRate,expStart,
,,,,,,,,,,,,,,,,,,,,,,,,,,,,,True,,,,,,,,,,,,,pilot,001,2026-09-16_15h50.52.183,p3,,2026.2.3,59.85146064963102,2026-09-16 15h50.52.603461 +0800,
0,0,0,1500,High,,,,,,,3,0,3,0,0,0,0,0,,,,,,,,,71.60760689998278,,,71.60760689998278,197346.14045454998,197346.16698715,26.53260002261959,,,,,,,,,pilot,001,2026-09-16_15h50.52.183,p3,,2026.2.3,59.85146064963102,2026-09-16 15h50.52.603461 +0800,
1,1,0,1000,Low,,,,,,,,,,,0,1,1,1,,,,,,,,,72.59230570000364,,,72.59230570000364,197347.13049845,197347.15699385002,26.49540003039874,,,,,,,,,pilot,001,2026-09-16_15h50.52.183,p3,,2026.2.3,59.85146064963102,2026-09-16 15h50.52.603461 +0800,
2,0,1,1500,High,,,,,,,,,,,1,0,2,0,,,,,,,,,73.59303139999975,,,73.59303139999975,197348.12945464998,197348.1570354833,27.580833324464038,,,,,,,,,pilot,001,2026-09-16_15h50.52.183,p3,,2026.2.3,59.85146064963102,2026-09-16 15h50.52.603461 +0800,
3,1,1,1000,Low,,,,,,,,,,,1,1,3,1,,,,,,,,,74.59376739998697,,,74.59376739998697,197349.13041314998,197349.15702131667,26.608166692312807,,,,,,,,,pilot,001,2026-09-16_15h50.52.183,p3,,2026.2.3,59.85146064963102,2026-09-16 15h50.52.603461 +0800,
4,0,2,1500,High,,,,,,,,,,,2,0,4,0,,,,,,,,,75.59459439999773,,,75.59459439999773,197350.13089124998,197350.15704755,26.15630000946112,,,,,,,,,pilot,001,2026-09-16_15h50.52.183,p3,,2026.2.3,59.85146064963102,2026-09-16 15h50.52.603461 +0800,
5,1,2,1000,Low,,,,,,,,,,,2,1,5,1,,,,,,,,,76.59540180000477,,,76.59540180000477,197351.13280725,197351.15707098335,24.263733357656747,,,,,,,,,pilot,001,2026-09-16_15h50.52.183,p3,,2026.2.3,59.85146064963102,2026-09-16 15h50.52.603461 +0800,
6,0,3,1500,High,,,,,,,,,,,3,0,6,0,,,,,,,,,77.59630119998474,,,77.59630119998474,197352.13302685,197352.15709681666,24.069966661045328,,,,,,,,,pilot,001,2026-09-16_15h50.52.183,p3,,2026.2.3,59.85146064963102,2026-09-16 15h50.52.603461 +0800,
7,1,3,1000,Low,,,,,,,,,,,3,1,7,1,,,,,,,,,78.59724339999957,,,78.59724339999957,197353.13401814998,197353.15712945,23.111300019081682,,,,,,,,,pilot,001,2026-09-16_15h50.52.183,p3,,2026.2.3,59.85146064963102,2026-09-16 15h50.52.603461 +0800,
8,0,4,1500,High,,,,,,,,,,,4,0,8,0,,,,,,,,,79.59815189999063,,,79.59815189999063,197354.13517675,197354.15714188333,21.96513334638439,,,,,,,,,pilot,001,2026-09-16_15h50.52.183,p3,,2026.2.3,59.85146064963102,2026-09-16 15h50.52.603461 +0800,
9,1,4,1000,Low,,,,,,,,,,,4,1,9,1,,,,,,,,,80.59906429998227,,,80.59906429998227,197355.13606005,197355.15719871668,21.138666692422703,,,,,,,,,pilot,001,2026-09-16_15h50.52.183,p3,,2026.2.3,59.85146064963102,2026-09-16 15h50.52.603461 +0800,
0,0,0,1000,,low,None,None,1,,,,,,,,,,,0,0,0,0,0,0,0,4,91.97479740000563,,,,197366.92187765078,197366.92186898334,-0.008667440852150321,1.5338547598847123,0.41848070078169686,None,1,,,,,pilot,001,2026-09-16_15h50.52.183,p3,,2026.2.3,59.85146064963102,2026-09-16 15h50.52.603461 +0800,
1,1,0,1500,,high,space,None,0,,,,,,,,,,,0,0,0,0,0,1,1,0,93.5099963999819,,,,197368.40929104554,197368.40928191665,-0.009128882084041834,1.7336819815552362,0.3651781955538964,None,0,,,,,pilot,001,2026-09-16_15h50.52.183,p3,,2026.2.3,59.85146064963102,2026-09-16 15h50.52.603461 +0800,
2,2,0,1000,,low,None,None,1,,,,,,,,,,,0,0,0,0,0,2,2,6,95.24481750000268,,,,197370.2482469556,197370.24824431667,-0.002638931619003415,1.7504025383553437,0.46893120560422263,None,1,,,,,pilot,001,2026-09-16_15h50.52.183,p3,,2026.2.3,59.85146064963102,2026-09-16 15h50.52.603461 +0800,
3,3,0,1000,,low,None,None,1,,,,,,,,,,,0,0,0,0,0,3,3,5,96.99607559997821,,,,197371.7306903009,197371.73069021667,-8.422648534178734e-05,1.603077541071953,0.19996045089138642,None,1,,,,,pilot,001,2026-09-16_15h50.52.183,p3,,2026.2.3,59.85146064963102,2026-09-16 15h50.52.603461 +0800,
4,4,0,1000,,low,None,None,1,,,,,,,,,,,0,0,0,0,0,4,4,2,98.61441829998512,,,,197373.4731877325,197373.47319658333,0.0088508240878582,1.5739632466177274,0.3244238825153837,None,1,,,,,pilot,001,2026-09-16_15h50.52.183,p3,,2026.2.3,59.85146064963102,2026-09-16 15h50.52.603461 +0800,
5,5,0,1000,,low,None,None,1,,,,,,,,,,,0,0,0,0,0,5,5,3,100.19910759999766,,,,197375.04666364417,197375.04666428335,0.0006391783244907856,1.6155130891410985,0.3120106941770261,None,1,,,,,pilot,001,2026-09-16_15h50.52.183,p3,,2026.2.3,59.85146064963102,2026-09-16 15h50.52.603461 +0800,
6,6,0,1500,,high,space,None,0,,,,,,,,,,,0,0,0,0,0,6,6,1,101.81735659998958,,,,197376.5547059958,197376.55469785002,-0.008145783795043826,1.6768871789751656,0.20326244579393823,None,0,,,,,pilot,001,2026-09-16_15h50.52.183,p3,,2026.2.3,59.85146064963102,2026-09-16 15h50.52.603461 +0800,
7,7,0,1000,,low,None,None,1,,,,,,,,,,,0,0,0,0,0,7,7,9,103.50188969998271,,,,197378.28058778914,197378.28058065,-0.007139140507206321,1.7126294837199656,0.24395833914405549,None,1,,,,,pilot,001,2026-09-16_15h50.52.183,p3,,2026.2.3,59.85146064963102,2026-09-16 15h50.52.603461 +0800,
8,8,0,1000,,low,None,None,1,,,,,,,,,,,0,0,0,0,0,8,8,7,105.2200840000005,,,,197380.14556249575,197380.1455652833,0.002787564881145954,1.7704083139334434,0.3900463457794459,None,1,,,,,pilot,001,2026-09-16_15h50.52.183,p3,,2026.2.3,59.85146064963102,2026-09-16 15h50.52.603461 +0800,
9,9,0,1000,,low,None,None,1,,,,,,,,,,,0,0,0,0,0,9,9,8,107.00470619997941,,,,197381.70485748304,197381.70485775,0.00026696943677961826,1.5965853493787816,0.1654000330519193,None,1,,,,,pilot,001,2026-09-16_15h50.52.183,p3,,2026.2.3,59.85146064963102,2026-09-16 15h50.52.603461 +0800,
10,0,1,1500,,high,space,None,0,,,,,,,,,,,0,0,0,0,1,0,10,1,108.60647199998493,,,,197383.62343472656,197383.62343628335,0.0015567929949611425,1.5008873998127512,0.4817296765760021,None,0,,,,,pilot,001,2026-09-16_15h50.52.183,p3,,2026.2.3,59.85146064963102,2026-09-16 15h50.52.603461 +0800,
11,1,1,1000,,low,None,None,1,,,,,,,,,,,0,0,0,0,1,1,11,5,110.10748289999901,,,,197384.82149365795,197384.82149821665,0.00455870758742094,1.7580104586069953,0.17982110793252895,None,1,,,,,pilot,001,2026-09-16_15h50.52.183,p3,,2026.2.3,59.85146064963102,2026-09-16 15h50.52.603461 +0800,
12,2,1,1000,,low,None,None,1,,,,,,,,,,,0,0,0,0,1,2,12,2,111.87581499997759,,,,197386.65901610316,197386.65901718332,0.0010801595635712147,1.7602577486613868,0.24917595317343172,None,1,,,,,pilot,001,2026-09-16_15h50.52.183,p3,,2026.2.3,59.85146064963102,2026-09-16 15h50.52.603461 +0800,
13,3,1,1000,,low,None,None,1,,,,,,,,,,,0,0,0,0,1,3,13,6,113.64343529997859,,,,197388.55581353232,197388.55581875,0.005217676516622305,1.6187978659832614,0.3778866823547756,None,1,,,,,pilot,001,2026-09-16_15h50.52.183,p3,,2026.2.3,59.85146064963102,2026-09-16 15h50.52.603461 +0800,
14,4,1,1500,,high,space,None,0,,,,,,,,,,,0,0,0,0,1,4,14,0,115.26181450000149,,,,197390.19739135617,197390.19739341666,0.0020604929886758327,1.6990977066961581,0.39979520618476727,None,0,,,,,pilot,001,2026-09-16_15h50.52.183,p3,,2026.2.3,59.85146064963102,2026-09-16 15h50.52.603461 +0800,
15,5,1,1000,,low,None,None,1,,,,,,,,,,,0,0,0,0,1,5,15,7,116.96385869997903,,,,197391.72251823597,197391.72251918333,0.0009473587851971388,1.7425642178114273,0.22472118597656313,None,1,,,,,pilot,001,2026-09-16_15h50.52.183,p3,,2026.2.3,59.85146064963102,2026-09-16 15h50.52.603461 +0800,
16,6,1,1000,,low,None,None,1,,,,,,,,,,,0,0,0,0,1,6,16,3,118.7149875999894,,,,197393.47921715828,197393.47920955,-0.007608294254168868,1.7687154650618133,0.2302908082744427,None,1,,,,,pilot,001,2026-09-16_15h50.52.183,p3,,2026.2.3,59.85146064963102,2026-09-16 15h50.52.603461 +0800,
17,7,1,1000,,low,None,None,1,,,,,,,,,,,0,0,0,0,1,7,17,8,120.48265199997695,,,,197395.37339526464,197395.37339141668,-0.0038479629438370466,1.6923188663084,0.3561427146509646,None,1,,,,,pilot,001,2026-09-16_15h50.52.183,p3,,2026.2.3,59.85146064963102,2026-09-16 15h50.52.603461 +0800,
18,8,1,1000,,low,None,None,1,,,,,,,,,,,0,0,0,0,1,8,18,4,122.1841851999925,,,,197397.12231640037,197397.12232445,0.008049624739214778,1.797005714499087,0.4026800503817278,None,1,,,,,pilot,001,2026-09-16_15h50.52.183,p3,,2026.2.3,59.85146064963102,2026-09-16 15h50.52.603461 +0800,
19,9,1,1000,,low,None,None,1,,,,,,,,,,,0,0,0,0,1,9,19,9,123.98639330000151,,,,197398.92686940613,197398.92686758333,-0.0018228020053356886,1.5110342064616962,0.4062933561538058,None,1,,,,,pilot,001,2026-09-16_15h50.52.183,p3,,2026.2.3,59.85146064963102,2026-09-16 15h50.52.603461 +0800,
20,0,2,1000,,low,None,None,1,,,,,,,,,,,0,0,0,0,2,0,20,9,125.50540409999667,,,,197400.50677653178,197400.50678154998,0.005018198862671852,1.6665976053203864,0.4683941817761933,None,1,,,,,pilot,001,2026-09-16_15h50.52.183,p3,,2026.2.3,59.85146064963102,2026-09-16 15h50.52.603461 +0800,
21,1,2,1000,,low,None,None,1,,,,,,,,,,,0,0,0,0,2,1,21,6,127.1720423999941,,,,197402.04294168024,197402.0429368833,-0.004796922439709306,1.694830799928096,0.3359266302489601,None,1,,,,,pilot,001,2026-09-16_15h50.52.183,p3,,2026.2.3,59.85146064963102,2026-09-16 15h50.52.603461 +0800,
22,2,2,1000,,low,None,None,1,,,,,,,,,,,0,0,0,0,2,2,22,3,128.87469159998,,,,197403.67394188748,197403.67395141665,0.00952917616814375,1.6381686790297394,0.2651270374669468,None,1,,,,,pilot,001,2026-09-16_15h50.52.183,p3,,2026.2.3,59.85146064963102,2026-09-16 15h50.52.603461 +0800,
23,3,2,1000,,low,None,None,1,,,,,,,,,,,0,0,0,0,2,3,23,5,130.52505549998023,,,,197405.23329417902,197405.23328511667,-0.00906235072761774,1.6718376394347438,0.17440252903561712,None,1,,,,,pilot,001,2026-09-16_15h50.52.183,p3,,2026.2.3,59.85146064963102,2026-09-16 15h50.52.603461 +0800,
24,4,2,1500,,high,space,None,0,,,,,,,,,,,0,0,0,0,2,4,24,1,132.20939889998408,,,,197407.06792095333,197407.06791704998,-0.003903347533196211,1.6490762263099334,0.3243978033512825,None,0,,,,,pilot,001,2026-09-16_15h50.52.183,p3,,2026.2.3,59.85146064963102,2026-09-16 15h50.52.603461 +0800,
25,5,2,1000,,low,None,None,1,,,,,,,,,,,0,0,0,0,2,5,25,4,133.86083530000178,,,,197408.73414289483,197408.73413335,-0.009544834028929472,1.5844302294928854,0.33836134482330393,None,1,,,,,pilot,001,2026-09-16_15h50.52.183,p3,,2026.2.3,59.85146064963102,2026-09-16 15h50.52.603461 +0800,
26,6,2,1000,,low,None,None,1,,,,,,,,,,,0,0,0,0,2,6,26,7,135.44566870000563,,,,197410.3078034774,197410.30779778332,-0.005694077117368579,1.6701251149062863,0.3277528274061389,None,1,,,,,pilot,001,2026-09-16_15h50.52.183,p3,,2026.2.3,59.85146064963102,2026-09-16 15h50.52.603461 +0800,
27,7,2,1000,,low,None,None,1,,,,,,,,,,,0,0,0,0,2,7,27,8,137.13078219999443,,,,197411.9594731425,197411.95947495,0.0018075224943459034,1.718680153390736,0.2947776924974723,None,1,,,,,pilot,001,2026-09-16_15h50.52.183,p3,,2026.2.3,59.85146064963102,2026-09-16 15h50.52.603461 +0800,
28,8,2,1500,,high,space,None,0,,,,,,,,,,,0,0,0,0,2,8,28,0,138.84858239997993,,,,197413.70607428136,197413.70608221664,0.007935275789350271,1.7446893081502457,0.32106623137934365,None,0,,,,,pilot,001,2026-09-16_15h50.52.183,p3,,2026.2.3,59.85146064963102,2026-09-16 15h50.52.603461 +0800,
29,9,2,1000,,low,None,None,1,,,,,,,,,,,0,0,0,0,2,9,29,2,140.59998949998408,,,,197415.3787263531,197415.37871811667,-0.008236442226916552,1.5162033181447658,0.24370100312431114,None,1,,,,,pilot,001,2026-09-16_15h50.52.183,p3,,2026.2.3,59.85146064963102,2026-09-16 15h50.52.603461 +0800,
30,0,3,1000,,low,None,None,1,,,,,,,,,,,0,0,0,0,3,0,30,8,142.1178751999978,,,,197416.8946486066,197416.89463968333,-0.00892326352186501,1.5326023045794321,0.24216185662526393,None,1,,,,,pilot,001,2026-09-16_15h50.52.183,p3,,2026.2.3,59.85146064963102,2026-09-16 15h50.52.603461 +0800,
31,1,3,1000,,low,None,None,1,,,,,,,,,,,0,0,0,0,3,1,31,2,143.65256200000294,,,,197418.4767318558,197418.47673441665,0.0025608460418879986,1.7162601821451626,0.28953250583043466,None,1,,,,,pilot,001,2026-09-16_15h50.52.183,p3,,2026.2.3,59.85146064963102,2026-09-16 15h50.52.603461 +0800,
32,2,3,1500,,high,space,None,0,,,,,,,,,,,0,0,0,0,3,2,32,0,145.3710683999816,,,,197420.40374393482,197420.40373375,-0.010184827260673046,1.6231169182350327,0.4971029848421288,None,0,,,,,pilot,001,2026-09-16_15h50.52.183,p3,,2026.2.3,59.85146064963102,2026-09-16 15h50.52.603461 +0800,
33,3,3,1000,,low,None,None,1,,,,,,,,,,,0,0,0,0,3,3,33,7,147.00518369997735,,,,197421.8024807984,197421.80247601666,-0.004781730240210891,1.5415503576067624,0.26116414838315033,None,1,,,,,pilot,001,2026-09-16_15h50.52.183,p3,,2026.2.3,59.85146064963102,2026-09-16 15h50.52.603461 +0800,
34,4,3,1000,,low,None,None,1,,,,,,,,,,,0,0,0,0,3,4,34,3,148.55699579999782,,,,197423.58265913432,197423.58266751666,0.008382339728996158,1.5946579290267637,0.4913089843292031,None,1,,,,,pilot,001,2026-09-16_15h50.52.183,p3,,2026.2.3,59.85146064963102,2026-09-16 15h50.52.603461 +0800,
35,5,3,1000,,low,None,None,1,,,,,,,,,,,0,0,0,0,3,5,35,5,150.15959229998407,,,,197424.9660768251,197424.96607138333,-0.0054417760111391544,1.6119461493007092,0.27211277514286925,None,1,,,,,pilot,001,2026-09-16_15h50.52.183,p3,,2026.2.3,59.85146064963102,2026-09-16 15h50.52.603461 +0800,
36,6,3,1500,,high,space,None,0,,,,,,,,,,,0,0,0,0,3,6,36,1,151.77630430000136,,,,197426.640845791,197426.64083785,-0.007941009243950248,1.62317988894509,0.32993304099625087,None,0,,,,,pilot,001,2026-09-16_15h50.52.183,p3,,2026.2.3,59.85146064963102,2026-09-16 15h50.52.603461 +0800,
37,7,3,1000,,low,None,None,1,,,,,,,,,,,0,0,0,0,3,7,37,4,153.4111430000048,,,,197428.1433937671,197428.14339371663,-5.046604201197624e-05,1.6314947971501532,0.19804391709537483,None,1,,,,,pilot,001,2026-09-16_15h50.52.183,p3,,2026.2.3,59.85146064963102,2026-09-16 15h50.52.603461 +0800,
38,8,3,1000,,low,None,None,1,,,,,,,,,,,0,0,0,0,3,8,38,9,155.0457489999826,,,,197429.88862992957,197429.88863154998,0.0016204139683395624,1.5919635983031324,0.3073468795909805,None,1,,,,,pilot,001,2026-09-16_15h50.52.183,p3,,2026.2.3,59.85146064963102,2026-09-16 15h50.52.603461 +0800,
39,9,3,1000,,low,None,None,1,,,,,,,,,,,0,0,0,0,3,9,39,6,156.64736909998464,,,,197431.56479871174,197431.56480634998,0.007638242095708847,1.652823844680903,0.3823833617386819,None,1,,,,,pilot,001,2026-09-16_15h50.52.183,p3,,2026.2.3,59.85146064963102,2026-09-16 15h50.52.603461 +0800,
40,0,4,1000,,low,None,None,1,,,,,,,,,,,0,0,0,0,4,0,40,4,158.31567680000444,,,,197433.29328701677,197433.29329471666,0.007699884008616209,1.792588571673679,0.4429773667904552,None,1,,,,,pilot,001,2026-09-16_15h50.52.183,p3,,2026.2.3,59.85146064963102,2026-09-16 15h50.52.603461 +0800,
41,1,4,1000,,low,None,None,1,,,,,,,,,,,0,0,0,0,4,1,41,2,160.1167033999809,,,,197435.0266074745,197435.02660371666,-0.0037578283809125423,1.6169098126804125,0.3741870244708704,None,1,,,,,pilot,001,2026-09-16_15h50.52.183,p3,,2026.2.3,59.85146064963102,2026-09-16 15h50.52.603461 +0800,
42,2,4,1500,,high,space,None,0,,,,,,,,,,,0,0,0,0,4,2,42,0,161.73522380000213,,,,197436.57070805863,197436.57070908335,0.001024716766551137,1.6439659423637585,0.30153630863344816,None,0,,,,,pilot,001,2026-09-16_15h50.52.183,p3,,2026.2.3,59.85146064963102,2026-09-16 15h50.52.603461 +0800,
43,3,4,1000,,low,None,None,1,,,,,,,,,,,0,0,0,0,4,3,43,3,163.38637510000262,,,,197438.1876006199,197438.18760228335,0.0016634585335850716,1.5431984736638142,0.26489076991802907,None,1,,,,,pilot,001,2026-09-16_15h50.52.183,p3,,2026.2.3,59.85146064963102,2026-09-16 15h50.52.603461 +0800,
44,4,4,1000,,low,None,None,1,,,,,,,,,,,0,0,0,0,4,4,44,9,164.93793919999734,,,,197439.67240622872,197439.67240955002,0.0033213000278919935,1.5665908318662256,0.20028647874486002,None,1,,,,,pilot,001,2026-09-16_15h50.52.183,p3,,2026.2.3,59.85146064963102,2026-09-16 15h50.52.603461 +0800,
45,5,4,1000,,low,None,None,1,,,,,,,,,,,0,0,0,0,4,5,45,8,166.50570139999036,,,,197441.40023055972,197441.40023741667,0.006856949767097831,1.7440061387477857,0.35933540972520717,None,1,,,,,pilot,001,2026-09-16_15h50.52.183,p3,,2026.2.3,59.85146064963102,2026-09-16 15h50.52.603461 +0800,
46,6,4,1500,,high,space,None,0,,,,,,,,,,,0,0,0,0,4,6,46,1,168.25724909998826,,,,197442.94990974342,197442.94990115002,-0.00859340070746839,1.680791057457717,0.15843169341008323,None,0,,,,,pilot,001,2026-09-16_15h50.52.183,p3,,2026.2.3,59.85146064963102,2026-09-16 15h50.52.603461 +0800,
47,7,4,1000,,low,None,None,1,,,,,,,,,,,0,0,0,0,4,7,47,5,169.94150709998212,,,,197444.86909624105,197444.86910048334,0.004242290742695332,1.526913050576421,0.3925998910451244,None,1,,,,,pilot,001,2026-09-16_15h50.52.183,p3,,2026.2.3,59.85146064963102,2026-09-16 15h50.52.603461 +0800,
48,8,4,1000,,low,None,None,1,,,,,,,,,,,0,0,0,0,4,8,48,7,171.4764602999785,,,,197446.48860954097,197446.48861701667,0.007475697202607989,1.7499041134563376,0.4777854909894925,None,1,,,,,pilot,001,2026-09-16_15h50.52.183,p3,,2026.2.3,59.85146064963102,2026-09-16 15h50.52.603461 +0800,
49,9,4,1000,,low,None,None,1,,,,,,,,,,,0,0,0,0,4,9,49,6,173.22761929998524,,,,197447.957064847,197447.95707265,0.0078029988799244165,1.5974238620709427,0.1937298969959721,None,1,,,,,pilot,001,2026-09-16_15h50.52.183,p3,,2026.2.3,59.85146064963102,2026-09-16 15h50.52.603461 +0800,
50,0,5,1000,,low,None,None,1,,,,,,,,,,,0,0,0,0,5,0,50,4,174.82912229999783,,,,197449.7534084724,197449.75340548335,-0.0029890506993979216,1.5889877568343236,0.3897047224143261,None,1,,,,,pilot,001,2026-09-16_15h50.52.183,p3,,2026.2.3,59.85146064963102,2026-09-16 15h50.52.603461 +0800,
51,1,5,1000,,low,None,None,1,,,,,,,,,,,0,0,0,0,5,1,51,2,176.43011250000563,,,,197451.248708946,197451.24871051667,0.0015706755220890045,1.6627579814666993,0.28383259601446015,None,1,,,,,pilot,001,2026-09-16_15h50.52.183,p3,,2026.2.3,59.85146064963102,2026-09-16 15h50.52.603461 +0800,
52,2,5,1500,,high,space,None,0,,,,,,,,,,,0,0,0,0,5,2,52,1,178.09832129999995,,,,197452.9386174272,197452.9386213167,0.0038894941098988056,1.5395942890102916,0.3059840771764186,None,0,,,,,pilot,001,2026-09-16_15h50.52.183,p3,,2026.2.3,59.85146064963102,2026-09-16 15h50.52.603461 +0800,
53,3,5,1000,,low,None,None,1,,,,,,,,,,,0,0,0,0,5,3,53,8,179.6497812999878,,,,197454.5351496208,197454.53515615,0.0065292115323245525,1.5751078830838088,0.35091197079962,None,1,,,,,pilot,001,2026-09-16_15h50.52.183,p3,,2026.2.3,59.85146064963102,2026-09-16 15h50.52.603461 +0800,
54,4,5,1500,,high,space,None,0,,,,,,,,,,,0,0,0,0,5,4,54,0,181.23480389997712,,,,197456.05300356203,197456.0530085167,0.0049546652007848024,1.771065569425709,0.28121811203993163,None,0,,,,,pilot,001,2026-09-16_15h50.52.183,p3,,2026.2.3,59.85146064963102,2026-09-16 15h50.52.603461 +0800,
55,5,5,1000,,low,None,None,1,,,,,,,,,,,0,0,0,0,5,5,55,9,183.01942599998438,,,,197457.90912827163,197457.90913575,0.007478374755010009,1.5348993560550437,0.35533122162265346,None,1,,,,,pilot,001,2026-09-16_15h50.52.183,p3,,2026.2.3,59.85146064963102,2026-09-16 15h50.52.603461 +0800,
56,6,5,1000,,low,None,None,1,,,,,,,,,,,0,0,0,0,5,6,56,6,184.55387289999635,,,,197459.2812921021,197459.28129788334,0.005781243089586496,1.5893136279418807,0.19182275210235852,None,1,,,,,pilot,001,2026-09-16_15h50.52.183,p3,,2026.2.3,59.85146064963102,2026-09-16 15h50.52.603461 +0800,
57,7,5,1000,,low,None,None,1,,,,,,,,,,,0,0,0,0,5,7,57,7,186.15536350000184,,,,197460.9755416983,197460.97555025,0.008551694918423891,1.6347017510055188,0.2850928483127537,None,1,,,,,pilot,001,2026-09-16_15h50.52.183,p3,,2026.2.3,59.85146064963102,2026-09-16 15h50.52.603461 +0800,
58,8,5,1000,,low,None,None,1,,,,,,,,,,,0,0,0,0,5,8,58,3,187.79025579997688,,,,197462.74263838385,197462.74263328334,-0.005100504495203495,1.6110114939300422,0.41746813384177583,None,1,,,,,pilot,001,2026-09-16_15h50.52.183,p3,,2026.2.3,59.85146064963102,2026-09-16 15h50.52.603461 +0800,
59,9,5,1000,,low,None,None,1,,,,,,,,,,,0,0,0,0,5,9,59,5,189.40838749997783,,,,197464.40331648715,197464.40331155,-0.004937144694849849,1.7465732279510164,0.4600405371538183,None,1,,,,,pilot,001,2026-09-16_15h50.52.183,p3,,2026.2.3,59.85146064963102,2026-09-16 15h50.52.603461 +0800,
60,0,6,1500,,high,space,None,0,,,,,,,,,,,0,0,0,0,6,0,60,1,191.16005499998573,,,,197466.0469453019,197466.04695101667,0.005714769940823317,1.5253993609508334,0.34907525189990884,None,0,,,,,pilot,001,2026-09-16_15h50.52.183,p3,,2026.2.3,59.85146064963102,2026-09-16 15h50.52.603461 +0800,
61,1,6,1000,,low,None,None,1,,,,,,,,,,,0,0,0,0,6,1,61,6,192.69571569998516,,,,197467.5004316301,197467.50042268334,-0.008946750313043594,1.7751037885719025,0.2716561801056915,None,1,,,,,pilot,001,2026-09-16_15h50.52.183,p3,,2026.2.3,59.85146064963102,2026-09-16 15h50.52.603461 +0800,
62,2,6,1000,,low,None,None,1,,,,,,,,,,,0,0,0,0,6,2,62,8,194.47961229999783,,,,197469.29434971357,197469.29434638334,-0.0033302349038422108,1.673130420994661,0.28033006358054796,None,1,,,,,pilot,001,2026-09-16_15h50.52.183,p3,,2026.2.3,59.85146064963102,2026-09-16 15h50.52.603461 +0800,
63,3,6,1000,,low,None,None,1,,,,,,,,,,,0,0,0,0,6,3,63,7,196.16572679998353,,,,197470.86525691694,197470.86525331668,-0.003600260242819786,1.53689788643307,0.16684916693422533,None,1,,,,,pilot,001,2026-09-16_15h50.52.183,p3,,2026.2.3,59.85146064963102,2026-09-16 15h50.52.603461 +0800,
64,4,6,1000,,low,None,None,1,,,,,,,,,,,0,0,0,0,6,4,64,2,197.715257999982,,,,197472.5919332287,197472.59192661667,-0.00661201192997396,1.7306655711381966,0.3423391787054032,None,1,,,,,pilot,001,2026-09-16_15h50.52.183,p3,,2026.2.3,59.85146064963102,2026-09-16 15h50.52.603461 +0800,
65,5,6,1000,,low,None,None,1,,,,,,,,,,,0,0,0,0,6,5,65,9,199.4501089999976,,,,197474.1438949146,197474.14390204998,0.007135386113077402,1.6471920525787924,0.1592558645792157,None,1,,,,,pilot,001,2026-09-16_15h50.52.183,p3,,2026.2.3,59.85146064963102,2026-09-16 15h50.52.603461 +0800,
66,6,6,1000,,low,None,None,1,,,,,,,,,,,0,0,0,0,6,6,66,5,201.10125089998473,,,,197476.0630922401,197476.06308978333,-0.002456770744174719,1.6260613556235544,0.42726939010538223,None,1,,,,,pilot,001,2026-09-16_15h50.52.183,p3,,2026.2.3,59.85146064963102,2026-09-16 15h50.52.603461 +0800,
67,7,6,1000,,low,None,None,1,,,,,,,,,,,0,0,0,0,6,7,67,3,202.73600309999892,,,,197477.70426402576,197477.70425858334,-0.005442416295409203,1.7922629130070842,0.43422277576279855,None,1,,,,,pilot,001,2026-09-16_15h50.52.183,p3,,2026.2.3,59.85146064963102,2026-09-16 15h50.52.603461 +0800,
68,8,6,1500,,high,space,None,0,,,,,,,,,,,0,0,0,0,6,8,68,0,204.5377915999852,,,,197479.3365546483,197479.33655745,0.0028017093427479267,1.5908128267652428,0.26419779831454565,None,0,,,,,pilot,001,2026-09-16_15h50.52.183,p3,,2026.2.3,59.85146064963102,2026-09-16 15h50.52.603461 +0800,
69,9,6,1000,,low,None,None,1,,,,,,,,,,,0,0,0,0,6,9,69,4,206.1387543999881,,,,197481.15106301673,197481.15106004998,-0.0029667571652680635,1.6405791323818695,0.4757113667326218,None,1,,,,,pilot,001,2026-09-16_15h50.52.183,p3,,2026.2.3,59.85146064963102,2026-09-16 15h50.52.603461 +0800,
70,0,7,1000,,low,None,None,1,,,,,,,,,,,0,0,0,0,7,0,70,4,207.79019139998127,,,,197482.67218589518,197482.67219248333,0.006588146788999438,1.7025710464952666,0.3472329451730672,None,1,,,,,pilot,001,2026-09-16_15h50.52.183,p3,,2026.2.3,59.85146064963102,2026-09-16 15h50.52.603461 +0800,
71,1,7,1000,,low,None,None,1,,,,,,,,,,,0,0,0,0,7,1,71,2,209.4923165999935,,,,197484.24911304004,197484.24911774998,0.004709931090474129,1.6028462128149779,0.22268159006552282,None,1,,,,,pilot,001,2026-09-16_15h50.52.183,p3,,2026.2.3,59.85146064963102,2026-09-16 15h50.52.603461 +0800,
72,2,7,1000,,low,None,None,1,,,,,,,,,,,0,0,0,0,7,2,72,6,211.11036609997973,,,,197486.1337536175,197486.13376188333,0.008265837095677853,1.66032508154552,0.48893316749833615,None,1,,,,,pilot,001,2026-09-16_15h50.52.183,p3,,2026.2.3,59.85146064963102,2026-09-16 15h50.52.603461 +0800,
73,3,7,1000,,low,None,None,1,,,,,,,,,,,0,0,0,0,7,3,73,7,212.77968889998738,,,,197487.73993782743,197487.73992958333,-0.008244096534326673,1.5889545820125452,0.42599067743561314,None,1,,,,,pilot,001,2026-09-16_15h50.52.183,p3,,2026.2.3,59.85146064963102,2026-09-16 15h50.52.603461 +0800,
74,4,7,1000,,low,None,None,1,,,,,,,,,,,0,0,0,0,7,4,74,3,214.37964709999505,,,,197489.37040939205,197489.37039985,-0.009542040061205626,1.6115828830266665,0.4569132420509521,None,1,,,,,pilot,001,2026-09-16_15h50.52.183,p3,,2026.2.3,59.85146064963102,2026-09-16 15h50.52.603461 +0800,
75,5,7,1000,,low,None,None,1,,,,,,,,,,,0,0,0,0,7,5,75,8,215.9974346999952,,,,197490.94945026073,197490.94944611666,-0.004144065314903855,1.7783243014577934,0.417729410742015,None,1,,,,,pilot,001,2026-09-16_15h50.52.183,p3,,2026.2.3,59.85146064963102,2026-09-16 15h50.52.603461 +0800,
76,6,7,1000,,low,None,None,1,,,,,,,,,,,0,0,0,0,7,6,76,5,217.78241990000242,,,,197492.72130038397,197492.72130161666,0.001232692738994956,1.6732712435025918,0.40490223397227887,None,1,,,,,pilot,001,2026-09-16_15h50.52.183,p3,,2026.2.3,59.85146064963102,2026-09-16 15h50.52.603461 +0800,
77,7,7,1500,,high,space,None,0,,,,,,,,,,,0,0,0,0,7,7,77,0,219.46700919998693,,,,197494.2048506033,197494.20485688333,0.0062800245359539986,1.5381428184320876,0.20298815331756695,None,0,,,,,pilot,001,2026-09-16_15h50.52.183,p3,,2026.2.3,59.85146064963102,2026-09-16 15h50.52.603461 +0800,
78,8,7,1000,,low,None,None,1,,,,,,,,,,,0,0,0,0,7,8,78,9,221.01813029998448,,,,197495.96695158863,197495.96694138335,-0.01020528725348413,1.5027606445950956,0.4144454386602844,None,1,,,,,pilot,001,2026-09-16_15h50.52.183,p3,,2026.2.3,59.85146064963102,2026-09-16 15h50.52.603461 +0800,
79,9,7,1500,,high,space,None,0,,,,,,,,,,,0,0,0,0,7,9,79,1,222.53659979999065,,,,197497.45799451176,197497.45799188333,-0.0026284251362085342,1.7786712055087037,0.38731156177009674,None,0,,,,,pilot,001,2026-09-16_15h50.52.183,p3,,2026.2.3,59.85146064963102,2026-09-16 15h50.52.603461 +0800,
80,0,8,1000,,low,None,None,1,,,,,,,,,,,0,0,0,0,8,0,80,3,224.32103579997784,,,,197499.24853477263,197499.24853215,-0.0026226334739476442,1.5421351218574317,0.39331912264120406,None,1,,,,,pilot,001,2026-09-16_15h50.52.183,p3,,2026.2.3,59.85146064963102,2026-09-16 15h50.52.603461 +0800,
81,1,8,1000,,low,None,None,1,,,,,,,,,,,0,0,0,0,8,1,81,6,225.87274399999296,,,,197500.696688079,197500.69668858332,0.0005043111741542816,1.7927633531505345,0.28938862901556217,None,1,,,,,pilot,001,2026-09-16_15h50.52.183,p3,,2026.2.3,59.85146064963102,2026-09-16 15h50.52.603461 +0800,
82,2,8,1500,,high,space,None,0,,,,,,,,,,,0,0,0,0,8,2,82,0,227.67430220000097,,,,197502.43441802557,197502.43442314997,0.005124398740008473,1.5344463612201686,0.22490567557686728,None,0,,,,,pilot,001,2026-09-16_15h50.52.183,p3,,2026.2.3,59.85146064963102,2026-09-16 15h50.52.603461 +0800,
83,3,8,1000,,low,None,None,1,,,,,,,,,,,0,0,0,0,8,3,83,8,229.2086345999851,,,,197503.9349155026,197503.93491715,0.0016473932191729546,1.7283190369325538,0.19168365262562032,None,1,,,,,pilot,001,2026-09-16_15h50.52.183,p3,,2026.2.3,59.85146064963102,2026-09-16 15h50.52.603461 +0800,
84,4,8,1000,,low,None,None,1,,,,,,,,,,,0,0,0,0,8,4,84,4,230.94377650000388,,,,197505.8184094554,197505.81840528332,-0.004172063199803233,1.6983034597393984,0.34048260539365843,None,1,,,,,pilot,001,2026-09-16_15h50.52.183,p3,,2026.2.3,59.85146064963102,2026-09-16 15h50.52.603461 +0800,
85,5,8,1000,,low,None,None,1,,,,,,,,,,,0,0,0,0,8,5,85,2,232.6445855999773,,,,197507.5639313172,197507.56392858332,-0.002733897417783737,1.7376181941596718,0.3848157672186174,None,1,,,,,pilot,001,2026-09-16_15h50.52.183,p3,,2026.2.3,59.85146064963102,2026-09-16 15h50.52.603461 +0800,
86,6,8,1000,,low,None,None,1,,,,,,,,,,,0,0,0,0,8,6,86,9,234.37947809998877,,,,197509.2205742535,197509.22057378336,-0.00047014327719807625,1.628104086004316,0.3050990035134875,None,1,,,,,pilot,001,2026-09-16_15h50.52.183,p3,,2026.2.3,59.85146064963102,2026-09-16 15h50.52.603461 +0800,
87,7,8,1500,,high,space,None,0,,,,,,,,,,,0,0,0,0,8,7,87,1,236.01462959998753,,,,197510.95886024463,197510.95885541668,-0.004827947122976184,1.566169624360148,0.40995359464390935,None,0,,,,,pilot,001,2026-09-16_15h50.52.183,p3,,2026.2.3,59.85146064963102,2026-09-16 15h50.52.603461 +0800,
88,8,8,1000,,low,None,None,1,,,,,,,,,,,0,0,0,0,8,8,88,7,237.5825939999777,,,,197512.4025364668,197512.40252705,-0.0094168062787503,1.5962771242395588,0.28598891681329963,None,1,,,,,pilot,001,2026-09-16_15h50.52.183,p3,,2026.2.3,59.85146064963102,2026-09-16 15h50.52.603461 +0800,
89,9,8,1000,,low,None,None,1,,,,,,,,,,,0,0,0,0,8,9,89,5,239.18440289999126,,,,197514.12591709624,197514.12591888334,0.0017870916053652763,1.688298796171984,0.4079780462498892,None,1,,,,,pilot,001,2026-09-16_15h50.52.183,p3,,2026.2.3,59.85146064963102,2026-09-16 15h50.52.603461 +0800,
90,0,9,1000,,low,None,None,1,,,,,,,,,,,0,0,0,0,9,0,90,6,240.88509249998606,,,,197515.88758184423,197515.88757765,-0.004194240318611264,1.5066100702203236,0.4661094942509558,None,1,,,,,pilot,001,2026-09-16_15h50.52.183,p3,,2026.2.3,59.85146064963102,2026-09-16 15h50.52.603461 +0800,
91,1,9,1000,,low,None,None,1,,,,,,,,,,,0,0,0,0,9,1,91,4,242.40331100000185,,,,197517.4184188569,197517.41842198334,0.0031264498829841614,1.5670711166817983,0.48073040689755875,None,1,,,,,pilot,001,2026-09-16_15h50.52.183,p3,,2026.2.3,59.85146064963102,2026-09-16 15h50.52.603461 +0800,
92,2,9,1000,,low,None,None,1,,,,,,,,,,,0,0,0,0,9,2,92,8,243.97123019999708,,,,197518.7301407701,197518.73014505,0.004279921995475888,1.7486965898924887,0.22473532012165698,None,1,,,,,pilot,001,2026-09-16_15h50.52.183,p3,,2026.2.3,59.85146064963102,2026-09-16 15h50.52.603461 +0800,
93,3,9,1000,,low,None,None,1,,,,,,,,,,,0,0,0,0,9,3,93,5,245.72252409998327,,,,197520.62615574987,197520.62615765,0.00190013088285923,1.6316793417168172,0.36892489987306043,None,1,,,,,pilot,001,2026-09-16_15h50.52.183,p3,,2026.2.3,59.85146064963102,2026-09-16 15h50.52.603461 +0800,
94,4,9,1000,,low,None,None,1,,,,,,,,,,,0,0,0,0,9,4,94,2,247.3574529000034,,,,197522.08976592892,197522.08976955,0.0036210694815963507,1.7244062642073597,0.19596947892950503,None,1,,,,,pilot,001,2026-09-16_15h50.52.183,p3,,2026.2.3,59.85146064963102,2026-09-16 15h50.52.603461 +0800,
95,5,9,1000,,low,None,None,1,,,,,,,,,,,0,0,0,0,9,5,95,3,249.09227979998104,,,,197523.90301634284,197523.90301434998,-0.0019928556866943836,1.6691236668279625,0.2757554928479399,None,1,,,,,pilot,001,2026-09-16_15h50.52.183,p3,,2026.2.3,59.85146064963102,2026-09-16 15h50.52.603461 +0800,
96,6,9,1000,,low,None,None,1,,,,,,,,,,,0,0,0,0,9,6,96,9,250.7604255999904,,,,197525.6505379163,197525.65053618333,-0.0017329875845462084,1.6517630868380917,0.354435866317535,None,1,,,,,pilot,001,2026-09-16_15h50.52.183,p3,,2026.2.3,59.85146064963102,2026-09-16 15h50.52.603461 +0800,
97,7,9,1500,,high,space,None,0,,,,,,,,,,,0,0,0,0,9,7,97,0,252.41146109998226,,,,197527.38497988947,197527.38498741668,0.007527210982516408,1.537694044286785,0.43935553948160944,None,0,,,,,pilot,001,2026-09-16_15h50.52.183,p3,,2026.2.3,59.85146064963102,2026-09-16 15h50.52.603461 +0800,
98,8,9,1500,,high,space,None,0,,,,,,,,,,,0,0,0,0,9,8,98,1,253.96518289999221,,,,197528.84250909096,197528.84250851665,-0.0005743058864027262,1.6851086082467295,0.34315874095998666,None,0,,,,,pilot,001,2026-09-16_15h50.52.183,p3,,2026.2.3,59.85146064963102,2026-09-16 15h50.52.603461 +0800,
99,9,9,1000,,low,None,None,1,,,,,,,,,,,0,0,0,0,9,9,99,7,255.66412109998055,,,,197530.58209503817,197530.5820856833,-0.009354873327538371,1.63598105456422,0.3835504881934873,None,1,,,,,pilot,001,2026-09-16_15h50.52.183,p3,,2026.2.3,59.85146064963102,2026-09-16 15h50.52.603461 +0800,
100,0,10,1000,,low,None,None,1,,,,,,,,,,,0,0,0,0,10,0,100,6,257.3160224999883,,,,197532.21488137654,197532.21488795002,0.0065734784584492445,1.525575425532179,0.36429122656154544,None,1,,,,,pilot,001,2026-09-16_15h50.52.183,p3,,2026.2.3,59.85146064963102,2026-09-16 15h50.52.603461 +0800,
101,1,10,1000,,low,None,None,1,,,,,,,,,,,0,0,0,0,10,1,101,9,258.8506271999795,,,,197533.7456317176,197533.74562688335,-0.004834262654185295,1.7169340436055238,0.3604730676039829,None,1,,,,,pilot,001,2026-09-16_15h50.52.183,p3,,2026.2.3,59.85146064963102,2026-09-16 15h50.52.603461 +0800,
102,2,10,1500,,high,space,None,0,,,,,,,,,,,0,0,0,0,10,2,102,0,260.5698408999888,,,,197535.43917570869,197535.43917578334,7.465132512152195e-05,1.5114834800089711,0.33542325869793976,None,0,,,,,pilot,001,2026-09-16_15h50.52.183,p3,,2026.2.3,59.85146064963102,2026-09-16 15h50.52.603461 +0800,
103,3,10,1000,,low,None,None,1,,,,,,,,,,,0,0,0,0,10,3,103,5,262.0864539000031,,,,197536.83133365866,197536.8313409833,0.007324648322537541,1.774857670645769,0.21018220866917556,None,1,,,,,pilot,001,2026-09-16_15h50.52.183,p3,,2026.2.3,59.85146064963102,2026-09-16 15h50.52.603461 +0800,
104,4,10,1000,,low,None,None,1,,,,,,,,,,,0,0,0,0,10,4,104,3,263.8718064999848,,,,197538.56954490909,197538.56954618334,0.0012742530088871717,1.6547848023566318,0.16381045907867553,None,1,,,,,pilot,001,2026-09-16_15h50.52.183,p3,,2026.2.3,59.85146064963102,2026-09-16 15h50.52.603461 +0800,
105,5,10,1000,,low,None,None,1,,,,,,,,,,,0,0,0,0,10,5,105,7,265.5399919000047,,,,197540.23861460912,197540.23862278333,0.008174218237400055,1.6175812334121105,0.16340915909715029,None,1,,,,,pilot,001,2026-09-16_15h50.52.183,p3,,2026.2.3,59.85146064963102,2026-09-16 15h50.52.603461 +0800,
106,6,10,1000,,low,None,None,1,,,,,,,,,,,0,0,0,0,10,6,106,8,267.1572260999819,,,,197542.1204815895,197542.12048608335,0.004493864253163338,1.5189875176278111,0.4279719394993118,None,1,,,,,pilot,001,2026-09-16_15h50.52.183,p3,,2026.2.3,59.85146064963102,2026-09-16 15h50.52.603461 +0800,
107,7,10,1000,,low,None,None,1,,,,,,,,,,,0,0,0,0,10,7,107,2,268.6759410999948,,,,197543.4015537824,197543.40154831667,-0.005465728463605046,1.5183938312090979,0.19164673241617503,None,1,,,,,pilot,001,2026-09-16_15h50.52.183,p3,,2026.2.3,59.85146064963102,2026-09-16 15h50.52.603461 +0800,
108,8,10,1000,,low,None,None,1,,,,,,,,,,,0,0,0,0,10,8,108,4,270.19417790000443,,,,197545.10087641547,197545.10087191666,-0.0044988119043409824,1.7014306373333814,0.37300046546830046,None,1,,,,,pilot,001,2026-09-16_15h50.52.183,p3,,2026.2.3,59.85146064963102,2026-09-16 15h50.52.603461 +0800,
109,9,10,1500,,high,space,None,0,,,,,,,,,,,0,0,0,0,10,9,109,1,271.8965715999948,,,,197546.6994077803,197546.69940808337,0.00030305818654596806,1.5526723298449998,0.2698075303060641,None,0,,,,,pilot,001,2026-09-16_15h50.52.183,p3,,2026.2.3,59.85146064963102,2026-09-16 15h50.52.603461 +0800,
110,0,11,1000,,low,None,None,1,,,,,,,,,,,0,0,0,0,11,0,110,9,273.4626841999998,,,,197548.2970078673,197548.29700568333,-0.002183980541303754,1.7545119913402858,0.2996170173354933,None,1,,,,,pilot,001,2026-09-16_15h50.52.183,p3,,2026.2.3,59.85146064963102,2026-09-16 15h50.52.603461 +0800,
111,1,11,1500,,high,space,None,0,,,,,,,,,,,0,0,0,0,11,1,111,1,275.2307787000027,,,,197550.14036656282,197550.14036465,-0.001912820152938366,1.5797660785728427,0.3753141128375452,None,0,,,,,pilot,001,2026-09-16_15h50.52.183,p3,,2026.2.3,59.85146064963102,2026-09-16 15h50.52.603461 +0800,
112,2,11,1000,,low,None,None,1,,,,,,,,,,,0,0,0,0,11,2,112,8,276.8170543999877,,,,197551.62684113323,197551.62684878334,0.007650116458535194,1.5519317510852202,0.27716278321705023,None,1,,,,,pilot,001,2026-09-16_15h50.52.183,p3,,2026.2.3,59.85146064963102,2026-09-16 15h50.52.603461 +0800,
113,3,11,1000,,low,None,None,1,,,,,,,,,,,0,0,0,0,11,3,113,2,278.3837605000008,,,,197553.29613360637,197553.29614401667,0.010410294635221362,1.5369329927019992,0.3782367563863029,None,1,,,,,pilot,001,2026-09-16_15h50.52.183,p3,,2026.2.3,59.85146064963102,2026-09-16 15h50.52.603461 +0800,
114,4,11,1000,,low,None,None,1,,,,,,,,,,,0,0,0,0,11,4,114,5,279.9348726999888,,,,197554.92245253405,197554.92244345,-0.009084062185138464,1.7223009590952523,0.4525288840481865,None,1,,,,,pilot,001,2026-09-16_15h50.52.183,p3,,2026.2.3,59.85146064963102,2026-09-16 15h50.52.603461 +0800,
115,5,11,1000,,low,None,None,1,,,,,,,,,,,0,0,0,0,11,5,115,3,281.6702124000003,,,,197556.40037364405,197556.40037038332,-0.0032607349567115307,1.7702617273153634,0.19612769407791325,None,1,,,,,pilot,001,2026-09-16_15h50.52.183,p3,,2026.2.3,59.85146064963102,2026-09-16 15h50.52.603461 +0800,
116,6,11,1000,,low,None,None,1,,,,,,,,,,,0,0,0,0,11,6,116,4,283.4547913999995,,,,197558.24609504605,197558.24609301667,-0.0020293809939175844,1.6776572909002303,0.25735429607647536,None,1,,,,,pilot,001,2026-09-16_15h50.52.183,p3,,2026.2.3,59.85146064963102,2026-09-16 15h50.52.603461 +0800,
117,7,11,1500,,high,space,None,0,,,,,,,,,,,0,0,0,0,11,7,117,0,285.13940260000527,,,,197560.0095833665,197560.0095875833,0.004216795787215233,1.7162820066316407,0.3351682165305051,None,0,,,,,pilot,001,2026-09-16_15h50.52.183,p3,,2026.2.3,59.85146064963102,2026-09-16 15h50.52.603461 +0800,
118,8,11,1000,,low,None,None,1,,,,,,,,,,,0,0,0,0,11,8,118,6,286.85738089997903,,,,197561.8279980712,197561.82798918334,-0.008887873264029622,1.7473111610438332,0.43637502121374694,None,1,,,,,pilot,001,2026-09-16_15h50.52.183,p3,,2026.2.3,59.85146064963102,2026-09-16 15h50.52.603461 +0800,
119,9,11,1000,,low,None,None,1,,,,,,,,,,,0,0,0,0,11,9,119,7,288.609229099995,,,,197563.37412495157,197563.37412355002,-0.001401553163304925,1.76167004596306,0.2298383015814503,None,1,,,,,pilot,001,2026-09-16_15h50.52.183,p3,,2026.2.3,59.85146064963102,2026-09-16 15h50.52.603461 +0800,
120,0,12,1000,,low,None,None,1,,,,,,,,,,,0,0,0,0,12,0,120,5,290.3783264999802,,,,197565.26413090728,197565.26412378333,-0.007123948307707906,1.7736636798782448,0.35224065728217396,None,1,,,,,pilot,001,2026-09-16_15h50.52.183,p3,,2026.2.3,59.85146064963102,2026-09-16 15h50.52.603461 +0800,
121,1,12,1000,,low,None,None,1,,,,,,,,,,,0,0,0,0,12,1,121,9,292.1625841000059,,,,197566.94624934244,197566.94623911666,-0.01022577635012567,1.7915328496847847,0.24923869246836347,None,1,,,,,pilot,001,2026-09-16_15h50.52.183,p3,,2026.2.3,59.85146064963102,2026-09-16 15h50.52.603461 +0800,
122,2,12,1500,,high,space,None,0,,,,,,,,,,,0,0,0,0,12,2,122,1,293.9634369999985,,,,197568.90363666945,197568.90363931668,0.002647226210683584,1.6343962919178738,0.40422621946378345,None,0,,,,,pilot,001,2026-09-16_15h50.52.183,p3,,2026.2.3,59.85146064963102,2026-09-16 15h50.52.603461 +0800,
123,3,12,1000,,low,None,None,1,,,,,,,,,,,0,0,0,0,12,3,123,6,295.598316299991,,,,197570.572730114,197570.57272721667,-0.0028973445296287537,1.6398874011914912,0.44028976403760334,None,1,,,,,pilot,001,2026-09-16_15h50.52.183,p3,,2026.2.3,59.85146064963102,2026-09-16 15h50.52.603461 +0800,
124,4,12,1000,,low,None,None,1,,,,,,,,,,,0,0,0,0,12,4,124,2,297.2495086999843,,,,197572.03452513096,197572.03453238335,0.007252383511513472,1.7025603452108236,0.2506180809516773,None,1,,,,,pilot,001,2026-09-16_15h50.52.183,p3,,2026.2.3,59.85146064963102,2026-09-16 15h50.52.603461 +0800,
125,5,12,1500,,high,space,None,0,,,,,,,,,,,0,0,0,0,12,5,125,0,298.951050499978,,,,197573.86328232213,197573.86327738335,-0.004938774509355426,1.7418320975790327,0.37764737212382576,None,0,,,,,pilot,001,2026-09-16_15h50.52.183,p3,,2026.2.3,59.85146064963102,2026-09-16 15h50.52.603461 +0800,
126,6,12,1000,,low,None,None,1,,,,,,,,,,,0,0,0,0,12,6,126,4,300.70261779997963,,,,197575.51049760767,197575.51049411666,-0.0034910044632852077,1.7129546309683263,0.27186035767156924,None,1,,,,,pilot,001,2026-09-16_15h50.52.183,p3,,2026.2.3,59.85146064963102,2026-09-16 15h50.52.603461 +0800,
127,7,12,1000,,low,None,None,1,,,,,,,,,,,0,0,0,0,12,7,127,3,302.42102320000413,,,,197577.16648315574,197577.1664804833,-0.0026724301278591156,1.785034227034513,0.21105480575718,None,1,,,,,pilot,001,2026-09-16_15h50.52.183,p3,,2026.2.3,59.85146064963102,2026-09-16 15h50.52.603461 +0800,
128,8,12,1000,,low,None,None,1,,,,,,,,,,,0,0,0,0,12,8,128,8,304.20592300000135,,,,197578.9468275875,197578.94682738333,-0.00020416337065398693,1.7143989109957822,0.2069867374913222,None,1,,,,,pilot,001,2026-09-16_15h50.52.183,p3,,2026.2.3,59.85146064963102,2026-09-16 15h50.52.603461 +0800,
129,9,12,1000,,low,None,None,1,,,,,,,,,,,0,0,0,0,12,9,129,7,305.92386449998594,,,,197580.77835670856,197580.77834785,-0.008858565706759691,1.7340322290068284,0.320653858561778,None,1,,,,,pilot,001,2026-09-16_15h50.52.183,p3,,2026.2.3,59.85146064963102,2026-09-16 15h50.52.603461 +0800,
130,0,13,1000,,low,None,None,1,,,,,,,,,,,0,0,0,0,13,0,130,4,307.65868110000156,,,,197582.62472510425,197582.62472611666,0.0010124058462679386,1.5299861602413822,0.4317090542499784,None,1,,,,,pilot,001,2026-09-16_15h50.52.183,p3,,2026.2.3,59.85146064963102,2026-09-16 15h50.52.603461 +0800,
131,1,13,1000,,low,None,None,1,,,,,,,,,,,0,0,0,0,13,1,131,7,309.19373149998137,,,,197584.01024173058,197584.01024201667,0.0002860906533896923,1.6626987912114413,0.282202980606022,None,1,,,,,pilot,001,2026-09-16_15h50.52.183,p3,,2026.2.3,59.85146064963102,2026-09-16 15h50.52.603461 +0800,
132,2,13,1500,,high,space,None,0,,,,,,,,,,,0,0,0,0,13,2,132,1,310.8631471999979,,,,197585.56603304198,197585.56603218333,-0.0008586503099650145,1.789283912763004,0.1699308919833069,None,0,,,,,pilot,001,2026-09-16_15h50.52.183,p3,,2026.2.3,59.85146064963102,2026-09-16 15h50.52.603461 +0800,
133,3,13,1000,,low,None,None,1,,,,,,,,,,,0,0,0,0,13,3,133,8,312.66272089999984,,,,197587.4678252426,197587.46782791667,0.0026740599423646927,1.7818486206543631,0.27056579261606084,None,1,,,,,pilot,001,2026-09-16_15h50.52.183,p3,,2026.2.3,59.85146064963102,2026-09-16 15h50.52.603461 +0800,
134,4,13,1000,,low,None,None,1,,,,,,,,,,,0,0,0,0,13,4,134,6,314.4480274999805,,,,197589.20380434697,197589.20379498333,-0.009363633580505848,1.7400776201745685,0.2216551969616788,None,1,,,,,pilot,001,2026-09-16_15h50.52.183,p3,,2026.2.3,59.85146064963102,2026-09-16 15h50.52.603461 +0800,
135,5,13,1500,,high,space,None,0,,,,,,,,,,,0,0,0,0,13,5,135,0,316.1992663999845,,,,197591.0594338321,197591.05943098333,-0.002848770236596465,1.7435132146503642,0.32602688211551256,None,0,,,,,pilot,001,2026-09-16_15h50.52.183,p3,,2026.2.3,59.85146064963102,2026-09-16 15h50.52.603461 +0800,
136,6,13,1000,,low,None,None,1,,,,,,,,,,,0,0,0,0,13,6,136,3,317.95081320000463,,,,197592.63947218243,197592.63946361668,-0.008565752068534493,1.790796051364485,0.15442703243949207,None,1,,,,,pilot,001,2026-09-16_15h50.52.183,p3,,2026.2.3,59.85146064963102,2026-09-16 15h50.52.603461 +0800,
137,7,13,1000,,low,None,None,1,,,,,,,,,,,0,0,0,0,13,7,137,9,319.7521284999966,,,,197594.44246540175,197594.44246548333,8.157803677022457e-05,1.665459476667197,0.1561083517452539,None,1,,,,,pilot,001,2026-09-16_15h50.52.183,p3,,2026.2.3,59.85146064963102,2026-09-16 15h50.52.603461 +0800,
138,8,13,1000,,low,None,None,1,,,,,,,,,,,0,0,0,0,13,8,138,2,321.420470299985,,,,197596.18146771824,197596.18145931666,-0.008401577360928059,1.6830113154781356,0.22638926822680291,None,1,,,,,pilot,001,2026-09-16_15h50.52.183,p3,,2026.2.3,59.85146064963102,2026-09-16 15h50.52.603461 +0800,
139,9,13,1000,,low,None,None,1,,,,,,,,,,,0,0,0,0,13,9,139,5,323.10498919998645,,,,197598.06534189757,197598.06533358333,-0.0083142367657274,1.6639573181673064,0.4256618475696782,None,1,,,,,pilot,001,2026-09-16_15h50.52.183,p3,,2026.2.3,59.85146064963102,2026-09-16 15h50.52.603461 +0800,
140,0,14,1000,,low,None,None,1,,,,,,,,,,,0,0,0,0,14,0,140,9,324.77350670000305,,,,197599.7685735134,197599.76856505,-0.008463393896818161,1.709586509332491,0.4605473634030789,None,1,,,,,pilot,001,2026-09-16_15h50.52.183,p3,,2026.2.3,59.85146064963102,2026-09-16 15h50.52.603461 +0800,
141,1,14,1000,,low,None,None,1,,,,,,,,,,,0,0,0,0,14,1,141,5,326.4913991999929,,,,197601.45389529614,197601.4539009833,0.005687150405719876,1.6447763258362218,0.42773464614658596,None,1,,,,,pilot,001,2026-09-16_15h50.52.183,p3,,2026.2.3,59.85146064963102,2026-09-16 15h50.52.603461 +0800,
142,2,14,1000,,low,None,None,1,,,,,,,,,,,0,0,0,0,14,2,142,2,328.1426924999978,,,,197602.99311639793,197602.99311858334,0.002185406628996134,1.528562990200208,0.31433124794170764,None,1,,,,,pilot,001,2026-09-16_15h50.52.183,p3,,2026.2.3,59.85146064963102,2026-09-16 15h50.52.603461 +0800,
143,3,14,1500,,high,space,None,0,,,,,,,,,,,0,0,0,0,14,3,143,0,329.6775096000056,,,,197604.4861372306,197604.48613991664,0.002686050720512867,1.7571248787223999,0.27413228062459744,None,0,,,,,pilot,001,2026-09-16_15h50.52.183,p3,,2026.2.3,59.85146064963102,2026-09-16 15h50.52.603461 +0800,
144,4,14,1000,,low,None,None,1,,,,,,,,,,,0,0,0,0,14,4,144,3,331.4459504999977,,,,197606.3044072196,197606.30440388332,-0.0033362885005772114,1.6841649140857538,0.3243610696345832,None,1,,,,,pilot,001,2026-09-16_15h50.52.183,p3,,2026.2.3,59.85146064963102,2026-09-16 15h50.52.603461 +0800,
145,5,14,1000,,low,None,None,1,,,,,,,,,,,0,0,0,0,14,5,145,6,333.1303791999817,,,,197608.05920625545,197608.05920968333,0.0034278782550245523,1.5551892873981603,0.3951812054767053,None,1,,,,,pilot,001,2026-09-16_15h50.52.183,p3,,2026.2.3,59.85146064963102,2026-09-16 15h50.52.603461 +0800,
146,6,14,1000,,low,None,None,1,,,,,,,,,,,0,0,0,0,14,6,146,8,334.6980612000043,,,,197609.51629382573,197609.51628941667,-0.004409055691212416,1.6239471653955326,0.28385017572988935,None,1,,,,,pilot,001,2026-09-16_15h50.52.183,p3,,2026.2.3,59.85146064963102,2026-09-16 15h50.52.603461 +0800,
147,7,14,1500,,high,space,None,0,,,,,,,,,,,0,0,0,0,14,7,147,1,336.33308459998807,,,,197611.05099822098,197611.05098898333,-0.009237643098458648,1.5523567354390224,0.1837287710021138,None,0,,,,,pilot,001,2026-09-16_15h50.52.183,p3,,2026.2.3,59.85146064963102,2026-09-16 15h50.52.603461 +0800,
148,8,14,1000,,low,None,None,1,,,,,,,,,,,0,0,0,0,14,8,148,4,337.90153919998556,,,,197612.80368323473,197612.80368905002,0.005815294571220875,1.634356773744172,0.3681701847355414,None,1,,,,,pilot,001,2026-09-16_15h50.52.183,p3,,2026.2.3,59.85146064963102,2026-09-16 15h50.52.603461 +0800,
149,9,14,1000,,low,None,None,1,,,,,,,,,,,0,0,0,0,14,9,149,7,339.535621899995,,,,197614.40077737687,197614.40078551666,0.008139788405969739,1.7723971691057891,0.33054262688891817,None,1,,,,,pilot,001,2026-09-16_15h50.52.183,p3,,2026.2.3,59.85146064963102,2026-09-16 15h50.52.603461 +0800,
150,0,15,1000,,low,None,None,1,,,,,,,,,,,0,0,0,0,15,0,150,5,341.3202229999879,,,,197616.27612649967,197616.27612775,0.0012503296602517366,1.5210571572035942,0.42114374965687285,None,1,,,,,pilot,001,2026-09-16_15h50.52.183,p3,,2026.2.3,59.85146064963102,2026-09-16 15h50.52.603461 +0800,
151,1,15,1000,,low,None,None,1,,,,,,,,,,,0,0,0,0,15,1,151,9,342.85503399997833,,,,197617.66519122277,197617.66519151666,0.00029389047995209694,1.606108845320371,0.27574667276850706,None,1,,,,,pilot,001,2026-09-16_15h50.52.183,p3,,2026.2.3,59.85146064963102,2026-09-16 15h50.52.603461 +0800,
152,2,15,1000,,low,None,None,1,,,,,,,,,,,0,0,0,0,15,2,152,8,344.47360719999415,,,,197619.4623447077,197619.46235105,0.006342306733131409,1.6378339827630828,0.45486925770110864,None,1,,,,,pilot,001,2026-09-16_15h50.52.183,p3,,2026.2.3,59.85146064963102,2026-09-16 15h50.52.603461 +0800,
153,3,15,1500,,high,space,None,0,,,,,,,,,,,0,0,0,0,15,3,153,1,346.1247300999821,,,,197620.95590747695,197620.95590648334,-0.0009936047717928886,1.7936644865988403,0.2965601269695204,None,0,,,,,pilot,001,2026-09-16_15h50.52.183,p3,,2026.2.3,59.85146064963102,2026-09-16 15h50.52.603461 +0800,
154,4,15,1000,,low,None,None,1,,,,,,,,,,,0,0,0,0,15,4,154,2,347.92618969999603,,,,197622.72218744073,197622.72218541667,-0.002024054992944002,1.732029958328745,0.2614079907325486,None,1,,,,,pilot,001,2026-09-16_15h50.52.183,p3,,2026.2.3,59.85146064963102,2026-09-16 15h50.52.603461 +0800,
155,5,15,1000,,low,None,None,1,,,,,,,,,,,0,0,0,0,15,5,155,6,349.6613165999879,,,,197624.34987554874,197624.34987475,-0.0007987255230545998,1.705214668185611,0.1544688987628225,None,1,,,,,pilot,001,2026-09-16_15h50.52.183,p3,,2026.2.3,59.85146064963102,2026-09-16 15h50.52.603461 +0800,
156,6,15,1500,,high,space,None,0,,,,,,,,,,,0,0,0,0,15,6,156,0,351.379005099996,,,,197626.3422107271,197626.34221914998,0.008422881364822388,1.7269031816872427,0.42857027711705875,None,0,,,,,pilot,001,2026-09-16_15h50.52.183,p3,,2026.2.3,59.85146064963102,2026-09-16 15h50.52.603461 +0800,
157,7,15,1000,,low,None,None,1,,,,,,,,,,,0,0,0,0,15,7,157,7,353.1139676999883,,,,197628.03981460936,197628.03982421666,0.009607290849089622,1.7779411155951745,0.39169325938576816,None,1,,,,,pilot,001,2026-09-16_15h50.52.183,p3,,2026.2.3,59.85146064963102,2026-09-16 15h50.52.603461 +0800,
158,8,15,1000,,low,None,None,1,,,,,,,,,,,0,0,0,0,15,8,158,4,354.898709400004,,,,197629.9232585326,197629.92326828337,0.00975077273324132,1.6062580565797102,0.48859138260827184,None,1,,,,,pilot,001,2026-09-16_15h50.52.183,p3,,2026.2.3,59.85146064963102,2026-09-16 15h50.52.603461 +0800,
159,9,15,1000,,low,None,None,1,,,,,,,,,,,0,0,0,0,15,9,159,3,356.5164961999981,,,,197631.37632300527,197631.37632238332,-0.0006219488568603992,1.589965963523276,0.3256683552818084,None,1,,,,,pilot,001,2026-09-16_15h50.52.183,p3,,2026.2.3,59.85146064963102,2026-09-16 15h50.52.603461 +0800,
160,0,16,1000,,low,None,None,1,,,,,,,,,,,0,0,0,0,16,0,160,7,358.11778369999956,,,,197632.93382685832,197632.93382615,-0.0007083290256559849,1.5110310045946813,0.2808425083377071,None,1,,,,,pilot,001,2026-09-16_15h50.52.183,p3,,2026.2.3,59.85146064963102,2026-09-16 15h50.52.603461 +0800,
161,1,16,1500,,high,space,None,0,,,,,,,,,,,0,0,0,0,16,1,161,1,359.6365924999991,,,,197634.38086605121,197634.38085951665,-0.0065345666371285915,1.7336122772027216,0.21008470121632689,None,0,,,,,pilot,001,2026-09-16_15h50.52.183,p3,,2026.2.3,59.85146064963102,2026-09-16 15h50.52.603461 +0800,
162,2,16,1000,,low,None,None,1,,,,,,,,,,,0,0,0,0,16,2,162,9,361.3723938000039,,,,197636.25777543243,197636.25777645002,0.0010175863280892372,1.5658570497263054,0.3520898824360536,None,1,,,,,pilot,001,2026-09-16_15h50.52.183,p3,,2026.2.3,59.85146064963102,2026-09-16 15h50.52.603461 +0800,
163,3,16,1000,,low,None,None,1,,,,,,,,,,,0,0,0,0,16,3,163,3,362.93917119997786,,,,197637.83143233607,197637.83142585,-0.006486079655587673,1.6406538384759304,0.35826078608795064,None,1,,,,,pilot,001,2026-09-16_15h50.52.183,p3,,2026.2.3,59.85146064963102,2026-09-16 15h50.52.603461 +0800,
164,4,16,1000,,low,None,None,1,,,,,,,,,,,0,0,0,0,16,4,164,5,364.5903014999931,,,,197639.5549853815,197639.55498825002,0.0028685317374765873,1.6320061169820674,0.43008803148212704,None,1,,,,,pilot,001,2026-09-16_15h50.52.183,p3,,2026.2.3,59.85146064963102,2026-09-16 15h50.52.603461 +0800,
165,5,16,1000,,low,None,None,1,,,,,,,,,,,0,0,0,0,16,5,165,8,366.22514090000186,,,,197640.97087820247,197640.97088421666,0.006014190148562193,1.5539630953943473,0.21104445246396517,None,1,,,,,pilot,001,2026-09-16_15h50.52.183,p3,,2026.2.3,59.85146064963102,2026-09-16 15h50.52.603461 +0800,
166,6,16,1500,,high,space,None,0,,,,,,,,,,,0,0,0,0,16,6,166,0,367.777720699989,,,,197642.72187284473,197642.72186711663,-0.005728099495172501,1.6600679077550118,0.4086083947198573,None,0,,,,,pilot,001,2026-09-16_15h50.52.183,p3,,2026.2.3,59.85146064963102,2026-09-16 15h50.52.603461 +0800,
167,7,16,1000,,low,None,None,1,,,,,,,,,,,0,0,0,0,16,7,167,2,369.444528299995,,,,197644.42545061823,197644.42544658334,-0.004034896846860647,1.6199681472980048,0.44628116822301844,None,1,,,,,pilot,001,2026-09-16_15h50.52.183,p3,,2026.2.3,59.85146064963102,2026-09-16 15h50.52.603461 +0800,
168,8,16,1000,,low,None,None,1,,,,,,,,,,,0,0,0,0,16,8,168,4,371.0790539000009,,,,197645.93123097517,197645.93123651666,0.005541485734283924,1.5805478132242075,0.31761522519076313,None,1,,,,,pilot,001,2026-09-16_15h50.52.183,p3,,2026.2.3,59.85146064963102,2026-09-16 15h50.52.603461 +0800,
169,9,16,1000,,low,None,None,1,,,,,,,,,,,0,0,0,0,16,9,169,6,372.6639612999861,,,,197647.64686412612,197647.6468689833,0.004857196472585201,1.7095262437599223,0.44845647613536155,None,1,,,,,pilot,001,2026-09-16_15h50.52.183,p3,,2026.2.3,59.85146064963102,2026-09-16 15h50.52.603461 +0800,
170,0,17,1000,,low,None,None,1,,,,,,,,,,,0,0,0,0,17,0,170,9,374.3819369999983,,,,197649.3688576387,197649.36885601666,-0.0016220437828451395,1.6719450448200972,0.45242268870697155,None,1,,,,,pilot,001,2026-09-16_15h50.52.183,p3,,2026.2.3,59.85146064963102,2026-09-16 15h50.52.603461 +0800,
171,1,17,1000,,low,None,None,1,,,,,,,,,,,0,0,0,0,17,1,171,6,376.06646800000453,,,,197650.8975995536,197650.89760771667,0.008163071470335126,1.591635367416012,0.2963585035961027,None,1,,,,,pilot,001,2026-09-16_15h50.52.183,p3,,2026.2.3,59.85146064963102,2026-09-16 15h50.52.603461 +0800,
172,2,17,1000,,low,None,None,1,,,,,,,,,,,0,0,0,0,17,2,172,5,377.66789129999233,,,,197652.467320912,197652.46733105,0.010137999197468162,1.7998816253807532,0.26509126200167954,None,1,,,,,pilot,001,2026-09-16_15h50.52.183,p3,,2026.2.3,59.85146064963102,2026-09-16 15h50.52.603461 +0800,
173,3,17,1500,,high,space,None,0,,,,,,,,,,,0,0,0,0,17,3,173,1,379.46943189998274,,,,197654.17607636884,197654.17608488334,0.008514500223100185,1.7483554687676275,0.17178621884232542,None,0,,,,,pilot,001,2026-09-16_15h50.52.183,p3,,2026.2.3,59.85146064963102,2026-09-16 15h50.52.603461 +0800,
174,4,17,1000,,low,None,None,1,,,,,,,,,,,0,0,0,0,17,4,174,4,381.2211693999998,,,,197656.18820416127,197656.18821234998,0.008188711944967508,1.52470601078225,0.4309172112946955,None,1,,,,,pilot,001,2026-09-16_15h50.52.183,p3,,2026.2.3,59.85146064963102,2026-09-16 15h50.52.603461 +0800,
175,5,17,1000,,low,None,None,1,,,,,,,,,,,0,0,0,0,17,5,175,7,382.75560459998087,,,,197657.75145834847,197657.75146855,0.010201532859355211,1.7047668580149056,0.46068409847224634,None,1,,,,,pilot,001,2026-09-16_15h50.52.183,p3,,2026.2.3,59.85146064963102,2026-09-16 15h50.52.603461 +0800,
176,6,17,1000,,low,None,None,1,,,,,,,,,,,0,0,0,0,17,6,176,3,384.47387339998386,,,,197659.3891004921,197659.38910681664,0.006324553396552801,1.7670801726319953,0.37929504209940346,None,1,,,,,pilot,001,2026-09-16_15h50.52.183,p3,,2026.2.3,59.85146064963102,2026-09-16 15h50.52.603461 +0800,
177,7,17,1000,,low,None,None,1,,,,,,,,,,,0,0,0,0,17,7,177,8,386.2421064999944,,,,197661.26938119237,197661.26938088334,-0.00030902447178959846,1.7856763585388533,0.4928607423914658,None,1,,,,,pilot,001,2026-09-16_15h50.52.183,p3,,2026.2.3,59.85146064963102,2026-09-16 15h50.52.603461 +0800,
178,8,17,1000,,low,None,None,1,,,,,,,,,,,0,0,0,0,17,8,178,2,388.0281573999964,,,,197662.88073733888,197662.88073695,-0.00038888538256287575,1.723841654900831,0.3189786888871776,None,1,,,,,pilot,001,2026-09-16_15h50.52.183,p3,,2026.2.3,59.85146064963102,2026-09-16 15h50.52.603461 +0800,
179,9,17,1500,,high,space,None,0,,,,,,,,,,,0,0,0,0,17,9,179,0,389.76248989999294,,,,197664.5511087201,197664.55110095,-0.0077701115515083075,1.7378837129766693,0.25415487011565097,None,0,,,,,pilot,001,2026-09-16_15h50.52.183,p3,,2026.2.3,59.85146064963102,2026-09-16 15h50.52.603461 +0800,
180,0,18,1000,,low,None,None,1,,,,,,,,,,,0,0,0,0,18,0,180,8,391.51340209998307,,,,197666.48040833778,197666.48040841665,7.887138053774834e-05,1.5809882335759926,0.4326550877742952,None,1,,,,,pilot,001,2026-09-16_15h50.52.183,p3,,2026.2.3,59.85146064963102,2026-09-16 15h50.52.603461 +0800,
181,1,18,1000,,low,None,None,1,,,,,,,,,,,0,0,0,0,18,1,181,9,393.0979240000015,,,,197667.9509453453,197667.95093564998,-0.009695329936221242,1.756131454200759,0.3171607953308906,None,1,,,,,pilot,001,2026-09-16_15h50.52.183,p3,,2026.2.3,59.85146064963102,2026-09-16 15h50.52.603461 +0800,
182,2,18,1000,,low,None,None,1,,,,,,,,,,,0,0,0,0,18,2,182,6,394.8659318999853,,,,197669.81178378974,197669.81177708335,-0.006706395652145147,1.6032937409917525,0.4111949397342902,None,1,,,,,pilot,001,2026-09-16_15h50.52.183,p3,,2026.2.3,59.85146064963102,2026-09-16 15h50.52.603461 +0800,
183,3,18,1500,,high,space,None,0,,,,,,,,,,,0,0,0,0,18,3,183,0,396.48397879998083,,,,197671.19804369865,197671.19804948333,0.005784677341580391,1.747727628535235,0.17997794865659367,None,0,,,,,pilot,001,2026-09-16_15h50.52.183,p3,,2026.2.3,59.85146064963102,2026-09-16 15h50.52.603461 +0800,
184,4,18,1500,,high,space,None,0,,,,,,,,,,,0,0,0,0,18,4,184,1,398.2355508999899,,,,197673.14802479092,197673.14803491667,0.010125746484845877,1.7341898941005607,0.37783064093495394,None,0,,,,,pilot,001,2026-09-16_15h50.52.183,p3,,2026.2.3,59.85146064963102,2026-09-16 15h50.52.603461 +0800,
185,5,18,1000,,low,None,None,1,,,,,,,,,,,0,0,0,0,18,5,185,3,399.9704518999788,,,,197674.8766417124,197674.87664298332,0.0012709060683846474,1.6975808643670327,0.37153896240418705,None,1,,,,,pilot,001,2026-09-16_15h50.52.183,p3,,2026.2.3,59.85146064963102,2026-09-16 15h50.52.603461 +0800,
186,6,18,1000,,low,None,None,1,,,,,,,,,,,0,0,0,0,18,6,186,5,401.6721087000042,,,,197676.5551620328,197676.55516175,-0.0002828019205480814,1.7027041280890038,0.3488144827948428,None,1,,,,,pilot,001,2026-09-16_15h50.52.183,p3,,2026.2.3,59.85146064963102,2026-09-16 15h50.52.603461 +0800,
187,7,18,1000,,low,None,None,1,,,,,,,,,,,0,0,0,0,18,7,187,2,403.38983549998375,,,,197678.3996330749,197678.39963511666,0.0020417501218616962,1.6192363299526775,0.4749510249179446,None,1,,,,,pilot,001,2026-09-16_15h50.52.183,p3,,2026.2.3,59.85146064963102,2026-09-16 15h50.52.603461 +0800,
188,8,18,1000,,low,None,None,1,,,,,,,,,,,0,0,0,0,18,8,188,7,405.00794069998665,,,,197679.81530592655,197679.81530251665,-0.003409892087802291,1.5416774636220933,0.27258717655372244,None,1,,,,,pilot,001,2026-09-16_15h50.52.183,p3,,2026.2.3,59.85146064963102,2026-09-16 15h50.52.603461 +0800,
189,9,18,1000,,low,None,None,1,,,,,,,,,,,0,0,0,0,18,9,189,4,406.5593239000009,,,,197681.38088733863,197681.38089755,0.010211369954049587,1.628897055229254,0.2856581886235536,None,1,,,,,pilot,001,2026-09-16_15h50.52.183,p3,,2026.2.3,59.85146064963102,2026-09-16 15h50.52.603461 +0800,
190,0,19,1000,,low,None,None,1,,,,,,,,,,,0,0,0,0,19,0,190,4,408.19470329998876,,,,197683.00617354334,197683.00618141665,0.007873313734307885,1.6475381345586566,0.2780246933463425,None,1,,,,,pilot,001,2026-09-16_15h50.52.183,p3,,2026.2.3,59.85146064963102,2026-09-16 15h50.52.603461 +0800,
191,1,19,1000,,low,None,None,1,,,,,,,,,,,0,0,0,0,19,1,191,7,409.84566059999634,,,,197684.74299927897,197684.74299408332,-0.0051956449169665575,1.6680788363912256,0.36285172897969664,None,1,,,,,pilot,001,2026-09-16_15h50.52.183,p3,,2026.2.3,59.85146064963102,2026-09-16 15h50.52.603461 +0800,
192,2,19,1000,,low,None,None,1,,,,,,,,,,,0,0,0,0,19,2,192,2,411.51354580000043,,,,197686.2446148192,197686.24461118333,-0.003635883331298828,1.6530805143179437,0.19624626922266397,None,1,,,,,pilot,001,2026-09-16_15h50.52.183,p3,,2026.2.3,59.85146064963102,2026-09-16 15h50.52.603461 +0800,
193,3,19,1000,,low,None,None,1,,,,,,,,,,,0,0,0,0,19,3,193,6,413.18157789998804,,,,197688.07863317835,197688.07864315,0.009971641702577472,1.6189783624018033,0.36181432835959765,None,1,,,,,pilot,001,2026-09-16_15h50.52.183,p3,,2026.2.3,59.85146064963102,2026-09-16 15h50.52.603461 +0800,
194,4,19,1500,,high,space,None,0,,,,,,,,,,,0,0,0,0,19,4,194,1,414.8158460999839,,,,197689.56366251662,197689.56365515,-0.007366616046056151,1.5753092160970426,0.21264246662932262,None,0,,,,,pilot,001,2026-09-16_15h50.52.183,p3,,2026.2.3,59.85146064963102,2026-09-16 15h50.52.603461 +0800,
195,5,19,1000,,low,None,None,1,,,,,,,,,,,0,0,0,0,19,5,195,8,416.40074419998564,,,,197691.17390427837,197691.17391208332,0.007804948836565018,1.5902965857487277,0.23711612837604407,None,1,,,,,pilot,001,2026-09-16_15h50.52.183,p3,,2026.2.3,59.85146064963102,2026-09-16 15h50.52.603461 +0800,
196,6,19,1500,,high,space,None,0,,,,,,,,,,,0,0,0,0,19,6,196,0,418.00200579999364,,,,197692.93697111215,197692.93697761666,0.006504502380266786,1.6485771989500828,0.40036336216094826,None,0,,,,,pilot,001,2026-09-16_15h50.52.183,p3,,2026.2.3,59.85146064963102,2026-09-16 15h50.52.603461 +0800,
197,7,19,1000,,low,None,None,1,,,,,,,,,,,0,0,0,0,19,7,197,9,419.65369730000384,,,,197694.3631490467,197694.36313875,-0.01029670238494873,1.7204280100484728,0.1751724966891634,None,1,,,,,pilot,001,2026-09-16_15h50.52.183,p3,,2026.2.3,59.85146064963102,2026-09-16 15h50.52.603461 +0800,
198,8,19,1000,,low,None,None,1,,,,,,,,,,,0,0,0,0,19,8,198,5,421.3894040999876,,,,197696.16045812695,197696.16045121665,-0.006910297088325024,1.6695603224255693,0.23732807698175512,None,1,,,,,pilot,001,2026-09-16_15h50.52.183,p3,,2026.2.3,59.85146064963102,2026-09-16 15h50.52.603461 +0800,
199,9,19,1000,,low,None,None,1,,,,,,,,,,,0,0,0,0,19,9,199,3,423.0734807999979,,,,197698.06257433887,197698.06257565,0.0013111275620758533,1.7766285228060077,0.45453518887688005,None,1,,,,,pilot,001,2026-09-16_15h50.52.183,p3,,2026.2.3,59.85146064963102,2026-09-16 15h50.52.603461 +0800,
0,0,0,1000,,low,None,None,1,,,,,,,,,,,1,0,1,0,0,0,0,7,427.8936991999799,,,,197702.9008065985,197702.90081035,0.0037514837458729744,1.7665150516424273,0.47904844854190176,None,1,424.85563009997713,427.8647848999826,,,pilot,001,2026-09-16_15h50.52.183,p3,,2026.2.3,59.85146064963102,2026-09-16 15h50.52.603461 +0800,
1,1,0,1000,,low,None,None,1,,,,,,,,,,,1,0,1,0,0,1,1,5,429.6624159000057,,,,197704.46446574203,197704.46447111666,0.00537463347427547,1.6025203564822392,0.26727739202137085,None,1,,,,,pilot,001,2026-09-16_15h50.52.183,p3,,2026.2.3,59.85146064963102,2026-09-16 15h50.52.603461 +0800,
2,2,0,1000,,low,None,None,1,,,,,,,,,,,1,0,1,0,0,2,2,3,431.2816388999927,,,,197706.0545739712,197706.05458388332,0.009912124369293451,1.7730345343679526,0.23970452120910477,None,1,,,,,pilot,001,2026-09-16_15h50.52.183,p3,,2026.2.3,59.85146064963102,2026-09-16 15h50.52.603461 +0800,
3,3,0,1000,,low,None,None,1,,,,,,,,,,,1,0,1,0,0,3,3,8,433.066640199977,,,,197707.96482945347,197707.96481935,-0.010103482054546475,1.619048362904671,0.3651258034906594,None,1,,,,,pilot,001,2026-09-16_15h50.52.183,p3,,2026.2.3,59.85146064963102,2026-09-16 15h50.52.603461 +0800,
4,4,0,1000,,low,None,None,1,,,,,,,,,,,1,0,1,0,0,4,4,4,434.6996914999909,,,,197709.5489024533,197709.54891281665,0.01036335015669465,1.6723786094842432,0.3146861033105376,None,1,,,,,pilot,001,2026-09-16_15h50.52.183,p3,,2026.2.3,59.85146064963102,2026-09-16 15h50.52.603461 +0800,
5,5,0,1500,,high,space,space,1,0.6984840999939479,0.05017790000420064,,,,,,,,,1,0,1,0,0,5,5,1,436.38473239997984,,,,197711.29589734483,197711.29588861667,-0.008728151442483068,1.6132784272802505,0.37709389482947686,space,1,,,0.6984840999939479,0.05017790000420064,pilot,001,2026-09-16_15h50.52.183,p3,,2026.2.3,59.85146064963102,2026-09-16 15h50.52.603461 +0800,
6,6,0,1000,,low,None,None,1,,,,,,,,,,,1,0,1,0,0,6,6,6,438.00261949998094,,,,197712.6929675581,197712.69297488334,0.007325230399146676,1.7744351223044756,0.1543037081253925,None,1,,,,,pilot,001,2026-09-16_15h50.52.183,p3,,2026.2.3,59.85146064963102,2026-09-16 15h50.52.603461 +0800,
7,7,0,1000,,low,None,None,1,,,,,,,,,,,1,0,1,0,0,7,7,9,439.78709679999156,,,,197714.52880759185,197714.52881348334,0.005891488399356604,1.6324316217763692,0.20582544185391158,None,1,,,,,pilot,001,2026-09-16_15h50.52.183,p3,,2026.2.3,59.85146064963102,2026-09-16 15h50.52.603461 +0800,
8,8,0,1000,,low,None,None,1,,,,,,,,,,,1,0,1,0,0,8,8,2,441.42220859997906,,,,197716.3329667433,197716.33295648335,-0.010259944247081876,1.6398875555044716,0.37677149331459237,None,1,,,,,pilot,001,2026-09-16_15h50.52.183,p3,,2026.2.3,59.85146064963102,2026-09-16 15h50.52.603461 +0800,
9,9,0,1500,,high,space,space,1,0.6249425999994855,0.04998149999300949,,,,,,,,,1,0,1,0,0,9,9,0,443.0735693000024,,,,197717.91043081513,197717.91042781665,-0.0029984803404659033,1.6125064418061985,0.3026045651340554,space,1,,,0.6249425999994855,0.04998149999300949,pilot,001,2026-09-16_15h50.52.183,p3,,2026.2.3,59.85146064963102,2026-09-16 15h50.52.603461 +0800,
10,0,1,1000,,low,None,None,1,,,,,,,,,,,1,0,1,0,1,0,10,6,444.692985200003,,,,197719.49217717338,197719.49217331666,-0.0038567231968045235,1.7807783660005552,0.2661521234099452,None,1,,,,,pilot,001,2026-09-16_15h50.52.183,p3,,2026.2.3,59.85146064963102,2026-09-16 15h50.52.603461 +0800,
11,1,1,1000,,low,None,None,1,,,,,,,,,,,1,0,1,0,1,1,11,5,446.4770853999944,,,,197721.38001045314,197721.38000764998,-0.0028031645342707634,1.7035577421470192,0.368760003164114,None,1,,,,,pilot,001,2026-09-16_15h50.52.183,p3,,2026.2.3,59.85146064963102,2026-09-16 15h50.52.603461 +0800,
12,2,1,1000,,low,None,None,1,,,,,,,,,,,1,0,1,0,1,2,12,9,448.19475140000577,,,,197722.89955140027,197722.89954354998,-0.007850292604416609,1.5216222301719766,0.16865615029724898,None,1,,,,,pilot,001,2026-09-16_15h50.52.183,p3,,2026.2.3,59.85146064963102,2026-09-16 15h50.52.603461 +0800,
13,3,1,1000,,low,None,None,1,,,,,,,,,,,1,0,1,0,1,3,13,4,449.72952920000535,,,,197724.64805246115,197724.64805148332,-0.000977830495685339,1.7224644633141981,0.38401101117447545,None,1,,,,,pilot,001,2026-09-16_15h50.52.183,p3,,2026.2.3,59.85146064963102,2026-09-16 15h50.52.603461 +0800,
14,4,1,1500,,high,space,space,1,0.7855279999785125,0.07137990000774153,,,,,,,,,1,0,1,0,1,4,14,0,451.46446669998113,,,,197726.45205535815,197726.45205014996,-0.00520818866789341,1.6317284853421388,0.45329010815616155,space,1,,,0.7855279999785125,0.07137990000774153,pilot,001,2026-09-16_15h50.52.183,p3,,2026.2.3,59.85146064963102,2026-09-16 15h50.52.603461 +0800,
15,5,1,1000,,low,None,None,1,,,,,,,,,,,1,0,1,0,1,5,15,8,453.09920329999295,,,,197727.79731227193,197727.79731295,0.0006780610419809818,1.6929156873841946,0.16428002194709546,None,1,,,,,pilot,001,2026-09-16_15h50.52.183,p3,,2026.2.3,59.85146064963102,2026-09-16 15h50.52.603461 +0800,
16,6,1,1000,,low,None,None,1,,,,,,,,,,,1,0,1,0,1,6,16,2,454.80015679998905,,,,197729.52495231284,197729.52494545,-0.006862857844680548,1.6363921182950423,0.18910956286261216,None,1,,,,,pilot,001,2026-09-16_15h50.52.183,p3,,2026.2.3,59.85146064963102,2026-09-16 15h50.52.603461 +0800,
17,7,1,1500,,high,space,space,1,0.7921757999865804,0.0727519000065513,,,,,,,,,1,0,1,0,1,7,17,1,456.4515317000041,,,,197731.42451834705,197731.4245091833,-0.009163748472929,1.7588520979697095,0.4378141970624956,space,1,,,0.7921757999865804,0.0727519000065513,pilot,001,2026-09-16_15h50.52.183,p3,,2026.2.3,59.85146064963102,2026-09-16 15h50.52.603461 +0800,
18,8,1,1000,,low,None,None,1,,,,,,,,,,,1,0,1,0,1,8,18,7,458.21979309999733,,,,197733.1328083449,197733.13281591664,0.0075717398431152105,1.728054433157965,0.37880009492258254,None,1,,,,,pilot,001,2026-09-16_15h50.52.183,p3,,2026.2.3,59.85146064963102,2026-09-16 15h50.52.603461 +0800,
19,9,1,1000,,low,None,None,1,,,,,,,,,,,1,0,1,0,1,9,19,3,459.9556350999919,,,,197734.91731545105,197734.91731551665,6.560003384947777e-05,1.724795117438982,0.42828900104969847,None,1,,,,,pilot,001,2026-09-16_15h50.52.183,p3,,2026.2.3,59.85146064963102,2026-09-16 15h50.52.603461 +0800,
20,0,2,1000,,low,None,None,1,,,,,,,,,,,1,0,1,0,2,0,20,2,461.6896947999776,,,,197736.7211051923,197736.72111128332,0.00609102426096797,1.7059829894219067,0.49776374231207354,None,1,,,,,pilot,001,2026-09-16_15h50.52.183,p3,,2026.2.3,59.85146064963102,2026-09-16 15h50.52.603461 +0800,
21,1,2,1000,,low,None,None,1,,,,,,,,,,,1,0,1,0,2,1,21,5,463.40739340000437,,,,197738.3115475873,197738.31154265,-0.004937319317832589,1.5947603468854405,0.3691329372993569,None,1,,,,,pilot,001,2026-09-16_15h50.52.183,p3,,2026.2.3,59.85146064963102,2026-09-16 15h50.52.603461 +0800,
22,2,2,1000,,low,None,None,1,,,,,,,,,,,1,0,1,0,2,2,22,3,465.00902759999735,,,,197739.72846392205,197739.72846105,-0.002872053300961852,1.7251624168980153,0.18535617205905286,None,1,,,,,pilot,001,2026-09-16_15h50.52.183,p3,,2026.2.3,59.85146064963102,2026-09-16 15h50.52.603461 +0800,
23,3,2,1000,,low,None,None,1,,,,,,,,,,,1,0,1,0,2,3,23,6,466.7435717000044,,,,197741.65739857533,197741.65740291667,0.004341331077739596,1.6753276990608956,0.3793500253392973,None,1,,,,,pilot,001,2026-09-16_15h50.52.183,p3,,2026.2.3,59.85146064963102,2026-09-16 15h50.52.603461 +0800,
24,4,2,1500,,high,space,space,1,0.7188205000129528,0.050036100001307204,,,,,,,,,1,0,1,0,2,4,24,1,468.42852829999174,,,,197743.29964547604,197743.29965348332,0.00800727866590023,1.5802674486610455,0.3364950260566203,space,1,,,0.7188205000129528,0.050036100001307204,pilot,001,2026-09-16_15h50.52.183,p3,,2026.2.3,59.85146064963102,2026-09-16 15h50.52.603461 +0800,
25,5,2,1500,,high,space,space,1,0.8023357999918517,0.15736549999564886,,,,,,,,,1,0,1,0,2,5,25,0,470.0150863000017,,,,197745.03490816173,197745.03490205,-0.0061117170844227076,1.615012180668576,0.4871367117352091,space,1,,,0.8023357999918517,0.15736549999564886,pilot,001,2026-09-16_15h50.52.183,p3,,2026.2.3,59.85146064963102,2026-09-16 15h50.52.603461 +0800,
26,6,2,1000,,low,None,None,1,,,,,,,,,,,1,0,1,0,2,6,26,8,471.63213169999653,,,,197746.533841185,197746.53384191665,0.0007316411938518286,1.5368948136642682,0.3679398350026268,None,1,,,,,pilot,001,2026-09-16_15h50.52.183,p3,,2026.2.3,59.85146064963102,2026-09-16 15h50.52.603461 +0800,
27,7,2,1000,,low,None,None,1,,,,,,,,,,,1,0,1,0,2,7,27,7,473.18374939999194,,,,197747.89292964147,197747.89292768337,-0.0019581057131290436,1.7578226546975766,0.17603099147411488,None,1,,,,,pilot,001,2026-09-16_15h50.52.183,p3,,2026.2.3,59.85146064963102,2026-09-16 15h50.52.603461 +0800,
28,8,2,1000,,low,None,None,1,,,,,,,,,,,1,0,1,0,2,8,28,9,474.95180929999333,,,,197749.70427506085,197749.70426534998,-0.009710871381685138,1.749871899937398,0.21875351084970757,None,1,,,,,pilot,001,2026-09-16_15h50.52.183,p3,,2026.2.3,59.85146064963102,2026-09-16 15h50.52.603461 +0800,
29,9,2,1000,,low,None,None,1,,,,,,,,,,,1,0,1,0,2,9,29,4,476.70212050000555,,,,197751.40497174032,197751.40497195002,0.00020969309844076633,1.6026019325089111,0.16835999033716126,None,1,,,,,pilot,001,2026-09-16_15h50.52.183,p3,,2026.2.3,59.85146064963102,2026-09-16 15h50.52.603461 +0800,
30,0,3,1000,,low,None,None,1,,,,,,,,,,,1,0,1,0,3,0,30,9,478.32001039999886,,,,197753.22688332063,197753.22687625,-0.00707063009031117,1.6133349328154734,0.3725266706280391,None,1,,,,,pilot,001,2026-09-16_15h50.52.183,p3,,2026.2.3,59.85146064963102,2026-09-16 15h50.52.603461 +0800,
31,1,3,1000,,low,None,None,1,,,,,,,,,,,1,0,1,0,3,1,31,7,479.9381144999934,,,,197754.91195528986,197754.91195501667,-0.0002731976564973593,1.7159388680803271,0.43910823987257797,None,1,,,,,pilot,001,2026-09-16_15h50.52.183,p3,,2026.2.3,59.85146064963102,2026-09-16 15h50.52.603461 +0800,
32,2,3,1000,,low,None,None,1,,,,,,,,,,,1,0,1,0,3,2,32,8,481.65633239998715,,,,197756.48915794396,197756.48915764998,-0.00029397779144346714,1.5248801476977092,0.29888679395350837,None,1,,,,,pilot,001,2026-09-16_15h50.52.183,p3,,2026.2.3,59.85146064963102,2026-09-16 15h50.52.603461 +0800,
33,3,3,1000,,low,None,None,1,,,,,,,,,,,1,0,1,0,3,3,33,5,483.19137329998193,,,,197758.0110749581,197758.0110825833,0.00762520357966423,1.6746256404168507,0.2852666081297689,None,1,,,,,pilot,001,2026-09-16_15h50.52.183,p3,,2026.2.3,59.85146064963102,2026-09-16 15h50.52.603461 +0800,
34,4,3,1500,,high,space,space,1,0.6974177999945823,0.07196800000383519,,,,,,,,,1,0,1,0,3,4,34,0,484.87602989998413,,,,197759.78547088586,197759.78546488332,-0.0060025486163794994,1.6288919584991992,0.3748746358701174,space,1,,,0.6974177999945823,0.07196800000383519,pilot,001,2026-09-16_15h50.52.183,p3,,2026.2.3,59.85146064963102,2026-09-16 15h50.52.603461 +0800,
35,5,3,1000,,low,None,None,1,,,,,,,,,,,1,0,1,0,3,5,35,6,486.5107500999875,,,,197761.2189674392,197761.21897271666,0.005277455784380436,1.6597480665333744,0.17335738920409363,None,1,,,,,pilot,001,2026-09-16_15h50.52.183,p3,,2026.2.3,59.85146064963102,2026-09-16 15h50.52.603461 +0800,
36,6,3,1500,,high,space,space,1,0.8144613000040408,0.09479649999411777,,,,,,,,,1,0,1,0,3,6,36,1,488.1789668999845,,,,197763.2137673632,197763.21375901668,-0.008346512913703918,1.7623811609287054,0.4994069132131699,space,1,,,0.8144613000040408,0.09479649999411777,pilot,001,2026-09-16_15h50.52.183,p3,,2026.2.3,59.85146064963102,2026-09-16 15h50.52.603461 +0800,
37,7,3,1000,,low,None,None,1,,,,,,,,,,,1,0,1,0,3,7,37,4,489.9483307999908,,,,197764.97307146716,197764.97307671668,0.005249516107141972,1.6227523476298709,0.49158351716807125,None,1,,,,,pilot,001,2026-09-16_15h50.52.183,p3,,2026.2.3,59.85146064963102,2026-09-16 15h50.52.603461 +0800,
38,8,3,1000,,low,None,None,1,,,,,,,,,,,1,0,1,0,3,8,38,2,491.581726000004,,,,197766.4230528462,197766.42304851665,-0.004329544026404619,1.5944672777816904,0.30725019619567356,None,1,,,,,pilot,001,2026-09-16_15h50.52.183,p3,,2026.2.3,59.85146064963102,2026-09-16 15h50.52.603461 +0800,
39,9,3,1000,,low,None,None,1,,,,,,,,,,,1,0,1,0,3,9,39,3,493.1831500999979,,,,197768.18038139536,197768.18038231667,0.0009213108569383621,1.7145390257353426,0.46259974536246806,None,1,,,,,pilot,001,2026-09-16_15h50.52.183,p3,,2026.2.3,59.85146064963102,2026-09-16 15h50.52.603461 +0800,
40,0,4,1000,,low,None,None,1,,,,,,,,,,,1,0,1,0,4,0,40,3,494.9030094000045,,,,197769.72748628477,197769.72748381668,-0.0024680921342223883,1.677292123127472,0.2896881347725346,None,1,,,,,pilot,001,2026-09-16_15h50.52.183,p3,,2026.2.3,59.85146064963102,2026-09-16 15h50.52.603461 +0800,
41,1,4,1000,,low,None,None,1,,,,,,,,,,,1,0,1,0,4,1,41,4,496.5878601000004,,,,197771.31514580888,197771.31515444999,0.008641101885586977,1.5402004510819893,0.1939937589172621,None,1,,,,,pilot,001,2026-09-16_15h50.52.183,p3,,2026.2.3,59.85146064963102,2026-09-16 15h50.52.603461 +0800,
42,2,4,1000,,low,None,None,1,,,,,,,,,,,1,0,1,0,4,2,42,2,498.1371187999903,,,,197773.00110915562,197773.00111514996,0.0059943413361907005,1.5478208942949976,0.3297252056474902,None,1,,,,,pilot,001,2026-09-16_15h50.52.183,p3,,2026.2.3,59.85146064963102,2026-09-16 15h50.52.603461 +0800,
43,3,4,1000,,low,None,None,1,,,,,,,,,,,1,0,1,0,4,3,43,8,499.68838439998217,,,,197774.3944330025,197774.39443201665,-0.0009858631528913975,1.7289166768396789,0.17159915252554112,None,1,,,,,pilot,001,2026-09-16_15h50.52.183,p3,,2026.2.3,59.85146064963102,2026-09-16 15h50.52.603461 +0800,
44,4,4,1000,,low,None,None,1,,,,,,,,,,,1,0,1,0,4,4,44,5,501.42301589998533,,,,197776.15225885098,197776.15225178335,-0.007067632395774126,1.7598582829313605,0.19492390100286702,None,1,,,,,pilot,001,2026-09-16_15h50.52.183,p3,,2026.2.3,59.85146064963102,2026-09-16 15h50.52.603461 +0800,
45,5,4,1000,,low,None,None,1,,,,,,,,,,,1,0,1,0,4,5,45,9,503.1926783999952,,,,197778.03587265173,197778.0358695833,-0.0030684168450534344,1.6216866593958827,0.3097792017451506,None,1,,,,,pilot,001,2026-09-16_15h50.52.183,p3,,2026.2.3,59.85146064963102,2026-09-16 15h50.52.603461 +0800,
46,6,4,1500,,high,space,space,1,0.4810552000126336,0.11694350000470877,,,,,,,,,1,0,1,0,4,6,46,1,504.8261149000027,,,,197779.52193465014,197779.52192585001,-0.00880012521520257,1.626850426048575,0.16169990013163693,space,1,,,0.4810552000126336,0.11694350000470877,pilot,001,2026-09-16_15h50.52.183,p3,,2026.2.3,59.85146064963102,2026-09-16 15h50.52.603461 +0800,
47,7,4,1000,,low,None,None,1,,,,,,,,,,,1,0,1,0,4,7,47,6,506.46123539999826,,,,197781.44390435136,197781.44390701666,0.002665299689397216,1.743308703156211,0.44724680138230366,None,1,,,,,pilot,001,2026-09-16_15h50.52.183,p3,,2026.2.3,59.85146064963102,2026-09-16 15h50.52.603461 +0800,
48,8,4,1000,,low,None,None,1,,,,,,,,,,,1,0,1,0,4,8,48,7,508.21200149998185,,,,197783.20900186058,197783.2089987167,-0.003143883077427745,1.6697616902856047,0.46090651059315846,None,1,,,,,pilot,001,2026-09-16_15h50.52.183,p3,,2026.2.3,59.85146064963102,2026-09-16 15h50.52.603461 +0800,
49,9,4,1500,,high,space,space,1,0.6003451000142377,0.07208469999022782,,,,,,,,,1,0,1,0,4,9,49,0,509.8819633999956,,,,197784.7051002967,197784.70509155001,-0.008746690582484007,1.7040236732757341,0.2894152467122244,space,1,,,0.6003451000142377,0.07208469999022782,pilot,001,2026-09-16_15h50.52.183,p3,,2026.2.3,59.85146064963102,2026-09-16 15h50.52.603461 +0800,
50,0,5,1000,,low,None,None,1,,,,,,,,,,,1,0,1,0,5,0,50,5,511.60016010000254,,,,197786.55625596608,197786.55626061666,0.004650588380172849,1.66493335703815,0.42324941607248634,None,1,,,,,pilot,001,2026-09-16_15h50.52.183,p3,,2026.2.3,59.85146064963102,2026-09-16 15h50.52.603461 +0800,
51,1,5,1000,,low,None,None,1,,,,,,,,,,,1,0,1,0,5,1,51,9,513.2666999999783,,,,197787.9785925649,197787.97859878335,0.00621844083070755,1.5412085980536,0.1780793149044737,None,1,,,,,pilot,001,2026-09-16_15h50.52.183,p3,,2026.2.3,59.85146064963102,2026-09-16 15h50.52.603461 +0800,
52,2,5,1000,,low,None,None,1,,,,,,,,,,,1,0,1,0,5,2,52,6,514.8191931000038,,,,197789.64353931433,197789.64353361668,-0.005697656888514757,1.722038063891828,0.2905876643480969,None,1,,,,,pilot,001,2026-09-16_15h50.52.183,p3,,2026.2.3,59.85146064963102,2026-09-16 15h50.52.603461 +0800,
53,3,5,1000,,low,None,None,1,,,,,,,,,,,1,0,1,0,5,3,53,7,516.5523225999787,,,,197791.37209937413,197791.3721042167,0.004842557245865464,1.623361346672573,0.2850614241437506,None,1,,,,,pilot,001,2026-09-16_15h50.52.183,p3,,2026.2.3,59.85146064963102,2026-09-16 15h50.52.603461 +0800,
54,4,5,1500,,high,space,space,1,0.4386882000253536,0.09542309999233112,,,,,,,,,1,0,1,0,5,4,54,1,518.1886692999979,,,,197792.900393115,197792.90039275002,-0.0003649911377578974,1.5761918311794936,0.17894786500378418,space,1,,,0.4386882000253536,0.09542309999233112,pilot,001,2026-09-16_15h50.52.183,p3,,2026.2.3,59.85146064963102,2026-09-16 15h50.52.603461 +0800,
55,5,5,1000,,low,None,None,1,,,,,,,,,,,1,0,1,0,5,5,55,3,519.772648299986,,,,197794.75491387173,197794.75491698334,0.003111606929451227,1.6203969537409277,0.4468706217252668,None,1,,,,,pilot,001,2026-09-16_15h50.52.183,p3,,2026.2.3,59.85146064963102,2026-09-16 15h50.52.603461 +0800,
56,6,5,1000,,low,None,None,1,,,,,,,,,,,1,0,1,0,5,6,56,4,521.4068830999895,,,,197796.41881104757,197796.41881735,0.0063024344854056835,1.7790080518173723,0.4774613975907227,None,1,,,,,pilot,001,2026-09-16_15h50.52.183,p3,,2026.2.3,59.85146064963102,2026-09-16 15h50.52.603461 +0800,
57,7,5,1000,,low,None,None,1,,,,,,,,,,,1,0,1,0,5,7,57,8,523.1921060000022,,,,197798.0563570141,197798.05636055,0.003535882569849491,1.795773278141458,0.33018556412572164,None,1,,,,,pilot,001,2026-09-16_15h50.52.183,p3,,2026.2.3,59.85146064963102,2026-09-16 15h50.52.603461 +0800,
58,8,5,1000,,low,None,None,1,,,,,,,,,,,1,0,1,0,5,8,58,2,524.9934544999851,,,,197799.86291843592,197799.86291541666,-0.003019260475412011,1.5695288296661722,0.3352721859122324,None,1,,,,,pilot,001,2026-09-16_15h50.52.183,p3,,2026.2.3,59.85146064963102,2026-09-16 15h50.52.603461 +0800,
59,9,5,1500,,high,space,space,1,0.4647739000211004,0.09510179999051616,,,,,,,,,1,0,1,0,5,9,59,0,526.5778431999788,,,,197801.26561076773,197801.26560515,-0.005617737770080566,1.6330395739703865,0.15280541774512438,space,1,,,0.4647739000211004,0.09510179999051616,pilot,001,2026-09-16_15h50.52.183,p3,,2026.2.3,59.85146064963102,2026-09-16 15h50.52.603461 +0800,
60,0,6,1000,,low,None,None,1,,,,,,,,,,,1,0,1,0,6,0,60,2,528.2126059999864,,,,197802.9146363359,197802.91464638332,0.010047428077086806,1.6636721328890702,0.1676682859042134,None,1,,,,,pilot,001,2026-09-16_15h50.52.183,p3,,2026.2.3,59.85146064963102,2026-09-16 15h50.52.603461 +0800,
61,1,6,1500,,high,space,space,1,0.7616694000025745,0.09532550000585616,,,,,,,,,1,0,1,0,6,1,61,1,529.880908399995,,,,197804.81629487913,197804.81630301668,0.00813754741102457,1.5134738995150143,0.39886642913098524,space,1,,,0.7616694000025745,0.09532550000585616,pilot,001,2026-09-16_15h50.52.183,p3,,2026.2.3,59.85146064963102,2026-09-16 15h50.52.603461 +0800,
62,2,6,1000,,low,None,None,1,,,,,,,,,,,1,0,1,0,6,2,62,4,531.3988828999863,,,,197806.12476785932,197806.12476671668,-0.001142645487561822,1.7270634072031856,0.19130250932396514,None,1,,,,,pilot,001,2026-09-16_15h50.52.183,p3,,2026.2.3,59.85146064963102,2026-09-16 15h50.52.603461 +0800,
63,3,6,1000,,low,None,None,1,,,,,,,,,,,1,0,1,0,6,3,63,3,533.1333962999925,,,,197808.10129090038,197808.10129548333,0.0045829510781914,1.5420230228215759,0.43336005037139724,None,1,,,,,pilot,001,2026-09-16_15h50.52.183,p3,,2026.2.3,59.85146064963102,2026-09-16 15h50.52.603461 +0800,
64,4,6,1000,,low,None,None,1,,,,,,,,,,,1,0,1,0,6,4,64,8,534.6851376999984,,,,197809.65682737576,197809.65683358334,0.006207585101947188,1.624754877186541,0.4373108257792494,None,1,,,,,pilot,001,2026-09-16_15h50.52.183,p3,,2026.2.3,59.85146064963102,2026-09-16 15h50.52.603461 +0800,
65,5,6,1500,,high,space,space,1,0.5550453000178095,0.07234590000007302,,,,,,,,,1,0,1,0,6,5,65,0,536.3207958999847,,,,197811.05842712225,197811.05843215002,0.0050277740228921175,1.6229645555538266,0.20420577227054315,space,1,,,0.5550453000178095,0.07234590000007302,pilot,001,2026-09-16_15h50.52.183,p3,,2026.2.3,59.85146064963102,2026-09-16 15h50.52.603461 +0800,
66,6,6,1000,,low,None,None,1,,,,,,,,,,,1,0,1,0,6,6,66,9,537.9542688999791,,,,197812.93638170086,197812.93637794998,-0.003750872565433383,1.56521097487713,0.44774755086481643,None,1,,,,,pilot,001,2026-09-16_15h50.52.183,p3,,2026.2.3,59.85146064963102,2026-09-16 15h50.52.603461 +0800,
67,7,6,1000,,low,None,None,1,,,,,,,,,,,1,0,1,0,6,7,67,6,539.5224653999903,,,,197814.44685539603,197814.44685481663,-0.0005793990567326546,1.7304147641717695,0.38961364603974036,None,1,,,,,pilot,001,2026-09-16_15h50.52.183,p3,,2026.2.3,59.85146064963102,2026-09-16 15h50.52.603461 +0800,
68,8,6,1000,,low,None,None,1,,,,,,,,,,,1,0,1,0,6,8,68,5,541.2569292999979,,,,197816.1027023133,197816.1027030167,0.0007033813744783401,1.5314552243292074,0.31149496330694026,None,1,,,,,pilot,001,2026-09-16_15h50.52.183,p3,,2026.2.3,59.85146064963102,2026-09-16 15h50.52.603461 +0800,
69,9,6,1000,,low,None,None,1,,,,,,,,,,,1,0,1,0,6,9,69,7,542.7919024000003,,,,197817.58763338986,197817.58762991667,-0.0034731929190456867,1.6081919815997523,0.26141263988140934,None,1,,,,,pilot,001,2026-09-16_15h50.52.183,p3,,2026.2.3,59.85146064963102,2026-09-16 15h50.52.603461 +0800,
70,0,7,1000,,low,None,None,1,,,,,,,,,,,1,0,1,0,7,0,70,4,544.4099910999939,,,,197819.20978628052,197819.20979134997,0.00506945070810616,1.505528392825495,0.26559463052700627,None,1,,,,,pilot,001,2026-09-16_15h50.52.183,p3,,2026.2.3,59.85146064963102,2026-09-16 15h50.52.603461 +0800,
71,1,7,1000,,low,None,None,1,,,,,,,,,,,1,0,1,0,7,1,71,7,545.9278292999952,,,,197820.65118545503,197820.65118551668,6.164191290736198e-05,1.5175105213772402,0.1884642050426228,None,1,,,,,pilot,001,2026-09-16_15h50.52.183,p3,,2026.2.3,59.85146064963102,2026-09-16 15h50.52.603461 +0800,
72,2,7,1500,,high,space,space,1,0.7486368000099901,0.09441240000887774,,,,,,,,,1,0,1,0,7,2,72,1,547.4460184999916,,,,197822.3594041091,197822.35940961668,0.005507579771801829,1.6708845654910196,0.3790152590828223,space,1,,,0.7486368000099901,0.09441240000887774,pilot,001,2026-09-16_15h50.52.183,p3,,2026.2.3,59.85146064963102,2026-09-16 15h50.52.603461 +0800,
73,3,7,1000,,low,None,None,1,,,,,,,,,,,1,0,1,0,7,3,73,8,549.1303448999824,,,,197824.15510489143,197824.15510765,0.0027585774660110474,1.7262063445783562,0.4902399414145391,None,1,,,,,pilot,001,2026-09-16_15h50.52.183,p3,,2026.2.3,59.85146064963102,2026-09-16 15h50.52.603461 +0800,
74,4,7,1000,,low,None,None,1,,,,,,,,,,,1,0,1,0,7,4,74,6,550.8654718000034,,,,197825.66863703137,197825.66864334999,0.0063186162151396275,1.7971726006232924,0.26881878139021587,None,1,,,,,pilot,001,2026-09-16_15h50.52.183,p3,,2026.2.3,59.85146064963102,2026-09-16 15h50.52.603461 +0800,
75,5,7,1000,,low,None,None,1,,,,,,,,,,,1,0,1,0,7,5,75,5,552.6669142000028,,,,197827.60264697621,197827.60265205,0.0050737871788442135,1.5366522934167364,0.401188726215189,None,1,,,,,pilot,001,2026-09-16_15h50.52.183,p3,,2026.2.3,59.85146064963102,2026-09-16 15h50.52.603461 +0800,
76,6,7,1500,,high,space,space,1,0.7869151000049897,0.0949360000086017,,,,,,,,,1,0,1,0,7,6,76,0,554.2024188999785,,,,197829.15469799528,197829.15468995,-0.008045288268476725,1.561498291771964,0.4168835452778463,space,1,,,0.7869151000049897,0.0949360000086017,pilot,001,2026-09-16_15h50.52.183,p3,,2026.2.3,59.85146064963102,2026-09-16 15h50.52.603461 +0800,
77,7,7,1000,,low,None,None,1,,,,,,,,,,,1,0,1,0,7,7,77,9,555.7703029999975,,,,197830.74850712364,197830.74850391666,-0.0032069801818579435,1.5482153803379486,0.44335107365542215,None,1,,,,,pilot,001,2026-09-16_15h50.52.183,p3,,2026.2.3,59.85146064963102,2026-09-16 15h50.52.603461 +0800,
78,8,7,1000,,low,None,None,1,,,,,,,,,,,1,0,1,0,7,8,78,3,557.3217905999918,,,,197832.02217648632,197832.02217565,-0.0008363276720046997,1.6913024802454024,0.16610423632669669,None,1,,,,,pilot,001,2026-09-16_15h50.52.183,p3,,2026.2.3,59.85146064963102,2026-09-16 15h50.52.603461 +0800,
79,9,7,1000,,low,None,None,1,,,,,,,,,,,1,0,1,0,7,9,79,2,559.0222600999987,,,,197833.94894207604,197833.94893705,-0.0050260277930647135,1.507797891242773,0.39249982603479117,None,1,,,,,pilot,001,2026-09-16_15h50.52.183,p3,,2026.2.3,59.85146064963102,2026-09-16 15h50.52.603461 +0800,
80,0,8,1000,,low,None,None,1,,,,,,,,,,,1,0,1,0,8,0,80,3,560.5400288999954,,,,197835.48288267365,197835.48289178332,0.00910967355594039,1.6060892155945168,0.40719302364531684,None,1,,,,,pilot,001,2026-09-16_15h50.52.183,p3,,2026.2.3,59.85146064963102,2026-09-16 15h50.52.603461 +0800,
81,1,8,1000,,low,None,None,1,,,,,,,,,,,1,0,1,0,8,1,81,8,562.1583530999778,,,,197837.1488729011,197837.14886418334,-0.008717761375010014,1.5753534158825768,0.4562408511128201,None,1,,,,,pilot,001,2026-09-16_15h50.52.183,p3,,2026.2.3,59.85146064963102,2026-09-16 15h50.52.603461 +0800,
82,2,8,1500,,high,space,space,1,0.7628786999848671,0.09480340001755394,,,,,,,,,1,0,1,0,8,2,82,0,563.7446858999901,,,,197838.7124917362,197838.71248408334,-0.007652852218598127,1.553160029366549,0.43449928621026646,space,1,,,0.7628786999848671,0.09480340001755394,pilot,001,2026-09-16_15h50.52.183,p3,,2026.2.3,59.85146064963102,2026-09-16 15h50.52.603461 +0800,
83,3,8,1000,,low,None,None,1,,,,,,,,,,,1,0,1,0,8,3,83,7,565.3106436999806,,,,197840.072454556,197840.0724613833,0.006827292963862419,1.7969255849216346,0.22718220604055236,None,1,,,,,pilot,001,2026-09-16_15h50.52.183,p3,,2026.2.3,59.85146064963102,2026-09-16 15h50.52.603461 +0800,
84,4,8,1500,,high,space,space,1,0.9056143999914639,0.07214989999192767,,,,,,,,,1,0,1,0,8,4,84,1,567.1122556999908,,,,197842.10702303212,197842.10702978334,0.006751215551048517,1.5084803675645746,0.4600468821164525,space,1,,,0.9056143999914639,0.07214989999192767,pilot,001,2026-09-16_15h50.52.183,p3,,2026.2.3,59.85146064963102,2026-09-16 15h50.52.603461 +0800,
85,5,8,1000,,low,None,None,1,,,,,,,,,,,1,0,1,0,8,5,85,2,568.6300957000058,,,,197843.61060614206,197843.6105996167,-0.006525369826704264,1.5933216915769681,0.44533739207550993,None,1,,,,,pilot,001,2026-09-16_15h50.52.183,p3,,2026.2.3,59.85146064963102,2026-09-16 15h50.52.603461 +0800,
86,6,8,1000,,low,None,None,1,,,,,,,,,,,1,0,1,0,8,6,86,6,570.2313536999864,,,,197844.99056403307,197844.99057101668,0.006983609637245536,1.565514378983555,0.22403248309129037,None,1,,,,,pilot,001,2026-09-16_15h50.52.183,p3,,2026.2.3,59.85146064963102,2026-09-16 15h50.52.603461 +0800,
87,7,8,1000,,low,None,None,1,,,,,,,,,,,1,0,1,0,8,7,87,9,571.7995911999897,,,,197846.8077849957,197846.80778444998,-0.0005457259248942137,1.6542038830119146,0.4733082457156462,None,1,,,,,pilot,001,2026-09-16_15h50.52.183,p3,,2026.2.3,59.85146064963102,2026-09-16 15h50.52.603461 +0800,
88,8,8,1000,,low,None,None,1,,,,,,,,,,,1,0,1,0,8,8,88,5,573.4676582999818,,,,197848.39055249744,197848.39055628332,0.0037858844734728336,1.6422035049782027,0.3884053474333339,None,1,,,,,pilot,001,2026-09-16_15h50.52.183,p3,,2026.2.3,59.85146064963102,2026-09-16 15h50.52.603461 +0800,
89,9,8,1000,,low,None,None,1,,,,,,,,,,,1,0,1,0,8,9,89,4,575.1195605999965,,,,197850.01712258568,197850.01712058333,-0.002002343535423279,1.554857358892681,0.363417135691714,None,1,,,,,pilot,001,2026-09-16_15h50.52.183,p3,,2026.2.3,59.85146064963102,2026-09-16 15h50.52.603461 +0800,
90,0,9,1000,,low,None,None,1,,,,,,,,,,,1,0,1,0,9,0,90,5,576.6868705999805,,,,197851.5910626444,197851.59107061668,0.00797226675786078,1.6361191277102636,0.36939609440477417,None,1,,,,,pilot,001,2026-09-16_15h50.52.183,p3,,2026.2.3,59.85146064963102,2026-09-16 15h50.52.603461 +0800,
91,1,9,1000,,low,None,None,1,,,,,,,,,,,1,0,1,0,9,1,91,2,578.3402168999892,,,,197853.0999165478,197853.09991988336,0.003335560904815793,1.6556457499419908,0.22668139781222033,None,1,,,,,pilot,001,2026-09-16_15h50.52.183,p3,,2026.2.3,59.85146064963102,2026-09-16 15h50.52.603461 +0800,
92,2,9,1000,,low,None,None,1,,,,,,,,,,,1,0,1,0,9,2,92,8,580.0067017999827,,,,197854.73387915196,197854.73387864997,-0.0005019828677177429,1.633006905587637,0.192676301963932,None,1,,,,,pilot,001,2026-09-16_15h50.52.183,p3,,2026.2.3,59.85146064963102,2026-09-16 15h50.52.603461 +0800,
93,3,9,1500,,high,space,space,1,0.7087469999969471,0.07320129999425262,,,,,,,,,1,0,1,0,9,3,93,1,581.6413246000011,,,,197856.55218127268,197856.55218051668,-0.0007560010999441147,1.5770061761359768,0.3766571226862977,space,1,,,0.7087469999969471,0.07320129999425262,pilot,001,2026-09-16_15h50.52.183,p3,,2026.2.3,59.85146064963102,2026-09-16 15h50.52.603461 +0800,
94,4,9,1000,,low,None,None,1,,,,,,,,,,,1,0,1,0,9,4,94,3,583.2262952000019,,,,197858.0820794633,197858.08207861666,-0.0008466304279863834,1.5092048589647902,0.3218240132826548,None,1,,,,,pilot,001,2026-09-16_15h50.52.183,p3,,2026.2.3,59.85146064963102,2026-09-16 15h50.52.603461 +0800,
95,5,9,1000,,low,None,None,1,,,,,,,,,,,1,0,1,0,9,5,95,7,584.7442126999958,,,,197859.56991475896,197859.56990498333,-0.00977562740445137,1.764844095982322,0.29052900899669254,None,1,,,,,pilot,001,2026-09-16_15h50.52.183,p3,,2026.2.3,59.85146064963102,2026-09-16 15h50.52.603461 +0800,
96,6,9,1000,,low,None,None,1,,,,,,,,,,,1,0,1,0,9,6,96,4,586.5126957999892,,,,197861.46524956817,197861.46524275,-0.006818154361099005,1.7334920816176755,0.4187509181725533,None,1,,,,,pilot,001,2026-09-16_15h50.52.183,p3,,2026.2.3,59.85146064963102,2026-09-16 15h50.52.603461 +0800,
97,7,9,1500,,high,space,space,1,0.5618701999774203,0.07227170001715422,,,,,,,,,1,0,1,0,9,7,97,0,588.2471859999932,,,,197863.02427430634,197863.02426391668,-0.010389660019427538,1.502248434910186,0.2431368563540388,space,1,,,0.5618701999774203,0.07227170001715422,pilot,001,2026-09-16_15h50.52.183,p3,,2026.2.3,59.85146064963102,2026-09-16 15h50.52.603461 +0800,
98,8,9,1000,,low,None,None,1,,,,,,,,,,,1,0,1,0,9,8,98,6,589.7663293999794,,,,197864.63715354574,197864.63715111665,-0.002429093001410365,1.656635222340729,0.33780389576550024,None,1,,,,,pilot,001,2026-09-16_15h50.52.183,p3,,2026.2.3,59.85146064963102,2026-09-16 15h50.52.603461 +0800,
99,9,9,1000,,low,None,None,1,,,,,,,,,,,1,0,1,0,9,9,99,9,591.4331528999901,,,,197866.24597069673,197866.24596338332,-0.007313414243981242,1.6578767208828786,0.2779758467630112,None,1,,,,,pilot,001,2026-09-16_15h50.52.183,p3,,2026.2.3,59.85146064963102,2026-09-16 15h50.52.603461 +0800,
100,0,10,1000,,low,None,None,1,,,,,,,,,,,1,0,1,0,10,0,100,2,593.1014978000021,,,,197867.99968547572,197867.9996770167,-0.008459028322249651,1.6373816236293899,0.3642598257251804,None,1,,,,,pilot,001,2026-09-16_15h50.52.183,p3,,2026.2.3,59.85146064963102,2026-09-16 15h50.52.603461 +0800,
101,1,10,1000,,low,None,None,1,,,,,,,,,,,1,0,1,0,10,1,101,5,594.7526788999967,,,,197869.65850127727,197869.65850401667,0.00273939804174006,1.5580814881002698,0.37186272726120584,None,1,,,,,pilot,001,2026-09-16_15h50.52.183,p3,,2026.2.3,59.85146064963102,2026-09-16 15h50.52.603461 +0800,
102,2,10,1000,,low,None,None,1,,,,,,,,,,,1,0,1,0,10,2,102,4,596.3201003999857,,,,197871.35425582944,197871.35425271667,-0.0031127710826694965,1.7092294711245768,0.49961357944245766,None,1,,,,,pilot,001,2026-09-16_15h50.52.183,p3,,2026.2.3,59.85146064963102,2026-09-16 15h50.52.603461 +0800,
103,3,10,1000,,low,None,None,1,,,,,,,,,,,1,0,1,0,10,3,103,8,598.0402589000005,,,,197872.80969858944,197872.80969604998,-0.0025394547265022993,1.7070061782532084,0.23670743945521616,None,1,,,,,pilot,001,2026-09-16_15h50.52.183,p3,,2026.2.3,59.85146064963102,2026-09-16 15h50.52.603461 +0800,
104,4,10,1500,,high,space,space,1,0.7079052999906708,0.07217880000825971,,,,,,,,,1,0,1,0,10,4,104,0,599.756481999997,,,,197874.63070327154,197874.63071091668,0.007645139703527093,1.6847276445893669,0.33808152155816196,space,1,,,0.7079052999906708,0.07217880000825971,pilot,001,2026-09-16_15h50.52.183,p3,,2026.2.3,59.85146064963102,2026-09-16 15h50.52.603461 +0800,
105,5,10,1000,,low,None,None,1,,,,,,,,,,,1,0,1,0,10,5,105,7,601.4415761999844,,,,197876.38872170605,197876.3887230833,0.0013772514648735523,1.5788252151652113,0.4129590560629465,None,1,,,,,pilot,001,2026-09-16_15h50.52.183,p3,,2026.2.3,59.85146064963102,2026-09-16 15h50.52.603461 +0800,
106,6,10,1000,,low,None,None,1,,,,,,,,,,,1,0,1,0,10,6,106,6,603.0263070999936,,,,197877.8874168249,197877.88740988332,-0.006941583706066012,1.69085029087089,0.3270946749129098,None,1,,,,,pilot,001,2026-09-16_15h50.52.183,p3,,2026.2.3,59.85146064963102,2026-09-16 15h50.52.603461 +0800,
107,7,10,1500,,high,space,space,1,0.8226807000173721,0.07173849997343495,,,,,,,,,1,0,1,0,10,7,107,1,604.7274395999848,,,,197879.7366567946,197879.73665828336,0.0014887773431837559,1.6049940829422165,0.47447864461707767,space,1,,,0.8226807000173721,0.07173849997343495,pilot,001,2026-09-16_15h50.52.183,p3,,2026.2.3,59.85146064963102,2026-09-16 15h50.52.603461 +0800,
108,8,10,1000,,low,None,None,1,,,,,,,,,,,1,0,1,0,10,8,108,9,606.3454924999969,,,,197881.2023526193,197881.20235285,0.00023070606403052807,1.7578167424005091,0.32068386929230003,None,1,,,,,pilot,001,2026-09-16_15h50.52.183,p3,,2026.2.3,59.85146064963102,2026-09-16 15h50.52.603461 +0800,
109,9,10,1000,,low,None,None,1,,,,,,,,,,,1,0,1,0,10,9,109,3,608.1137947999814,,,,197883.10741308442,197883.10742315,0.010065588867291808,1.693377563073252,0.45802193444646255,None,1,,,,,pilot,001,2026-09-16_15h50.52.183,p3,,2026.2.3,59.85146064963102,2026-09-16 15h50.52.603461 +0800,
110,0,11,1000,,low,None,None,1,,,,,,,,,,,1,0,1,0,11,0,110,9,609.8150215999922,,,,197884.50404180415,197884.50405011667,0.008312519639730453,1.7467949403305532,0.15417445416657075,None,1,,,,,pilot,001,2026-09-16_15h50.52.183,p3,,2026.2.3,59.85146064963102,2026-09-16 15h50.52.603461 +0800,
111,1,11,1000,,low,None,None,1,,,,,,,,,,,1,0,1,0,11,1,111,2,611.5665005999908,,,,197886.30366353015,197886.30366328332,-0.00024682958610355854,1.5209334907015044,0.20177318015368004,None,1,,,,,pilot,001,2026-09-16_15h50.52.183,p3,,2026.2.3,59.85146064963102,2026-09-16 15h50.52.603461 +0800,
112,2,11,1000,,low,None,None,1,,,,,,,,,,,1,0,1,0,11,2,112,6,613.1015768999932,,,,197888.05575792727,197888.05574895002,-0.008977251127362251,1.5004789808462977,0.42017867727254343,None,1,,,,,pilot,001,2026-09-16_15h50.52.183,p3,,2026.2.3,59.85146064963102,2026-09-16 15h50.52.603461 +0800,
113,3,11,1000,,low,None,None,1,,,,,,,,,,,1,0,1,0,11,3,113,7,614.6033027999802,,,,197889.54228508676,197889.5422854833,0.0003965396899729967,1.765334356850165,0.40489923678183715,None,1,,,,,pilot,001,2026-09-16_15h50.52.183,p3,,2026.2.3,59.85146064963102,2026-09-16 15h50.52.603461 +0800,
114,4,11,1000,,low,None,None,1,,,,,,,,,,,1,0,1,0,11,4,114,4,616.3706796999904,,,,197891.37828158226,197891.37828421665,0.0026343914214521646,1.6989915518178755,0.47334493226697905,None,1,,,,,pilot,001,2026-09-16_15h50.52.183,p3,,2026.2.3,59.85146064963102,2026-09-16 15h50.52.603461 +0800,
115,5,11,1000,,low,None,None,1,,,,,,,,,,,1,0,1,0,11,5,115,5,618.0721774999984,,,,197893.10526277224,197893.10525424997,-0.008522270945832133,1.6579854555666071,0.4981561222559049,None,1,,,,,pilot,001,2026-09-16_15h50.52.183,p3,,2026.2.3,59.85146064963102,2026-09-16 15h50.52.603461 +0800,
116,6,11,1000,,low,None,None,1,,,,,,,,,,,1,0,1,0,11,6,116,8,619.7403291999944,,,,197894.64035813327,197894.64035208334,-0.006049929652363062,1.5490197892881226,0.36561578327586264,None,1,,,,,pilot,001,2026-09-16_15h50.52.183,p3,,2026.2.3,59.85146064963102,2026-09-16 15h50.52.603461 +0800,
117,7,11,1500,,high,space,space,1,0.6395984000118915,0.09435430000303313,,,,,,,,,1,0,1,0,11,7,117,1,621.2913807999867,,,,197896.1570030741,197896.15699634998,-0.006724119884893298,1.5935125392973155,0.33110972410142436,space,1,,,0.6395984000118915,0.09435430000303313,pilot,001,2026-09-16_15h50.52.183,p3,,2026.2.3,59.85146064963102,2026-09-16 15h50.52.603461 +0800,
118,8,11,1000,,low,None,None,1,,,,,,,,,,,1,0,1,0,11,8,118,3,622.8930774999899,,,,197897.773090386,197897.77309078333,0.0003973254933953285,1.5980775755001393,0.3459204360196888,None,1,,,,,pilot,001,2026-09-16_15h50.52.183,p3,,2026.2.3,59.85146064963102,2026-09-16 15h50.52.603461 +0800,
119,9,11,1500,,high,space,space,1,0.7217641999886837,0.04953310001292266,,,,,,,,,1,0,1,0,11,9,119,0,624.4944842999976,,,,197899.18686157613,197899.18686168332,0.00010718940757215023,1.6598870721886165,0.15803652615836203,space,1,,,0.7217641999886837,0.04953310001292266,pilot,001,2026-09-16_15h50.52.183,p3,,2026.2.3,59.85146064963102,2026-09-16 15h50.52.603461 +0800,
120,0,12,1000,,low,None,None,1,,,,,,,,,,,1,0,1,0,12,0,120,8,626.1628296999843,,,,197901.15511180763,197901.15510325,-0.008557632099837065,1.5104391187862318,0.4560489576545208,None,1,,,,,pilot,001,2026-09-16_15h50.52.183,p3,,2026.2.3,59.85146064963102,2026-09-16 15h50.52.603461 +0800,
121,1,12,1000,,low,None,None,1,,,,,,,,,,,1,0,1,0,12,1,121,5,627.6807502000011,,,,197902.68794839064,197902.68794848333,9.269570000469685e-05,1.5562347878763356,0.4730254406356099,None,1,,,,,pilot,001,2026-09-16_15h50.52.183,p3,,2026.2.3,59.85146064963102,2026-09-16 15h50.52.603461 +0800,
122,2,12,1500,,high,space,space,1,0.7603329000121448,0.07252570000127889,,,,,,,,,1,0,1,0,12,2,122,1,629.2487905999878,,,,197904.211250287,197904.21125071665,0.00042965984903275967,1.7518392155207891,0.4281417369987567,space,1,,,0.7603329000121448,0.07252570000127889,pilot,001,2026-09-16_15h50.52.183,p3,,2026.2.3,59.85146064963102,2026-09-16 15h50.52.603461 +0800,
123,3,12,1000,,low,None,None,1,,,,,,,,,,,1,0,1,0,12,3,123,3,631.0019643999985,,,,197905.8247934277,197905.82479185,-0.0015776895452290773,1.5500905578260191,0.29048527768699983,None,1,,,,,pilot,001,2026-09-16_15h50.52.183,p3,,2026.2.3,59.85146064963102,2026-09-16 15h50.52.603461 +0800,
124,4,12,1000,,low,None,None,1,,,,,,,,,,,1,0,1,0,12,4,124,6,632.5516174999939,,,,197907.37072044567,197907.3707286833,0.008237635483965278,1.5253084436653,0.28372849567196434,None,1,,,,,pilot,001,2026-09-16_15h50.52.183,p3,,2026.2.3,59.85146064963102,2026-09-16 15h50.52.603461 +0800,
125,5,12,1000,,low,None,None,1,,,,,,,,,,,1,0,1,0,12,5,125,2,634.0860196999856,,,,197908.81017138672,197908.81016848335,-0.0029033690225332975,1.66085450794753,0.18995873674991465,None,1,,,,,pilot,001,2026-09-16_15h50.52.183,p3,,2026.2.3,59.85146064963102,2026-09-16 15h50.52.603461 +0800,
126,6,12,1000,,low,None,None,1,,,,,,,,,,,1,0,1,0,12,6,126,9,635.7543856999837,,,,197910.44772857745,197910.44773625,0.007672555511817336,1.5032353247408328,0.15925422744703954,None,1,,,,,pilot,001,2026-09-16_15h50.52.183,p3,,2026.2.3,59.85146064963102,2026-09-16 15h50.52.603461 +0800,
127,7,12,1500,,high,space,space,1,0.7926598000049125,0.04934040000080131,,,,,,,,,1,0,1,0,12,7,127,0,637.2717313999892,,,,197912.22347753338,197912.22347611666,-0.0014167162589728832,1.7669234704352634,0.41727238337992734,space,1,,,0.7926598000049125,0.04934040000080131,pilot,001,2026-09-16_15h50.52.183,p3,,2026.2.3,59.85146064963102,2026-09-16 15h50.52.603461 +0800,
128,8,12,1000,,low,None,None,1,,,,,,,,,,,1,0,1,0,12,8,128,4,639.0407731999876,,,,197913.80809181364,197913.80808361666,-0.00819697743281722,1.752651487402015,0.2336789636567902,None,1,,,,,pilot,001,2026-09-16_15h50.52.183,p3,,2026.2.3,59.85146064963102,2026-09-16 15h50.52.603461 +0800,
129,9,12,1000,,low,None,None,1,,,,,,,,,,,1,0,1,0,12,9,129,7,640.8081959999981,,,,197915.556296732,197915.55630038335,0.0036513665691018105,1.7618853022615593,0.21363778199011185,None,1,,,,,pilot,001,2026-09-16_15h50.52.183,p3,,2026.2.3,59.85146064963102,2026-09-16 15h50.52.603461 +0800,
130,0,13,1000,,low,None,None,1,,,,,,,,,,,1,0,1,0,13,0,130,4,642.5765290999843,,,,197917.41170138572,197917.41170401667,0.00263095716945827,1.633082240022,0.30091773574526165,None,1,,,,,pilot,001,2026-09-16_15h50.52.183,p3,,2026.2.3,59.85146064963102,2026-09-16 15h50.52.603461 +0800,
131,1,13,1500,,high,space,space,1,0.6038050999923144,0.0719690999831073,,,,,,,,,1,0,1,0,13,1,131,0,644.2108869999938,,,,197918.945950262,197918.94594745,-0.0028119829948991537,1.5811508627254274,0.19866231198917766,space,1,,,0.6038050999923144,0.0719690999831073,pilot,001,2026-09-16_15h50.52.183,p3,,2026.2.3,59.85146064963102,2026-09-16 15h50.52.603461 +0800,
132,2,13,1500,,high,space,space,1,0.5983014999947045,0.11242620000848547,,,,,,,,,1,0,1,0,13,2,132,1,645.7958210999786,,,,197920.62216354284,197920.62216815,0.004607165465131402,1.599038810195251,0.29025219285370596,space,1,,,0.5983014999947045,0.11242620000848547,pilot,001,2026-09-16_15h50.52.183,p3,,2026.2.3,59.85146064963102,2026-09-16 15h50.52.603461 +0800,
133,3,13,1000,,low,None,None,1,,,,,,,,,,,1,0,1,0,13,3,133,6,647.3972223000019,,,,197922.33148082218,197922.33148881665,0.007994472980499268,1.636655880628494,0.39958067218326576,None,1,,,,,pilot,001,2026-09-16_15h50.52.183,p3,,2026.2.3,59.85146064963102,2026-09-16 15h50.52.603461 +0800,
134,4,13,1000,,low,None,None,1,,,,,,,,,,,1,0,1,0,13,4,134,2,649.0503307000035,,,,197924.0523747142,197924.05237261666,-0.0020975421648472548,1.5905258834551526,0.4689015642264116,None,1,,,,,pilot,001,2026-09-16_15h50.52.183,p3,,2026.2.3,59.85146064963102,2026-09-16 15h50.52.603461 +0800,
135,5,13,1000,,low,None,None,1,,,,,,,,,,,1,0,1,0,13,5,135,7,650.6502583999827,,,,197925.6582977989,197925.65829085,-0.0069488887675106525,1.783793618720729,0.4733717488859128,None,1,,,,,pilot,001,2026-09-16_15h50.52.183,p3,,2026.2.3,59.85146064963102,2026-09-16 15h50.52.603461 +0800,
136,6,13,1000,,low,None,None,1,,,,,,,,,,,1,0,1,0,13,6,136,3,652.4347429999907,,,,197927.3537457306,197927.35374908333,0.003352732164785266,1.6022062233729593,0.38432438061669105,None,1,,,,,pilot,001,2026-09-16_15h50.52.183,p3,,2026.2.3,59.85146064963102,2026-09-16 15h50.52.603461 +0800,
137,7,13,1000,,low,None,None,1,,,,,,,,,,,1,0,1,0,13,7,137,9,654.037089999998,,,,197929.0301888329,197929.03019011667,0.0012837699614465237,1.5056321360181202,0.4591411829152955,None,1,,,,,pilot,001,2026-09-16_15h50.52.183,p3,,2026.2.3,59.85146064963102,2026-09-16 15h50.52.603461 +0800,
138,8,13,1000,,low,None,None,1,,,,,,,,,,,1,0,1,0,13,8,138,5,655.5541746999952,,,,197930.33224229413,197930.33225008336,0.0077892327681183815,1.746173611033115,0.2437918441343802,None,1,,,,,pilot,001,2026-09-16_15h50.52.183,p3,,2026.2.3,59.85146064963102,2026-09-16 15h50.52.603461 +0800,
139,9,13,1000,,low,None,None,1,,,,,,,,,,,1,0,1,0,13,9,139,8,657.3053242999886,,,,197932.32573223213,197932.32573655,0.004317873390391469,1.7924726641067843,0.48604718215508835,None,1,,,,,pilot,001,2026-09-16_15h50.52.183,p3,,2026.2.3,59.85146064963102,2026-09-16 15h50.52.603461 +0800,
140,0,14,1000,,low,None,None,1,,,,,,,,,,,1,0,1,0,14,0,140,7,659.10958389999,,,,197934.08345168043,197934.08344181668,-0.00986375380307436,1.5026720276786036,0.4420380304587409,None,1,,,,,pilot,001,2026-09-16_15h50.52.183,p3,,2026.2.3,59.85146064963102,2026-09-16 15h50.52.603461 +0800,
141,1,14,1000,,low,None,None,1,,,,,,,,,,,1,0,1,0,14,1,141,8,660.625080400001,,,,197935.3303647346,197935.33036311666,-0.00161794014275074,1.50851405794543,0.1710778846101902,None,1,,,,,pilot,001,2026-09-16_15h50.52.183,p3,,2026.2.3,59.85146064963102,2026-09-16 15h50.52.603461 +0800,
142,2,14,1500,,high,space,None,0,,,,,,,,,,,1,0,1,0,14,2,142,1,662.1429386999807,,,,197937.0899176777,197937.08991095,-0.006727699656039476,1.6243640243845834,0.4123556276764253,None,0,,,,,pilot,001,2026-09-16_15h50.52.183,p3,,2026.2.3,59.85146064963102,2026-09-16 15h50.52.603461 +0800,
143,3,14,1000,,low,None,None,1,,,,,,,,,,,1,0,1,0,14,3,143,2,663.7792728999921,,,,197938.79856400707,197938.79856758332,0.0035762495826929808,1.6019713867788867,0.485852857082955,None,1,,,,,pilot,001,2026-09-16_15h50.52.183,p3,,2026.2.3,59.85146064963102,2026-09-16 15h50.52.603461 +0800,
144,4,14,1000,,low,None,None,1,,,,,,,,,,,1,0,1,0,14,4,144,5,665.3789059999981,,,,197940.24323818376,197940.2432361167,-0.0020670704543590546,1.6910914842404772,0.32780733377024684,None,1,,,,,pilot,001,2026-09-16_15h50.52.183,p3,,2026.2.3,59.85146064963102,2026-09-16 15h50.52.603461 +0800,
145,5,14,1000,,low,None,None,1,,,,,,,,,,,1,0,1,0,14,5,145,4,667.0804971999896,,,,197941.96682263594,197941.96681301668,-0.00961925252340734,1.6587229374063364,0.3519365859415252,None,1,,,,,pilot,001,2026-09-16_15h50.52.183,p3,,2026.2.3,59.85146064963102,2026-09-16 15h50.52.603461 +0800,
146,6,14,1000,,low,None,None,1,,,,,,,,,,,1,0,1,0,14,6,146,6,668.7483851999859,,,,197943.49165824242,197943.49165181667,-0.006425747415050864,1.6162035238438612,0.20855939242503485,None,1,,,,,pilot,001,2026-09-16_15h50.52.183,p3,,2026.2.3,59.85146064963102,2026-09-16 15h50.52.603461 +0800,
147,7,14,1000,,low,None,None,1,,,,,,,,,,,1,0,1,0,14,7,147,9,670.366635399987,,,,197945.06272557005,197945.0627164833,-0.009086739737540483,1.606556009344952,0.16088382006226698,None,1,,,,,pilot,001,2026-09-16_15h50.52.183,p3,,2026.2.3,59.85146064963102,2026-09-16 15h50.52.603461 +0800,
148,8,14,1000,,low,None,None,1,,,,,,,,,,,1,0,1,0,14,8,148,3,671.9846677999885,,,,197946.77474695918,197946.7747426833,-0.004275876563042402,1.5667183518880021,0.2543060091802737,None,1,,,,,pilot,001,2026-09-16_15h50.52.183,p3,,2026.2.3,59.85146064963102,2026-09-16 15h50.52.603461 +0800,
149,9,14,1500,,high,space,None,0,,,,,,,,,,,1,0,1,0,14,9,149,0,673.5531571999891,,,,197948.3378027719,197948.33780344998,0.0006780901458114386,1.6621141525949574,0.24564752188032526,None,0,,,,,pilot,001,2026-09-16_15h50.52.183,p3,,2026.2.3,59.85146064963102,2026-09-16 15h50.52.603461 +0800,
150,0,15,1000,,low,None,None,1,,,,,,,,,,,1,0,1,0,15,0,150,3,675.2220739999902,,,,197950.22557794364,197950.22558661667,0.008673028787598014,1.7154203297931765,0.47006719363572036,None,1,,,,,pilot,001,2026-09-16_15h50.52.183,p3,,2026.2.3,59.85146064963102,2026-09-16 15h50.52.603461 +0800,
151,1,15,1000,,low,None,None,1,,,,,,,,,,,1,0,1,0,15,1,151,7,676.9393760999956,,,,197951.87583421514,197951.87583115,-0.0030651281122118235,1.687254982427253,0.4021682651272134,None,1,,,,,pilot,001,2026-09-16_15h50.52.183,p3,,2026.2.3,59.85146064963102,2026-09-16 15h50.52.603461 +0800,
152,2,15,1500,,high,space,None,0,,,,,,,,,,,1,0,1,0,15,2,152,0,678.6404196999792,,,,197953.657275275,197953.65728235,0.00707499566487968,1.5060310861456645,0.48263512501976646,None,0,,,,,pilot,001,2026-09-16_15h50.52.183,p3,,2026.2.3,59.85146064963102,2026-09-16 15h50.52.603461 +0800,
153,3,15,1000,,low,None,None,1,,,,,,,,,,,1,0,1,0,15,3,153,4,680.1582689999777,,,,197955.18892190352,197955.18893188334,0.009979819878935814,1.708245806095519,0.4941021535102521,None,1,,,,,pilot,001,2026-09-16_15h50.52.183,p3,,2026.2.3,59.85146064963102,2026-09-16 15h50.52.603461 +0800,
154,4,15,1000,,low,None,None,1,,,,,,,,,,,1,0,1,0,15,4,154,9,681.8792282999784,,,,197956.79187369547,197956.79187591668,0.0022212043404579163,1.7824142502782876,0.3809477454892575,None,1,,,,,pilot,001,2026-09-16_15h50.52.183,p3,,2026.2.3,59.85146064963102,2026-09-16 15h50.52.603461 +0800,
155,5,15,1000,,low,None,None,1,,,,,,,,,,,1,0,1,0,15,5,155,6,683.6612553999876,,,,197958.5550573797,197958.55506151664,0.004136934876441956,1.563438059944569,0.3591632297153837,None,1,,,,,pilot,001,2026-09-16_15h50.52.183,p3,,2026.2.3,59.85146064963102,2026-09-16 15h50.52.603461 +0800,
156,6,15,1500,,high,space,None,0,,,,,,,,,,,1,0,1,0,15,6,156,1,685.2294187999796,,,,197960.1401952794,197960.14018841667,-0.006862741429358721,1.7288804889545357,0.3764360294271051,None,0,,,,,pilot,001,2026-09-16_15h50.52.183,p3,,2026.2.3,59.85146064963102,2026-09-16 15h50.52.603461 +0800,
157,7,15,1000,,low,None,None,1,,,,,,,,,,,1,0,1,0,15,7,157,2,686.963940799993,,,,197961.79218493588,197961.79218698334,0.002047454472631216,1.6051758344370437,0.29315418591418396,None,1,,,,,pilot,001,2026-09-16_15h50.52.183,p3,,2026.2.3,59.85146064963102,2026-09-16 15h50.52.603461 +0800,
158,8,15,1000,,low,None,None,1,,,,,,,,,,,1,0,1,0,15,8,158,8,688.5819174999779,,,,197963.50197007324,197963.50197668333,0.0066100910771638155,1.5489436477415781,0.3853720232414241,None,1,,,,,pilot,001,2026-09-16_15h50.52.183,p3,,2026.2.3,59.85146064963102,2026-09-16 15h50.52.603461 +0800,
159,9,15,1000,,low,None,None,1,,,,,,,,,,,1,0,1,0,15,9,159,5,690.1359583000012,,,,197965.05391665892,197965.05391548332,-0.0011755910236388445,1.7176169183447318,0.38558620891591755,None,1,,,,,pilot,001,2026-09-16_15h50.52.183,p3,,2026.2.3,59.85146064963102,2026-09-16 15h50.52.603461 +0800,
160,0,16,1000,,low,None,None,1,,,,,,,,,,,1,0,1,0,16,0,160,6,691.8523459999997,,,,197966.68618695624,197966.68618188333,-0.0050729140639305115,1.7870063140034287,0.29861100626804205,None,1,,,,,pilot,001,2026-09-16_15h50.52.183,p3,,2026.2.3,59.85146064963102,2026-09-16 15h50.52.603461 +0800,
161,1,16,1000,,low,None,None,1,,,,,,,,,,,1,0,1,0,16,1,161,9,693.6556587999803,,,,197968.5461757569,197968.54617678333,0.0010264338925480843,1.6050401057059946,0.3581835069096665,None,1,,,,,pilot,001,2026-09-16_15h50.52.183,p3,,2026.2.3,59.85146064963102,2026-09-16 15h50.52.603461 +0800,
162,2,16,1500,,high,space,space,1,0.620662999979686,0.07205240000621416,,,,,,,,,1,0,1,0,16,2,162,0,695.2714299999934,,,,197970.1425595076,197970.14256381665,0.004309054929763079,1.584198671155032,0.3351199575867897,space,1,,,0.620662999979686,0.07205240000621416,pilot,001,2026-09-16_15h50.52.183,p3,,2026.2.3,59.85146064963102,2026-09-16 15h50.52.603461 +0800,
163,3,16,1000,,low,None,None,1,,,,,,,,,,,1,0,1,0,16,3,163,2,696.8581448000041,,,,197971.8075330472,197971.80754285,0.00980281038209796,1.7454169652939404,0.41724649719698403,None,1,,,,,pilot,001,2026-09-16_15h50.52.183,p3,,2026.2.3,59.85146064963102,2026-09-16 15h50.52.603461 +0800,
164,4,16,1500,,high,space,space,1,0.747802199999569,0.02699790001497604,,,,,,,,,1,0,1,0,16,4,164,1,698.6094834999822,,,,197973.53400394463,197973.53401151666,0.007572030881419778,1.5904787441281858,0.3920534946290024,space,1,,,0.747802199999569,0.02699790001497604,pilot,001,2026-09-16_15h50.52.183,p3,,2026.2.3,59.85146064963102,2026-09-16 15h50.52.603461 +0800,
165,5,16,1000,,low,None,None,1,,,,,,,,,,,1,0,1,0,16,5,165,4,700.2083873999945,,,,197975.0721205617,197975.07212088336,0.0003216555342078209,1.7496251858744785,0.3274953117081827,None,1,,,,,pilot,001,2026-09-16_15h50.52.183,p3,,2026.2.3,59.85146064963102,2026-09-16 15h50.52.603461 +0800,
166,6,16,1000,,low,None,None,1,,,,,,,,,,,1,0,1,0,16,6,166,5,701.9617023000028,,,,197976.90367394296,197976.90366485002,-0.009092938853427768,1.684198925524614,0.40908289297358036,None,1,,,,,pilot,001,2026-09-16_15h50.52.183,p3,,2026.2.3,59.85146064963102,2026-09-16 15h50.52.603461 +0800,
167,7,16,1000,,low,None,None,1,,,,,,,,,,,1,0,1,0,16,7,167,3,703.6617834999925,,,,197978.40957033786,197978.40957998336,0.009645504178479314,1.5352403870513731,0.21303468785283186,None,1,,,,,pilot,001,2026-09-16_15h50.52.183,p3,,2026.2.3,59.85146064963102,2026-09-16 15h50.52.603461 +0800,
168,8,16,1000,,low,None,None,1,,,,,,,,,,,1,0,1,0,16,8,168,7,705.2151531999989,,,,197980.00656779215,197980.00656588335,-0.0019088038243353367,1.7234706803626048,0.2593003421598725,None,1,,,,,pilot,001,2026-09-16_15h50.52.183,p3,,2026.2.3,59.85146064963102,2026-09-16 15h50.52.603461 +0800,
169,9,16,1000,,low,None,None,1,,,,,,,,,,,1,0,1,0,16,9,169,8,706.9479411999928,,,,197981.6590762797,197981.65907458332,-0.0016963749658316374,1.6386005494074356,0.17360082969277232,None,1,,,,,pilot,001,2026-09-16_15h50.52.183,p3,,2026.2.3,59.85146064963102,2026-09-16 15h50.52.603461 +0800,
170,0,17,1000,,low,None,None,1,,,,,,,,,,,1,0,1,0,17,0,170,6,708.5995464999869,,,,197983.421362013,197983.42137161666,0.00960365287028253,1.627215189980214,0.28527266302821846,None,1,,,,,pilot,001,2026-09-16_15h50.52.183,p3,,2026.2.3,59.85146064963102,2026-09-16 15h50.52.603461 +0800,
171,1,17,1000,,low,None,None,1,,,,,,,,,,,1,0,1,0,17,1,171,2,710.2360711999936,,,,197985.17923941996,197985.17924371667,0.004296714905649424,1.6694803675702823,0.41058176998204765,None,1,,,,,pilot,001,2026-09-16_15h50.52.183,p3,,2026.2.3,59.85146064963102,2026-09-16 15h50.52.603461 +0800,
172,2,17,1000,,low,None,None,1,,,,,,,,,,,1,0,1,0,17,2,172,4,711.9185283999832,,,,197986.6216268538,197986.62163421666,0.007362861651927233,1.6391633034776592,0.16833940380661297,None,1,,,,,pilot,001,2026-09-16_15h50.52.183,p3,,2026.2.3,59.85146064963102,2026-09-16 15h50.52.603461 +0800,
173,3,17,1000,,low,None,None,1,,,,,,,,,,,1,0,1,0,17,3,173,7,713.5703504999983,,,,197988.2751208661,197988.27511501667,-0.005849433364346623,1.6007042180122102,0.16883041609962807,None,1,,,,,pilot,001,2026-09-16_15h50.52.183,p3,,2026.2.3,59.85146064963102,2026-09-16 15h50.52.603461 +0800,
174,4,17,1500,,high,space,space,1,0.5690218999807257,0.07000810001045465,,,,,,,,,1,0,1,0,17,4,174,0,715.1715525999898,,,,197989.96493845008,197989.96494471666,0.006266578566282988,1.7881291020934755,0.2574644000902897,space,1,,,0.5690218999807257,0.07000810001045465,pilot,001,2026-09-16_15h50.52.183,p3,,2026.2.3,59.85146064963102,2026-09-16 15h50.52.603461 +0800,
175,5,17,1000,,low,None,None,1,,,,,,,,,,,1,0,1,0,17,5,175,8,716.975583099993,,,,197991.93775925745,197991.93776321667,0.00395922688767314,1.6618027581235655,0.43036790745384146,None,1,,,,,pilot,001,2026-09-16_15h50.52.183,p3,,2026.2.3,59.85146064963102,2026-09-16 15h50.52.603461 +0800,
176,6,17,1000,,low,None,None,1,,,,,,,,,,,1,0,1,0,17,6,176,5,718.6409319999802,,,,197993.60273345513,197993.60273978332,0.006328191375359893,1.5939130193069102,0.4276514051383329,None,1,,,,,pilot,001,2026-09-16_15h50.52.183,p3,,2026.2.3,59.85146064963102,2026-09-16 15h50.52.603461 +0800,
177,7,17,1500,,high,space,space,1,0.8502348999900278,0.07322759999078698,,,,,,,,,1,0,1,0,17,7,177,1,720.2424061999773,,,,197995.26793237493,197995.2679283833,-0.003991619450971484,1.647433385563876,0.4913418249294613,space,1,,,0.8502348999900278,0.07322759999078698,pilot,001,2026-09-16_15h50.52.183,p3,,2026.2.3,59.85146064963102,2026-09-16 15h50.52.603461 +0800,
178,8,17,1000,,low,None,None,1,,,,,,,,,,,1,0,1,0,17,8,178,3,721.8936008999881,,,,197996.7886074439,197996.78859781666,-0.009627226972952485,1.7448214016231336,0.36035099390647135,None,1,,,,,pilot,001,2026-09-16_15h50.52.183,p3,,2026.2.3,59.85146064963102,2026-09-16 15h50.52.603461 +0800,
179,9,17,1000,,low,None,None,1,,,,,,,,,,,1,0,1,0,17,9,179,9,723.6480277999945,,,,197998.43823445923,197998.43823801668,0.003557448508217931,1.5736236645402548,0.25680140925380884,None,1,,,,,pilot,001,2026-09-16_15h50.52.183,p3,,2026.2.3,59.85146064963102,2026-09-16 15h50.52.603461 +0800,
180,0,18,1000,,low,None,None,1,,,,,,,,,,,1,0,1,0,18,0,180,3,725.2299149000028,,,,198000.05142818228,198000.05142008333,-0.008098955731838942,1.5613268259442186,0.28473383227979643,None,1,,,,,pilot,001,2026-09-16_15h50.52.183,p3,,2026.2.3,59.85146064963102,2026-09-16 15h50.52.603461 +0800,
181,1,18,1000,,low,None,None,1,,,,,,,,,,,1,0,1,0,18,1,181,6,726.7980767999834,,,,198001.65590854053,198001.65591695003,0.00840949360281229,1.6154710148495948,0.323808390545175,None,1,,,,,pilot,001,2026-09-16_15h50.52.183,p3,,2026.2.3,59.85146064963102,2026-09-16 15h50.52.603461 +0800,
182,2,18,1000,,low,None,None,1,,,,,,,,,,,1,0,1,0,18,2,182,5,728.4159428999992,,,,198003.11093317432,198003.11093778335,0.004609028110280633,1.726007455075205,0.16046482431554285,None,1,,,,,pilot,001,2026-09-16_15h50.52.183,p3,,2026.2.3,59.85146064963102,2026-09-16 15h50.52.603461 +0800,
183,3,18,1000,,low,None,None,1,,,,,,,,,,,1,0,1,0,18,3,183,2,730.1505953999877,,,,198004.98368743688,198004.98368368333,-0.0037535501178354025,1.762203196812492,0.2959758869079575,None,1,,,,,pilot,001,2026-09-16_15h50.52.183,p3,,2026.2.3,59.85146064963102,2026-09-16 15h50.52.603461 +0800,
184,4,18,1500,,high,space,space,1,0.610057300014887,0.11232889999519102,,,,,,,,,1,0,1,0,18,4,184,1,731.9188872999803,,,,198006.73308860703,198006.73309058335,0.001976324710994959,1.7919951347484138,0.2795302570532715,space,1,,,0.610057300014887,0.11232889999519102,pilot,001,2026-09-16_15h50.52.183,p3,,2026.2.3,59.85146064963102,2026-09-16 15h50.52.603461 +0800,
185,5,18,1000,,low,None,None,1,,,,,,,,,,,1,0,1,0,18,5,185,8,733.7205734000017,,,,198008.61973790757,198008.61973428333,-0.0036242417991161346,1.5874892399199922,0.3643118575725127,None,1,,,,,pilot,001,2026-09-16_15h50.52.183,p3,,2026.2.3,59.85146064963102,2026-09-16 15h50.52.603461 +0800,
186,6,18,1000,,low,None,None,1,,,,,,,,,,,1,0,1,0,18,6,186,7,735.3216603999899,,,,198010.05284618167,198010.05285438334,0.008201663149520755,1.5210323529968592,0.19640063167487282,None,1,,,,,pilot,001,2026-09-16_15h50.52.183,p3,,2026.2.3,59.85146064963102,2026-09-16 15h50.52.603461 +0800,
187,7,18,1000,,low,None,None,1,,,,,,,,,,,1,0,1,0,18,7,187,4,736.8568106000021,,,,198011.7085958674,198011.70859898336,0.0031159434001892805,1.6702396385697411,0.3179082174280239,None,1,,,,,pilot,001,2026-09-16_15h50.52.183,p3,,2026.2.3,59.85146064963102,2026-09-16 15h50.52.603461 +0800,
188,8,18,1000,,low,None,None,1,,,,,,,,,,,1,0,1,0,18,8,188,9,738.5415823999792,,,,198013.3883187498,198013.38832251666,0.00376685056835413,1.5676930547278767,0.3124005998107354,None,1,,,,,pilot,001,2026-09-16_15h50.52.183,p3,,2026.2.3,59.85146064963102,2026-09-16 15h50.52.603461 +0800,
189,9,18,1500,,high,space,space,1,0.7171454000053927,0.07304349998594262,,,,,,,,,1,0,1,0,18,9,189,0,740.1089133999776,,,,198014.9978043221,198014.99780485,0.0005278852768242359,1.548459330286817,0.35192967211708814,space,1,,,0.7171454000053927,0.07304349998594262,pilot,001,2026-09-16_15h50.52.183,p3,,2026.2.3,59.85146064963102,2026-09-16 15h50.52.603461 +0800,
190,0,19,1000,,low,None,None,1,,,,,,,,,,,1,0,1,0,19,0,190,3,741.6605599999893,,,,198016.47108526577,198016.47107868336,-0.006582413334399462,1.538646676335602,0.27385441578466707,None,1,,,,,pilot,001,2026-09-16_15h50.52.183,p3,,2026.2.3,59.85146064963102,2026-09-16 15h50.52.603461 +0800,
191,1,19,1500,,high,space,space,1,0.5599976000085007,0.05018619998008944,,,,,,,,,1,0,1,0,19,1,191,0,743.2140888999857,,,,198017.93901706158,198017.93902721666,0.010155083145946264,1.5776592250844965,0.19267471156963412,space,1,,,0.5599976000085007,0.05018619998008944,pilot,001,2026-09-16_15h50.52.183,p3,,2026.2.3,59.85146064963102,2026-09-16 15h50.52.603461 +0800,
192,2,19,1000,,low,None,None,1,,,,,,,,,,,1,0,1,0,19,2,192,2,744.7968720999779,,,,198019.82081979045,198019.82081261667,-0.007173774065449834,1.6314112265514633,0.48748174044778814,None,1,,,,,pilot,001,2026-09-16_15h50.52.183,p3,,2026.2.3,59.85146064963102,2026-09-16 15h50.52.603461 +0800,
193,3,19,1000,,low,None,None,1,,,,,,,,,,,1,0,1,0,19,3,193,8,746.431271599984,,,,198021.17970067245,198021.17970051666,-0.00015579280443489552,1.6714308129956805,0.2134686224864985,None,1,,,,,pilot,001,2026-09-16_15h50.52.183,p3,,2026.2.3,59.85146064963102,2026-09-16 15h50.52.603461 +0800,
194,4,19,1000,,low,None,None,1,,,,,,,,,,,1,0,1,0,19,4,194,7,748.1187894000032,,,,198023.05712680033,198023.05711841668,-0.00838364940136671,1.5815523041657547,0.4062850503379467,None,1,,,,,pilot,001,2026-09-16_15h50.52.183,p3,,2026.2.3,59.85146064963102,2026-09-16 15h50.52.603461 +0800,
195,5,19,1000,,low,None,None,1,,,,,,,,,,,1,0,1,0,19,5,195,4,749.7009140999871,,,,198024.50144033073,198024.50142995,-0.01038072514347732,1.7477100347165866,0.26583528073298657,None,1,,,,,pilot,001,2026-09-16_15h50.52.183,p3,,2026.2.3,59.85146064963102,2026-09-16 15h50.52.603461 +0800,
196,6,19,1500,,high,space,space,1,0.670100299990736,0.07205069999326952,,,,,,,,,1,0,1,0,19,6,196,1,751.452372300002,,,,198026.38882508216,198026.38881548334,-0.009598821634426713,1.5021891118986608,0.40114983217822864,space,1,,,0.670100299990736,0.07205069999326952,pilot,001,2026-09-16_15h50.52.183,p3,,2026.2.3,59.85146064963102,2026-09-16 15h50.52.603461 +0800,
197,7,19,1000,,low,None,None,1,,,,,,,,,,,1,0,1,0,19,7,197,5,752.9554347999801,,,,198027.8272670014,198027.82726431667,-0.002684741048142314,1.5943055076236476,0.3387632514291628,None,1,,,,,pilot,001,2026-09-16_15h50.52.183,p3,,2026.2.3,59.85146064963102,2026-09-16 15h50.52.603461 +0800,
198,8,19,1000,,low,None,None,1,,,,,,,,,,,1,0,1,0,19,8,198,9,754.5549486999807,,,,198029.33612920987,198029.33613784998,0.008640112355351448,1.7953575154703847,0.2466379598863339,None,1,,,,,pilot,001,2026-09-16_15h50.52.183,p3,,2026.2.3,59.85146064963102,2026-09-16 15h50.52.603461 +0800,
199,9,19,1000,,low,None,None,1,,,,,,,,,,,1,0,1,0,19,9,199,6,756.3573562999954,,,,198031.0838256572,198031.08381545,-0.010207208106294274,1.598611517662572,0.19248080722566188,None,1,,,,,pilot,001,2026-09-16_15h50.52.183,p3,,2026.2.3,59.85146064963102,2026-09-16 15h50.52.603461 +0800,
0,0,0,1000,,low,None,,,,,,,,,,,,,2,0,2,0,0,0,0,9,758.4748999000003,,,,,,,,,,,757.9554166999878,758.4459852,,,,,,,,,,,
