thisN,thisTrialN,thisRepN,freq,tone,stim,correct,choice_resp.keys,choice_resp.corr,choice_resp.rt,choice_resp.duration,eyes.thisRepN,eyes.thisTrialN,eyes.thisN,eyes.thisIndex,trials.thisRepN,trials.thisTrialN,trials.thisN,trials.thisIndex,blocks.thisRepN,blocks.thisTrialN,blocks.thisN,blocks.thisIndex,choice.thisRepN,choice.thisTrialN,choice.thisN,choice.thisIndex,thisRow.t,notes,piloting,text_blank.started,audio_target_lsl,audio_actual_lsl,audio_schedule_error_ms,isi,soa,choice.choice_resp.keys,choice.choice_resp.corr,choice.choice_resp.rt,choice.choice_resp.duration,Break.started,Break.stopped,participant,session,date,expName,expVersion,psychopyVersion,frameRate,expStart,
,,,,,,,,,,,,,,,,,,,,,,,,,,,,,True,,,,,,,,,,,,,pilot,001,2026-09-15_16h06.33.060,p3,,2026.2.3,60.1460345723662,2026-09-15 16h06.33.476735 +0800,
0,0,0,1500,High,,,,,,,3,0,3,0,0,0,0,0,,,,,,,,,2.1909088999964297,,,2.1909088999964297,111814.39120072499,111814.48253524167,91.33451667730696,,,,,,,,,pilot,001,2026-09-15_16h06.33.060,p3,,2026.2.3,60.1460345723662,2026-09-15 16h06.33.476735 +0800,
1,1,0,1000,Low,,,,,,,,,,,0,1,1,1,,,,,,,,,3.175988899994991,,,3.175988899994991,111815.383688325,111815.48321922502,99.53090001363307,,,,,,,,,pilot,001,2026-09-15_16h06.33.060,p3,,2026.2.3,60.1460345723662,2026-09-15 16h06.33.476735 +0800,
2,0,1,1500,High,,,,,,,,,,,1,0,2,0,,,,,,,,,4.176416100002825,,,4.176416100002825,111816.38057912499,111816.47143197499,90.85285000037402,,,,,,,,,pilot,001,2026-09-15_16h06.33.060,p3,,2026.2.3,60.1460345723662,2026-09-15 16h06.33.476735 +0800,
3,1,1,1000,Low,,,,,,,,,,,1,1,3,1,,,,,,,,,5.177003899996635,,,5.177003899996635,111817.38120212499,111817.47232069168,91.11856667732354,,,,,,,,,pilot,001,2026-09-15_16h06.33.060,p3,,2026.2.3,60.1460345723662,2026-09-15 16h06.33.476735 +0800,
4,0,2,1500,High,,,,,,,,,,,2,0,4,0,,,,,,,,,6.177759199999855,,,6.177759199999855,111818.38279982499,111818.47297157501,90.17175000917632,,,,,,,,,pilot,001,2026-09-15_16h06.33.060,p3,,2026.2.3,60.1460345723662,2026-09-15 16h06.33.476735 +0800,
5,1,2,1000,Low,,,,,,,,,,,2,1,5,1,,,,,,,,,7.179255800001556,,,7.179255800001556,111819.383763325,111819.474407475,90.64414999738801,,,,,,,,,pilot,001,2026-09-15_16h06.33.060,p3,,2026.2.3,60.1460345723662,2026-09-15 16h06.33.476735 +0800,
6,0,3,1500,High,,,,,,,,,,,3,0,6,0,,,,,,,,,8.179422200002591,,,8.179422200002591,111820.38425232499,111820.47495400833,90.70168333710171,,,,,,,,,pilot,001,2026-09-15_16h06.33.060,p3,,2026.2.3,60.1460345723662,2026-09-15 16h06.33.476735 +0800,
7,1,3,1000,Low,,,,,,,,,,,3,1,7,1,,,,,,,,,9.179567900006077,,,9.179567900006077,111821.38414062501,111821.47627102499,92.13039997848682,,,,,,,,,pilot,001,2026-09-15_16h06.33.060,p3,,2026.2.3,60.1460345723662,2026-09-15 16h06.33.476735 +0800,
8,0,4,1500,High,,,,,,,,,,,4,0,8,0,,,,,,,,,10.180377199998475,,,10.180377199998475,111822.38450362501,111822.47766725832,93.16363332618494,,,,,,,,,pilot,001,2026-09-15_16h06.33.060,p3,,2026.2.3,60.1460345723662,2026-09-15 16h06.33.476735 +0800,
9,1,4,1000,Low,,,,,,,,,,,4,1,9,1,,,,,,,,,11.182084800006123,,,11.182084800006123,111823.38573002501,111823.47808917498,92.35914998862427,,,,,,,,,pilot,001,2026-09-15_16h06.33.060,p3,,2026.2.3,60.1460345723662,2026-09-15 16h06.33.476735 +0800,
0,0,0,1000,,low,None,None,1,,,,,,,,,,,0,0,0,0,0,0,0,5,14.416563999999198,,,,111826.96839425465,111826.96838442498,-0.009829673217609525,1.6231552317403881,0.3547258296572062,None,1,,,,,pilot,001,2026-09-15_16h06.33.060,p3,,2026.2.3,60.1460345723662,2026-09-15 16h06.33.476735 +0800,
1,1,0,1000,,low,None,None,1,,,,,,,,,,,0,0,0,0,0,1,1,6,16.053664000006393,,,,111828.6708644946,111828.67086559167,0.001097068889066577,1.7066134369597357,0.41615436960195007,None,1,,,,,pilot,001,2026-09-15_16h06.33.060,p3,,2026.2.3,60.1460345723662,2026-09-15 16h06.33.476735 +0800,
2,2,0,1000,,low,None,None,1,,,,,,,,,,,0,0,0,0,0,2,2,3,17.77204019999772,,,,111830.27587179418,111830.275876575,0.004780828021466732,1.6590474739208965,0.30273276916573544,None,1,,,,,pilot,001,2026-09-15_16h06.33.060,p3,,2026.2.3,60.1460345723662,2026-09-15 16h06.33.476735 +0800,
3,3,0,1000,,low,None,None,1,,,,,,,,,,,0,0,0,0,0,3,3,7,19.438283700001193,,,,111832.07586707405,111832.07585834168,-0.008732386049814522,1.7616027833440653,0.43513544904378065,None,1,,,,,pilot,001,2026-09-15_16h06.33.060,p3,,2026.2.3,60.1460345723662,2026-09-15 16h06.33.476735 +0800,
4,4,0,1000,,low,None,None,1,,,,,,,,,,,0,0,0,0,0,4,4,8,21.20601219999662,,,,111833.65972868819,111833.65972139165,-0.007296534022316337,1.7478007962412405,0.2483212631994516,None,1,,,,,pilot,001,2026-09-15_16h06.33.060,p3,,2026.2.3,60.1460345723662,2026-09-15 16h06.33.476735 +0800,
5,5,0,1000,,low,None,None,1,,,,,,,,,,,0,0,0,0,0,5,5,9,22.957788400002755,,,,111835.37706181902,111835.377071375,0.009555966244079173,1.7226342187758794,0.21626379402434068,None,1,,,,,pilot,001,2026-09-15_16h06.33.060,p3,,2026.2.3,60.1460345723662,2026-09-15 16h06.33.476735 +0800,
6,6,0,1000,,low,None,None,1,,,,,,,,,,,0,0,0,0,0,6,6,4,24.694539999996778,,,,111837.15138784508,111837.15137752498,-0.010320101864635944,1.6627716607959193,0.25577842009631213,None,1,,,,,pilot,001,2026-09-15_16h06.33.060,p3,,2026.2.3,60.1460345723662,2026-09-15 16h06.33.476735 +0800,
7,7,0,1500,,high,space,None,0,,,,,,,,,,,0,0,0,0,0,7,7,1,26.360856400002376,,,,111838.72814300776,111838.728147775,0.004767236532643437,1.7653576475272057,0.16448508276234983,None,0,,,,,pilot,001,2026-09-15_16h06.33.060,p3,,2026.2.3,60.1460345723662,2026-09-15 16h06.33.476735 +0800,
8,8,0,1000,,low,None,None,1,,,,,,,,,,,0,0,0,0,0,8,8,2,28.12978220000514,,,,111840.50500393158,111840.50500329168,-0.0006399204721674323,1.796739048871628,0.1727192065832142,None,1,,,,,pilot,001,2026-09-15_16h06.33.060,p3,,2026.2.3,60.1460345723662,2026-09-15 16h06.33.476735 +0800,
9,9,0,1500,,high,space,space,1,0.8323960999987321,0.07160250000015367,,,,,,,,,0,0,0,0,0,9,9,0,29.930174699999043,,,,111842.4143587985,111842.41435224167,-0.006556845619343221,1.6881136665226122,0.28126487351228635,space,1,0.8323960999987321,0.07160250000015367,,,pilot,001,2026-09-15_16h06.33.060,p3,,2026.2.3,60.1460345723662,2026-09-15 16h06.33.476735 +0800,
10,0,1,1000,,low,None,None,1,,,,,,,,,,,0,0,0,0,1,0,10,6,31.63219360000221,,,,111844.05282188719,111844.052829975,0.008087808964774013,1.7101074158374165,0.2185102621915186,None,1,,,,,pilot,001,2026-09-15_16h06.33.060,p3,,2026.2.3,60.1460345723662,2026-09-15 16h06.33.476735 +0800,
11,1,1,1000,,low,None,None,1,,,,,,,,,,,0,0,0,0,1,1,11,8,33.34989260000293,,,,111845.98386846983,111845.98386660832,-0.0018615100998431444,1.755828458304098,0.43131034483907327,None,1,,,,,pilot,001,2026-09-15_16h06.33.060,p3,,2026.2.3,60.1460345723662,2026-09-15 16h06.33.476735 +0800,
12,2,1,1000,,low,None,None,1,,,,,,,,,,,0,0,0,0,1,2,12,3,35.11800430000585,,,,111847.66821639324,111847.66821365833,-0.0027349014999344945,1.5089985118449147,0.3464651682245045,None,1,,,,,pilot,001,2026-09-15_16h06.33.060,p3,,2026.2.3,60.1460345723662,2026-09-15 16h06.33.476735 +0800,
13,3,1,1000,,low,None,None,1,,,,,,,,,,,0,0,0,0,1,3,13,2,36.63585299999977,,,,111849.10381108051,111849.10382020831,0.009127819794230163,1.6678682504695925,0.2655243555126418,None,1,,,,,pilot,001,2026-09-15_16h06.33.060,p3,,2026.2.3,60.1460345723662,2026-09-15 16h06.33.476735 +0800,
14,4,1,1000,,low,None,None,1,,,,,,,,,,,0,0,0,0,1,4,14,9,38.30615210000542,,,,111851.00658196301,111851.00659167502,0.00971200643107295,1.6326180634086525,0.4992689380054576,None,1,,,,,pilot,001,2026-09-15_16h06.33.060,p3,,2026.2.3,60.1460345723662,2026-09-15 16h06.33.476735 +0800,
15,5,1,1500,,high,space,space,1,0.8137140000035288,0.04958940000506118,,,,,,,,,0,0,0,0,1,5,15,1,39.93900310000754,,,,111852.53537727831,111852.535385475,0.008196686394512653,1.6461816783384644,0.3922269533271818,space,1,0.8137140000035288,0.04958940000506118,,,pilot,001,2026-09-15_16h06.33.060,p3,,2026.2.3,60.1460345723662,2026-09-15 16h06.33.476735 +0800,
16,6,1,1000,,low,None,None,1,,,,,,,,,,,0,0,0,0,1,6,16,7,41.590194799995515,,,,111854.09269623575,111854.092690375,-0.005860754754394293,1.7109184162487798,0.29969841076115494,None,1,,,,,pilot,001,2026-09-15_16h06.33.060,p3,,2026.2.3,60.1460345723662,2026-09-15 16h06.33.476735 +0800,
17,7,1,1000,,low,None,None,1,,,,,,,,,,,0,0,0,0,1,7,17,5,43.308694899998954,,,,111855.78776524667,111855.78777169166,0.006444985046982765,1.6496619158056247,0.2764697216821382,None,1,,,,,pilot,001,2026-09-15_16h06.33.060,p3,,2026.2.3,60.1460345723662,2026-09-15 16h06.33.476735 +0800,
18,8,1,1500,,high,space,space,1,0.8330379000108223,0.02740359999006614,,,,,,,,,0,0,0,0,1,8,18,0,44.960094299996854,,,,111857.32681374808,111857.32681385835,0.000110274413600564,1.7810979230191892,0.1622146230694066,space,1,0.8330379000108223,0.02740359999006614,,,pilot,001,2026-09-15_16h06.33.060,p3,,2026.2.3,60.1460345723662,2026-09-15 16h06.33.476735 +0800,
19,9,1,1000,,low,None,None,1,,,,,,,,,,,0,0,0,0,1,9,19,4,46.746340300000156,,,,111859.10976878428,111859.10977169167,0.002907399903051555,1.6724453140240414,0.16250465928545393,None,1,,,,,pilot,001,2026-09-15_16h06.33.060,p3,,2026.2.3,60.1460345723662,2026-09-15 16h06.33.476735 +0800,
20,0,2,1000,,low,None,None,1,,,,,,,,,,,0,0,0,0,2,0,20,5,48.42972899999586,,,,111860.78678059916,111860.78677755833,-0.003040840965695679,1.5001971520443023,0.15474117415952035,None,1,,,,,pilot,001,2026-09-15_16h06.33.060,p3,,2026.2.3,60.1460345723662,2026-09-15 16h06.33.476735 +0800,
21,1,2,1000,,low,None,None,1,,,,,,,,,,,0,0,0,0,2,1,21,8,49.930592899996554,,,,111862.53393295579,111862.53393872501,0.005769223207607865,1.6177364470045765,0.4005784307833954,None,1,,,,,pilot,001,2026-09-15_16h06.33.060,p3,,2026.2.3,60.1460345723662,2026-09-15 16h06.33.476735 +0800,
22,2,2,1500,,high,space,None,0,,,,,,,,,,,0,0,0,0,2,2,22,0,51.54872200000682,,,,111864.17241241553,111864.17240345833,-0.00895721314009279,1.509225038968603,0.42103439052203917,None,0,,,,,pilot,001,2026-09-15_16h06.33.060,p3,,2026.2.3,60.1460345723662,2026-09-15 16h06.33.476735 +0800,
23,3,2,1000,,low,None,None,1,,,,,,,,,,,0,0,0,0,2,3,23,7,53.06660800000827,,,,111865.42943533923,111865.42942620834,-0.009130904800258577,1.7937559979620252,0.15988271424413297,None,1,,,,,pilot,001,2026-09-15_16h06.33.060,p3,,2026.2.3,60.1460345723662,2026-09-15 16h06.33.476735 +0800,
24,4,2,1000,,low,None,None,1,,,,,,,,,,,0,0,0,0,2,4,24,6,54.8680347000045,,,,111867.30831670124,111867.30832100834,0.0043071049731224775,1.6170533287632969,0.23714577623762492,None,1,,,,,pilot,001,2026-09-15_16h06.33.060,p3,,2026.2.3,60.1460345723662,2026-09-15 16h06.33.476735 +0800,
25,5,2,1000,,low,None,None,1,,,,,,,,,,,0,0,0,0,2,5,25,2,56.486111999998684,,,,111869.07823134842,111869.07822272502,-0.008623421308584511,1.5956592295756185,0.3894284234254195,None,1,,,,,pilot,001,2026-09-15_16h06.33.060,p3,,2026.2.3,60.1460345723662,2026-09-15 16h06.33.476735 +0800,
26,6,2,1000,,low,None,None,1,,,,,,,,,,,0,0,0,0,2,6,26,3,58.08785720000742,,,,111870.57599403092,111870.57599112499,-0.00290593015961349,1.7595786011587857,0.2859171059243829,None,1,,,,,pilot,001,2026-09-15_16h06.33.060,p3,,2026.2.3,60.1460345723662,2026-09-15 16h06.33.476735 +0800,
27,7,2,1000,,low,None,None,1,,,,,,,,,,,0,0,0,0,2,7,27,9,59.85580170000321,,,,111872.380966836,111872.38096880834,0.0019723520381376147,1.6712436687219756,0.32247611098232254,None,1,,,,,pilot,001,2026-09-15_16h06.33.060,p3,,2026.2.3,60.1460345723662,2026-09-15 16h06.33.476735 +0800,
28,8,2,1500,,high,space,space,1,0.6780689000006532,0.0278357000061078,,,,,,,,,0,0,0,0,2,8,28,1,61.54028719999769,,,,111873.94992877432,111873.94993505834,0.006283997208811343,1.5724869798190944,0.20398244932112786,space,1,0.6780689000006532,0.0278357000061078,,,pilot,001,2026-09-15_16h06.33.060,p3,,2026.2.3,60.1460345723662,2026-09-15 16h06.33.476735 +0800,
29,9,2,1000,,low,None,None,1,,,,,,,,,,,0,0,0,0,2,9,29,4,63.1253604000085,,,,111875.75945539708,111875.75946390833,0.008511240594089031,1.5672980590344896,0.43072907208853484,None,1,,,,,pilot,001,2026-09-15_16h06.33.060,p3,,2026.2.3,60.1460345723662,2026-09-15 16h06.33.476735 +0800,
30,0,3,1000,,low,None,None,1,,,,,,,,,,,0,0,0,0,3,0,30,7,64.69334349999554,,,,111877.17895391406,111877.17896144168,0.007527603884227574,1.6277389729691412,0.28331028905743333,None,1,,,,,pilot,001,2026-09-15_16h06.33.060,p3,,2026.2.3,60.1460345723662,2026-09-15 16h06.33.476735 +0800,
31,1,3,1000,,low,None,None,1,,,,,,,,,,,0,0,0,0,3,1,31,6,66.3280117999966,,,,111878.74678478832,111878.74679182499,0.007036665920168161,1.660268295896351,0.21580626331019026,None,1,,,,,pilot,001,2026-09-15_16h06.33.060,p3,,2026.2.3,60.1460345723662,2026-09-15 16h06.33.476735 +0800,
32,2,3,1500,,high,space,space,1,0.7930190000042785,0.05008869999437593,,,,,,,,,0,0,0,0,3,2,32,1,67.99581130000297,,,,111880.52522702244,111880.52523562498,0.008602553862147033,1.694808492328543,0.3258628974292741,space,1,0.7930190000042785,0.05008869999437593,,,pilot,001,2026-09-15_16h06.33.060,p3,,2026.2.3,60.1460345723662,2026-09-15 16h06.33.476735 +0800,
33,3,3,1000,,low,None,None,1,,,,,,,,,,,0,0,0,0,3,3,33,4,69.69727330000023,,,,111882.36092043124,111882.36091512503,-0.005306224920786917,1.7934735076198098,0.4606388062322059,None,1,,,,,pilot,001,2026-09-15_16h06.33.060,p3,,2026.2.3,60.1460345723662,2026-09-15 16h06.33.476735 +0800,
34,4,3,1500,,high,space,space,1,0.6429726000060327,0.05033289999119006,,,,,,,,,0,0,0,0,3,4,34,0,71.49865330000466,,,,111883.87052546197,111883.870531925,0.0064630439737811685,1.7146006015459896,0.1669950369687147,space,1,0.6429726000060327,0.05033289999119006,,,pilot,001,2026-09-15_16h06.33.060,p3,,2026.2.3,60.1460345723662,2026-09-15 16h06.33.476735 +0800,
35,5,3,1000,,low,None,None,1,,,,,,,,,,,0,0,0,0,3,5,35,8,73.21699980000267,,,,111885.6793222971,111885.67931797501,-0.004322107997722924,1.5325579185504332,0.259686072109488,None,1,,,,,pilot,001,2026-09-15_16h06.33.060,p3,,2026.2.3,60.1460345723662,2026-09-15 16h06.33.476735 +0800,
36,6,3,1000,,low,None,None,1,,,,,,,,,,,0,0,0,0,3,6,36,5,74.7518326999998,,,,111887.13070065095,111887.13070939167,0.008740738849155605,1.6743531572707067,0.17675502593981873,None,1,,,,,pilot,001,2026-09-15_16h06.33.060,p3,,2026.2.3,60.1460345723662,2026-09-15 16h06.33.476735 +0800,
37,7,3,1000,,low,None,None,1,,,,,,,,,,,0,0,0,0,3,7,37,3,76.43635170000198,,,,111889.09834636806,111889.098340125,-0.006243062671273947,1.6064916518723458,0.4590221430634853,None,1,,,,,pilot,001,2026-09-15_16h06.33.060,p3,,2026.2.3,60.1460345723662,2026-09-15 16h06.33.476735 +0800,
38,8,3,1000,,low,None,None,1,,,,,,,,,,,0,0,0,0,3,8,38,2,78.05438929999946,,,,111890.45584806387,111890.45585395835,0.005894486093893647,1.5122237043055209,0.1978013388637353,None,1,,,,,pilot,001,2026-09-15_16h06.33.060,p3,,2026.2.3,60.1460345723662,2026-09-15 16h06.33.476735 +0800,
39,9,3,1000,,low,None,None,1,,,,,,,,,,,0,0,0,0,3,9,39,9,79.57241639999847,,,,111892.21047044182,111892.21047804167,0.007599854143336415,1.5729698449494567,0.435178916807071,None,1,,,,,pilot,001,2026-09-15_16h06.33.060,p3,,2026.2.3,60.1460345723662,2026-09-15 16h06.33.476735 +0800,
40,0,4,1000,,low,None,None,1,,,,,,,,,,,0,0,0,0,4,0,40,7,81.15723350000917,,,,111893.7057411914,111893.70573397499,-0.00721639662515372,1.7520494347365438,0.34418216638507204,None,1,,,,,pilot,001,2026-09-15_16h06.33.060,p3,,2026.2.3,60.1460345723662,2026-09-15 16h06.33.476735 +0800,
41,1,4,1000,,low,None,None,1,,,,,,,,,,,0,0,0,0,4,1,41,9,82.90843490000407,,,,111895.44490382922,111895.44490169166,-0.0021375599317252636,1.5745428804734005,0.332508704238788,None,1,,,,,pilot,001,2026-09-15_16h06.33.060,p3,,2026.2.3,60.1460345723662,2026-09-15 16h06.33.476735 +0800,
42,2,4,1000,,low,None,None,1,,,,,,,,,,,0,0,0,0,4,2,42,6,84.49364100000821,,,,111897.07960727823,111897.07960025832,-0.007019902113825083,1.6364566467012238,0.3832321532273103,None,1,,,,,pilot,001,2026-09-15_16h06.33.060,p3,,2026.2.3,60.1460345723662,2026-09-15 16h06.33.476735 +0800,
43,3,4,1000,,low,None,None,1,,,,,,,,,,,0,0,0,0,4,3,43,8,86.14685489999829,,,,111898.54428008737,111898.54427462502,-0.0054623669711872935,1.5535096036782414,0.19670276236995024,None,1,,,,,pilot,001,2026-09-15_16h06.33.060,p3,,2026.2.3,60.1460345723662,2026-09-15 16h06.33.476735 +0800,
44,4,4,1000,,low,None,None,1,,,,,,,,,,,0,0,0,0,4,4,44,4,87.71302609999839,,,,111900.37756233325,111900.37756489168,0.0025584304239600897,1.736304313273969,0.4623990082333458,None,1,,,,,pilot,001,2026-09-15_16h06.33.060,p3,,2026.2.3,60.1460345723662,2026-09-15 16h06.33.476735 +0800,
45,5,4,1000,,low,None,None,1,,,,,,,,,,,0,0,0,0,4,5,45,2,89.46642150000844,,,,111901.834848828,111901.83484640834,-0.002419648808427155,1.6144952322892447,0.1672484029938768,None,1,,,,,pilot,001,2026-09-15_16h06.33.060,p3,,2026.2.3,60.1460345723662,2026-09-15 16h06.33.476735 +0800,
46,6,4,1500,,high,space,space,1,0.613101299997652,0.0493653000012273,,,,,,,,,0,0,0,0,4,6,46,0,91.0829187000054,,,,111903.44791632536,111903.44792480834,0.008482966222800314,1.6401465416878782,0.1631889003681505,space,1,0.613101299997652,0.0493653000012273,,,pilot,001,2026-09-15_16h06.33.060,p3,,2026.2.3,60.1460345723662,2026-09-15 16h06.33.476735 +0800,
47,7,4,1000,,low,None,None,1,,,,,,,,,,,0,0,0,0,4,7,47,3,92.73377619999519,,,,111905.4162332442,111905.41623987499,0.006630769348703325,1.7862350996507603,0.48009311921863584,None,1,,,,,pilot,001,2026-09-15_16h06.33.060,p3,,2026.2.3,60.1460345723662,2026-09-15 16h06.33.476735 +0800,
48,8,4,1500,,high,space,space,1,0.7602773999969941,0.0733089999994263,,,,,,,,,0,0,0,0,4,8,48,1,94.53510809999716,,,,111907.01440580902,111907.01440994168,0.004132656613364816,1.6887183471599148,0.2765596840139901,space,1,0.7602773999969941,0.0733089999994263,,,pilot,001,2026-09-15_16h06.33.060,p3,,2026.2.3,60.1460345723662,2026-09-15 16h06.33.476735 +0800,
49,9,4,1000,,low,None,None,1,,,,,,,,,,,0,0,0,0,4,9,49,5,96.23660070000915,,,,111908.60930461,111908.60930374166,-0.0008683418855071068,1.5237531911253699,0.17000228500515868,None,1,,,,,pilot,001,2026-09-15_16h06.33.060,p3,,2026.2.3,60.1460345723662,2026-09-15 16h06.33.476735 +0800,
50,0,5,1000,,low,None,None,1,,,,,,,,,,,0,0,0,0,5,0,50,2,97.77137790000415,,,,111910.24124667139,111910.24123767499,-0.008996386895887554,1.602249742507452,0.2674641463781604,None,1,,,,,pilot,001,2026-09-15_16h06.33.060,p3,,2026.2.3,60.1460345723662,2026-09-15 16h06.33.476735 +0800,
51,1,5,1000,,low,None,None,1,,,,,,,,,,,0,0,0,0,5,1,51,4,99.38965949999692,,,,111911.87052430955,111911.87052844168,0.004132118192501366,1.7798682818910256,0.27840708455866847,None,1,,,,,pilot,001,2026-09-15_16h06.33.060,p3,,2026.2.3,60.1460345723662,2026-09-15 16h06.33.476735 +0800,
52,2,5,1000,,low,None,None,1,,,,,,,,,,,0,0,0,0,5,2,52,7,101.17421199999808,,,,111913.80146251235,111913.80146390834,0.0013959797797724605,1.7867866391752931,0.4250040873643597,None,1,,,,,pilot,001,2026-09-15_16h06.33.060,p3,,2026.2.3,60.1460345723662,2026-09-15 16h06.33.476735 +0800,
53,3,5,1500,,high,space,space,1,0.8259965000033844,0.049901299993507564,,,,,,,,,0,0,0,0,5,3,53,1,102.97557670000242,,,,111915.53327330184,111915.53326834168,-0.004960165824741125,1.7001481803084968,0.3549467768500582,space,1,0.8259965000033844,0.049901299993507564,,,pilot,001,2026-09-15_16h06.33.060,p3,,2026.2.3,60.1460345723662,2026-09-15 16h06.33.476735 +0800,
54,4,5,1000,,low,None,None,1,,,,,,,,,,,0,0,0,0,5,4,54,6,104.67707069999597,,,,111917.04590080163,111917.04590410832,0.003306689905002713,1.7441239256080798,0.16494397663858054,None,1,,,,,pilot,001,2026-09-15_16h06.33.060,p3,,2026.2.3,60.1460345723662,2026-09-15 16h06.33.476735 +0800,
55,5,5,1000,,low,None,None,1,,,,,,,,,,,0,0,0,0,5,5,55,3,106.4284278999985,,,,111918.95774315606,111918.95775214166,0.008985618478618562,1.6251927953564405,0.3262414310663181,None,1,,,,,pilot,001,2026-09-15_16h06.33.060,p3,,2026.2.3,60.1460345723662,2026-09-15 16h06.33.476735 +0800,
56,6,5,1500,,high,space,space,1,0.80110510000668,0.026492099990718998,,,,,,,,,0,0,0,0,5,6,56,0,108.06389449999551,,,,111920.59295473073,111920.59295597501,0.001244276063516736,1.640099502299591,0.3269047057312323,space,1,0.80110510000668,0.026492099990718998,,,pilot,001,2026-09-15_16h06.33.060,p3,,2026.2.3,60.1460345723662,2026-09-15 16h06.33.476735 +0800,
57,7,5,1000,,low,None,None,1,,,,,,,,,,,0,0,0,0,5,7,57,8,109.7147158000007,,,,111922.29106800503,111922.29107695832,0.00895329867489636,1.7289590269548525,0.3735417800360692,None,1,,,,,pilot,001,2026-09-15_16h06.33.060,p3,,2026.2.3,60.1460345723662,2026-09-15 16h06.33.476735 +0800,
58,8,5,1000,,low,None,None,1,,,,,,,,,,,0,0,0,0,5,8,58,9,111.44946679999703,,,,111924.12881962606,111924.12881084168,-0.008784380042925477,1.7271455704563956,0.47648650105332924,None,1,,,,,pilot,001,2026-09-15_16h06.33.060,p3,,2026.2.3,60.1460345723662,2026-09-15 16h06.33.476735 +0800,
59,9,5,1000,,low,None,None,1,,,,,,,,,,,0,0,0,0,5,9,59,5,113.18637630000012,,,,111925.6344060491,111925.634413725,0.007675917004235089,1.758879514190529,0.2473169240775565,None,1,,,,,pilot,001,2026-09-15_16h06.33.060,p3,,2026.2.3,60.1460345723662,2026-09-15 16h06.33.476735 +0800,
60,0,6,1000,,low,None,None,1,,,,,,,,,,,0,0,0,0,6,0,60,5,114.95273479999742,,,,111927.571353301,111927.57134390835,-0.00939266465138644,1.62941715139402,0.4159259760107774,None,1,,,,,pilot,001,2026-09-15_16h06.33.060,p3,,2026.2.3,60.1460345723662,2026-09-15 16h06.33.476735 +0800,
61,1,6,1000,,low,None,None,1,,,,,,,,,,,0,0,0,0,6,1,61,8,116.58701920000021,,,,111929.06651870854,111929.06650925835,-0.009450188372284174,1.5713538827754636,0.2762807835287855,None,1,,,,,pilot,001,2026-09-15_16h06.33.060,p3,,2026.2.3,60.1460345723662,2026-09-15 16h06.33.476735 +0800,
62,2,6,1000,,low,None,None,1,,,,,,,,,,,0,0,0,0,6,2,62,6,118.17199800000526,,,,111930.78087179014,111930.78087819167,0.00640154758002609,1.7802358549497306,0.4065689651394362,None,1,,,,,pilot,001,2026-09-15_16h06.33.060,p3,,2026.2.3,60.1460345723662,2026-09-15 16h06.33.476735 +0800,
63,3,6,1000,,low,None,None,1,,,,,,,,,,,0,0,0,0,6,3,63,4,119.95688680000603,,,,111932.42268934878,111932.42269139166,0.0020428997231647372,1.5423374957950922,0.2626791237684076,None,1,,,,,pilot,001,2026-09-15_16h06.33.060,p3,,2026.2.3,60.1460345723662,2026-09-15 16h06.33.476735 +0800,
64,4,6,1000,,low,None,None,1,,,,,,,,,,,0,0,0,0,6,4,64,7,121.50795450000442,,,,111934.10985198134,111934.10985152499,-0.0004563335096463561,1.655693197932216,0.3982749563236713,None,1,,,,,pilot,001,2026-09-15_16h06.33.060,p3,,2026.2.3,60.1460345723662,2026-09-15 16h06.33.476735 +0800,
65,5,6,1000,,low,None,None,1,,,,,,,,,,,0,0,0,0,6,5,65,9,123.17630910000298,,,,111935.7368272313,111935.73683709168,0.00986036320682615,1.6645071370481272,0.3574792063117549,None,1,,,,,pilot,001,2026-09-15_16h06.33.060,p3,,2026.2.3,60.1460345723662,2026-09-15 16h06.33.476735 +0800,
66,6,6,1000,,low,None,None,1,,,,,,,,,,,0,0,0,0,6,6,66,2,124.84448220000195,,,,111937.37723647623,111937.37723395834,-0.002517903340049088,1.744232015608658,0.32728995124332827,None,1,,,,,pilot,001,2026-09-15_16h06.33.060,p3,,2026.2.3,60.1460345723662,2026-09-15 16h06.33.476735 +0800,
67,7,6,1500,,high,space,space,1,0.8777265000098851,0.026975999993737787,,,,,,,,,0,0,0,0,6,7,67,0,126.59546019999834,,,,111939.18974869867,111939.18975770834,0.009009672794491053,1.7738172173229603,0.39106917366237587,space,1,0.8777265000098851,0.026975999993737787,,,pilot,001,2026-09-15_16h06.33.060,p3,,2026.2.3,60.1460345723662,2026-09-15 16h06.33.476735 +0800,
68,8,6,1500,,high,space,space,1,1.100186499999836,0.11169069999596104,,,,,,,,,0,0,0,0,6,8,68,1,128.38081600000442,,,,111940.87261585961,111940.87262219167,0.006332076736725867,1.6479464179715482,0.28905163460565997,space,1,1.100186499999836,0.11169069999596104,,,pilot,001,2026-09-15_16h06.33.060,p3,,2026.2.3,60.1460345723662,2026-09-15 16h06.33.476735 +0800,
69,9,6,1000,,low,None,None,1,,,,,,,,,,,0,0,0,0,6,9,69,3,130.03212099999655,,,,111942.43544947414,111942.43544165834,-0.00781580456532538,1.600369280423387,0.20089524914506107,None,1,,,,,pilot,001,2026-09-15_16h06.33.060,p3,,2026.2.3,60.1460345723662,2026-09-15 16h06.33.476735 +0800,
70,0,7,1000,,low,None,None,1,,,,,,,,,,,0,0,0,0,7,0,70,8,131.633207699997,,,,111944.20410339441,111944.20410614167,0.002747256075963378,1.77466797047726,0.36807956940475284,None,1,,,,,pilot,001,2026-09-15_16h06.33.060,p3,,2026.2.3,60.1460345723662,2026-09-15 16h06.33.476735 +0800,
71,1,7,1500,,high,space,space,1,0.9851655999955256,0.026944299999740906,,,,,,,,,0,0,0,0,7,1,71,1,133.41833670000779,,,,111946.10224726298,111946.10224537499,-0.0018879800336435437,1.7312247386922057,0.4810259379695532,space,1,0.9851655999955256,0.026944299999740906,,,pilot,001,2026-09-15_16h06.33.060,p3,,2026.2.3,60.1460345723662,2026-09-15 16h06.33.476735 +0800,
72,2,7,1000,,low,None,None,1,,,,,,,,,,,0,0,0,0,7,2,72,7,135.15304210000613,,,,111947.72034641821,111947.72035257501,0.006156798917800188,1.6730239450938644,0.3650166932084964,None,1,,,,,pilot,001,2026-09-15_16h06.33.060,p3,,2026.2.3,60.1460345723662,2026-09-15 16h06.33.476735 +0800,
73,3,7,1500,,high,space,space,1,0.9861624999903142,0.07220930000767112,,,,,,,,,0,0,0,0,7,3,73,0,136.8374346000055,,,,111949.54058212996,111949.54057765834,-0.0044716434786096215,1.681529320855529,0.49952800498150207,space,1,0.9861624999903142,0.07220930000767112,,,pilot,001,2026-09-15_16h06.33.060,p3,,2026.2.3,60.1460345723662,2026-09-15 16h06.33.476735 +0800,
74,4,7,1000,,low,None,None,1,,,,,,,,,,,0,0,0,0,7,4,74,3,138.52263059999677,,,,111950.95805833302,111950.95806149166,0.0031586241675540805,1.645462651960423,0.23053870803254253,None,1,,,,,pilot,001,2026-09-15_16h06.33.060,p3,,2026.2.3,60.1460345723662,2026-09-15 16h06.33.476735 +0800,
75,5,7,1000,,low,None,None,1,,,,,,,,,,,0,0,0,0,7,5,75,2,140.1738364000048,,,,111952.63813937007,111952.63813089166,-0.008478411473333836,1.585999686530382,0.26087474505641856,None,1,,,,,pilot,001,2026-09-15_16h06.33.060,p3,,2026.2.3,60.1460345723662,2026-09-15 16h06.33.476735 +0800,
76,6,7,1000,,low,None,None,1,,,,,,,,,,,0,0,0,0,7,6,76,5,141.77518840000266,,,,111954.13298637021,111954.13299585835,0.009488139767199755,1.7253507378753707,0.15430524520793917,None,1,,,,,pilot,001,2026-09-15_16h06.33.060,p3,,2026.2.3,60.1460345723662,2026-09-15 16h06.33.476735 +0800,
77,7,7,1000,,low,None,None,1,,,,,,,,,,,0,0,0,0,7,7,77,4,143.51062739999907,,,,111956.09198730029,111956.09199022502,0.00292473123408854,1.6423469011984402,0.3794837752774245,None,1,,,,,pilot,001,2026-09-15_16h06.33.060,p3,,2026.2.3,60.1460345723662,2026-09-15 16h06.33.476735 +0800,
78,8,7,1000,,low,None,None,1,,,,,,,,,,,0,0,0,0,7,8,78,9,145.16153389999818,,,,111957.7782658026,111957.77825989167,-0.00591094431001693,1.6523412797934727,0.4121602775962151,None,1,,,,,pilot,001,2026-09-15_16h06.33.060,p3,,2026.2.3,60.1460345723662,2026-09-15 16h06.33.476735 +0800,
79,9,7,1000,,low,None,None,1,,,,,,,,,,,0,0,0,0,7,9,79,6,146.81270560000848,,,,111959.446739214,111959.44674134167,0.002127664629369974,1.7363255108285462,0.4306818890070655,None,1,,,,,pilot,001,2026-09-15_16h06.33.060,p3,,2026.2.3,60.1460345723662,2026-09-15 16h06.33.476735 +0800,
80,0,8,1000,,low,None,None,1,,,,,,,,,,,0,0,0,0,8,0,80,9,148.54775199999858,,,,111960.959649122,111960.95965915834,0.010036354069598019,1.77530652650486,0.20881569698875915,None,1,,,,,pilot,001,2026-09-15_16h06.33.060,p3,,2026.2.3,60.1460345723662,2026-09-15 16h06.33.476735 +0800,
81,1,8,1500,,high,space,space,1,0.7440155999938725,0.07296190000488423,,,,,,,,,0,0,0,0,8,1,81,0,150.332530700005,,,,111962.80156283849,111962.80155940834,-0.0034301483538001776,1.7436064664453386,0.2658711134810057,space,1,0.7440155999938725,0.07296190000488423,,,pilot,001,2026-09-15_16h06.33.060,p3,,2026.2.3,60.1460345723662,2026-09-15 16h06.33.476735 +0800,
82,2,8,1000,,low,None,None,1,,,,,,,,,,,0,0,0,0,8,2,82,5,152.0847996000084,,,,111964.44668970429,111964.44668364167,-0.006062633474357426,1.623054948175672,0.16031347929320594,None,1,,,,,pilot,001,2026-09-15_16h06.33.060,p3,,2026.2.3,60.1460345723662,2026-09-15 16h06.33.476735 +0800,
83,3,8,1000,,low,None,None,1,,,,,,,,,,,0,0,0,0,8,3,83,6,153.71909400000004,,,,111966.22265886335,111966.222657025,-0.0018383434507995844,1.5179423695533507,0.301370038338849,None,1,,,,,pilot,001,2026-09-15_16h06.33.060,p3,,2026.2.3,60.1460345723662,2026-09-15 16h06.33.476735 +0800,
84,4,8,1500,,high,space,space,1,0.8351531999942381,0.050105600006645545,,,,,,,,,0,0,0,0,8,4,84,1,155.2369988999999,,,,111967.80229565906,111967.80230200832,0.006349277100525796,1.710211278433785,0.3627911340432371,space,1,0.8351531999942381,0.050105600006645545,,,pilot,001,2026-09-15_16h06.33.060,p3,,2026.2.3,60.1460345723662,2026-09-15 16h06.33.476735 +0800,
85,5,8,1000,,low,None,None,1,,,,,,,,,,,0,0,0,0,8,5,85,2,156.9550096000021,,,,111969.34716884408,111969.34717627498,0.0074309209594503045,1.7616575083919317,0.18920641905442168,None,1,,,,,pilot,001,2026-09-15_16h06.33.060,p3,,2026.2.3,60.1460345723662,2026-09-15 16h06.33.476735 +0800,
86,6,8,1000,,low,None,None,1,,,,,,,,,,,0,0,0,0,8,6,86,4,158.72273370000767,,,,111971.28289184888,111971.28289125834,-0.000590560375712812,1.6108247400685578,0.3554207238909876,None,1,,,,,pilot,001,2026-09-15_16h06.33.060,p3,,2026.2.3,60.1460345723662,2026-09-15 16h06.33.476735 +0800,
87,7,8,1000,,low,None,None,1,,,,,,,,,,,0,0,0,0,8,7,87,8,160.34104220000154,,,,111972.79240712294,111972.79241205833,0.004935413016937673,1.7929119472294601,0.2471262979306399,None,1,,,,,pilot,001,2026-09-15_16h06.33.060,p3,,2026.2.3,60.1460345723662,2026-09-15 16h06.33.476735 +0800,
88,8,8,1000,,low,None,None,1,,,,,,,,,,,0,0,0,0,8,8,88,7,162.1425564000092,,,,111974.53901869993,111974.539013275,-0.005424924893304706,1.5098483093432573,0.19094307494304813,None,1,,,,,pilot,001,2026-09-15_16h06.33.060,p3,,2026.2.3,60.1460345723662,2026-09-15 16h06.33.476735 +0800,
89,9,8,1000,,low,None,None,1,,,,,,,,,,,0,0,0,0,8,9,89,3,163.6605062000017,,,,111976.18484740434,111976.18484380835,-0.0035959819797426462,1.5517244605854357,0.31957977933264475,None,1,,,,,pilot,001,2026-09-15_16h06.33.060,p3,,2026.2.3,60.1460345723662,2026-09-15 16h06.33.476735 +0800,
90,0,9,1000,,low,None,None,1,,,,,,,,,,,0,0,0,0,9,0,90,2,165.21169740000914,,,,111977.78463387126,111977.78463080834,-0.0030629162210971117,1.5104477564949952,0.36972454627488477,None,1,,,,,pilot,001,2026-09-15_16h06.33.060,p3,,2026.2.3,60.1460345723662,2026-09-15 16h06.33.476735 +0800,
91,1,9,1000,,low,None,None,1,,,,,,,,,,,0,0,0,0,9,1,91,9,166.73032810000586,,,,111979.24305927535,111979.24305519168,-0.004083674866706133,1.6421711389108202,0.3106046503442693,None,1,,,,,pilot,001,2026-09-15_16h06.33.060,p3,,2026.2.3,60.1460345723662,2026-09-15 16h06.33.476735 +0800,
92,2,9,1000,,low,None,None,1,,,,,,,,,,,0,0,0,0,9,2,92,5,168.38142980000703,,,,111981.0194378499,111981.01943705833,-0.0007915514288470149,1.551475040182524,0.43422812489199447,None,1,,,,,pilot,001,2026-09-15_16h06.33.060,p3,,2026.2.3,60.1460345723662,2026-09-15 16h06.33.476735 +0800,
93,3,9,1000,,low,None,None,1,,,,,,,,,,,0,0,0,0,9,3,93,4,169.93257489999814,,,,111982.30865212646,111982.30865099165,-0.0011348020052537322,1.7307229171027516,0.17367710145783943,None,1,,,,,pilot,001,2026-09-15_16h06.33.060,p3,,2026.2.3,60.1460345723662,2026-09-15 16h06.33.476735 +0800,
94,4,9,1500,,high,space,space,1,0.6959528000006685,0.026995499996701255,,,,,,,,,0,0,0,0,9,4,94,1,171.6674129000021,,,,111984.07910905819,111984.07910185834,-0.007199851097539067,1.7570547795811509,0.209083433178554,space,1,0.6959528000006685,0.026995499996701255,,,pilot,001,2026-09-15_16h06.33.060,p3,,2026.2.3,60.1460345723662,2026-09-15 16h06.33.476735 +0800,
95,5,9,1500,,high,space,space,1,0.9356718999915756,0.08929970000463072,,,,,,,,,0,0,0,0,9,5,95,0,173.43536430000677,,,,111985.97545649696,111985.97546104167,0.00454472319688648,1.7058556770800066,0.3375343719540358,space,1,0.9356718999915756,0.08929970000463072,,,pilot,001,2026-09-15_16h06.33.060,p3,,2026.2.3,60.1460345723662,2026-09-15 16h06.33.476735 +0800,
96,6,9,1000,,low,None,None,1,,,,,,,,,,,0,0,0,0,9,6,96,6,175.15372980000393,,,,111987.57614127538,111987.57614770834,0.006432950613088906,1.7288908226786839,0.21997745038849742,None,1,,,,,pilot,001,2026-09-15_16h06.33.060,p3,,2026.2.3,60.1460345723662,2026-09-15 16h06.33.476735 +0800,
97,7,9,1000,,low,None,None,1,,,,,,,,,,,0,0,0,0,9,7,97,3,176.88841060000414,,,,111989.43990859034,111989.439907725,-0.0008653587428852916,1.7651469677420513,0.3489395653480387,None,1,,,,,pilot,001,2026-09-15_16h06.33.060,p3,,2026.2.3,60.1460345723662,2026-09-15 16h06.33.476735 +0800,
98,8,9,1000,,low,None,None,1,,,,,,,,,,,0,0,0,0,9,8,98,7,178.65651590000198,,,,111991.0706241329,111991.07063095833,0.0068254448706284165,1.6628202718288287,0.2108618078875466,None,1,,,,,pilot,001,2026-09-15_16h06.33.060,p3,,2026.2.3,60.1460345723662,2026-09-15 16h06.33.476735 +0800,
99,9,9,1000,,low,None,None,1,,,,,,,,,,,0,0,0,0,9,9,99,8,180.32654409999668,,,,111992.95523502742,111992.95524125834,0.0062309118220582604,1.607329603397076,0.42791360242159715,None,1,,,,,pilot,001,2026-09-15_16h06.33.060,p3,,2026.2.3,60.1460345723662,2026-09-15 16h06.33.476735 +0800,
100,0,10,1000,,low,None,None,1,,,,,,,,,,,0,0,0,0,10,0,100,6,181.9431695999956,,,,111994.4986833334,111994.49867885833,-0.004475063178688288,1.5801804122769452,0.3510158084016398,None,1,,,,,pilot,001,2026-09-15_16h06.33.060,p3,,2026.2.3,60.1460345723662,2026-09-15 16h06.33.476735 +0800,
101,1,10,1000,,low,None,None,1,,,,,,,,,,,0,0,0,0,10,1,101,2,183.5273395999975,,,,111995.98708860323,111995.98709745833,0.008855087799020112,1.7247089030905944,0.2563095782330912,None,1,,,,,pilot,001,2026-09-15_16h06.33.060,p3,,2026.2.3,60.1460345723662,2026-09-15 16h06.33.476735 +0800,
102,2,10,1500,,high,space,space,1,0.8495704000088153,0.026712299993960187,,,,,,,,,0,0,0,0,10,2,102,1,185.2622085000039,,,,111997.79483807247,111997.79483144166,-0.0066307984525337815,1.7551610249387062,0.32806624745081203,space,1,0.8495704000088153,0.026712299993960187,,,pilot,001,2026-09-15_16h06.33.060,p3,,2026.2.3,60.1460345723662,2026-09-15 16h06.33.476735 +0800,
103,3,10,1000,,low,None,None,1,,,,,,,,,,,0,0,0,0,10,3,103,3,187.0307591000019,,,,111999.47859004891,111999.47859275833,0.002709421096369624,1.62212514080814,0.24535472391312935,None,1,,,,,pilot,001,2026-09-15_16h06.33.060,p3,,2026.2.3,60.1460345723662,2026-09-15 16h06.33.476735 +0800,
104,4,10,1000,,low,None,None,1,,,,,,,,,,,0,0,0,0,10,4,104,7,188.66708240000298,,,,112001.20925800074,112001.20924954166,-0.008459071977995336,1.770792967953579,0.34137827574737983,None,1,,,,,pilot,001,2026-09-15_16h06.33.060,p3,,2026.2.3,60.1460345723662,2026-09-15 16h06.33.476735 +0800,
105,5,10,1000,,low,None,None,1,,,,,,,,,,,0,0,0,0,10,5,105,5,190.44972950000374,,,,112002.83393719242,112002.83393724167,4.9243681132793427e-05,1.5052408839352622,0.18113956743645787,None,1,,,,,pilot,001,2026-09-15_16h06.33.060,p3,,2026.2.3,60.1460345723662,2026-09-15 16h06.33.476735 +0800,
106,6,10,1000,,low,None,None,1,,,,,,,,,,,0,0,0,0,10,6,106,9,191.9699341999949,,,,112004.39238432382,112004.392382625,-0.001698819687590003,1.637719070509032,0.2220146988066835,None,1,,,,,pilot,001,2026-09-15_16h06.33.060,p3,,2026.2.3,60.1460345723662,2026-09-15 16h06.33.476735 +0800,
107,7,10,1000,,low,None,None,1,,,,,,,,,,,0,0,0,0,10,7,107,8,193.61935910000466,,,,112006.22804446818,112006.22803607502,-0.008393151802010834,1.6724163041702553,0.4058627431684767,None,1,,,,,pilot,001,2026-09-15_16h06.33.060,p3,,2026.2.3,60.1460345723662,2026-09-15 16h06.33.476735 +0800,
108,8,10,1500,,high,space,space,1,0.977837600003113,0.02746090000437107,,,,,,,,,0,0,0,0,10,8,108,0,195.30400600000576,,,,112008.00651503258,112008.00651100834,-0.004024244844913483,1.7408019224822382,0.49780320758617336,space,1,0.977837600003113,0.02746090000437107,,,pilot,001,2026-09-15_16h06.33.060,p3,,2026.2.3,60.1460345723662,2026-09-15 16h06.33.476735 +0800,
109,9,10,1000,,low,None,None,1,,,,,,,,,,,0,0,0,0,10,9,109,4,197.05537729999924,,,,112009.4762419019,112009.47624664169,0.0047397916205227375,1.6970472160184171,0.21773367687800693,None,1,,,,,pilot,001,2026-09-15_16h06.33.060,p3,,2026.2.3,60.1460345723662,2026-09-15 16h06.33.476735 +0800,
110,0,11,1500,,high,space,space,1,0.7644494999985909,0.027460999990580603,,,,,,,,,0,0,0,0,11,0,110,0,198.75742860000173,,,,112011.15139547765,112011.15140300832,0.007530688890255988,1.5749998889127204,0.19118075263888207,space,1,0.7644494999985909,0.027460999990580603,,,pilot,001,2026-09-15_16h06.33.060,p3,,2026.2.3,60.1460345723662,2026-09-15 16h06.33.476735 +0800,
111,1,11,1000,,low,None,None,1,,,,,,,,,,,0,0,0,0,11,1,111,8,200.34167039999738,,,,112012.86630581078,112012.86630094168,-0.004869114491157234,1.5139105246476479,0.321387085789835,None,1,,,,,pilot,001,2026-09-15_16h06.33.060,p3,,2026.2.3,60.1460345723662,2026-09-15 16h06.33.476735 +0800,
112,2,11,1000,,low,None,None,1,,,,,,,,,,,0,0,0,0,11,2,112,5,201.85944319999544,,,,112014.53179876023,112014.53179370833,-0.00505190109834075,1.5741594217653885,0.46898793523595195,None,1,,,,,pilot,001,2026-09-15_16h06.33.060,p3,,2026.2.3,60.1460345723662,2026-09-15 16h06.33.476735 +0800,
113,3,11,1000,,low,None,None,1,,,,,,,,,,,0,0,0,0,11,3,113,7,203.44464919999882,,,,112016.14844655775,112016.14844854167,0.0019839353626593947,1.5748259547145964,0.4994296327520833,None,1,,,,,pilot,001,2026-09-15_16h06.33.060,p3,,2026.2.3,60.1460345723662,2026-09-15 16h06.33.476735 +0800,
114,4,11,1000,,low,None,None,1,,,,,,,,,,,0,0,0,0,11,4,114,3,205.02899720000278,,,,112017.44980701167,112017.449814075,0.0070633250288665295,1.705007939822814,0.21716798666823026,None,1,,,,,pilot,001,2026-09-15_16h06.33.060,p3,,2026.2.3,60.1460345723662,2026-09-15 16h06.33.476735 +0800,
115,5,11,1000,,low,None,None,1,,,,,,,,,,,0,0,0,0,11,5,115,2,206.74980540000251,,,,112019.10979806946,112019.10980784165,0.009772193152457476,1.5343320248889853,0.1594825444589435,None,1,,,,,pilot,001,2026-09-15_16h06.33.060,p3,,2026.2.3,60.1460345723662,2026-09-15 16h06.33.476735 +0800,
116,6,11,1000,,low,None,None,1,,,,,,,,,,,0,0,0,0,11,6,116,9,208.29864850000013,,,,112020.69027843006,112020.69027014167,-0.008288392564281821,1.656966613589625,0.18891220505376072,None,1,,,,,pilot,001,2026-09-15_16h06.33.060,p3,,2026.2.3,60.1460345723662,2026-09-15 16h06.33.476735 +0800,
117,7,11,1000,,low,None,None,1,,,,,,,,,,,0,0,0,0,11,7,117,4,209.96822039999824,,,,112022.37505870481,112022.37506174168,0.0030368537409231067,1.5287404850683062,0.205695979819513,None,1,,,,,pilot,001,2026-09-15_16h06.33.060,p3,,2026.2.3,60.1460345723662,2026-09-15 16h06.33.476735 +0800,
118,8,11,1500,,high,space,space,1,0.9142154000001028,0.0500192000035895,,,,,,,,,0,0,0,0,11,8,118,1,211.50109510000038,,,,112024.12566573292,112024.12567475834,0.009025432518683374,1.5033714728828356,0.42105280790734356,space,1,0.9142154000001028,0.0500192000035895,,,pilot,001,2026-09-15_16h06.33.060,p3,,2026.2.3,60.1460345723662,2026-09-15 16h06.33.476735 +0800,
119,9,11,1000,,low,None,None,1,,,,,,,,,,,0,0,0,0,11,9,119,6,213.01914760000363,,,,112025.68296583876,112025.68296537499,-0.00046376953832805157,1.5720253616107631,0.4615258137633954,None,1,,,,,pilot,001,2026-09-15_16h06.33.060,p3,,2026.2.3,60.1460345723662,2026-09-15 16h06.33.476735 +0800,
120,0,12,1000,,low,None,None,1,,,,,,,,,,,0,0,0,0,12,0,120,3,214.60398339999665,,,,112027.26723422049,112027.26723470833,0.0004878529580309987,1.5311058080553177,0.458622995485769,None,1,,,,,pilot,001,2026-09-15_16h06.33.060,p3,,2026.2.3,60.1460345723662,2026-09-15 16h06.33.476735 +0800,
121,1,12,1000,,low,None,None,1,,,,,,,,,,,0,0,0,0,12,1,121,7,216.1382961000054,,,,112028.77077884713,112028.77076940832,-0.009438794222660363,1.6734440357781784,0.4290595221210334,None,1,,,,,pilot,001,2026-09-15_16h06.33.060,p3,,2026.2.3,60.1460345723662,2026-09-15 16h06.33.476735 +0800,
122,2,12,1000,,low,None,None,1,,,,,,,,,,,0,0,0,0,12,2,122,8,217.82340819999808,,,,112030.4541056637,112030.45411372499,0.0080612808233127,1.6038008180399808,0.42597293870421593,None,1,,,,,pilot,001,2026-09-15_16h06.33.060,p3,,2026.2.3,60.1460345723662,2026-09-15 16h06.33.476735 +0800,
123,3,12,1500,,high,space,None,0,,,,,,,,,,,0,0,0,0,12,3,123,1,219.42446170000767,,,,112032.03648049067,112032.036486425,0.005934329237788916,1.529845111205633,0.4073266656841381,None,0,,,,,pilot,001,2026-09-15_16h06.33.060,p3,,2026.2.3,60.1460345723662,2026-09-15 16h06.33.476735 +0800,
124,4,12,1000,,low,None,None,1,,,,,,,,,,,0,0,0,0,12,4,124,4,220.95952390000457,,,,112033.60618338024,112033.60619002499,0.006644753739237785,1.522737888893756,0.44402215525726585,None,1,,,,,pilot,001,2026-09-15_16h06.33.060,p3,,2026.2.3,60.1460345723662,2026-09-15 16h06.33.476735 +0800,
125,5,12,1000,,low,None,None,1,,,,,,,,,,,0,0,0,0,12,5,125,9,222.49371740000788,,,,112035.17843786103,112035.178442325,0.004463974619284272,1.5748465121515245,0.4818125360128097,None,1,,,,,pilot,001,2026-09-15_16h06.33.060,p3,,2026.2.3,60.1460345723662,2026-09-15 16h06.33.476735 +0800,
126,6,12,1000,,low,None,None,1,,,,,,,,,,,0,0,0,0,12,6,126,6,224.0786328999966,,,,112036.63038416405,112036.630389525,0.005360954673960805,1.79038972636918,0.34938843904813366,None,1,,,,,pilot,001,2026-09-15_16h06.33.060,p3,,2026.2.3,60.1460345723662,2026-09-15 16h06.33.476735 +0800,
127,7,12,1500,,high,space,space,1,0.7113380000082543,0.027010699996026233,,,,,,,,,0,0,0,0,12,7,127,0,225.88024909999513,,,,112038.3150183146,112038.31501277501,-0.005539593985304236,1.728005585180675,0.23228958960969653,space,1,0.7113380000082543,0.027010699996026233,,,pilot,001,2026-09-15_16h06.33.060,p3,,2026.2.3,60.1460345723662,2026-09-15 16h06.33.476735 +0800,
128,8,12,1000,,low,None,None,1,,,,,,,,,,,0,0,0,0,12,8,128,5,227.6153059000062,,,,112040.17457249895,112040.17456650833,-0.005990616045892239,1.779085678714023,0.3563408739604904,None,1,,,,,pilot,001,2026-09-15_16h06.33.060,p3,,2026.2.3,60.1460345723662,2026-09-15 16h06.33.476735 +0800,
129,9,12,1000,,low,None,None,1,,,,,,,,,,,0,0,0,0,12,9,129,2,229.3999354999978,,,,112041.7662496533,112041.76623944167,-0.010211646440438926,1.5623927221883915,0.16419602830395963,None,1,,,,,pilot,001,2026-09-15_16h06.33.060,p3,,2026.2.3,60.1460345723662,2026-09-15 16h06.33.476735 +0800,
130,0,13,1000,,low,None,None,1,,,,,,,,,,,0,0,0,0,13,0,130,2,230.96971320000011,,,,112043.40119170569,112043.40118364169,-0.008064002031460404,1.7806596534178063,0.2303058806898844,None,1,,,,,pilot,001,2026-09-15_16h06.33.060,p3,,2026.2.3,60.1460345723662,2026-09-15 16h06.33.476735 +0800,
131,1,13,1000,,low,None,None,1,,,,,,,,,,,0,0,0,0,13,1,131,5,232.75273720000405,,,,112045.22432544897,112045.22432120834,-0.004240631824359298,1.63523358966247,0.26911762396055744,None,1,,,,,pilot,001,2026-09-15_16h06.33.060,p3,,2026.2.3,60.1460345723662,2026-09-15 16h06.33.476735 +0800,
132,2,13,1000,,low,None,None,1,,,,,,,,,,,0,0,0,0,13,2,132,3,234.38903380000556,,,,112046.81155139903,112046.81154592501,-0.005474037607200444,1.6526483914099135,0.22118557405314765,None,1,,,,,pilot,001,2026-09-15_16h06.33.060,p3,,2026.2.3,60.1460345723662,2026-09-15 16h06.33.476735 +0800,
133,3,13,1500,,high,space,space,1,0.6846101999981329,0.0714602000080049,,,,,,,,,0,0,0,0,13,3,133,0,236.05568069999572,,,,112048.46466236448,112048.46466127501,-0.0010894727893173695,1.790721491605452,0.20645783947927507,space,1,0.6846101999981329,0.0714602000080049,,,pilot,001,2026-09-15_16h06.33.060,p3,,2026.2.3,60.1460345723662,2026-09-15 16h06.33.476735 +0800,
134,4,13,1000,,low,None,None,1,,,,,,,,,,,0,0,0,0,13,4,134,4,237.85714639999787,,,,112050.42299546552,112050.42299870835,0.0032428361009806395,1.671920506450693,0.36284664051042703,None,1,,,,,pilot,001,2026-09-15_16h06.33.060,p3,,2026.2.3,60.1460345723662,2026-09-15 16h06.33.476735 +0800,
135,5,13,1000,,low,None,None,1,,,,,,,,,,,0,0,0,0,13,5,135,9,239.54154410000774,,,,112051.95032082841,112051.95031485835,-0.005970068741589785,1.5344311257914192,0.2063927034064568,None,1,,,,,pilot,001,2026-09-15_16h06.33.060,p3,,2026.2.3,60.1460345723662,2026-09-15 16h06.33.476735 +0800,
136,6,13,1000,,low,None,None,1,,,,,,,,,,,0,0,0,0,13,6,136,6,241.07687530000112,,,,112053.45890155161,112053.45890024168,-0.001309919753111899,1.776648164125899,0.179239626597762,None,1,,,,,pilot,001,2026-09-15_16h06.33.060,p3,,2026.2.3,60.1460345723662,2026-09-15 16h06.33.476735 +0800,
137,7,13,1000,,low,None,None,1,,,,,,,,,,,0,0,0,0,13,7,137,7,242.86105900000257,,,,112055.3100749194,112055.310065075,-0.009844385203905404,1.5170155349892445,0.24646809439368939,None,1,,,,,pilot,001,2026-09-15_16h06.33.060,p3,,2026.2.3,60.1460345723662,2026-09-15 16h06.33.476735 +0800,
138,8,13,1500,,high,space,space,1,0.7086763999977848,0.04937639999843668,,,,,,,,,0,0,0,0,13,8,138,1,244.37919049999618,,,,112056.82426163807,112056.824253525,-0.008113056537695229,1.6507993322941257,0.2423720130593994,space,1,0.7086763999977848,0.04937639999843668,,,pilot,001,2026-09-15_16h06.33.060,p3,,2026.2.3,60.1460345723662,2026-09-15 16h06.33.476735 +0800,
139,9,13,1000,,low,None,None,1,,,,,,,,,,,0,0,0,0,13,9,139,8,246.03042789999745,,,,112058.53431288592,112058.53431624168,0.0033557589631527662,1.5341230136973623,0.300474660941883,None,1,,,,,pilot,001,2026-09-15_16h06.33.060,p3,,2026.2.3,60.1460345723662,2026-09-15 16h06.33.476735 +0800,
140,0,14,1000,,low,None,None,1,,,,,,,,,,,0,0,0,0,14,0,140,5,247.56515280000167,,,,112059.9628139415,112059.96281100833,-0.0029331858968362212,1.7108175882314933,0.19359321650918443,None,1,,,,,pilot,001,2026-09-15_16h06.33.060,p3,,2026.2.3,60.1460345723662,2026-09-15 16h06.33.476735 +0800,
141,1,14,1500,,high,space,space,1,1.0026939000090351,0.026233999989926815,,,,,,,,,0,0,0,0,14,1,141,1,249.28351249999832,,,,112061.97760016038,112061.977606075,0.005914640496484935,1.5444989290977644,0.4894431353560441,space,1,1.0026939000090351,0.026233999989926815,,,pilot,001,2026-09-15_16h06.33.060,p3,,2026.2.3,60.1460345723662,2026-09-15 16h06.33.476735 +0800,
142,2,14,1000,,low,None,None,1,,,,,,,,,,,0,0,0,0,14,2,142,2,250.83482869999716,,,,112063.40848784946,112063.40848814166,0.0002922024577856064,1.6275136290401555,0.37061832445164744,None,1,,,,,pilot,001,2026-09-15_16h06.33.060,p3,,2026.2.3,60.1460345723662,2026-09-15 16h06.33.476735 +0800,
143,3,14,1000,,low,None,None,1,,,,,,,,,,,0,0,0,0,14,3,143,6,252.46944529999746,,,,112064.95047686569,112064.95046979166,-0.007074020686559379,1.5831609106425497,0.27792054067985494,None,1,,,,,pilot,001,2026-09-15_16h06.33.060,p3,,2026.2.3,60.1460345723662,2026-09-15 16h06.33.476735 +0800,
144,4,14,1000,,low,None,None,1,,,,,,,,,,,0,0,0,0,14,4,144,8,254.0539587999956,,,,112066.55823152448,112066.55822460834,-0.006916146958246827,1.599215485650195,0.300420199486497,None,1,,,,,pilot,001,2026-09-15_16h06.33.060,p3,,2026.2.3,60.1460345723662,2026-09-15 16h06.33.476735 +0800,
145,5,14,1000,,low,None,None,1,,,,,,,,,,,0,0,0,0,14,5,145,3,255.65623350000533,,,,112068.27927010221,112068.27927162501,0.0015227851690724492,1.6380654440699,0.42087137722848666,None,1,,,,,pilot,001,2026-09-15_16h06.33.060,p3,,2026.2.3,60.1460345723662,2026-09-15 16h06.33.476735 +0800,
146,6,14,1000,,low,None,None,1,,,,,,,,,,,0,0,0,0,14,6,146,9,257.3085829000047,,,,112069.95243068872,112069.95242514167,-0.005547059117816389,1.7293907638168746,0.4428413637255957,None,1,,,,,pilot,001,2026-09-15_16h06.33.060,p3,,2026.2.3,60.1460345723662,2026-09-15 16h06.33.476735 +0800,
147,7,14,1500,,high,space,space,1,0.8289680000016233,0.0500395999988541,,,,,,,,,0,0,0,0,14,7,147,0,259.041449700002,,,,112071.56590708345,112071.565897125,-0.009958443115465343,1.6904613011060305,0.3207913584536176,space,1,0.8289680000016233,0.0500395999988541,,,pilot,001,2026-09-15_16h06.33.060,p3,,2026.2.3,60.1460345723662,2026-09-15 16h06.33.476735 +0800,
148,8,14,1000,,low,None,None,1,,,,,,,,,,,0,0,0,0,14,8,148,4,260.7429511000082,,,,112073.18584776222,112073.18585224167,0.0044794578570872545,1.705410206573526,0.23807103721547185,None,1,,,,,pilot,001,2026-09-15_16h06.33.060,p3,,2026.2.3,60.1460345723662,2026-09-15 16h06.33.476735 +0800,
149,9,14,1000,,low,None,None,1,,,,,,,,,,,0,0,0,0,14,9,149,7,262.4615141999966,,,,112075.04730586548,112075.04731175833,0.00589285627938807,1.6030264035874364,0.38310184045258633,None,1,,,,,pilot,001,2026-09-15_16h06.33.060,p3,,2026.2.3,60.1460345723662,2026-09-15 16h06.33.476735 +0800,
150,0,15,1000,,low,None,None,1,,,,,,,,,,,0,0,0,0,15,0,150,7,264.0630189000076,,,,112076.68082845144,112076.68083380835,0.005356909241527319,1.6782283158344051,0.41374912642863293,None,1,,,,,pilot,001,2026-09-15_16h06.33.060,p3,,2026.2.3,60.1460345723662,2026-09-15 16h06.33.476735 +0800,
151,1,15,1500,,high,space,space,1,1.2997892999992473,0.07199100000434555,,,,,,,,,0,0,0,0,15,1,151,0,265.74933040000906,,,,112078.30161196183,112078.301606275,-0.005686830263584852,1.7050189377358584,0.3512351368325948,space,1,1.2997892999992473,0.07199100000434555,,,pilot,001,2026-09-15_16h06.33.060,p3,,2026.2.3,60.1460345723662,2026-09-15 16h06.33.476735 +0800,
152,2,15,1000,,low,None,None,1,,,,,,,,,,,0,0,0,0,15,2,152,2,267.4679163999972,,,,112079.90182379639,112079.90183079167,0.006995294825173914,1.6850904925921295,0.23376817138840028,None,1,,,,,pilot,001,2026-09-15_16h06.33.060,p3,,2026.2.3,60.1460345723662,2026-09-15 16h06.33.476735 +0800,
153,3,15,1000,,low,None,None,1,,,,,,,,,,,0,0,0,0,15,3,153,3,269.17019069999515,,,,112081.86299859939,112081.86332110834,0.3225089603802189,1.6607534446770889,0.4931658743865849,None,1,,,,,pilot,001,2026-09-15_16h06.33.060,p3,,2026.2.3,60.1460345723662,2026-09-15 16h06.33.476735 +0800,
154,4,15,1000,,low,None,None,1,,,,,,,,,,,0,0,0,0,15,4,154,8,270.8350769999961,,,,112083.42276633761,112083.422768525,0.0021873711375519633,1.7349322866374792,0.38462861260874004,None,1,,,,,pilot,001,2026-09-15_16h06.33.060,p3,,2026.2.3,60.1460345723662,2026-09-15 16h06.33.476735 +0800,
155,5,15,1000,,low,None,None,1,,,,,,,,,,,0,0,0,0,15,5,155,9,272.5695662000071,,,,112084.94093311788,112084.94094060833,0.007490452844649553,1.6153413374614691,0.1681818928749661,None,1,,,,,pilot,001,2026-09-15_16h06.33.060,p3,,2026.2.3,60.1460345723662,2026-09-15 16h06.33.476735 +0800,
156,6,15,1000,,low,None,None,1,,,,,,,,,,,0,0,0,0,15,6,156,6,274.1898608000047,,,,112086.81933335544,112086.81934272501,0.009369570761919022,1.5723735088976927,0.4289496304386904,None,1,,,,,pilot,001,2026-09-15_16h06.33.060,p3,,2026.2.3,60.1460345723662,2026-09-15 16h06.33.476735 +0800,
157,7,15,1000,,low,None,None,1,,,,,,,,,,,0,0,0,0,15,7,157,4,275.7726035000087,,,,112088.26355262744,112088.26355030833,-0.00231909507419914,1.5920618069814703,0.2881798024358766,None,1,,,,,pilot,001,2026-09-15_16h06.33.060,p3,,2026.2.3,60.1460345723662,2026-09-15 16h06.33.476735 +0800,
158,8,15,1000,,low,None,None,1,,,,,,,,,,,0,0,0,0,15,8,158,5,277.3738975000015,,,,112089.97828989281,112089.97829765832,0.007765527698211372,1.5472114428015569,0.4018066677906158,None,1,,,,,pilot,001,2026-09-15_16h06.33.060,p3,,2026.2.3,60.1460345723662,2026-09-15 16h06.33.476735 +0800,
159,9,15,1500,,high,space,space,1,0.5900137999997241,0.027287500008242205,,,,,,,,,0,0,0,0,15,9,159,1,278.92505069999606,,,,112091.30856605401,112091.30857389167,0.007837661541998386,1.622767306722873,0.17795372899886108,space,1,0.5900137999997241,0.027287500008242205,,,pilot,001,2026-09-15_16h06.33.060,p3,,2026.2.3,60.1460345723662,2026-09-15 16h06.33.476735 +0800,
160,0,16,1500,,high,space,space,1,0.871985699996003,0.11299899998994078,,,,,,,,,0,0,0,0,16,0,160,0,280.56000169999606,,,,112093.20611954227,112093.20611745832,-0.00208395067602396,1.6944575160164512,0.4435666172848304,space,1,0.871985699996003,0.11299899998994078,,,pilot,001,2026-09-15_16h06.33.060,p3,,2026.2.3,60.1460345723662,2026-09-15 16h06.33.476735 +0800,
161,1,16,1000,,low,None,None,1,,,,,,,,,,,0,0,0,0,16,1,161,4,282.2615555000084,,,,112094.80125121912,112094.80125777499,0.006555885192938149,1.5086155686545668,0.33721189410275054,None,1,,,,,pilot,001,2026-09-15_16h06.33.060,p3,,2026.2.3,60.1460345723662,2026-09-15 16h06.33.476735 +0800,
162,2,16,1000,,low,None,None,1,,,,,,,,,,,0,0,0,0,16,2,162,8,283.77933530000155,,,,112096.3032253529,112096.30322875833,0.003405453753657639,1.5494504005968366,0.32103672788018645,None,1,,,,,pilot,001,2026-09-15_16h06.33.060,p3,,2026.2.3,60.1460345723662,2026-09-15 16h06.33.476735 +0800,
163,3,16,1500,,high,space,None,0,,,,,,,,,,,0,0,0,0,16,3,163,1,285.33030970000254,,,,112097.98194018679,112097.98195054167,0.01035489549394697,1.7864210462586874,0.44784776177970087,None,0,,,,,pilot,001,2026-09-15_16h06.33.060,p3,,2026.2.3,60.1460345723662,2026-09-15 16h06.33.476735 +0800,
164,4,16,1000,,low,None,None,1,,,,,,,,,,,0,0,0,0,16,4,164,9,287.1319056000066,,,,112099.5585289243,112099.55852990833,0.0009840296115726233,1.5230560973262266,0.22381209930228085,None,1,,,,,pilot,001,2026-09-15_16h06.33.060,p3,,2026.2.3,60.1460345723662,2026-09-15 16h06.33.476735 +0800,
165,5,16,1000,,low,None,None,1,,,,,,,,,,,0,0,0,0,16,5,165,5,288.66965619999974,,,,112101.3499564536,112101.34995785836,0.0014047400327399373,1.5669740919699318,0.4807582286210934,None,1,,,,,pilot,001,2026-09-15_16h06.33.060,p3,,2026.2.3,60.1460345723662,2026-09-15 16h06.33.476735 +0800,
166,6,16,1000,,low,None,None,1,,,,,,,,,,,0,0,0,0,16,6,166,7,290.25152309999976,,,,112102.87804921865,112102.878053625,0.004406334483064711,1.6486425043191006,0.424086993650597,None,1,,,,,pilot,001,2026-09-15_16h06.33.060,p3,,2026.2.3,60.1460345723662,2026-09-15 16h06.33.476735 +0800,
167,7,16,1000,,low,None,None,1,,,,,,,,,,,0,0,0,0,16,7,167,2,291.90321610000683,,,,112104.46346479238,112104.46346065833,-0.004134053597226739,1.764446500820466,0.35788416737355255,None,1,,,,,pilot,001,2026-09-15_16h06.33.060,p3,,2026.2.3,60.1460345723662,2026-09-15 16h06.33.476735 +0800,
168,8,16,1000,,low,None,None,1,,,,,,,,,,,0,0,0,0,16,8,168,3,293.6710180000082,,,,112106.2558631257,112106.25587337499,0.010249292245134711,1.6085122543012291,0.382193100700999,None,1,,,,,pilot,001,2026-09-15_16h06.33.060,p3,,2026.2.3,60.1460345723662,2026-09-15 16h06.33.476735 +0800,
169,9,16,1000,,low,None,None,1,,,,,,,,,,,0,0,0,0,16,9,169,6,295.29082700000436,,,,112107.93461526095,112107.93460514167,-0.010119285434484482,1.7520002621019153,0.4428527359411971,None,1,,,,,pilot,001,2026-09-15_16h06.33.060,p3,,2026.2.3,60.1460345723662,2026-09-15 16h06.33.476735 +0800,
170,0,17,1000,,low,None,None,1,,,,,,,,,,,0,0,0,0,17,0,170,8,297.0571482999949,,,,112109.64041928103,112109.640410475,-0.008806033292785287,1.7086408239577024,0.38022025602385723,None,1,,,,,pilot,001,2026-09-15_16h06.33.060,p3,,2026.2.3,60.1460345723662,2026-09-15 16h06.33.476735 +0800,
171,1,17,1000,,low,None,None,1,,,,,,,,,,,0,0,0,0,17,1,171,2,298.7755746000039,,,,112111.29112145794,112111.29112455834,0.0031004019547253847,1.5221374207862666,0.31260363294864213,None,1,,,,,pilot,001,2026-09-15_16h06.33.060,p3,,2026.2.3,60.1460345723662,2026-09-15 16h06.33.476735 +0800,
172,2,17,1500,,high,space,space,1,0.87363390000246,0.027445899992017075,,,,,,,,,0,0,0,0,17,2,172,1,300.3097853000072,,,,112112.90401376475,112112.90402275833,0.00899356382433325,1.610650052048185,0.3909922397558361,space,1,0.87363390000246,0.027445899992017075,,,pilot,001,2026-09-15_16h06.33.060,p3,,2026.2.3,60.1460345723662,2026-09-15 16h06.33.476735 +0800,
173,3,17,1500,,high,space,space,1,0.7450070000049891,0.1350974000088172,,,,,,,,,0,0,0,0,17,3,173,0,301.9279443999985,,,,112114.33589913987,112114.335891675,-0.007464885129593313,1.6145548268321936,0.2049112148831597,space,1,0.7450070000049891,0.1350974000088172,,,pilot,001,2026-09-15_16h06.33.060,p3,,2026.2.3,60.1460345723662,2026-09-15 16h06.33.476735 +0800,
174,4,17,1000,,low,None,None,1,,,,,,,,,,,0,0,0,0,17,4,174,3,303.5459329000005,,,,112116.02646507198,112116.02646790835,0.002836357452906668,1.550605756404087,0.27559484698312675,None,1,,,,,pilot,001,2026-09-15_16h06.33.060,p3,,2026.2.3,60.1460345723662,2026-09-15 16h06.33.476735 +0800,
175,5,17,1000,,low,None,None,1,,,,,,,,,,,0,0,0,0,17,5,175,4,305.09771050000563,,,,112117.51568355772,112117.51568660836,0.0030506198527291417,1.6453635304292058,0.2149247327256742,None,1,,,,,pilot,001,2026-09-15_16h06.33.060,p3,,2026.2.3,60.1460345723662,2026-09-15 16h06.33.476735 +0800,
176,6,17,1000,,low,None,None,1,,,,,,,,,,,0,0,0,0,17,6,176,7,306.75041029999556,,,,112119.11019367684,112119.11018429167,-0.00938518496695906,1.596417827446258,0.15839195184613244,None,1,,,,,pilot,001,2026-09-15_16h06.33.060,p3,,2026.2.3,60.1460345723662,2026-09-15 16h06.33.476735 +0800,
177,7,17,1000,,low,None,None,1,,,,,,,,,,,0,0,0,0,17,7,177,9,308.3500428999978,,,,112120.83949954674,112120.83950790833,0.008361603249795735,1.6957749618624844,0.2866481217354102,None,1,,,,,pilot,001,2026-09-15_16h06.33.060,p3,,2026.2.3,60.1460345723662,2026-09-15 16h06.33.476735 +0800,
178,8,17,1000,,low,None,None,1,,,,,,,,,,,0,0,0,0,17,8,178,6,310.0515080000041,,,,112122.45051220615,112122.45050537499,-0.006831149221397936,1.5520740139522629,0.1961093811474322,None,1,,,,,pilot,001,2026-09-15_16h06.33.060,p3,,2026.2.3,60.1460345723662,2026-09-15 16h06.33.476735 +0800,
179,9,17,1000,,low,None,None,1,,,,,,,,,,,0,0,0,0,17,9,179,5,311.60326040000655,,,,112123.99708854128,112123.99708819165,-0.0003496097633615136,1.618327504884876,0.19167541627098036,None,1,,,,,pilot,001,2026-09-15_16h06.33.060,p3,,2026.2.3,60.1460345723662,2026-09-15 16h06.33.476735 +0800,
180,0,18,1000,,low,None,None,1,,,,,,,,,,,0,0,0,0,18,0,180,8,313.2209417999984,,,,112125.8925433809,112125.89254480833,0.0014274264685809612,1.6533218133057936,0.4690253559147681,None,1,,,,,pilot,001,2026-09-15_16h06.33.060,p3,,2026.2.3,60.1460345723662,2026-09-15 16h06.33.476735 +0800,
181,1,18,1500,,high,space,space,1,0.962965600003372,0.027765399994677864,,,,,,,,,0,0,0,0,18,1,181,0,314.89084380000713,,,,112127.47629828445,112127.47629764167,-0.0006428017513826489,1.6415555413845182,0.3848971594559544,space,1,0.962965600003372,0.027765399994677864,,,pilot,001,2026-09-15_16h06.33.060,p3,,2026.2.3,60.1460345723662,2026-09-15 16h06.33.476735 +0800,
182,2,18,1000,,low,None,None,1,,,,,,,,,,,0,0,0,0,18,2,182,6,316.54019090000656,,,,112129.08565603793,112129.08566614168,0.010103743989020586,1.5552024454037696,0.3417426129364737,None,1,,,,,pilot,001,2026-09-15_16h06.33.060,p3,,2026.2.3,60.1460345723662,2026-09-15 16h06.33.476735 +0800,
183,3,18,1500,,high,space,space,1,1.0285028999933274,0.050442899999325164,,,,,,,,,0,0,0,0,18,3,183,1,318.11022539999976,,,,112130.78616987963,112130.78617477498,0.004895351594313979,1.5457162805809317,0.47501735463264616,space,1,1.0285028999933274,0.050442899999325164,,,pilot,001,2026-09-15_16h06.33.060,p3,,2026.2.3,60.1460345723662,2026-09-15 16h06.33.476735 +0800,
184,4,18,1000,,low,None,None,1,,,,,,,,,,,0,0,0,0,18,4,184,4,319.66009440000926,,,,112132.3172726456,112132.31726230835,-0.01033724402077496,1.7144237252872565,0.45478372058367433,None,1,,,,,pilot,001,2026-09-15_16h06.33.060,p3,,2026.2.3,60.1460345723662,2026-09-15 16h06.33.476735 +0800,
185,5,18,1000,,low,None,None,1,,,,,,,,,,,0,0,0,0,18,5,185,3,321.3780242000066,,,,112133.88466352955,112133.88466164167,-0.0018878781702369452,1.6059818888865751,0.30332230453079506,None,1,,,,,pilot,001,2026-09-15_16h06.33.060,p3,,2026.2.3,60.1460345723662,2026-09-15 16h06.33.476735 +0800,
186,6,18,1000,,low,None,None,1,,,,,,,,,,,0,0,0,0,18,6,186,7,322.99599530000705,,,,112135.55034149854,112135.55033800832,-0.003490218659862876,1.6370015046572401,0.3512376735505952,None,1,,,,,pilot,001,2026-09-15_16h06.33.060,p3,,2026.2.3,60.1460345723662,2026-09-15 16h06.33.476735 +0800,
187,7,18,1000,,low,None,None,1,,,,,,,,,,,0,0,0,0,18,7,187,5,324.64952330000233,,,,112137.25658021466,112137.25657405835,-0.006156318704597652,1.690838923627751,0.4064788896706055,None,1,,,,,pilot,001,2026-09-15_16h06.33.060,p3,,2026.2.3,60.1460345723662,2026-09-15 16h06.33.476735 +0800,
188,8,18,1000,,low,None,None,1,,,,,,,,,,,0,0,0,0,18,8,188,2,326.350886900007,,,,112138.907956384,112138.90795372502,-0.002658998710103333,1.7815075776174767,0.3566197590131697,None,1,,,,,pilot,001,2026-09-15_16h06.33.060,p3,,2026.2.3,60.1460345723662,2026-09-15 16h06.33.476735 +0800,
189,9,18,1000,,low,None,None,1,,,,,,,,,,,0,0,0,0,18,9,189,9,328.13364400000137,,,,112140.59839165243,112140.59839684167,0.005189242074266076,1.7517934143100224,0.26248822742107797,None,1,,,,,pilot,001,2026-09-15_16h06.33.060,p3,,2026.2.3,60.1460345723662,2026-09-15 16h06.33.476735 +0800,
190,0,19,1000,,low,None,None,1,,,,,,,,,,,0,0,0,0,19,0,190,4,329.88510709999537,,,,112142.39916838761,112142.39916277502,-0.005612600944004953,1.6019285939763621,0.3089792626087011,None,1,,,,,pilot,001,2026-09-15_16h06.33.060,p3,,2026.2.3,60.1460345723662,2026-09-15 16h06.33.476735 +0800,
191,1,19,1500,,high,space,space,1,0.7035344999894733,0.02697720000287518,,,,,,,,,0,0,0,0,19,1,191,0,331.48702149999735,,,,112143.94322199718,112143.94322474167,0.00274447666015476,1.6242807025860804,0.253953472192898,space,1,0.7035344999894733,0.02697720000287518,,,pilot,001,2026-09-15_16h06.33.060,p3,,2026.2.3,60.1460345723662,2026-09-15 16h06.33.476735 +0800,
192,2,19,1000,,low,None,None,1,,,,,,,,,,,0,0,0,0,19,2,192,2,333.1215430000011,,,,112145.51588495672,112145.515889625,0.004668268957175314,1.57261464415797,0.1923523317166006,None,1,,,,,pilot,001,2026-09-15_16h06.33.060,p3,,2026.2.3,60.1460345723662,2026-09-15 16h06.33.476735 +0800,
193,3,19,1500,,high,space,space,1,0.6794697000004817,0.07259450000128709,,,,,,,,,0,0,0,0,19,3,193,1,334.70589199999813,,,,112147.11102726206,112147.11102889167,0.0016296253306791186,1.5564203611984013,0.20035073705170484,space,1,0.6794697000004817,0.07259450000128709,,,pilot,001,2026-09-15_16h06.33.060,p3,,2026.2.3,60.1460345723662,2026-09-15 16h06.33.476735 +0800,
194,4,19,1000,,low,None,None,1,,,,,,,,,,,0,0,0,0,19,4,194,6,336.27354190000915,,,,112148.68042488367,112148.68043107502,0.006191345164552331,1.7964295266000607,0.20360895866838016,None,1,,,,,pilot,001,2026-09-15_16h06.33.060,p3,,2026.2.3,60.1460345723662,2026-09-15 16h06.33.476735 +0800,
195,5,19,1000,,low,None,None,1,,,,,,,,,,,0,0,0,0,19,5,195,5,338.07542779999494,,,,112150.51173951902,112150.51173205834,-0.007460665074177086,1.5843925235612517,0.23340599400140183,None,1,,,,,pilot,001,2026-09-15_16h06.33.060,p3,,2026.2.3,60.1460345723662,2026-09-15 16h06.33.476735 +0800,
196,6,19,1000,,low,None,None,1,,,,,,,,,,,0,0,0,0,19,6,196,8,339.6600870999973,,,,112152.10721227518,112152.107207675,-0.004600180545821786,1.7620846391176344,0.24400995018852575,None,1,,,,,pilot,001,2026-09-15_16h06.33.060,p3,,2026.2.3,60.1460345723662,2026-09-15 16h06.33.476735 +0800,
197,7,19,1000,,low,None,None,1,,,,,,,,,,,0,0,0,0,19,7,197,9,341.42919360000815,,,,112153.90651547612,112153.90652215833,0.00668222492095083,1.5850779529843102,0.27551255112218953,None,1,,,,,pilot,001,2026-09-15_16h06.33.060,p3,,2026.2.3,60.1460345723662,2026-09-15 16h06.33.476735 +0800,
198,8,19,1000,,low,None,None,1,,,,,,,,,,,0,0,0,0,19,8,198,3,343.0317084999988,,,,112155.60706222983,112155.60705380834,-0.008421484380960464,1.6828314703218106,0.3746985048146968,None,1,,,,,pilot,001,2026-09-15_16h06.33.060,p3,,2026.2.3,60.1460345723662,2026-09-15 16h06.33.476735 +0800,
199,9,19,1000,,low,None,None,1,,,,,,,,,,,0,0,0,0,19,9,199,7,344.7146614000085,,,,112157.11500858437,112157.11501640835,0.007823968189768493,1.5518601882177798,0.19823175937567836,None,1,,,,,pilot,001,2026-09-15_16h06.33.060,p3,,2026.2.3,60.1460345723662,2026-09-15 16h06.33.476735 +0800,
0,0,0,1000,,low,None,None,1,,,,,,,,,,,1,0,1,0,0,0,0,6,368.55068480000773,,,,112181.03875495412,112181.03875532499,0.00037088466342538595,1.7362267422543427,0.2917299291171152,None,1,,,346.2665057999984,368.52145690000907,pilot,001,2026-09-15_16h06.33.060,p3,,2026.2.3,60.1460345723662,2026-09-15 16h06.33.476735 +0800,
1,1,0,1000,,low,None,None,1,,,,,,,,,,,1,0,1,0,0,1,1,9,370.28614270000253,,,,112182.76543161206,112182.76543147501,-0.00013703538570553064,1.5903051130811325,0.274616387051386,None,1,,,,,pilot,001,2026-09-15_16h06.33.060,p3,,2026.2.3,60.1460345723662,2026-09-15 16h06.33.476735 +0800,
2,2,0,1000,,low,None,None,1,,,,,,,,,,,1,0,1,0,0,2,2,2,371.8884590999951,,,,112184.467671366,112184.467680725,0.009359006071463227,1.7228974495537395,0.377190040998861,None,1,,,,,pilot,001,2026-09-15_16h06.33.060,p3,,2026.2.3,60.1460345723662,2026-09-15 16h06.33.476735 +0800,
3,3,0,1000,,low,None,None,1,,,,,,,,,,,1,0,1,0,0,3,3,4,373.62265849999676,,,,112186.32396403598,112186.32395899168,-0.005044304998591542,1.7377129081064346,0.49844641096872755,None,1,,,,,pilot,001,2026-09-15_16h06.33.060,p3,,2026.2.3,60.1460345723662,2026-09-15 16h06.33.476735 +0800,
4,4,0,1000,,low,None,None,1,,,,,,,,,,,1,0,1,0,0,4,4,8,375.3741375999962,,,,112187.88848459205,112187.88847655832,-0.008033734047785401,1.6780435712500446,0.31149386705760085,None,1,,,,,pilot,001,2026-09-15_16h06.33.060,p3,,2026.2.3,60.1460345723662,2026-09-15 16h06.33.476735 +0800,
5,5,0,1000,,low,None,None,1,,,,,,,,,,,1,0,1,0,0,5,5,3,377.05838550000044,,,,112189.75972807381,112189.759731925,0.0038512080209329724,1.7155198974467647,0.4983967488107841,None,1,,,,,pilot,001,2026-09-15_16h06.33.060,p3,,2026.2.3,60.1460345723662,2026-09-15 16h06.33.476735 +0800,
6,6,0,1500,,high,space,space,1,0.8455199000018183,None,,,,,,,,,1,0,1,0,0,6,6,0,378.7767862000037,,,,112191.37226090665,112191.37226492498,0.004018336767330766,1.7585590845554921,0.39282688165521557,space,1,0.8455199000018183,None,,,pilot,001,2026-09-15_16h06.33.060,p3,,2026.2.3,60.1460345723662,2026-09-15 16h06.33.476735 +0800,
7,7,0,1000,,low,None,None,1,,,,,,,,,,,1,0,1,0,0,7,7,5,380.54502109999885,,,,112192.938319595,112192.93832677501,0.0071799877332523465,1.6578858018571132,0.1881866700077663,None,1,,,,,pilot,001,2026-09-15_16h06.33.060,p3,,2026.2.3,60.1460345723662,2026-09-15 16h06.33.476735 +0800,
8,8,0,1000,,low,None,None,1,,,,,,,,,,,1,0,1,0,0,8,8,7,382.2130194000056,,,,112194.6514115062,112194.65140785833,-0.003647859557531774,1.525705654440256,0.2355013811902732,None,1,,,,,pilot,001,2026-09-15_16h06.33.060,p3,,2026.2.3,60.1460345723662,2026-09-15 16h06.33.476735 +0800,
9,9,0,1500,,high,space,space,1,1.0723581000056583,None,,,,,,,,,1,0,1,0,0,9,9,1,383.74920839999686,,,,112196.43661513345,112196.436608775,-0.006358473910950124,1.6265602879881051,0.4862484084643115,space,1,1.0723581000056583,None,,,pilot,001,2026-09-15_16h06.33.060,p3,,2026.2.3,60.1460345723662,2026-09-15 16h06.33.476735 +0800,
10,0,1,1000,,low,None,None,1,,,,,,,,,,,1,0,1,0,1,0,10,3,385.38256179999735,,,,112197.99800411859,112197.99800060832,-0.0035102711990475655,1.7436074071505807,0.41292299358911055,None,1,,,,,pilot,001,2026-09-15_16h06.33.060,p3,,2026.2.3,60.1460345723662,2026-09-15 16h06.33.476735 +0800,
11,1,1,1000,,low,None,None,1,,,,,,,,,,,1,0,1,0,1,1,11,2,387.1335786999989,,,,112199.72328165831,112199.72327682501,-0.004833316779695451,1.550360889745012,0.3868463333155301,None,1,,,,,pilot,001,2026-09-15_16h06.33.060,p3,,2026.2.3,60.1460345723662,2026-09-15 16h06.33.476735 +0800,
12,2,1,1000,,low,None,None,1,,,,,,,,,,,1,0,1,0,1,2,12,9,388.68490930000553,,,,112201.21939625047,112201.21940120833,0.004957866622135043,1.6448447443633474,0.329009125472102,None,1,,,,,pilot,001,2026-09-15_16h06.33.060,p3,,2026.2.3,60.1460345723662,2026-09-15 16h06.33.476735 +0800,
13,3,1,1000,,low,None,None,1,,,,,,,,,,,1,0,1,0,1,3,13,7,390.3362300000008,,,,112202.90278237287,112202.90279247501,0.010102143278345466,1.7402386848418003,0.36310174786823335,None,1,,,,,pilot,001,2026-09-15_16h06.33.060,p3,,2026.2.3,60.1460345723662,2026-09-15 16h06.33.476735 +0800,
14,4,1,1500,,high,space,space,1,0.793293500013533,None,,,,,,,,,1,0,1,0,1,4,14,0,392.08780910000496,,,,112204.66954679086,112204.66955105832,0.004267465556040406,1.7940216485991487,0.37770436585147205,space,1,0.793293500013533,None,,,pilot,001,2026-09-15_16h06.33.060,p3,,2026.2.3,60.1460345723662,2026-09-15 16h06.33.476735 +0800,
15,5,1,1000,,low,None,None,1,,,,,,,,,,,1,0,1,0,1,5,15,6,393.8917361000058,,,,112206.54981230263,112206.549814775,0.002472370397299528,1.6428026602972563,0.4559766776248213,None,1,,,,,pilot,001,2026-09-15_16h06.33.060,p3,,2026.2.3,60.1460345723662,2026-09-15 16h06.33.476735 +0800,
16,6,1,1500,,high,space,None,0,,,,,,,,,,,1,0,1,0,1,6,16,1,395.54093190000276,,,,112207.97103033852,112207.97103719169,0.006853166269138455,1.582152135601688,0.22715861352377645,None,0,,,,,pilot,001,2026-09-15_16h06.33.060,p3,,2026.2.3,60.1460345723662,2026-09-15 16h06.33.476735 +0800,
17,7,1,1000,,low,None,None,1,,,,,,,,,,,1,0,1,0,1,7,17,4,397.12532200000715,,,,112209.53061319824,112209.530615375,0.0021767482394352555,1.640778715366029,0.19960767325204223,None,1,,,,,pilot,001,2026-09-15_16h06.33.060,p3,,2026.2.3,60.1460345723662,2026-09-15 16h06.33.476735 +0800,
18,8,1,1000,,low,None,None,1,,,,,,,,,,,1,0,1,0,1,8,18,5,398.7772336000053,,,,112211.18617189775,112211.18617507501,0.00317725061904639,1.7950693313028683,0.2063157727548799,None,1,,,,,pilot,001,2026-09-15_16h06.33.060,p3,,2026.2.3,60.1460345723662,2026-09-15 16h06.33.476735 +0800,
19,9,1,1000,,low,None,None,1,,,,,,,,,,,1,0,1,0,1,9,19,8,400.5781898999994,,,,112213.24799125193,112213.24798094167,-0.010310264769941568,1.5968302287470588,0.4667444269341987,None,1,,,,,pilot,001,2026-09-15_16h06.33.060,p3,,2026.2.3,60.1460345723662,2026-09-15 16h06.33.476735 +0800,
20,0,2,1000,,low,None,None,1,,,,,,,,,,,1,0,1,0,2,0,20,4,402.17990190000273,,,,112214.59105064758,112214.59105002499,-0.000622574589215219,1.6757546945018031,0.2085597225629442,None,1,,,,,pilot,001,2026-09-15_16h06.33.060,p3,,2026.2.3,60.1460345723662,2026-09-15 16h06.33.476735 +0800,
21,1,2,1000,,low,None,None,1,,,,,,,,,,,1,0,1,0,2,1,21,6,403.8643996000028,,,,112216.52308235099,112216.52307942501,-0.0029259826987981796,1.5505307666813666,0.45510892599709163,None,1,,,,,pilot,001,2026-09-15_16h06.33.060,p3,,2026.2.3,60.1460345723662,2026-09-15 16h06.33.476735 +0800,
22,2,2,1000,,low,None,None,1,,,,,,,,,,,1,0,1,0,2,2,22,3,405.41568790000747,,,,112217.87798416577,112217.87797819165,-0.005974099622108042,1.7151947927863491,0.2590506407545704,None,1,,,,,pilot,001,2026-09-15_16h06.33.060,p3,,2026.2.3,60.1460345723662,2026-09-15 16h06.33.476735 +0800,
23,3,2,1000,,low,None,None,1,,,,,,,,,,,1,0,1,0,2,3,23,5,407.1337709000072,,,,112219.50727624216,112219.50728217501,0.005932844942435622,1.750400259381439,0.17031131714672867,None,1,,,,,pilot,001,2026-09-15_16h06.33.060,p3,,2026.2.3,60.1460345723662,2026-09-15 16h06.33.476735 +0800,
24,4,2,1500,,high,space,space,1,0.9121981000062078,None,,,,,,,,,1,0,1,0,2,4,24,1,408.88526140000613,,,,112221.4839788632,112221.48398300834,0.0041451421566307545,1.7737085340488192,0.39321573819389055,space,1,0.9121981000062078,None,,,pilot,001,2026-09-15_16h06.33.060,p3,,2026.2.3,60.1460345723662,2026-09-15 16h06.33.476735 +0800,
25,5,2,1000,,low,None,None,1,,,,,,,,,,,1,0,1,0,2,5,25,9,410.6721894000075,,,,112223.29424900137,112223.29423977502,-0.009226365364156663,1.6906464556596243,0.4210883763750459,None,1,,,,,pilot,001,2026-09-15_16h06.33.060,p3,,2026.2.3,60.1460345723662,2026-09-15 16h06.33.476735 +0800,
26,6,2,1000,,low,None,None,1,,,,,,,,,,,1,0,1,0,2,6,26,7,412.37204190000193,,,,112224.95342145144,112224.95341647501,-0.004976449417881668,1.6222249303254745,0.3783862264605069,None,1,,,,,pilot,001,2026-09-15_16h06.33.060,p3,,2026.2.3,60.1460345723662,2026-09-15 16h06.33.476735 +0800,
27,7,2,1000,,low,None,None,1,,,,,,,,,,,1,0,1,0,2,7,27,2,414.0067840999982,,,,112226.5513119786,112226.551311725,-0.0002536107785999775,1.7086972229759199,0.339811453606635,None,1,,,,,pilot,001,2026-09-15_16h06.33.060,p3,,2026.2.3,60.1460345723662,2026-09-15 16h06.33.476735 +0800,
28,8,2,1000,,low,None,None,1,,,,,,,,,,,1,0,1,0,2,8,28,8,415.7245966000046,,,,112228.35986842186,112228.35987639168,0.007969822036102414,1.5891190596539952,0.4319334968437549,None,1,,,,,pilot,001,2026-09-15_16h06.33.060,p3,,2026.2.3,60.1460345723662,2026-09-15 16h06.33.476735 +0800,
29,9,2,1500,,high,space,space,1,0.7290797000023304,None,,,,,,,,,1,0,1,0,2,9,29,0,417.32633930000884,,,,112229.73337114879,112229.733381025,0.009876195690594614,1.7667919174807043,0.20250612379095362,space,1,0.7290797000023304,None,,,pilot,001,2026-09-15_16h06.33.060,p3,,2026.2.3,60.1460345723662,2026-09-15 16h06.33.476735 +0800,
30,0,3,1500,,high,space,space,1,0.6764775999909034,None,,,,,,,,,1,0,1,0,3,0,30,1,419.0940469000052,,,,112231.5083294725,112231.50833950832,0.01003581564873457,1.6102120621559088,0.21161074751756384,space,1,0.6764775999909034,None,,,pilot,001,2026-09-15_16h06.33.060,p3,,2026.2.3,60.1460345723662,2026-09-15 16h06.33.476735 +0800,
31,1,3,1000,,low,None,None,1,,,,,,,,,,,1,0,1,0,3,1,31,7,420.71432490000734,,,,112233.38208024178,112233.382070725,-0.00951677793636918,1.666482003614543,0.46708911677078924,None,1,,,,,pilot,001,2026-09-15_16h06.33.060,p3,,2026.2.3,60.1460345723662,2026-09-15 16h06.33.476735 +0800,
32,2,3,1000,,low,None,None,1,,,,,,,,,,,1,0,1,0,3,2,32,5,422.3804676,,,,112234.87608618621,112234.87607754167,-0.008644521585665643,1.7079350920914722,0.2925079612008442,None,1,,,,,pilot,001,2026-09-15_16h06.33.060,p3,,2026.2.3,60.1460345723662,2026-09-15 16h06.33.476735 +0800,
33,3,3,1500,,high,space,space,1,1.0220873000071151,None,,,,,,,,,1,0,1,0,3,3,33,0,424.0987268000026,,,,112236.77050456137,112236.77050244165,-0.0021197047317400575,1.6330546280531952,0.46910713636785606,space,1,1.0220873000071151,None,,,pilot,001,2026-09-15_16h06.33.060,p3,,2026.2.3,60.1460345723662,2026-09-15 16h06.33.476735 +0800,
34,4,3,1000,,low,None,None,1,,,,,,,,,,,1,0,1,0,3,4,34,2,425.7334117999999,,,,112238.08895787862,112238.08895985835,0.0019797298591583967,1.7767738610271668,0.15238735361329223,None,1,,,,,pilot,001,2026-09-15_16h06.33.060,p3,,2026.2.3,60.1460345723662,2026-09-15 16h06.33.476735 +0800,
35,5,3,1000,,low,None,None,1,,,,,,,,,,,1,0,1,0,3,5,35,3,427.5181153000012,,,,112240.02900201012,112240.02900065834,-0.0013518001651391387,1.7264685614844177,0.308229285134086,None,1,,,,,pilot,001,2026-09-15_16h06.33.060,p3,,2026.2.3,60.1460345723662,2026-09-15 16h06.33.476735 +0800,
36,6,3,1000,,low,None,None,1,,,,,,,,,,,1,0,1,0,3,6,36,9,429.2529554000066,,,,112241.71930570167,112241.719315475,0.00977331364993006,1.6080733138115388,0.26303477668581576,None,1,,,,,pilot,001,2026-09-15_16h06.33.060,p3,,2026.2.3,60.1460345723662,2026-09-15 16h06.33.476735 +0800,
37,7,3,1000,,low,None,None,1,,,,,,,,,,,1,0,1,0,3,7,37,4,430.87190729999566,,,,112243.52183887191,112243.52184484166,0.005969763151369989,1.7830651453597597,0.44831314689603596,None,1,,,,,pilot,001,2026-09-15_16h06.33.060,p3,,2026.2.3,60.1460345723662,2026-09-15 16h06.33.476735 +0800,
38,8,3,1000,,low,None,None,1,,,,,,,,,,,1,0,1,0,3,8,38,6,432.6557341000007,,,,112245.23421518455,112245.23421230834,-0.0028762005968019366,1.5680072456433656,0.37542565954130824,None,1,,,,,pilot,001,2026-09-15_16h06.33.060,p3,,2026.2.3,60.1460345723662,2026-09-15 16h06.33.476735 +0800,
39,9,3,1000,,low,None,None,1,,,,,,,,,,,1,0,1,0,3,9,39,8,434.22355389999575,,,,112246.58114142291,112246.58114864168,0.007218754035420716,1.74964286482042,0.1540057979126278,None,1,,,,,pilot,001,2026-09-15_16h06.33.060,p3,,2026.2.3,60.1460345723662,2026-09-15 16h06.33.476735 +0800,
40,0,4,1000,,low,None,None,1,,,,,,,,,,,1,0,1,0,4,0,40,6,435.9751485000015,,,,112248.60047320416,112248.60047897499,0.005770823918282986,1.7545675636176143,0.4219945791689873,None,1,,,,,pilot,001,2026-09-15_16h06.33.060,p3,,2026.2.3,60.1460345723662,2026-09-15 16h06.33.476735 +0800,
41,1,4,1000,,low,None,None,1,,,,,,,,,,,1,0,1,0,4,1,41,3,437.7433136000036,,,,112250.21561700958,112250.21561859167,0.0015820987755432725,1.6062154960194495,0.26973268458356875,None,1,,,,,pilot,001,2026-09-15_16h06.33.060,p3,,2026.2.3,60.1460345723662,2026-09-15 16h06.33.476735 +0800,
42,2,4,1000,,low,None,None,1,,,,,,,,,,,1,0,1,0,4,2,42,2,439.3614041999972,,,,112251.77503739731,112251.77503044167,-0.006955640856176615,1.5298034228565818,0.21127977229621553,None,1,,,,,pilot,001,2026-09-15_16h06.33.060,p3,,2026.2.3,60.1460345723662,2026-09-15 16h06.33.476735 +0800,
43,3,4,1500,,high,space,space,1,0.651454000006197,None,,,,,,,,,1,0,1,0,4,3,43,0,440.89628660000744,,,,112253.28881208354,112253.28880815834,-0.0039251899579539895,1.7227202304633529,0.1900392585321162,space,1,0.651454000006197,None,,,pilot,001,2026-09-15_16h06.33.060,p3,,2026.2.3,60.1460345723662,2026-09-15 16h06.33.476735 +0800,
44,4,4,1000,,low,None,None,1,,,,,,,,,,,1,0,1,0,4,4,44,7,442.6328375000012,,,,112255.20730503328,112255.20730007501,-0.004958259523846209,1.765986962586377,0.37398940827524646,None,1,,,,,pilot,001,2026-09-15_16h06.33.060,p3,,2026.2.3,60.1460345723662,2026-09-15 16h06.33.476735 +0800,
45,5,4,1000,,low,None,None,1,,,,,,,,,,,1,0,1,0,4,5,45,8,444.3990027999971,,,,112256.93988266043,112256.93987472501,-0.007935421308502555,1.7017905334733383,0.33817983542773244,None,1,,,,,pilot,001,2026-09-15_16h06.33.060,p3,,2026.2.3,60.1460345723662,2026-09-15 16h06.33.476735 +0800,
46,6,4,1000,,low,None,None,1,,,,,,,,,,,1,0,1,0,4,6,46,5,446.10051220000605,,,,112258.51241123251,112258.51241170833,0.0004758185241371393,1.6392341473225145,0.2092105075148132,None,1,,,,,pilot,001,2026-09-15_16h06.33.060,p3,,2026.2.3,60.1460345723662,2026-09-15 16h06.33.476735 +0800,
47,7,4,1000,,low,None,None,1,,,,,,,,,,,1,0,1,0,4,7,47,9,447.7536855000071,,,,112260.3566191736,112260.35661085832,-0.008315284503623843,1.5484653604583767,0.40233004862035404,None,1,,,,,pilot,001,2026-09-15_16h06.33.060,p3,,2026.2.3,60.1460345723662,2026-09-15 16h06.33.476735 +0800,
48,8,4,1000,,low,None,None,1,,,,,,,,,,,1,0,1,0,4,8,48,4,449.30338779999875,,,,112261.67364841813,112261.67364202501,-0.006393122021108866,1.7518553269238202,0.1674100931249884,None,1,,,,,pilot,001,2026-09-15_16h06.33.060,p3,,2026.2.3,60.1460345723662,2026-09-15 16h06.33.476735 +0800,
49,9,4,1500,,high,space,space,1,0.6859934000094654,None,,,,,,,,,1,0,1,0,4,9,49,1,451.0544651999953,,,,112263.49117761708,112263.49117732502,-0.0002920714905485511,1.7119362744976336,0.23352889209286884,space,1,0.6859934000094654,None,,,pilot,001,2026-09-15_16h06.33.060,p3,,2026.2.3,60.1460345723662,2026-09-15 16h06.33.476735 +0800,
50,0,5,1000,,low,None,None,1,,,,,,,,,,,1,0,1,0,5,0,50,4,452.774342100005,,,,112265.34291589167,112265.34291399166,-0.001900014467537403,1.721187120306061,0.3673292666823911,None,1,,,,,pilot,001,2026-09-15_16h06.33.060,p3,,2026.2.3,60.1460345723662,2026-09-15 16h06.33.476735 +0800,
51,1,5,1000,,low,None,None,1,,,,,,,,,,,1,0,1,0,5,1,51,5,454.50769549999677,,,,112267.0089225552,112267.00960294166,0.6803864816902205,1.721616416500551,0.2966352301917206,None,1,,,,,pilot,001,2026-09-15_16h06.33.060,p3,,2026.2.3,60.1460345723662,2026-09-15 16h06.33.476735 +0800,
52,2,5,1000,,low,None,None,1,,,,,,,,,,,1,0,1,0,5,2,52,6,456.24236109999765,,,,112268.91371711472,112268.91371225833,-0.004856381565332413,1.579052572701243,0.4682898896955099,None,1,,,,,pilot,001,2026-09-15_16h06.33.060,p3,,2026.2.3,60.1460345723662,2026-09-15 16h06.33.476735 +0800,
53,3,5,1000,,low,None,None,1,,,,,,,,,,,1,0,1,0,5,3,53,8,457.82712240000546,,,,112270.4292220672,112270.42922764167,0.005574460374191403,1.6691827059532014,0.39760694221263404,None,1,,,,,pilot,001,2026-09-15_16h06.33.060,p3,,2026.2.3,60.1460345723662,2026-09-15 16h06.33.476735 +0800,
54,4,5,1000,,low,None,None,1,,,,,,,,,,,1,0,1,0,5,4,54,2,459.51377890000003,,,,112271.87380963683,112271.87380372503,-0.005911817424930632,1.6376949212649774,0.1594262118521744,None,1,,,,,pilot,001,2026-09-15_16h06.33.060,p3,,2026.2.3,60.1460345723662,2026-09-15 16h06.33.476735 +0800,
55,5,5,1500,,high,space,space,1,0.6801706999976886,None,,,,,,,,,1,0,1,0,5,5,55,1,461.1633468000073,,,,112273.63140038663,112273.63139034167,-0.010044968803413212,1.5680501986898092,0.26551116163214683,space,1,0.6801706999976886,None,,,pilot,001,2026-09-15_16h06.33.060,p3,,2026.2.3,60.1460345723662,2026-09-15 16h06.33.476735 +0800,
56,6,5,1000,,low,None,None,1,,,,,,,,,,,1,0,1,0,5,6,56,7,462.73324729999877,,,,112275.11132558313,112275.11132702502,0.0014418910723179579,1.5001133333096641,0.17757035812482705,None,1,,,,,pilot,001,2026-09-15_16h06.33.060,p3,,2026.2.3,60.1460345723662,2026-09-15 16h06.33.476735 +0800,
57,7,5,1000,,low,None,None,1,,,,,,,,,,,1,0,1,0,5,7,57,3,464.2494030000089,,,,112276.94860133092,112276.94860885834,0.0075274292612448335,1.591428801644333,0.4945512059025855,None,1,,,,,pilot,001,2026-09-15_16h06.33.060,p3,,2026.2.3,60.1460345723662,2026-09-15 16h06.33.476735 +0800,
58,8,5,1500,,high,space,space,1,0.920318699994823,None,,,,,,,,,1,0,1,0,5,8,58,0,465.85145820000616,,,,112278.49704280362,112278.49704784167,0.0050380476750433445,1.7529675425466476,0.4437702786269604,space,1,0.920318699994823,None,,,pilot,001,2026-09-15_16h06.33.060,p3,,2026.2.3,60.1460345723662,2026-09-15 16h06.33.476735 +0800,
59,9,5,1000,,low,None,None,1,,,,,,,,,,,1,0,1,0,5,9,59,9,467.618928099997,,,,112280.26181860981,112280.261809925,-0.008684801287017763,1.6369145657668303,0.4400198847951403,None,1,,,,,pilot,001,2026-09-15_16h06.33.060,p3,,2026.2.3,60.1460345723662,2026-09-15 16h06.33.476735 +0800,
60,0,6,1500,,high,space,space,1,0.8084921999979997,None,,,,,,,,,1,0,1,0,6,0,60,0,469.2702294000046,,,,112281.76038997446,112281.76039505834,0.0050838862080127,1.512680462825477,0.2853831494382126,space,1,0.8084921999979997,None,,,pilot,001,2026-09-15_16h06.33.060,p3,,2026.2.3,60.1460345723662,2026-09-15 16h06.33.476735 +0800,
61,1,6,1000,,low,None,None,1,,,,,,,,,,,1,0,1,0,6,1,61,2,470.78858140000375,,,,112283.31622580218,112283.31621994168,-0.005860492819920182,1.7008162384084677,0.3228395771791301,None,1,,,,,pilot,001,2026-09-15_16h06.33.060,p3,,2026.2.3,60.1460345723662,2026-09-15 16h06.33.476735 +0800,
62,2,6,1000,,low,None,None,1,,,,,,,,,,,1,0,1,0,6,2,62,8,472.4897045999969,,,,112285.04030698864,112285.04035707502,0.05008636799175292,1.6218310439894132,0.346773863644279,None,1,,,,,pilot,001,2026-09-15_16h06.33.060,p3,,2026.2.3,60.1460345723662,2026-09-15 16h06.33.476735 +0800,
63,3,6,1500,,high,space,space,1,0.6347311999998055,None,,,,,,,,,1,0,1,0,6,3,63,1,474.12460100000317,,,,112286.48946508297,112286.48946392501,-0.0011579686542972922,1.6443216668971439,0.16235655797507997,space,1,0.6347311999998055,None,,,pilot,001,2026-09-15_16h06.33.060,p3,,2026.2.3,60.1460345723662,2026-09-15 16h06.33.476735 +0800,
64,4,6,1000,,low,None,None,1,,,,,,,,,,,1,0,1,0,6,4,64,7,475.7755249000038,,,,112288.140957825,112288.140960625,0.0027999922167509794,1.7808848421476293,0.16264260001616399,None,1,,,,,pilot,001,2026-09-15_16h06.33.060,p3,,2026.2.3,60.1460345723662,2026-09-15 16h06.33.476735 +0800,
65,5,6,1000,,low,None,None,1,,,,,,,,,,,1,0,1,0,6,5,65,3,477.56042950000847,,,,112290.03072712693,112290.03072964167,0.002514731022529304,1.719922203610387,0.26764100193851803,None,1,,,,,pilot,001,2026-09-15_16h06.33.060,p3,,2026.2.3,60.1460345723662,2026-09-15 16h06.33.476735 +0800,
66,6,6,1000,,low,None,None,1,,,,,,,,,,,1,0,1,0,6,6,66,9,479.29520950000733,,,,112291.97759812867,112291.97759755835,-0.000570333213545382,1.6175680215920407,0.4789646036684,None,1,,,,,pilot,001,2026-09-15_16h06.33.060,p3,,2026.2.3,60.1460345723662,2026-09-15 16h06.33.476735 +0800,
67,7,6,1000,,low,None,None,1,,,,,,,,,,,1,0,1,0,6,7,67,5,480.91343939999933,,,,112293.30513100492,112293.30513825835,0.007253416697494686,1.6277582194094062,0.18874787992438097,None,1,,,,,pilot,001,2026-09-15_16h06.33.060,p3,,2026.2.3,60.1460345723662,2026-09-15 16h06.33.476735 +0800,
68,8,6,1000,,low,None,None,1,,,,,,,,,,,1,0,1,0,6,8,68,6,482.5481568999967,,,,112294.96625386545,112294.966258875,0.005009540473110974,1.7644818865040497,0.21502304045105164,None,1,,,,,pilot,001,2026-09-15_16h06.33.060,p3,,2026.2.3,60.1460345723662,2026-09-15 16h06.33.476735 +0800,
69,9,6,1000,,low,None,None,1,,,,,,,,,,,1,0,1,0,6,9,69,4,484.31619120000687,,,,112296.68075083868,112296.680758525,0.007686307071708143,1.6578017820507907,0.16122921368404863,None,1,,,,,pilot,001,2026-09-15_16h06.33.060,p3,,2026.2.3,60.1460345723662,2026-09-15 16h06.33.476735 +0800,
70,0,7,1000,,low,None,None,1,,,,,,,,,,,1,0,1,0,7,0,70,3,485.9844413999963,,,,112298.48331061268,112298.48330624166,-0.004371002432890236,1.6905141173834464,0.2963794876700385,None,1,,,,,pilot,001,2026-09-15_16h06.33.060,p3,,2026.2.3,60.1460345723662,2026-09-15 16h06.33.476735 +0800,
71,1,7,1500,,high,space,space,1,0.9334336000028998,None,,,,,,,,,1,0,1,0,7,1,71,1,487.68594520000624,,,,112300.32140051483,112300.32139577501,-0.004739835276268423,1.7759629181741026,0.4323321898393946,space,1,0.9334336000028998,None,,,pilot,001,2026-09-15_16h06.33.060,p3,,2026.2.3,60.1460345723662,2026-09-15 16h06.33.476735 +0800,
72,2,7,1000,,low,None,None,1,,,,,,,,,,,1,0,1,0,7,2,72,5,489.47047980000207,,,,112301.95365999313,112301.95366372503,0.0037318968679755926,1.737843832082838,0.27864186811713276,None,1,,,,,pilot,001,2026-09-15_16h06.33.060,p3,,2026.2.3,60.1460345723662,2026-09-15 16h06.33.476735 +0800,
73,3,7,1000,,low,None,None,1,,,,,,,,,,,1,0,1,0,7,3,73,2,491.2221892999951,,,,112303.73578100244,112303.735780875,-0.00012743112165480852,1.7350886242354093,0.3109885774271914,None,1,,,,,pilot,001,2026-09-15_16h06.33.060,p3,,2026.2.3,60.1460345723662,2026-09-15 16h06.33.476735 +0800,
74,4,7,1000,,low,None,None,1,,,,,,,,,,,1,0,1,0,7,4,74,6,492.9570117999974,,,,112305.58916506355,112305.58915524164,-0.009821887942962348,1.7044521866839442,0.42931393854019007,None,1,,,,,pilot,001,2026-09-15_16h06.33.060,p3,,2026.2.3,60.1460345723662,2026-09-15 16h06.33.476735 +0800,
75,5,7,1000,,low,None,None,1,,,,,,,,,,,1,0,1,0,7,5,75,9,494.67725570000766,,,,112307.34784388336,112307.34785342502,0.00954164715949446,1.604087492758027,0.4697375583708482,None,1,,,,,pilot,001,2026-09-15_16h06.33.060,p3,,2026.2.3,60.1460345723662,2026-09-15 16h06.33.476735 +0800,
76,6,7,1000,,low,None,None,1,,,,,,,,,,,1,0,1,0,7,6,76,4,496.29482850000204,,,,112308.67409899345,112308.67408910833,-0.00988513056654483,1.6730978271321988,0.17839796846176692,None,1,,,,,pilot,001,2026-09-15_16h06.33.060,p3,,2026.2.3,60.1460345723662,2026-09-15 16h06.33.476735 +0800,
77,7,7,1500,,high,space,space,1,0.6999337000015657,None,,,,,,,,,1,0,1,0,7,7,77,0,497.97827930000494,,,,112310.41870925613,112310.41870954167,0.00028553768061101437,1.771052068531456,0.23702983114912657,space,1,0.6999337000015657,None,,,pilot,001,2026-09-15_16h06.33.060,p3,,2026.2.3,60.1460345723662,2026-09-15 16h06.33.476735 +0800,
78,8,7,1000,,low,None,None,1,,,,,,,,,,,1,0,1,0,7,8,78,7,499.7626975000021,,,,112312.24352968801,112312.24352854167,-0.0011463271221145988,1.6182569817136192,0.2780057629937075,None,1,,,,,pilot,001,2026-09-15_16h06.33.060,p3,,2026.2.3,60.1460345723662,2026-09-15 16h06.33.476735 +0800,
79,9,7,1000,,low,None,None,1,,,,,,,,,,,1,0,1,0,7,9,79,8,501.38074210000923,,,,112313.83123409422,112313.83124169166,0.007597438525408506,1.7655742803086358,0.24774996923266063,None,1,,,,,pilot,001,2026-09-15_16h06.33.060,p3,,2026.2.3,60.1460345723662,2026-09-15 16h06.33.476735 +0800,
80,0,8,1000,,low,None,None,1,,,,,,,,,,,1,0,1,0,8,0,80,3,503.1489831000072,,,,112315.85055599138,112315.85055119166,-0.004799701855517924,1.6337697333584889,0.4968577663683714,None,1,,,,,pilot,001,2026-09-15_16h06.33.060,p3,,2026.2.3,60.1460345723662,2026-09-15 16h06.33.476735 +0800,
81,1,8,1000,,low,None,None,1,,,,,,,,,,,1,0,1,0,8,1,81,5,504.7842062999989,,,,112317.2221607829,112317.222167925,0.007142123649828136,1.776396213115988,0.23547075789670827,None,1,,,,,pilot,001,2026-09-15_16h06.33.060,p3,,2026.2.3,60.1460345723662,2026-09-15 16h06.33.476735 +0800,
82,2,8,1500,,high,space,space,1,0.6815372999990359,None,,,,,,,,,1,0,1,0,8,2,82,1,506.56949720000557,,,,112318.94656248638,112318.94655712499,-0.005361376679502428,1.723021112543271,0.17295646138475063,space,1,0.6815372999990359,None,,,pilot,001,2026-09-15_16h06.33.060,p3,,2026.2.3,60.1460345723662,2026-09-15 16h06.33.476735 +0800,
83,3,8,1000,,low,None,None,1,,,,,,,,,,,1,0,1,0,8,3,83,7,508.3040120000078,,,,112320.98481442776,112320.98480799166,-0.006436093826778233,1.5811127898265074,0.4784650027520917,None,1,,,,,pilot,001,2026-09-15_16h06.33.060,p3,,2026.2.3,60.1460345723662,2026-09-15 16h06.33.476735 +0800,
84,4,8,1000,,low,None,None,1,,,,,,,,,,,1,0,1,0,8,4,84,4,509.8880052000022,,,,112322.28857347684,112322.28858192501,0.008448187145404518,1.5719224724431786,0.1968767518294936,None,1,,,,,pilot,001,2026-09-15_16h06.33.060,p3,,2026.2.3,60.1460345723662,2026-09-15 16h06.33.476735 +0800,
85,5,8,1000,,low,None,None,1,,,,,,,,,,,1,0,1,0,8,5,85,9,511.4749996000028,,,,112323.93579898556,112323.93579880835,-0.00017721322365105152,1.6171826191695398,0.2604288605545961,None,1,,,,,pilot,001,2026-09-15_16h06.33.060,p3,,2026.2.3,60.1460345723662,2026-09-15 16h06.33.476735 +0800,
86,6,8,1000,,low,None,None,1,,,,,,,,,,,1,0,1,0,8,6,86,2,513.0905815000006,,,,112325.58765041453,112325.58764225832,-0.008156217518262565,1.7056537793542095,0.2931791895398579,None,1,,,,,pilot,001,2026-09-15_16h06.33.060,p3,,2026.2.3,60.1460345723662,2026-09-15 16h06.33.476735 +0800,
87,7,8,1000,,low,None,None,1,,,,,,,,,,,1,0,1,0,8,7,87,6,514.808698599998,,,,112327.29521025214,112327.29520300834,-0.007243797881528735,1.5490284888904606,0.2816472271270406,None,1,,,,,pilot,001,2026-09-15_16h06.33.060,p3,,2026.2.3,60.1460345723662,2026-09-15 16h06.33.476735 +0800,
88,8,8,1000,,low,None,None,1,,,,,,,,,,,1,0,1,0,8,8,88,8,516.3598942999961,,,,112328.99846136436,112328.99845989168,-0.0014726829249411821,1.687161198205453,0.43547813935146407,None,1,,,,,pilot,001,2026-09-15_16h06.33.060,p3,,2026.2.3,60.1460345723662,2026-09-15 16h06.33.476735 +0800,
89,9,8,1500,,high,space,space,1,0.620168300010846,None,,,,,,,,,1,0,1,0,8,9,89,0,518.0617559000093,,,,112330.44203989007,112330.44204262501,0.0027349451556801796,1.5069931891972639,0.17790676506801018,space,1,0.620168300010846,None,,,pilot,001,2026-09-15_16h06.33.060,p3,,2026.2.3,60.1460345723662,2026-09-15 16h06.33.476735 +0800,
90,0,9,1000,,low,None,None,1,,,,,,,,,,,1,0,1,0,9,0,90,3,519.5796033000079,,,,112332.05722572075,112332.05722757502,0.0018542632460594177,1.6407596836042162,0.2750861957452866,None,1,,,,,pilot,001,2026-09-15_16h06.33.060,p3,,2026.2.3,60.1460345723662,2026-09-15 16h06.33.476735 +0800,
91,1,9,1000,,low,None,None,1,,,,,,,,,,,1,0,1,0,9,1,91,8,521.2310187999974,,,,112333.65937793182,112333.65937280835,-0.005123481969349086,1.799844974610707,0.22373920682632228,None,1,,,,,pilot,001,2026-09-15_16h06.33.060,p3,,2026.2.3,60.1460345723662,2026-09-15 16h06.33.476735 +0800,
92,2,9,1000,,low,None,None,1,,,,,,,,,,,1,0,1,0,9,2,92,6,523.0346922000026,,,,112335.70274268248,112335.70273867503,-0.004007451934739947,1.5756420866148622,0.4676872574698261,None,1,,,,,pilot,001,2026-09-15_16h06.33.060,p3,,2026.2.3,60.1460345723662,2026-09-15 16h06.33.476735 +0800,
93,3,9,1500,,high,space,space,1,0.7027702999912435,None,,,,,,,,,1,0,1,0,9,3,93,0,524.6169023999973,,,,112337.03936316224,112337.03937327501,0.010112751624546945,1.7111110476019715,0.21916223724633419,space,1,0.7027702999912435,None,,,pilot,001,2026-09-15_16h06.33.060,p3,,2026.2.3,60.1460345723662,2026-09-15 16h06.33.476735 +0800,
94,4,9,1000,,low,None,None,1,,,,,,,,,,,1,0,1,0,9,4,94,7,526.3351497999975,,,,112338.86299932568,112338.86300720833,0.007882656063884497,1.7508103717744472,0.3244333006771668,None,1,,,,,pilot,001,2026-09-15_16h06.33.060,p3,,2026.2.3,60.1460345723662,2026-09-15 16h06.33.476735 +0800,
95,5,9,1000,,low,None,None,1,,,,,,,,,,,1,0,1,0,9,5,95,4,528.0866823999968,,,,112340.61086736238,112340.61086194168,-0.005420704837888479,1.6412790458016282,0.320798037376137,None,1,,,,,pilot,001,2026-09-15_16h06.33.060,p3,,2026.2.3,60.1460345723662,2026-09-15 16h06.33.476735 +0800,
96,6,9,1000,,low,None,None,1,,,,,,,,,,,1,0,1,0,9,6,96,5,529.7381070999982,,,,112342.39131563544,112342.39131477501,-0.0008604256436228752,1.600729514649107,0.4496311104237499,None,1,,,,,pilot,001,2026-09-15_16h06.33.060,p3,,2026.2.3,60.1460345723662,2026-09-15 16h06.33.476735 +0800,
97,7,9,1500,,high,space,space,1,0.8655972999986261,None,,,,,,,,,1,0,1,0,9,7,97,1,531.3397713000013,,,,112343.93286518354,112343.93286049168,-0.0046918721636757255,1.7167654115523532,0.3903352585427642,space,1,0.8655972999986261,None,,,pilot,001,2026-09-15_16h06.33.060,p3,,2026.2.3,60.1460345723662,2026-09-15 16h06.33.476735 +0800,
98,8,9,1000,,low,None,None,1,,,,,,,,,,,1,0,1,0,9,8,98,9,533.0575030000036,,,,112345.610998699,112345.61100080833,0.002109329216182232,1.715694564223024,0.35047237400021025,None,1,,,,,pilot,001,2026-09-15_16h06.33.060,p3,,2026.2.3,60.1460345723662,2026-09-15 16h06.33.476735 +0800,
99,9,9,1000,,low,None,None,1,,,,,,,,,,,1,0,1,0,9,9,99,2,534.7756989000045,,,,112347.2383474131,112347.23834794166,0.0005285546649247408,1.5806045199388972,0.2592022881151595,None,1,,,,,pilot,001,2026-09-15_16h06.33.060,p3,,2026.2.3,60.1460345723662,2026-09-15 16h06.33.476735 +0800,
100,0,10,1000,,low,None,None,1,,,,,,,,,,,1,0,1,0,10,0,100,7,536.3606161000062,,,,112349.04153981019,112349.04153589168,-0.0039185251807793975,1.6130148803950275,0.47718168519803006,None,1,,,,,pilot,001,2026-09-15_16h06.33.060,p3,,2026.2.3,60.1460345723662,2026-09-15 16h06.33.476735 +0800,
101,1,10,1000,,low,None,None,1,,,,,,,,,,,1,0,1,0,10,1,101,8,537.978394100006,,,,112350.39641532529,112350.39642009168,0.004766377969644964,1.533105511557496,0.21521970029894005,None,1,,,,,pilot,001,2026-09-15_16h06.33.060,p3,,2026.2.3,60.1460345723662,2026-09-15 16h06.33.476735 +0800,
102,2,10,1000,,low,None,None,1,,,,,,,,,,,1,0,1,0,10,2,102,3,539.5153260000079,,,,112352.17862376242,112352.17862209168,-0.0016707490431144834,1.7664880441246598,0.46277893742178255,None,1,,,,,pilot,001,2026-09-15_16h06.33.060,p3,,2026.2.3,60.1460345723662,2026-09-15 16h06.33.476735 +0800,
103,3,10,1500,,high,space,space,1,0.891537800009246,None,,,,,,,,,1,0,1,0,10,3,103,0,541.281155500008,,,,112353.8924383306,112353.89243724168,-0.0010889198165386915,1.7204453673754916,0.4081267055855867,space,1,0.891537800009246,None,,,pilot,001,2026-09-15_16h06.33.060,p3,,2026.2.3,60.1460345723662,2026-09-15 16h06.33.476735 +0800,
104,4,10,1000,,low,None,None,1,,,,,,,,,,,1,0,1,0,10,4,104,2,543.0163006000075,,,,112355.38384901948,112355.383848125,-0.0008944625733420253,1.6052091898019465,0.16484859446655656,None,1,,,,,pilot,001,2026-09-15_16h06.33.060,p3,,2026.2.3,60.1460345723662,2026-09-15 16h06.33.476735 +0800,
105,5,10,1000,,low,None,None,1,,,,,,,,,,,1,0,1,0,10,5,105,6,544.6363521000021,,,,112357.27801240265,112357.278009725,-0.0026776542654260993,1.553727135482475,0.44124737764746136,None,1,,,,,pilot,001,2026-09-15_16h06.33.060,p3,,2026.2.3,60.1460345723662,2026-09-15 16h06.33.476735 +0800,
106,6,10,1000,,low,None,None,1,,,,,,,,,,,1,0,1,0,10,6,106,5,546.202472799996,,,,112358.90433441091,112358.90434127499,0.0068640802055597305,1.7389083903665068,0.4996776859240616,None,1,,,,,pilot,001,2026-09-15_16h06.33.060,p3,,2026.2.3,60.1460345723662,2026-09-15 16h06.33.476735 +0800,
107,7,10,1000,,low,None,None,1,,,,,,,,,,,1,0,1,0,10,7,107,4,547.9558206000074,,,,112360.60445196967,112360.60445732501,0.005355337634682655,1.5826942251107576,0.44806984467099076,None,1,,,,,pilot,001,2026-09-15_16h06.33.060,p3,,2026.2.3,60.1460345723662,2026-09-15 16h06.33.476735 +0800,
108,8,10,1500,,high,space,space,1,0.9839319000020623,None,,,,,,,,,1,0,1,0,10,8,108,1,549.5382883999991,,,,112362.22772088525,112362.22772824168,0.007356415153481066,1.749768195071635,0.4861466602474498,space,1,0.9839319000020623,None,,,pilot,001,2026-09-15_16h06.33.060,p3,,2026.2.3,60.1460345723662,2026-09-15 16h06.33.476735 +0800,
109,9,10,1000,,low,None,None,1,,,,,,,,,,,1,0,1,0,10,9,109,9,551.2898449000058,,,,112363.89180429513,112363.89180640833,0.0021132000256329775,1.5055319309959125,0.3990276701361577,None,1,,,,,pilot,001,2026-09-15_16h06.33.060,p3,,2026.2.3,60.1460345723662,2026-09-15 16h06.33.476735 +0800,
110,0,11,1000,,low,None,None,1,,,,,,,,,,,1,0,1,0,11,0,110,6,552.807656200006,,,,112365.32094120712,112365.32093725834,-0.0039487931644544005,1.711335870562482,0.31002938211563913,None,1,,,,,pilot,001,2026-09-15_16h06.33.060,p3,,2026.2.3,60.1460345723662,2026-09-15 16h06.33.476735 +0800,
111,1,11,1000,,low,None,None,1,,,,,,,,,,,1,0,1,0,11,1,111,9,554.5258300999994,,,,112366.94842694842,112366.948435375,0.008426562999375165,1.6601384621805582,0.21895582342941833,None,1,,,,,pilot,001,2026-09-15_16h06.33.060,p3,,2026.2.3,60.1460345723662,2026-09-15 16h06.33.476735 +0800,
112,2,11,1000,,low,None,None,1,,,,,,,,,,,1,0,1,0,11,2,112,4,556.1961793000082,,,,112368.54719409088,112368.54720090833,0.006817455869168043,1.5514533048977335,0.1503806658903873,None,1,,,,,pilot,001,2026-09-15_16h06.33.060,p3,,2026.2.3,60.1460345723662,2026-09-15 16h06.33.476735 +0800,
113,3,11,1500,,high,space,space,1,0.7020709999924293,None,,,,,,,,,1,0,1,0,11,3,113,0,557.7620789000066,,,,112370.17594628586,112370.17595162502,0.00533917045686394,1.5971473895364299,0.2106603608623971,space,1,0.7020709999924293,None,,,pilot,001,2026-09-15_16h06.33.060,p3,,2026.2.3,60.1460345723662,2026-09-15 16h06.33.476735 +0800,
114,4,11,1000,,low,None,None,1,,,,,,,,,,,1,0,1,0,11,4,114,2,559.3635616999964,,,,112371.88403191621,112371.88402880833,-0.0031078961910679936,1.695811214905959,0.31765219122512195,None,1,,,,,pilot,001,2026-09-15_16h06.33.060,p3,,2026.2.3,60.1460345723662,2026-09-15 16h06.33.476735 +0800,
115,5,11,1000,,low,None,None,1,,,,,,,,,,,1,0,1,0,11,5,115,5,561.0648952000047,,,,112373.5780317102,112373.57802679169,-0.0049185327952727675,1.5064129196723792,0.30981518520123674,None,1,,,,,pilot,001,2026-09-15_16h06.33.060,p3,,2026.2.3,60.1460345723662,2026-09-15 16h06.33.476735 +0800,
116,6,11,1500,,high,space,space,1,0.8998105999926338,None,,,,,,,,,1,0,1,0,11,6,116,1,562.5824328000017,,,,112375.2244865892,112375.22448695835,0.00036913843359798193,1.7362667383507988,0.43844286421303424,space,1,0.8998105999926338,None,,,pilot,001,2026-09-15_16h06.33.060,p3,,2026.2.3,60.1460345723662,2026-09-15 16h06.33.476735 +0800,
117,7,11,1000,,low,None,None,1,,,,,,,,,,,1,0,1,0,11,7,117,8,564.3350503999973,,,,112377.02108881791,112377.02109760835,0.00879041908774525,1.5387706126449558,0.4841672929207058,None,1,,,,,pilot,001,2026-09-15_16h06.33.060,p3,,2026.2.3,60.1460345723662,2026-09-15 16h06.33.476735 +0800,
118,8,11,1000,,low,None,None,1,,,,,,,,,,,1,0,1,0,11,8,118,7,565.885789100008,,,,112378.32265634867,112378.32266527502,0.008926333975978196,1.5929407603675056,0.23413392367063696,None,1,,,,,pilot,001,2026-09-15_16h06.33.060,p3,,2026.2.3,60.1460345723662,2026-09-15 16h06.33.476735 +0800,
119,9,11,1000,,low,None,None,1,,,,,,,,,,,1,0,1,0,11,9,119,3,567.4868846000027,,,,112379.88923708114,112379.88924034167,0.003260516677983105,1.7030080124144693,0.19956245613819007,None,1,,,,,pilot,001,2026-09-15_16h06.33.060,p3,,2026.2.3,60.1460345723662,2026-09-15 16h06.33.476735 +0800,
120,0,12,1000,,low,None,None,1,,,,,,,,,,,1,0,1,0,12,0,120,3,569.2051197999972,,,,112381.61484755421,112381.61484995834,0.0024041219148784876,1.587319178262847,0.20701072921925742,None,1,,,,,pilot,001,2026-09-15_16h06.33.060,p3,,2026.2.3,60.1460345723662,2026-09-15 16h06.33.476735 +0800,
121,1,12,1000,,low,None,None,1,,,,,,,,,,,1,0,1,0,12,1,121,6,570.7896393999981,,,,112383.4197421392,112383.41973565833,-0.006480870069935918,1.5397013516782971,0.42536901420782425,None,1,,,,,pilot,001,2026-09-15_16h06.33.060,p3,,2026.2.3,60.1460345723662,2026-09-15 16h06.33.476735 +0800,
122,2,12,1000,,low,None,None,1,,,,,,,,,,,1,0,1,0,12,2,122,9,572.3412081999995,,,,112384.71858410005,112384.71859367497,0.009574927389621735,1.594093555158392,0.1748050750409144,None,1,,,,,pilot,001,2026-09-15_16h06.33.060,p3,,2026.2.3,60.1460345723662,2026-09-15 16h06.33.476735 +0800,
123,3,12,1000,,low,None,None,1,,,,,,,,,,,1,0,1,0,12,3,123,4,573.9427032999956,,,,112386.61085217536,112386.61085394167,0.00176629691850394,1.73707357382802,0.46599105036915967,None,1,,,,,pilot,001,2026-09-15_16h06.33.060,p3,,2026.2.3,60.1460345723662,2026-09-15 16h06.33.476735 +0800,
124,4,12,1500,,high,space,space,1,0.7694746999914059,None,,,,,,,,,1,0,1,0,12,4,124,1,575.696137699997,,,,112388.17537062088,112388.17536622498,-0.004395900759845972,1.7679343585247271,0.2788296958868251,space,1,0.7694746999914059,None,,,pilot,001,2026-09-15_16h06.33.060,p3,,2026.2.3,60.1460345723662,2026-09-15 16h06.33.476735 +0800,
125,5,12,1000,,low,None,None,1,,,,,,,,,,,1,0,1,0,12,5,125,5,577.4784721000033,,,,112390.15876587256,112390.15877387498,0.008002418326213956,1.7002210679324175,0.4771242475630634,None,1,,,,,pilot,001,2026-09-15_16h06.33.060,p3,,2026.2.3,60.1460345723662,2026-09-15 16h06.33.476735 +0800,
126,6,12,1500,,high,space,space,1,0.9756522000097902,None,,,,,,,,,1,0,1,0,12,6,126,0,579.1800327999954,,,,112391.7182030381,112391.71819764166,-0.005396432243287563,1.7288975763646293,0.33533011309856997,space,1,0.9756522000097902,None,,,pilot,001,2026-09-15_16h06.33.060,p3,,2026.2.3,60.1460345723662,2026-09-15 16h06.33.476735 +0800,
127,7,12,1000,,low,None,None,1,,,,,,,,,,,1,0,1,0,12,7,127,2,580.9170030999958,,,,112393.27763925339,112393.27764684169,0.007588299922645092,1.7732060519051862,0.1597937283775697,None,1,,,,,pilot,001,2026-09-15_16h06.33.060,p3,,2026.2.3,60.1460345723662,2026-09-15 16h06.33.476735 +0800,
128,8,12,1000,,low,None,None,1,,,,,,,,,,,1,0,1,0,12,8,128,7,582.6997333000036,,,,112395.36486724732,112395.364864275,-0.002972330548800528,1.6294179044393202,0.46219602232990187,None,1,,,,,pilot,001,2026-09-15_16h06.33.060,p3,,2026.2.3,60.1460345723662,2026-09-15 16h06.33.476735 +0800,
129,9,12,1000,,low,None,None,1,,,,,,,,,,,1,0,1,0,12,9,129,8,584.3351489000052,,,,112396.86966385748,112396.86965699165,-0.0068658264353871346,1.6505343500728906,0.33225073248394593,None,1,,,,,pilot,001,2026-09-15_16h06.33.060,p3,,2026.2.3,60.1460345723662,2026-09-15 16h06.33.476735 +0800,
130,0,13,1500,,high,space,space,1,0.8065896000043722,None,,,,,,,,,1,0,1,0,13,0,130,1,585.9862757000083,,,,112398.52334132369,112398.52334524167,0.003917986759915948,1.562078492601702,0.33368059867939115,space,1,0.8065896000043722,None,,,pilot,001,2026-09-15_16h06.33.060,p3,,2026.2.3,60.1460345723662,2026-09-15 16h06.33.476735 +0800,
131,1,13,1000,,low,None,None,1,,,,,,,,,,,1,0,1,0,13,1,131,8,587.5540200999967,,,,112399.91892890725,112399.91893379166,0.004884408554062247,1.569830897733013,0.16006088226864,None,1,,,,,pilot,001,2026-09-15_16h06.33.060,p3,,2026.2.3,60.1460345723662,2026-09-15 16h06.33.476735 +0800,
132,2,13,1000,,low,None,None,1,,,,,,,,,,,1,0,1,0,13,2,132,7,589.1390266999952,,,,112401.72513210351,112401.72513910834,0.007004826329648495,1.7908570454644108,0.38316667852636654,None,1,,,,,pilot,001,2026-09-15_16h06.33.060,p3,,2026.2.3,60.1460345723662,2026-09-15 16h06.33.476735 +0800,
133,3,13,1000,,low,None,None,1,,,,,,,,,,,1,0,1,0,13,3,133,3,590.9400065000082,,,,112403.35207573322,112403.35207344167,-0.0022915337467566133,1.792259158293859,0.20901370820551474,None,1,,,,,pilot,001,2026-09-15_16h06.33.060,p3,,2026.2.3,60.1460345723662,2026-09-15 16h06.33.476735 +0800,
134,4,13,1000,,low,None,None,1,,,,,,,,,,,1,0,1,0,13,4,134,2,592.7417513999972,,,,112405.23478613055,112405.234784575,-0.001555541530251503,1.6993387249091305,0.29062090555726927,None,1,,,,,pilot,001,2026-09-15_16h06.33.060,p3,,2026.2.3,60.1460345723662,2026-09-15 16h06.33.476735 +0800,
135,5,13,1500,,high,space,space,1,0.6757328999956371,None,,,,,,,,,1,0,1,0,13,5,135,0,594.4433119000023,,,,112406.83530757995,112406.83531252501,0.00494506093673408,1.6223155325205976,0.18973025494941556,space,1,0.6757328999956371,None,,,pilot,001,2026-09-15_16h06.33.060,p3,,2026.2.3,60.1460345723662,2026-09-15 16h06.33.476735 +0800,
136,6,13,1000,,low,None,None,1,,,,,,,,,,,1,0,1,0,13,6,136,9,596.0874504000094,,,,112408.66649663023,112408.66649595834,-0.0006718910299241543,1.7996945154061068,0.38563610522709957,None,1,,,,,pilot,001,2026-09-15_16h06.33.060,p3,,2026.2.3,60.1460345723662,2026-09-15 16h06.33.476735 +0800,
137,7,13,1000,,low,None,None,1,,,,,,,,,,,1,0,1,0,13,7,137,4,597.8980938000022,,,,112410.34921696855,112410.34921714166,0.00017310958355665207,1.782549633963756,0.24980104354666016,None,1,,,,,pilot,001,2026-09-15_16h06.33.060,p3,,2026.2.3,60.1460345723662,2026-09-15 16h06.33.476735 +0800,
138,8,13,1000,,low,None,None,1,,,,,,,,,,,1,0,1,0,13,8,138,5,599.6808342000004,,,,112412.12268287188,112412.122682975,0.00010311487130820751,1.69719987257739,0.23874064687827456,None,1,,,,,pilot,001,2026-09-15_16h06.33.060,p3,,2026.2.3,60.1460345723662,2026-09-15 16h06.33.476735 +0800,
139,9,13,1000,,low,None,None,1,,,,,,,,,,,1,0,1,0,13,9,139,6,601.3826607000083,,,,112414.06121480421,112414.06122419165,0.009387440513819456,1.6200828587198555,0.47617447921543954,None,1,,,,,pilot,001,2026-09-15_16h06.33.060,p3,,2026.2.3,60.1460345723662,2026-09-15 16h06.33.476735 +0800,
140,0,14,1000,,low,None,None,1,,,,,,,,,,,1,0,1,0,14,0,140,3,603.0189522000001,,,,112415.64793194298,112415.64793097501,-0.0009679788490757346,1.6210857447387406,0.4276557179799555,None,1,,,,,pilot,001,2026-09-15_16h06.33.060,p3,,2026.2.3,60.1460345723662,2026-09-15 16h06.33.476735 +0800,
141,1,14,1000,,low,None,None,1,,,,,,,,,,,1,0,1,0,14,1,141,8,604.6520448000083,,,,112417.28360507535,112417.28360389167,-0.0011836964404210448,1.7495184196559843,0.42936525034795514,None,1,,,,,pilot,001,2026-09-15_16h06.33.060,p3,,2026.2.3,60.1460345723662,2026-09-15 16h06.33.476735 +0800,
142,2,14,1500,,high,space,space,1,0.7540606000111438,None,,,,,,,,,1,0,1,0,14,2,142,0,606.4034717000031,,,,112418.77069972074,112418.77068950832,-0.01021241769194603,1.5210495535803967,0.16429659573868982,space,1,0.7540606000111438,None,,,pilot,001,2026-09-15_16h06.33.060,p3,,2026.2.3,60.1460345723662,2026-09-15 16h06.33.476735 +0800,
143,3,14,1000,,low,None,None,1,,,,,,,,,,,1,0,1,0,14,3,143,7,607.9400927999959,,,,112420.35809930853,112420.35810634168,0.007033129804767668,1.5217768364583746,0.2168574835441266,None,1,,,,,pilot,001,2026-09-15_16h06.33.060,p3,,2026.2.3,60.1460345723662,2026-09-15 16h06.33.476735 +0800,
144,4,14,1000,,low,None,None,1,,,,,,,,,,,1,0,1,0,14,4,144,5,609.4726495000068,,,,112421.93464523455,112421.93465250832,0.007273774826899171,1.5006476962708335,0.2592304095565019,None,1,,,,,pilot,001,2026-09-15_16h06.33.060,p3,,2026.2.3,60.1460345723662,2026-09-15 16h06.33.476735 +0800,
145,5,14,1000,,low,None,None,1,,,,,,,,,,,1,0,1,0,14,5,145,4,610.974154800002,,,,112423.35013617232,112423.35013875834,0.0025860354071483016,1.561806670037653,0.1712874473085178,None,1,,,,,pilot,001,2026-09-15_16h06.33.060,p3,,2026.2.3,60.1460345723662,2026-09-15 16h06.33.476735 +0800,
146,6,14,1000,,low,None,None,1,,,,,,,,,,,1,0,1,0,14,6,146,2,612.542016899999,,,,112424.9100806301,112424.91008169166,0.0010615622159093618,1.7546822467538716,0.16535410510638482,None,1,,,,,pilot,001,2026-09-15_16h06.33.060,p3,,2026.2.3,60.1460345723662,2026-09-15 16h06.33.476735 +0800,
147,7,14,1000,,low,None,None,1,,,,,,,,,,,1,0,1,0,14,7,147,9,614.3097923000023,,,,112426.73629284865,112426.73629764168,0.004793007974512875,1.662939332223253,0.22311672366092322,None,1,,,,,pilot,001,2026-09-15_16h06.33.060,p3,,2026.2.3,60.1460345723662,2026-09-15 16h06.33.476735 +0800,
148,8,14,1500,,high,space,space,1,0.98719909999636,None,,,,,,,,,1,0,1,0,14,8,148,1,615.9801150999992,,,,112428.66319139264,112428.66318960834,-0.0017843121895566583,1.7087029468065817,0.48264476764110587,space,1,0.98719909999636,None,,,pilot,001,2026-09-15_16h06.33.060,p3,,2026.2.3,60.1460345723662,2026-09-15 16h06.33.476735 +0800,
149,9,14,1000,,low,None,None,1,,,,,,,,,,,1,0,1,0,14,9,149,6,617.6962170000043,,,,112430.1245574865,112430.124563875,0.0063885090639814734,1.6164600527511255,0.2237159614886368,None,1,,,,,pilot,001,2026-09-15_16h06.33.060,p3,,2026.2.3,60.1460345723662,2026-09-15 16h06.33.476735 +0800,
150,0,15,1500,,high,space,space,1,0.9382617000082973,None,,,,,,,,,1,0,1,0,15,0,150,1,619.3143568999949,,,,112431.96867688475,112431.96868530833,0.00842357985675335,1.7876887514073518,0.4507931597403072,space,1,0.9382617000082973,None,,,pilot,001,2026-09-15_16h06.33.060,p3,,2026.2.3,60.1460345723662,2026-09-15 16h06.33.476735 +0800,
151,1,15,1000,,low,None,None,1,,,,,,,,,,,1,0,1,0,15,1,151,2,621.1158806000021,,,,112433.53335914531,112433.53335135832,-0.007786991773173213,1.6621247091818108,0.2129518203166914,None,1,,,,,pilot,001,2026-09-15_16h06.33.060,p3,,2026.2.3,60.1460345723662,2026-09-15 16h06.33.476735 +0800,
152,2,15,1000,,low,None,None,1,,,,,,,,,,,1,0,1,0,15,2,152,6,622.7842958999972,,,,112435.34165005077,112435.341652575,0.0025242334231734276,1.762558425307374,0.3546806257599503,None,1,,,,,pilot,001,2026-09-15_16h06.33.060,p3,,2026.2.3,60.1460345723662,2026-09-15 16h06.33.476735 +0800,
153,3,15,1000,,low,None,None,1,,,,,,,,,,,1,0,1,0,15,3,153,7,624.5521660000086,,,,112437.1100535793,112437.11005860835,0.005029040039516985,1.765206686535159,0.35521275429782806,None,1,,,,,pilot,001,2026-09-15_16h06.33.060,p3,,2026.2.3,60.1460345723662,2026-09-15 16h06.33.476735 +0800,
154,4,15,1000,,low,None,None,1,,,,,,,,,,,1,0,1,0,15,4,154,3,626.3202445000061,,,,112438.77297420875,112438.77296475833,-0.0094504066510126,1.5192001254344498,0.24893108374660758,None,1,,,,,pilot,001,2026-09-15_16h06.33.060,p3,,2026.2.3,60.1460345723662,2026-09-15 16h06.33.476735 +0800,
155,5,15,1000,,low,None,None,1,,,,,,,,,,,1,0,1,0,15,5,155,5,627.8550574999972,,,,112440.32356092494,112440.32357045833,0.009533396223559976,1.5671830110356884,0.26493579992703375,None,1,,,,,pilot,001,2026-09-15_16h06.33.060,p3,,2026.2.3,60.1460345723662,2026-09-15 16h06.33.476735 +0800,
156,6,15,1000,,low,None,None,1,,,,,,,,,,,1,0,1,0,15,6,156,8,629.4228155000019,,,,112442.06679345292,112442.06679445834,0.0010054209269583225,1.666887971162649,0.4414196279285614,None,1,,,,,pilot,001,2026-09-15_16h06.33.060,p3,,2026.2.3,60.1460345723662,2026-09-15 16h06.33.476735 +0800,
157,7,15,1500,,high,space,space,1,0.7729450000042561,None,,,,,,,,,1,0,1,0,15,7,157,0,631.0911836000014,,,,112443.6287936455,112443.62880219167,0.008546150638721883,1.6922731640481679,0.3348183205092662,space,1,0.7729450000042561,None,,,pilot,001,2026-09-15_16h06.33.060,p3,,2026.2.3,60.1460345723662,2026-09-15 16h06.33.476735 +0800,
158,8,15,1000,,low,None,None,1,,,,,,,,,,,1,0,1,0,15,8,158,9,632.7924583999993,,,,112445.15354022363,112445.15353494167,-0.00528196687810123,1.709266520098364,0.15709739863996894,None,1,,,,,pilot,001,2026-09-15_16h06.33.060,p3,,2026.2.3,60.1460345723662,2026-09-15 16h06.33.476735 +0800,
159,9,15,1000,,low,None,None,1,,,,,,,,,,,1,0,1,0,15,9,159,4,634.5108845000068,,,,112446.9629719819,112446.96296542502,-0.006556903827004135,1.5478457164219448,0.24958675691282067,None,1,,,,,pilot,001,2026-09-15_16h06.33.060,p3,,2026.2.3,60.1460345723662,2026-09-15 16h06.33.476735 +0800,
160,0,16,1000,,low,None,None,1,,,,,,,,,,,1,0,1,0,16,0,160,4,636.0616581000068,,,,112448.57728623471,112448.577276175,-0.010059709893539548,1.591608916999522,0.31309350971481253,None,1,,,,,pilot,001,2026-09-15_16h06.33.060,p3,,2026.2.3,60.1460345723662,2026-09-15 16h06.33.476735 +0800,
161,1,16,1000,,low,None,None,1,,,,,,,,,,,1,0,1,0,16,1,161,3,637.6630298000091,,,,112450.05117521127,112450.05118175832,0.006547066732309759,1.5614662506227146,0.18549838626469667,None,1,,,,,pilot,001,2026-09-15_16h06.33.060,p3,,2026.2.3,60.1460345723662,2026-09-15 16h06.33.476735 +0800,
162,2,16,1000,,low,None,None,1,,,,,,,,,,,1,0,1,0,16,2,162,5,639.2316228999989,,,,112451.80354744109,112451.80354919168,0.001750580850057304,1.7259381405524588,0.37014351609751284,None,1,,,,,pilot,001,2026-09-15_16h06.33.060,p3,,2026.2.3,60.1460345723662,2026-09-15 16h06.33.476735 +0800,
163,3,16,1000,,low,None,None,1,,,,,,,,,,,1,0,1,0,16,3,163,8,640.9657221999951,,,,112453.51999339083,112453.51999590834,0.0025174958864226937,1.5295498836010684,0.35126516584505796,None,1,,,,,pilot,001,2026-09-15_16h06.33.060,p3,,2026.2.3,60.1460345723662,2026-09-15 16h06.33.476735 +0800,
164,4,16,1500,,high,space,space,1,0.9947213999985252,None,,,,,,,,,1,0,1,0,16,4,164,0,642.5025315000094,,,,112455.20213020325,112455.20212169166,-0.008511589840054512,1.7902322808313427,0.4981548782390697,space,1,0.9947213999985252,None,,,pilot,001,2026-09-15_16h06.33.060,p3,,2026.2.3,60.1460345723662,2026-09-15 16h06.33.476735 +0800,
165,5,16,1000,,low,None,None,1,,,,,,,,,,,1,0,1,0,16,5,165,6,644.3020560000004,,,,112456.99652121108,112456.99652772502,0.006513932021334767,1.5312321712440913,0.49135638607744714,None,1,,,,,pilot,001,2026-09-15_16h06.33.060,p3,,2026.2.3,60.1460345723662,2026-09-15 16h06.33.476735 +0800,
166,6,16,1000,,low,None,None,1,,,,,,,,,,,1,0,1,0,16,6,166,2,645.8377232000057,,,,112458.40835010892,112458.40834170833,-0.00840058783069253,1.5021449457685276,0.36914868390929867,None,1,,,,,pilot,001,2026-09-15_16h06.33.060,p3,,2026.2.3,60.1460345723662,2026-09-15 16h06.33.476735 +0800,
167,7,16,1000,,low,None,None,1,,,,,,,,,,,1,0,1,0,16,7,167,9,647.3547671999986,,,,112459.75442672241,112459.75442899167,0.0022692547645419836,1.5547058028408047,0.19598199740834604,None,1,,,,,pilot,001,2026-09-15_16h06.33.060,p3,,2026.2.3,60.1460345723662,2026-09-15 16h06.33.476735 +0800,
168,8,16,1500,,high,space,space,1,0.7400376000005053,None,,,,,,,,,1,0,1,0,16,8,168,1,648.9225060000026,,,,112461.4201381086,112461.42013469167,-0.0034169352147728205,1.5709945534974958,0.29473068359249327,space,1,0.7400376000005053,None,,,pilot,001,2026-09-15_16h06.33.060,p3,,2026.2.3,60.1460345723662,2026-09-15 16h06.33.476735 +0800,
169,9,16,1000,,low,None,None,1,,,,,,,,,,,1,0,1,0,16,9,169,7,650.5077156000043,,,,112462.87366229191,112462.873669475,0.007183087291195989,1.7534974892922537,0.1635234669021513,None,1,,,,,pilot,001,2026-09-15_16h06.33.060,p3,,2026.2.3,60.1460345723662,2026-09-15 16h06.33.476735 +0800,
170,0,17,1000,,low,None,None,1,,,,,,,,,,,1,0,1,0,17,0,170,8,652.2755406000069,,,,112464.95362260845,112464.95362585832,0.0032498937798663974,1.6408160031552645,0.47409048342621807,None,1,,,,,pilot,001,2026-09-15_16h06.33.060,p3,,2026.2.3,60.1460345723662,2026-09-15 16h06.33.476735 +0800,
171,1,17,1000,,low,None,None,1,,,,,,,,,,,1,0,1,0,17,1,171,6,653.9278857000027,,,,112466.34021548164,112466.34021929168,0.0038100261008366942,1.5052029022808993,0.2100778566513458,None,1,,,,,pilot,001,2026-09-15_16h06.33.060,p3,,2026.2.3,60.1460345723662,2026-09-15 16h06.33.476735 +0800,
172,2,17,1000,,low,None,None,1,,,,,,,,,,,1,0,1,0,17,2,172,2,655.4449588999996,,,,112467.89766531027,112467.89765710832,-0.008201954187825322,1.7343712352595748,0.24996588527868563,None,1,,,,,pilot,001,2026-09-15_16h06.33.060,p3,,2026.2.3,60.1460345723662,2026-09-15 16h06.33.476735 +0800,
173,3,17,1000,,low,None,None,1,,,,,,,,,,,1,0,1,0,17,3,173,7,657.1815331999969,,,,112469.62063204625,112469.620623225,-0.008821269148029387,1.683098983420952,0.2379889212636808,None,1,,,,,pilot,001,2026-09-15_16h06.33.060,p3,,2026.2.3,60.1460345723662,2026-09-15 16h06.33.476735 +0800,
174,4,17,1000,,low,None,None,1,,,,,,,,,,,1,0,1,0,17,4,174,5,658.8644377000019,,,,112471.22085192581,112471.22085064166,-0.0012841337593272328,1.5874910891269176,0.15334260080388384,None,1,,,,,pilot,001,2026-09-15_16h06.33.060,p3,,2026.2.3,60.1460345723662,2026-09-15 16h06.33.476735 +0800,
175,5,17,1000,,low,None,None,1,,,,,,,,,,,1,0,1,0,17,5,175,4,660.4662299000047,,,,112472.96988861193,112472.96988634166,-0.0022702733986079693,1.7357273400095647,0.3009543869437613,None,1,,,,,pilot,001,2026-09-15_16h06.33.060,p3,,2026.2.3,60.1460345723662,2026-09-15 16h06.33.476735 +0800,
176,6,17,1500,,high,space,space,1,0.6970883000030881,None,,,,,,,,,1,0,1,0,17,6,176,0,662.2176181999967,,,,112474.69854079784,112474.69854337501,0.002577173290774226,1.7163542085321795,0.2762998728257704,space,1,0.6970883000030881,None,,,pilot,001,2026-09-15_16h06.33.060,p3,,2026.2.3,60.1460345723662,2026-09-15 16h06.33.476735 +0800,
177,7,17,1000,,low,None,None,1,,,,,,,,,,,1,0,1,0,17,7,177,9,663.9359173999983,,,,112476.39084846425,112476.39085217501,0.0037107529351487756,1.6930167754338659,0.2503085392535263,None,1,,,,,pilot,001,2026-09-15_16h06.33.060,p3,,2026.2.3,60.1460345723662,2026-09-15 16h06.33.476735 +0800,
178,8,17,1500,,high,space,space,1,0.9906335999985458,None,,,,,,,,,1,0,1,0,17,8,178,1,665.6373238000087,,,,112478.33858555509,112478.33858640832,0.0008532515494152904,1.764162187097377,0.49687263007064575,space,1,0.9906335999985458,None,,,pilot,001,2026-09-15_16h06.33.060,p3,,2026.2.3,60.1460345723662,2026-09-15 16h06.33.476735 +0800,
179,9,17,1000,,low,None,None,1,,,,,,,,,,,1,0,1,0,17,9,179,3,667.405484700008,,,,112480.04279659307,112480.04279865834,0.0020652805687859654,1.650409439513723,0.43455026806973807,None,1,,,,,pilot,001,2026-09-15_16h06.33.060,p3,,2026.2.3,60.1460345723662,2026-09-15 16h06.33.476735 +0800,
180,0,18,1500,,high,space,space,1,0.9912014000001363,None,,,,,,,,,1,0,1,0,18,0,180,0,669.0568394000002,,,,112481.69338317402,112481.69337725834,-0.005915688234381378,1.5593350394492829,0.43168494902717536,space,1,0.9912014000001363,None,,,pilot,001,2026-09-15_16h06.33.060,p3,,2026.2.3,60.1460345723662,2026-09-15 16h06.33.476735 +0800,
181,1,18,1000,,low,None,None,1,,,,,,,,,,,1,0,1,0,18,1,181,5,670.6247262999968,,,,112482.9790433317,112482.979036125,-0.007206675945781171,1.5731321151754376,0.15119950668839702,None,1,,,,,pilot,001,2026-09-15_16h06.33.060,p3,,2026.2.3,60.1460345723662,2026-09-15 16h06.33.476735 +0800,
182,2,18,1000,,low,None,None,1,,,,,,,,,,,1,0,1,0,18,2,182,3,672.2093451999972,,,,112484.90108414556,112484.90108855834,0.004412780981510878,1.7529645713209572,0.48824252055261996,None,1,,,,,pilot,001,2026-09-15_16h06.33.060,p3,,2026.2.3,60.1460345723662,2026-09-15 16h06.33.476735 +0800,
183,3,18,1000,,low,None,None,1,,,,,,,,,,,1,0,1,0,18,3,183,9,673.9775334000005,,,,112486.44113801117,112486.44113215833,-0.005852823960594833,1.6116453182480917,0.25892478616742354,None,1,,,,,pilot,001,2026-09-15_16h06.33.060,p3,,2026.2.3,60.1460345723662,2026-09-15 16h06.33.476735 +0800,
184,4,18,1000,,low,None,None,1,,,,,,,,,,,1,0,1,0,18,4,184,2,675.5956548999966,,,,112488.11290187901,112488.11290522502,0.0033460091799497604,1.5819057015547118,0.3150857539980379,None,1,,,,,pilot,001,2026-09-15_16h06.33.060,p3,,2026.2.3,60.1460345723662,2026-09-15 16h06.33.476735 +0800,
185,5,18,1000,,low,None,None,1,,,,,,,,,,,1,0,1,0,18,5,185,4,677.1818430999992,,,,112489.65648015321,112489.65648110834,0.0009551295079290867,1.6487808654360667,0.2732952282003323,None,1,,,,,pilot,001,2026-09-15_16h06.33.060,p3,,2026.2.3,60.1460345723662,2026-09-15 16h06.33.476735 +0800,
186,6,18,1000,,low,None,None,1,,,,,,,,,,,1,0,1,0,18,6,186,6,678.8318102000048,,,,112491.29867227343,112491.29866640834,-0.005865091225132346,1.6929972824915789,0.2642357484314507,None,1,,,,,pilot,001,2026-09-15_16h06.33.060,p3,,2026.2.3,60.1460345723662,2026-09-15 16h06.33.476735 +0800,
187,7,18,1500,,high,space,space,1,0.8551606000110041,None,,,,,,,,,1,0,1,0,18,7,187,1,680.533110400007,,,,112493.16424176298,112493.16423259166,-0.009171300916932523,1.784936772096274,0.42850543797934537,space,1,0.8551606000110041,None,,,pilot,001,2026-09-15_16h06.33.060,p3,,2026.2.3,60.1460345723662,2026-09-15 16h06.33.476735 +0800,
188,8,18,1000,,low,None,None,1,,,,,,,,,,,1,0,1,0,18,8,188,8,682.3180246999982,,,,112494.91999312234,112494.91999244169,-0.0006806658348068595,1.691436965042466,0.3982682973465529,None,1,,,,,pilot,001,2026-09-15_16h06.33.060,p3,,2026.2.3,60.1460345723662,2026-09-15 16h06.33.476735 +0800,
189,9,18,1000,,low,None,None,1,,,,,,,,,,,1,0,1,0,18,9,189,7,684.0191533000034,,,,112496.57895634475,112496.57894785833,-0.008486429578624666,1.7094192972990692,0.3546629197589841,None,1,,,,,pilot,001,2026-09-15_16h06.33.060,p3,,2026.2.3,60.1460345723662,2026-09-15 16h06.33.476735 +0800,
190,0,19,1000,,low,None,None,1,,,,,,,,,,,1,0,1,0,19,0,190,6,685.737287099997,,,,112498.17465926908,112498.174660925,0.0016559206414967775,1.7414708327589195,0.2313320440677223,None,1,,,,,pilot,001,2026-09-15_16h06.33.060,p3,,2026.2.3,60.1460345723662,2026-09-15 16h06.33.476735 +0800,
191,1,19,1000,,low,None,None,1,,,,,,,,,,,1,0,1,0,19,1,191,9,687.4888077000069,,,,112499.99794448985,112499.99795362502,0.009135168511420488,1.573160678008214,0.3061758648329954,None,1,,,,,pilot,001,2026-09-15_16h06.33.060,p3,,2026.2.3,60.1460345723662,2026-09-15 16h06.33.476735 +0800,
192,2,19,1000,,low,None,None,1,,,,,,,,,,,1,0,1,0,19,2,192,4,689.0737818000052,,,,112501.718357712,112501.71835715833,-0.0005536858225241303,1.6170453930270818,0.44205688700760803,None,1,,,,,pilot,001,2026-09-15_16h06.33.060,p3,,2026.2.3,60.1460345723662,2026-09-15 16h06.33.476735 +0800,
193,3,19,1000,,low,None,None,1,,,,,,,,,,,1,0,1,0,19,3,193,3,690.6919469999993,,,,112503.33795243595,112503.33795509167,0.0026557245291769505,1.6008569972670668,0.44351931093770247,None,1,,,,,pilot,001,2026-09-15_16h06.33.060,p3,,2026.2.3,60.1460345723662,2026-09-15 16h06.33.476735 +0800,
194,4,19,1500,,high,space,space,1,0.8412653999985196,None,,,,,,,,,1,0,1,0,19,4,194,1,692.2931064000004,,,,112504.89635138246,112504.89634170834,-0.009674098691903055,1.7735959049866228,0.4004199574444509,space,1,0.8412653999985196,None,,,pilot,001,2026-09-15_16h06.33.060,p3,,2026.2.3,60.1460345723662,2026-09-15 16h06.33.476735 +0800,
195,5,19,1000,,low,None,None,1,,,,,,,,,,,1,0,1,0,19,5,195,7,694.077738299995,,,,112506.52175930279,112506.52175319169,-0.0061111204558983445,1.7834813312360238,0.23887837780543975,None,1,,,,,pilot,001,2026-09-15_16h06.33.060,p3,,2026.2.3,60.1460345723662,2026-09-15 16h06.33.476735 +0800,
196,6,19,1000,,low,None,None,1,,,,,,,,,,,1,0,1,0,19,6,196,8,695.865429700003,,,,112508.27045607497,112508.27046164166,0.0055666896514594555,1.5571345573536142,0.20474884998340556,None,1,,,,,pilot,001,2026-09-15_16h06.33.060,p3,,2026.2.3,60.1460345723662,2026-09-15 16h06.33.476735 +0800,
197,7,19,1500,,high,space,space,1,0.7666597000061302,None,,,,,,,,,1,0,1,0,19,7,197,0,697.4309555000073,,,,112509.94122614307,112509.94122010833,-0.006034737452864647,1.550244488568421,0.30793531807727514,space,1,0.7666597000061302,None,,,pilot,001,2026-09-15_16h06.33.060,p3,,2026.2.3,60.1460345723662,2026-09-15 16h06.33.476735 +0800,
198,8,19,1000,,low,None,None,1,,,,,,,,,,,1,0,1,0,19,8,198,5,698.983936699995,,,,112511.34349211137,112511.34350165835,0.00954698771238327,1.7359705611481588,0.15826118635876874,None,1,,,,,pilot,001,2026-09-15_16h06.33.060,p3,,2026.2.3,60.1460345723662,2026-09-15 16h06.33.476735 +0800,
199,9,19,1000,,low,None,None,1,,,,,,,,,,,1,0,1,0,19,9,199,2,700.7335949999979,,,,112513.23205230696,112513.232042725,-0.009581970516592264,1.760434953785364,0.29575448195935444,None,1,,,,,pilot,001,2026-09-15_16h06.33.060,p3,,2026.2.3,60.1460345723662,2026-09-15 16h06.33.476735 +0800,
,,,,,,,,,,,,,,,,,,,,,,,,,,,,,,,,,,,,,,,,702.4994302999985,,,,,,,,,,
