thisN,thisTrialN,thisRepN,freq,tone,stim,correct,choice_resp.keys,choice_resp.corr,choice_resp.rt,choice_resp.duration,eyes.thisRepN,eyes.thisTrialN,eyes.thisN,eyes.thisIndex,trials.thisRepN,trials.thisTrialN,trials.thisN,trials.thisIndex,blocks.thisRepN,blocks.thisTrialN,blocks.thisN,blocks.thisIndex,choice.thisRepN,choice.thisTrialN,choice.thisN,choice.thisIndex,thisRow.t,notes,piloting,text_blank.started,audio_target_lsl,audio_actual_lsl,audio_schedule_error_ms,isi,soa,choice.choice_resp.keys,choice.choice_resp.corr,choice.choice_resp.rt,choice.choice_resp.duration,Break.started,Break.stopped,participant,session,date,expName,expVersion,psychopyVersion,frameRate,expStart,
,,,,,,,,,,,,,,,,,,,,,,,,,,,,,True,,,,,,,,,,,,,pilot,001,2026-09-16_14h28.25.135,p3,,2026.2.3,59.90703626112904,2026-09-16 14h28.25.526750 +0800,
0,0,0,1500,High,,,,,,,3,0,3,0,0,0,0,0,,,,,,,,,217.0601781999867,,,217.0601781999867,192544.52794115,192544.5506317167,22.6905666931998,,,,,,,,,pilot,001,2026-09-16_14h28.25.135,p3,,2026.2.3,59.90703626112904,2026-09-16 14h28.25.526750 +0800,
1,1,0,1000,Low,,,,,,,,,,,0,1,1,1,,,,,,,,,218.04514450000715,,,218.04514450000715,192545.51789955003,192545.5406714167,22.77186667197384,,,,,,,,,pilot,001,2026-09-16_14h28.25.135,p3,,2026.2.3,59.90703626112904,2026-09-16 14h28.25.526750 +0800,
2,0,1,1500,High,,,,,,,,,,,1,0,2,0,,,,,,,,,219.04556850000517,,,219.04556850000517,192546.51717775,192546.54069455003,23.516800021752715,,,,,,,,,pilot,001,2026-09-16_14h28.25.135,p3,,2026.2.3,59.90703626112904,2026-09-16 14h28.25.526750 +0800,
3,1,1,1000,Low,,,,,,,,,,,1,1,3,1,,,,,,,,,220.04630459999316,,,220.04630459999316,192547.51742625,192547.54072638336,23.30013335449621,,,,,,,,,pilot,001,2026-09-16_14h28.25.135,p3,,2026.2.3,59.90703626112904,2026-09-16 14h28.25.526750 +0800,
4,0,2,1500,High,,,,,,,,,,,2,0,4,0,,,,,,,,,221.04802200000267,,,221.04802200000267,192548.51900855,192548.5407378167,21.729266678448766,,,,,,,,,pilot,001,2026-09-16_14h28.25.135,p3,,2026.2.3,59.90703626112904,2026-09-16 14h28.25.526750 +0800,
5,1,2,1000,Low,,,,,,,,,,,2,1,5,1,,,,,,,,,222.0481129999971,,,222.0481129999971,192549.51864685002,192549.54079365003,22.1468000090681,,,,,,,,,pilot,001,2026-09-16_14h28.25.135,p3,,2026.2.3,59.90703626112904,2026-09-16 14h28.25.526750 +0800,
6,0,3,1500,High,,,,,,,,,,,3,0,6,0,,,,,,,,,223.04909960000077,,,223.04909960000077,192550.51998135002,192550.54079398338,20.81263336003758,,,,,,,,,pilot,001,2026-09-16_14h28.25.135,p3,,2026.2.3,59.90703626112904,2026-09-16 14h28.25.526750 +0800,
7,1,3,1000,Low,,,,,,,,,,,3,1,7,1,,,,,,,,,224.050064799987,,,224.050064799987,192551.52042975003,192551.54082151668,20.391766651300713,,,,,,,,,pilot,001,2026-09-16_14h28.25.135,p3,,2026.2.3,59.90703626112904,2026-09-16 14h28.25.526750 +0800,
8,0,4,1500,High,,,,,,,,,,,4,0,8,0,,,,,,,,,225.05146749998676,,,225.05146749998676,192552.52213685002,192552.54085245,18.71559998835437,,,,,,,,,pilot,001,2026-09-16_14h28.25.135,p3,,2026.2.3,59.90703626112904,2026-09-16 14h28.25.526750 +0800,
9,1,4,1000,Low,,,,,,,,,,,4,1,9,1,,,,,,,,,226.05177439999534,,,226.05177439999534,192553.52203535003,192553.54085988336,18.824533326551318,,,,,,,,,pilot,001,2026-09-16_14h28.25.135,p3,,2026.2.3,59.90703626112904,2026-09-16 14h28.25.526750 +0800,
0,0,0,1000,,low,None,None,1,,,,,,,,,,,0,0,0,0,0,0,0,2,240.88049660000252,,,,192568.8008614001,192568.80085628337,-0.005116715328767896,1.7182785742494544,0.45784125006496434,None,1,,,,,pilot,001,2026-09-16_14h28.25.135,p3,,2026.2.3,59.90703626112904,2026-09-16 14h28.25.526750 +0800,
1,1,0,1000,,low,None,None,1,,,,,,,,,,,0,0,0,0,0,1,1,9,242.59909879998304,,,,192570.29321307933,192570.2932198167,0.006737362127751112,1.7192671829993302,0.2249385293115259,None,1,,,,,pilot,001,2026-09-16_14h28.25.135,p3,,2026.2.3,59.90703626112904,2026-09-16 14h28.25.526750 +0800,
2,2,0,1000,,low,None,None,1,,,,,,,,,,,0,0,0,0,0,2,2,4,244.33424289998948,,,,192572.20271318514,192572.20271758336,0.004398229066282511,1.7442673127014554,0.39978693514109054,None,1,,,,,pilot,001,2026-09-16_14h28.25.135,p3,,2026.2.3,59.90703626112904,2026-09-16 14h28.25.526750 +0800,
3,3,0,1000,,low,None,None,1,,,,,,,,,,,0,0,0,0,0,3,3,8,246.08542180000222,,,,192573.90551363747,192573.90551608338,0.002445915015414357,1.5924249001392805,0.35071078743554623,None,1,,,,,pilot,001,2026-09-16_14h28.25.135,p3,,2026.2.3,59.90703626112904,2026-09-16 14h28.25.526750 +0800,
4,4,0,1000,,low,None,None,1,,,,,,,,,,,0,0,0,0,0,4,4,3,247.68692010000814,,,,192575.4089071882,192575.40890228338,-0.004904810339212418,1.579307878496955,0.25326453816480643,None,1,,,,,pilot,001,2026-09-16_14h28.25.135,p3,,2026.2.3,59.90703626112904,2026-09-16 14h28.25.526750 +0800,
5,5,0,1500,,high,space,space,1,0.6880241000035312,0.049655400012852624,,,,,,,,,0,0,0,0,0,5,5,1,249.2714013000077,,,,192577.0579221579,192577.05791488336,-0.007274531526491046,1.7696818822293892,0.3176563078853789,space,1,0.6880241000035312,0.049655400012852624,,,pilot,001,2026-09-16_14h28.25.135,p3,,2026.2.3,59.90703626112904,2026-09-16 14h28.25.526750 +0800,
6,6,0,1500,,high,space,space,1,0.6622593999782111,0.11249270002008416,,,,,,,,,0,0,0,0,0,6,6,0,251.05643999998574,,,,192578.89061936666,192578.89061058336,-0.008783303201198578,1.7698525474734523,0.36523351663727444,space,1,0.6622593999782111,0.11249270002008416,,,pilot,001,2026-09-16_14h28.25.135,p3,,2026.2.3,59.90703626112904,2026-09-16 14h28.25.526750 +0800,
7,7,0,1000,,low,None,None,1,,,,,,,,,,,0,0,0,0,0,7,7,5,252.84086589998333,,,,192580.7038002574,192580.70379835003,-0.0019073777366429567,1.5351144001205381,0.3930838074124857,None,1,,,,,pilot,001,2026-09-16_14h28.25.135,p3,,2026.2.3,59.90703626112904,2026-09-16 14h28.25.526750 +0800,
8,8,0,1000,,low,None,None,1,,,,,,,,,,,0,0,0,0,0,8,8,7,254.37587899999926,,,,192582.1748406705,192582.1748480167,0.007346214260905981,1.7805889160389685,0.3297635204753927,None,1,,,,,pilot,001,2026-09-16_14h28.25.135,p3,,2026.2.3,59.90703626112904,2026-09-16 14h28.25.526750 +0800,
9,9,0,1000,,low,None,None,1,,,,,,,,,,,0,0,0,0,0,9,9,6,256.1615698999958,,,,192583.97169843866,192583.97170385005,0.0054113916121423244,1.7257611485080475,0.3418087886440923,None,1,,,,,pilot,001,2026-09-16_14h28.25.135,p3,,2026.2.3,59.90703626112904,2026-09-16 14h28.25.526750 +0800,
10,0,1,1000,,low,None,None,1,,,,,,,,,,,0,0,0,0,1,0,10,8,257.8955336000072,,,,192585.76397928124,192585.76398241668,0.003135442966595292,1.5624328535841356,0.3994912312258465,None,1,,,,,pilot,001,2026-09-16_14h28.25.135,p3,,2026.2.3,59.90703626112904,2026-09-16 14h28.25.526750 +0800,
11,1,1,1500,,high,space,space,1,0.553335300006438,0.04963819999829866,,,,,,,,,0,0,0,0,1,1,11,0,259.46374740000465,,,,192587.14586342635,192587.1458581167,-0.005309644620865583,1.6640913020470285,0.21342667635293697,space,1,0.553335300006438,0.04963819999829866,,,pilot,001,2026-09-16_14h28.25.135,p3,,2026.2.3,59.90703626112904,2026-09-16 14h28.25.526750 +0800,
12,2,1,1000,,low,None,None,1,,,,,,,,,,,0,0,0,0,1,2,12,3,261.131496099988,,,,192588.92871207278,192588.92872221672,0.010143936378881335,1.6241967521714418,0.3271135227666955,None,1,,,,,pilot,001,2026-09-16_14h28.25.135,p3,,2026.2.3,59.90703626112904,2026-09-16 14h28.25.526750 +0800,
13,3,1,1000,,low,None,None,1,,,,,,,,,,,0,0,0,0,1,3,13,2,262.76611329999287,,,,192590.7155823191,192590.71558141668,-0.000902422470971942,1.6471077516324888,0.4806021690812007,None,1,,,,,pilot,001,2026-09-16_14h28.25.135,p3,,2026.2.3,59.90703626112904,2026-09-16 14h28.25.526750 +0800,
14,4,1,1500,,high,space,space,1,0.7068905000051018,0.027825199998915195,,,,,,,,,0,0,0,0,1,4,14,1,264.41745660000015,,,,192592.17691739177,192592.17691781672,0.0004249450284987688,1.7146751389972645,0.28992954174923935,space,1,0.7068905000051018,0.027825199998915195,,,pilot,001,2026-09-16_14h28.25.135,p3,,2026.2.3,59.90703626112904,2026-09-16 14h28.25.526750 +0800,
15,5,1,1000,,low,None,None,1,,,,,,,,,,,0,0,0,0,1,5,15,4,266.1355651000049,,,,192593.8887154747,192593.88871735006,0.0018753635231405497,1.5733108892114873,0.2834897246801379,None,1,,,,,pilot,001,2026-09-16_14h28.25.135,p3,,2026.2.3,59.90703626112904,2026-09-16 14h28.25.526750 +0800,
16,6,1,1000,,low,None,None,1,,,,,,,,,,,0,0,0,0,1,6,16,6,267.7205460999976,,,,192595.45564843176,192595.45563818337,-0.010248390026390553,1.5939937934487967,0.26568538173361167,None,1,,,,,pilot,001,2026-09-16_14h28.25.135,p3,,2026.2.3,59.90703626112904,2026-09-16 14h28.25.526750 +0800,
17,7,1,1000,,low,None,None,1,,,,,,,,,,,0,0,0,0,1,7,17,5,269.32190409998293,,,,192597.07869925513,192597.07870338336,0.004128232831135392,1.571735738203138,0.288191605086219,None,1,,,,,pilot,001,2026-09-16_14h28.25.135,p3,,2026.2.3,59.90703626112904,2026-09-16 14h28.25.526750 +0800,
18,8,1,1000,,low,None,None,1,,,,,,,,,,,0,0,0,0,1,8,18,9,270.90603179999744,,,,192598.75472867637,192598.75472698337,-0.0016929989214986563,1.577664184186909,0.37936632636045264,None,1,,,,,pilot,001,2026-09-16_14h28.25.135,p3,,2026.2.3,59.90703626112904,2026-09-16 14h28.25.526750 +0800,
19,9,1,1000,,low,None,None,1,,,,,,,,,,,0,0,0,0,1,9,19,7,272.4910583999881,,,,192600.22275318298,192600.22275275004,-0.0004329485818743706,1.605877191256783,0.26283183296121354,None,1,,,,,pilot,001,2026-09-16_14h28.25.135,p3,,2026.2.3,59.90703626112904,2026-09-16 14h28.25.526750 +0800,
20,0,2,1500,,high,space,space,1,0.578571699996246,0.027769200009061024,,,,,,,,,0,0,0,0,2,0,20,1,274.10906339998473,,,,192601.8494945308,192601.8494858167,-0.008714094292372465,1.620266037713133,0.2714321807820417,space,1,0.578571699996246,0.027769200009061024,,,pilot,001,2026-09-16_14h28.25.135,p3,,2026.2.3,59.90703626112904,2026-09-16 14h28.25.526750 +0800,
21,1,2,1000,,low,None,None,1,,,,,,,,,,,0,0,0,0,2,1,21,4,275.7441481999995,,,,192603.40587437732,192603.40588058336,0.0062060425989329815,1.508144539907072,0.1927643272998032,None,1,,,,,pilot,001,2026-09-16_14h28.25.135,p3,,2026.2.3,59.90703626112904,2026-09-16 14h28.25.526750 +0800,
22,2,2,1000,,low,None,None,1,,,,,,,,,,,0,0,0,0,2,2,22,3,277.26223560000653,,,,192604.95173117355,192604.95172565003,-0.005523528670892119,1.7559290273449342,0.22036102352001768,None,1,,,,,pilot,001,2026-09-16_14h28.25.135,p3,,2026.2.3,59.90703626112904,2026-09-16 14h28.25.526750 +0800,
23,3,2,1500,,high,space,space,1,0.8153587999986485,0.08976570001686923,,,,,,,,,0,0,0,0,2,3,23,0,279.03002740000375,,,,192606.96409842666,192606.96409855003,0.00012337113730609417,1.5991583853407763,0.46298897666532257,space,1,0.8153587999986485,0.08976570001686923,,,pilot,001,2026-09-16_14h28.25.135,p3,,2026.2.3,59.90703626112904,2026-09-16 14h28.25.526750 +0800,
24,4,2,1000,,low,None,None,1,,,,,,,,,,,0,0,0,0,2,4,24,7,280.63112079998245,,,,192608.44553375884,192608.4455312834,-0.002475455403327942,1.6857690802832819,0.34471160882667284,None,1,,,,,pilot,001,2026-09-16_14h28.25.135,p3,,2026.2.3,59.90703626112904,2026-09-16 14h28.25.526750 +0800,
25,5,2,1000,,low,None,None,1,,,,,,,,,,,0,0,0,0,2,5,25,5,282.3162075,,,,192610.16052884184,192610.1605311167,0.002274871803820133,1.5389781381260694,0.37551679182591935,None,1,,,,,pilot,001,2026-09-16_14h28.25.135,p3,,2026.2.3,59.90703626112904,2026-09-16 14h28.25.526750 +0800,
26,6,2,1000,,low,None,None,1,,,,,,,,,,,0,0,0,0,2,6,26,8,283.86726729999646,,,,192611.65837672472,192611.6583681167,-0.00860801083035767,1.7073693890173083,0.32148607471793766,None,1,,,,,pilot,001,2026-09-16_14h28.25.135,p3,,2026.2.3,59.90703626112904,2026-09-16 14h28.25.526750 +0800,
27,7,2,1000,,low,None,None,1,,,,,,,,,,,0,0,0,0,2,7,27,9,285.585527999996,,,,192613.5120196105,192613.51201205002,-0.007560476660728455,1.548158440445407,0.4578920604864014,None,1,,,,,pilot,001,2026-09-16_14h28.25.135,p3,,2026.2.3,59.90703626112904,2026-09-16 14h28.25.526750 +0800,
28,8,2,1000,,low,None,None,1,,,,,,,,,,,0,0,0,0,2,8,28,6,287.136834200006,,,,192614.86871699494,192614.8687167167,-0.0002782326191663742,1.7980157441910678,0.2625378449191424,None,1,,,,,pilot,001,2026-09-16_14h28.25.135,p3,,2026.2.3,59.90703626112904,2026-09-16 14h28.25.526750 +0800,
29,9,2,1000,,low,None,None,1,,,,,,,,,,,0,0,0,0,2,9,29,2,288.938273799984,,,,192616.81772904325,192616.8177376167,0.008573435479775071,1.6582635807200785,0.40980799323416495,None,1,,,,,pilot,001,2026-09-16_14h28.25.135,p3,,2026.2.3,59.90703626112904,2026-09-16 14h28.25.526750 +0800,
30,0,3,1000,,low,None,None,1,,,,,,,,,,,0,0,0,0,3,0,30,7,290.6066104999918,,,,192618.29793572635,192618.29793075,-0.004976347554475069,1.7476127379862452,0.22207177633324715,None,1,,,,,pilot,001,2026-09-16_14h28.25.135,p3,,2026.2.3,59.90703626112904,2026-09-16 14h28.25.526750 +0800,
31,1,3,1000,,low,None,None,1,,,,,,,,,,,0,0,0,0,3,1,31,3,292.3577016000054,,,,192620.1638520335,192620.16384255004,-0.00948345405049622,1.5619646652351595,0.3368013834725368,None,1,,,,,pilot,001,2026-09-16_14h28.25.135,p3,,2026.2.3,59.90703626112904,2026-09-16 14h28.25.526750 +0800,
32,2,3,1000,,low,None,None,1,,,,,,,,,,,0,0,0,0,3,2,32,5,293.926344699983,,,,192621.64228580115,192621.64228028335,-0.005517795216292143,1.7083915079017404,0.24712705110284655,None,1,,,,,pilot,001,2026-09-16_14h28.25.135,p3,,2026.2.3,59.90703626112904,2026-09-16 14h28.25.526750 +0800,
33,3,3,1000,,low,None,None,1,,,,,,,,,,,0,0,0,0,3,3,33,8,295.64401240000734,,,,192623.43541246653,192623.4354225167,0.01005016383714974,1.7065482603517084,0.3221535164965801,None,1,,,,,pilot,001,2026-09-16_14h28.25.135,p3,,2026.2.3,59.90703626112904,2026-09-16 14h28.25.526750 +0800,
34,4,3,1500,,high,space,space,1,0.6361899999901652,0.05067259998759255,,,,,,,,,0,0,0,0,3,4,34,0,297.36217509998824,,,,192625.0136359361,192625.01364108338,0.005147274350747466,1.6360263075697388,0.18229258607086413,space,1,0.6361899999901652,0.05067259998759255,,,pilot,001,2026-09-16_14h28.25.135,p3,,2026.2.3,59.90703626112904,2026-09-16 14h28.25.526750 +0800,
35,5,3,1000,,low,None,None,1,,,,,,,,,,,0,0,0,0,3,5,35,9,299.01342719999957,,,,192626.74766324577,192626.7476676167,0.0043709296733140945,1.6468252735992035,0.26459529572985097,None,1,,,,,pilot,001,2026-09-16_14h28.25.135,p3,,2026.2.3,59.90703626112904,2026-09-16 14h28.25.526750 +0800,
36,6,3,1500,,high,space,space,1,0.8437637999886647,0.04962599999271333,,,,,,,,,0,0,0,0,3,6,36,1,300.66556039999705,,,,192628.57080700895,192628.5707990167,-0.007992231985554099,1.6440537924113363,0.4364728589215119,space,1,0.8437637999886647,0.04962599999271333,,,pilot,001,2026-09-16_14h28.25.135,p3,,2026.2.3,59.90703626112904,2026-09-16 14h28.25.526750 +0800,
37,7,3,1000,,low,None,None,1,,,,,,,,,,,0,0,0,0,3,7,37,4,302.31626249998226,,,,192630.10419116548,192630.10419658336,0.005417881766334176,1.6367508365025776,0.31860811544323997,None,1,,,,,pilot,001,2026-09-16_14h28.25.135,p3,,2026.2.3,59.90703626112904,2026-09-16 14h28.25.526750 +0800,
38,8,3,1000,,low,None,None,1,,,,,,,,,,,0,0,0,0,3,8,38,2,303.96823009999935,,,,192631.89529583114,192631.89530565002,0.009818875696510077,1.5773798437341942,0.45836998111458815,None,1,,,,,pilot,001,2026-09-16_14h28.25.135,p3,,2026.2.3,59.90703626112904,2026-09-16 14h28.25.526750 +0800,
39,9,3,1000,,low,None,None,1,,,,,,,,,,,0,0,0,0,3,9,39,6,305.5530986000085,,,,192633.20473247799,192633.2047234167,-0.009061273885890841,1.6886604876990545,0.1828164279689728,None,1,,,,,pilot,001,2026-09-16_14h28.25.135,p3,,2026.2.3,59.90703626112904,2026-09-16 14h28.25.526750 +0800,
40,0,4,1000,,low,None,None,1,,,,,,,,,,,0,0,0,0,4,0,40,8,307.2535753999837,,,,192634.96932301827,192634.96931538335,-0.007634924259036779,1.698524140463161,0.24624606823159306,None,1,,,,,pilot,001,2026-09-16_14h28.25.135,p3,,2026.2.3,59.90703626112904,2026-09-16 14h28.25.526750 +0800,
41,1,4,1000,,low,None,None,1,,,,,,,,,,,0,0,0,0,4,1,41,9,308.9556250000023,,,,192636.73272638748,192636.73272725003,0.0008625502232462168,1.6419374322879454,0.308247137467049,None,1,,,,,pilot,001,2026-09-16_14h28.25.135,p3,,2026.2.3,59.90703626112904,2026-09-16 14h28.25.526750 +0800,
42,2,4,1000,,low,None,None,1,,,,,,,,,,,0,0,0,0,4,2,42,7,310.60681450000266,,,,192638.25645931115,192638.2564577167,-0.001594453351572156,1.5148267646359117,0.1808951611129267,None,1,,,,,pilot,001,2026-09-16_14h28.25.135,p3,,2026.2.3,59.90703626112904,2026-09-16 14h28.25.526750 +0800,
43,3,4,1500,,high,space,space,1,0.8147176000056788,0.050502600002801046,,,,,,,,,0,0,0,0,4,3,43,1,312.12491889999365,,,,192640.0282305272,192640.0282240167,-0.006510497769340873,1.5030354368911387,0.43428537717779614,space,1,0.8147176000056788,0.050502600002801046,,,pilot,001,2026-09-16_14h28.25.135,p3,,2026.2.3,59.90703626112904,2026-09-16 14h28.25.526750 +0800,
44,4,4,1000,,low,None,None,1,,,,,,,,,,,0,0,0,0,4,4,44,6,313.6259887999913,,,,192641.46745928575,192641.46746825002,0.008964270818978548,1.6061340645843014,0.37088763573486755,None,1,,,,,pilot,001,2026-09-16_14h28.25.135,p3,,2026.2.3,59.90703626112904,2026-09-16 14h28.25.526750 +0800,
45,5,4,1000,,low,None,None,1,,,,,,,,,,,0,0,0,0,4,5,45,5,315.24402720000944,,,,192643.1758990005,192643.17590205005,0.003049557562917471,1.714030392374433,0.46282625046068593,None,1,,,,,pilot,001,2026-09-16_14h28.25.135,p3,,2026.2.3,59.90703626112904,2026-09-16 14h28.25.526750 +0800,
46,6,4,1000,,low,None,None,1,,,,,,,,,,,0,0,0,0,4,6,46,2,316.96236060000956,,,,192644.74128857435,192644.7412874167,-0.0011576630640774965,1.5867139992310242,0.31028722431935174,None,1,,,,,pilot,001,2026-09-16_14h28.25.135,p3,,2026.2.3,59.90703626112904,2026-09-16 14h28.25.526750 +0800,
47,7,4,1000,,low,None,None,1,,,,,,,,,,,0,0,0,0,4,7,47,3,318.563693300006,,,,192646.3983137224,192646.39831495003,0.0012276286724954844,1.6279104524471006,0.36467097237029183,None,1,,,,,pilot,001,2026-09-16_14h28.25.135,p3,,2026.2.3,59.90703626112904,2026-09-16 14h28.25.526750 +0800,
48,8,4,1500,,high,space,space,1,0.639468500012299,0.027389399998355657,,,,,,,,,0,0,0,0,4,8,48,0,320.19842790000257,,,,192647.89175835592,192647.8917499167,-0.008439237717539072,1.6390308954283062,0.2238551059096304,space,1,0.639468500012299,0.027389399998355657,,,pilot,001,2026-09-16_14h28.25.135,p3,,2026.2.3,59.90703626112904,2026-09-16 14h28.25.526750 +0800,
49,9,4,1000,,low,None,None,1,,,,,,,,,,,0,0,0,0,4,9,49,4,321.84990889998153,,,,192649.70901295324,192649.70901138338,-0.001569860614836216,1.588204813014946,0.3906724032207679,None,1,,,,,pilot,001,2026-09-16_14h28.25.135,p3,,2026.2.3,59.90703626112904,2026-09-16 14h28.25.526750 +0800,
50,0,5,1000,,low,None,None,1,,,,,,,,,,,0,0,0,0,5,0,50,5,323.4510721999977,,,,192651.1172130736,192651.11720471666,-0.008356932085007429,1.5439737016188206,0.19685322356979748,None,1,,,,,pilot,001,2026-09-16_14h28.25.135,p3,,2026.2.3,59.90703626112904,2026-09-16 14h28.25.526750 +0800,
51,1,5,1000,,low,None,None,1,,,,,,,,,,,0,0,0,0,5,1,51,6,325.00277059999644,,,,192652.9046696667,192652.9046759167,0.006250018486753106,1.7255896344711208,0.43333581665972287,None,1,,,,,pilot,001,2026-09-16_14h28.25.135,p3,,2026.2.3,59.90703626112904,2026-09-16 14h28.25.526750 +0800,
52,2,5,1000,,low,None,None,1,,,,,,,,,,,0,0,0,0,5,2,52,9,326.73718850000296,,,,192654.47130793167,192654.47130285006,-0.005081616109237075,1.5356745957450297,0.26494118164449726,None,1,,,,,pilot,001,2026-09-16_14h28.25.135,p3,,2026.2.3,59.90703626112904,2026-09-16 14h28.25.526750 +0800,
53,3,5,1000,,low,None,None,1,,,,,,,,,,,0,0,0,0,5,3,53,3,328.28841789998114,,,,192656.21923042735,192656.21922905004,-0.0013773096725344658,1.7068330216181076,0.46208037733037755,None,1,,,,,pilot,001,2026-09-16_14h28.25.135,p3,,2026.2.3,59.90703626112904,2026-09-16 14h28.25.526750 +0800,
54,4,5,1500,,high,space,None,0,,,,,,,,,,,0,0,0,0,5,4,54,1,330.0066278000013,,,,192657.7029503176,192657.70295965005,0.009332463378086686,1.6573028748430192,0.22779916755581364,None,0,,,,,pilot,001,2026-09-16_14h28.25.135,p3,,2026.2.3,59.90703626112904,2026-09-16 14h28.25.526750 +0800,
55,5,5,1000,,low,None,None,1,,,,,,,,,,,0,0,0,0,5,5,55,8,331.67481579998275,,,,192659.42458943345,192659.42457905004,-0.01038340269587934,1.5266891715209576,0.2812294834162403,None,1,,,,,pilot,001,2026-09-16_14h28.25.135,p3,,2026.2.3,59.90703626112904,2026-09-16 14h28.25.526750 +0800,
56,6,5,1000,,low,None,None,1,,,,,,,,,,,0,0,0,0,5,6,56,2,333.20920179999666,,,,192660.86360424283,192660.86361115,0.006907182978466153,1.6311004461797933,0.18476899278364423,None,1,,,,,pilot,001,2026-09-16_14h28.25.135,p3,,2026.2.3,59.90703626112904,2026-09-16 14h28.25.526750 +0800,
57,7,5,1000,,low,None,None,1,,,,,,,,,,,0,0,0,0,5,7,57,7,334.84467379999114,,,,192662.46462746745,192662.4646281167,0.0006492482498288155,1.7264892000778842,0.1509408174189534,None,1,,,,,pilot,001,2026-09-16_14h28.25.135,p3,,2026.2.3,59.90703626112904,2026-09-16 14h28.25.526750 +0800,
58,8,5,1500,,high,space,space,1,0.7969780999992508,0.04958900000201538,,,,,,,,,0,0,0,0,5,8,58,0,336.57926279999083,,,,192664.50593256505,192664.50593758337,0.005018315277993679,1.5065652285059619,0.45718691503218756,space,1,0.7969780999992508,0.04958900000201538,,,pilot,001,2026-09-16_14h28.25.135,p3,,2026.2.3,59.90703626112904,2026-09-16 14h28.25.526750 +0800,
59,9,5,1000,,low,None,None,1,,,,,,,,,,,0,0,0,0,5,9,59,4,338.09721989999525,,,,192665.86090052783,192665.86090581672,0.005288893589749932,1.6306377153409117,0.29368987782119527,None,1,,,,,pilot,001,2026-09-16_14h28.25.135,p3,,2026.2.3,59.90703626112904,2026-09-16 14h28.25.526750 +0800,
60,0,6,1000,,low,None,None,1,,,,,,,,,,,0,0,0,0,6,0,60,2,339.7314478000044,,,,192667.36644555203,192667.36644308336,-0.002468674210831523,1.7337161981926204,0.16547160201354857,None,1,,,,,pilot,001,2026-09-16_14h28.25.135,p3,,2026.2.3,59.90703626112904,2026-09-16 14h28.25.526750 +0800,
61,1,6,1500,,high,space,space,1,0.6797240000159945,0.04972109998925589,,,,,,,,,0,0,0,0,6,1,61,1,341.46667080000043,,,,192669.32083444306,192669.32082595004,-0.008493021596223116,1.5919801306199548,0.38485799306129187,space,1,0.6797240000159945,0.04972109998925589,,,pilot,001,2026-09-16_14h28.25.135,p3,,2026.2.3,59.90703626112904,2026-09-16 14h28.25.526750 +0800,
62,2,6,1000,,low,None,None,1,,,,,,,,,,,0,0,0,0,6,2,62,7,343.06794529999024,,,,192671.03125137198,192671.0312538167,0.002444721758365631,1.75101582292526,0.49461642195983935,None,1,,,,,pilot,001,2026-09-16_14h28.25.135,p3,,2026.2.3,59.90703626112904,2026-09-16 14h28.25.526750 +0800,
63,3,6,1500,,high,space,space,1,0.5890584000153467,0.07274709999910556,,,,,,,,,0,0,0,0,6,3,63,0,344.81939570000395,,,,192672.48646924237,192672.4864675167,-0.0017256825231015682,1.5452526188059377,0.19826129236115608,space,1,0.5890584000153467,0.07274709999910556,,,pilot,001,2026-09-16_14h28.25.135,p3,,2026.2.3,59.90703626112904,2026-09-16 14h28.25.526750 +0800,
64,4,6,1000,,low,None,None,1,,,,,,,,,,,0,0,0,0,6,4,64,4,346.3704321999976,,,,192674.2647127248,192674.2647205167,0.007791881216689944,1.6292252085377918,0.4252356747786994,None,1,,,,,pilot,001,2026-09-16_14h28.25.135,p3,,2026.2.3,59.90703626112904,2026-09-16 14h28.25.526750 +0800,
65,5,6,1000,,low,None,None,1,,,,,,,,,,,0,0,0,0,6,5,65,5,348.00549029998365,,,,192675.69821779104,192675.6982186167,0.0008256465662270784,1.7645020968533152,0.22376424102307946,None,1,,,,,pilot,001,2026-09-16_14h28.25.135,p3,,2026.2.3,59.90703626112904,2026-09-16 14h28.25.526750 +0800,
66,6,6,1000,,low,None,None,1,,,,,,,,,,,0,0,0,0,6,6,66,9,349.77325779999956,,,,192677.48455388678,192677.48455095006,-0.0029367220122367144,1.5122197158815973,0.24228993674933436,None,1,,,,,pilot,001,2026-09-16_14h28.25.135,p3,,2026.2.3,59.90703626112904,2026-09-16 14h28.25.526750 +0800,
67,7,6,1000,,low,None,None,1,,,,,,,,,,,0,0,0,0,6,7,67,6,351.29122559999814,,,,192679.13622866396,192679.13621888336,-0.009780604159459472,1.5332025825312203,0.37559521393666684,None,1,,,,,pilot,001,2026-09-16_14h28.25.135,p3,,2026.2.3,59.90703626112904,2026-09-16 14h28.25.526750 +0800,
68,8,6,1000,,low,None,None,1,,,,,,,,,,,0,0,0,0,6,8,68,8,352.8258661,,,,192680.72132522793,192680.72132948338,0.004255445674061775,1.6404393764803151,0.42638407791487476,None,1,,,,,pilot,001,2026-09-16_14h28.25.135,p3,,2026.2.3,59.90703626112904,2026-09-16 14h28.25.526750 +0800,
69,9,6,1000,,low,None,None,1,,,,,,,,,,,0,0,0,0,6,9,69,3,354.477112099994,,,,192682.17974778422,192682.17975055,0.0027657952159643173,1.5436974947863147,0.23303113420800664,None,1,,,,,pilot,001,2026-09-16_14h28.25.135,p3,,2026.2.3,59.90703626112904,2026-09-16 14h28.25.526750 +0800,
70,0,7,1000,,low,None,None,1,,,,,,,,,,,0,0,0,0,7,0,70,3,356.02885639999295,,,,192683.91877642454,192683.9187711167,-0.005307840183377266,1.6167272177052088,0.420596974515535,None,1,,,,,pilot,001,2026-09-16_14h28.25.135,p3,,2026.2.3,59.90703626112904,2026-09-16 14h28.25.526750 +0800,
71,1,7,1500,,high,space,space,1,0.5865120000089519,0.004167299979599193,,,,,,,,,0,0,0,0,7,1,71,0,357.64818069999455,,,,192685.3154292519,192685.31543028334,0.0010314397513866425,1.5486718446055119,0.19947120189099585,space,1,0.5865120000089519,0.004167299979599193,,,pilot,001,2026-09-16_14h28.25.135,p3,,2026.2.3,59.90703626112904,2026-09-16 14h28.25.526750 +0800,
72,2,7,1000,,low,None,None,1,,,,,,,,,,,0,0,0,0,7,2,72,5,359.1992451999977,,,,192686.98355594827,192686.98356361673,0.007668451871722937,1.7783915106115211,0.3160931982671311,None,1,,,,,pilot,001,2026-09-16_14h28.25.135,p3,,2026.2.3,59.90703626112904,2026-09-16 14h28.25.526750 +0800,
73,3,7,1000,,low,None,None,1,,,,,,,,,,,0,0,0,0,7,3,73,7,360.9827349999978,,,,192688.90010593925,192688.90011131667,0.005377427441999316,1.6759013961779197,0.44789978923011053,None,1,,,,,pilot,001,2026-09-16_14h28.25.135,p3,,2026.2.3,59.90703626112904,2026-09-16 14h28.25.526750 +0800,
74,4,7,1000,,low,None,None,1,,,,,,,,,,,0,0,0,0,7,4,74,8,362.66823690000456,,,,192690.60648856254,192690.60648091667,-0.007645867299288511,1.5158616934054499,0.4696778125075526,None,1,,,,,pilot,001,2026-09-16_14h28.25.135,p3,,2026.2.3,59.90703626112904,2026-09-16 14h28.25.526750 +0800,
75,5,7,1500,,high,space,space,1,0.6641039999958593,0.027208899991819635,,,,,,,,,0,0,0,0,7,5,75,1,364.18575730000157,,,,192691.94039454113,192691.94039878334,0.004242203431203961,1.768177948806344,0.2853798910961045,space,1,0.6641039999958593,0.027208899991819635,,,pilot,001,2026-09-16_14h28.25.135,p3,,2026.2.3,59.90703626112904,2026-09-16 14h28.25.526750 +0800,
76,6,7,1000,,low,None,None,1,,,,,,,,,,,0,0,0,0,7,6,76,2,365.9535635999928,,,,192693.86870502765,192693.86870468335,-0.0003442983143031597,1.5830938070605989,0.44518667761536423,None,1,,,,,pilot,001,2026-09-16_14h28.25.135,p3,,2026.2.3,59.90703626112904,2026-09-16 14h28.25.526750 +0800,
77,7,7,1000,,low,None,None,1,,,,,,,,,,,0,0,0,0,7,7,77,4,367.53846829998656,,,,192695.32680069376,192695.3268014167,0.0007229391485452652,1.5231429551102291,0.31886694373093444,None,1,,,,,pilot,001,2026-09-16_14h28.25.135,p3,,2026.2.3,59.90703626112904,2026-09-16 14h28.25.526750 +0800,
78,8,7,1000,,low,None,None,1,,,,,,,,,,,0,0,0,0,7,8,78,6,369.07320749998325,,,,192696.89986883747,192696.89986668335,-0.002154120011255145,1.731952511211714,0.3575061874529533,None,1,,,,,pilot,001,2026-09-16_14h28.25.135,p3,,2026.2.3,59.90703626112904,2026-09-16 14h28.25.526750 +0800,
79,9,7,1000,,low,None,None,1,,,,,,,,,,,0,0,0,0,7,9,79,9,370.80777529999614,,,,192698.60975197266,192698.60975285002,0.0008773640729486942,1.581944902322838,0.33305842262616886,None,1,,,,,pilot,001,2026-09-16_14h28.25.135,p3,,2026.2.3,59.90703626112904,2026-09-16 14h28.25.526750 +0800,
80,0,8,1000,,low,None,None,1,,,,,,,,,,,0,0,0,0,8,0,80,5,372.3927262999932,,,,192700.30682531136,192700.3068188167,-0.00649466528557241,1.5951077942995868,0.44541616134650275,None,1,,,,,pilot,001,2026-09-16_14h28.25.135,p3,,2026.2.3,59.90703626112904,2026-09-16 14h28.25.526750 +0800,
81,1,8,1000,,low,None,None,1,,,,,,,,,,,0,0,0,0,8,1,81,3,373.9940122999833,,,,192701.90180158077,192701.9017984167,-0.003164081135764718,1.5147626806371566,0.4386585307475859,None,1,,,,,pilot,001,2026-09-16_14h28.25.135,p3,,2026.2.3,59.90703626112904,2026-09-16 14h28.25.526750 +0800,
82,2,8,1000,,low,None,None,1,,,,,,,,,,,0,0,0,0,8,2,82,6,375.5118647000054,,,,192703.31112947396,192703.31113821673,0.008742761565372348,1.7235090801146453,0.33015232393758925,None,1,,,,,pilot,001,2026-09-16_14h28.25.135,p3,,2026.2.3,59.90703626112904,2026-09-16 14h28.25.526750 +0800,
83,3,8,1000,,low,None,None,1,,,,,,,,,,,0,0,0,0,8,3,83,7,377.24660670000594,,,,192704.97439417496,192704.9743909167,-0.0032582611311227083,1.7861220843276109,0.2583411249519983,None,1,,,,,pilot,001,2026-09-16_14h28.25.135,p3,,2026.2.3,59.90703626112904,2026-09-16 14h28.25.526750 +0800,
84,4,8,1000,,low,None,None,1,,,,,,,,,,,0,0,0,0,8,4,84,9,379.0480281999917,,,,192706.85608093836,192706.85607471672,-0.006221642252057791,1.6203285674827235,0.3383920883434327,None,1,,,,,pilot,001,2026-09-16_14h28.25.135,p3,,2026.2.3,59.90703626112904,2026-09-16 14h28.25.526750 +0800,
85,5,8,1500,,high,space,space,1,0.7885830999875907,0.05038930001319386,,,,,,,,,0,0,0,0,8,5,85,0,380.6667119000049,,,,192708.54920828232,192708.5492084167,0.0001343723852187395,1.5006688698045536,0.41236283229006543,space,1,0.7885830999875907,0.05038930001319386,,,pilot,001,2026-09-16_14h28.25.135,p3,,2026.2.3,59.90703626112904,2026-09-16 14h28.25.526750 +0800,
86,6,8,1000,,low,None,None,1,,,,,,,,,,,0,0,0,0,8,6,86,8,382.1677483000094,,,,192709.86626726002,192709.86626345004,-0.003809982445091009,1.7366602265608155,0.22846941000739862,None,1,,,,,pilot,001,2026-09-16_14h28.25.135,p3,,2026.2.3,59.90703626112904,2026-09-16 14h28.25.526750 +0800,
87,7,8,1500,,high,space,space,1,0.7775153000256978,0.04912289997446351,,,,,,,,,0,0,0,0,8,7,87,1,383.919087199989,,,,192711.73245066436,192711.73244755,-0.003114371793344617,1.730459600722671,0.3448135143546701,space,1,0.7775153000256978,0.04912289997446351,,,pilot,001,2026-09-16_14h28.25.135,p3,,2026.2.3,59.90703626112904,2026-09-16 14h28.25.526750 +0800,
88,8,8,1000,,low,None,None,1,,,,,,,,,,,0,0,0,0,8,8,88,2,385.65414070000406,,,,192713.48424773014,192713.48424875003,0.0010198855306953192,1.765202015553616,0.36086018010675514,None,1,,,,,pilot,001,2026-09-16_14h28.25.135,p3,,2026.2.3,59.90703626112904,2026-09-16 14h28.25.526750 +0800,
89,9,8,1000,,low,None,None,1,,,,,,,,,,,0,0,0,0,8,9,89,4,387.4221106999903,,,,192715.14922799956,192715.14921845,-0.009549548849463463,1.7063073933852144,0.25704554955848347,None,1,,,,,pilot,001,2026-09-16_14h28.25.135,p3,,2026.2.3,59.90703626112904,2026-09-16 14h28.25.526750 +0800,
90,0,9,1000,,low,None,None,1,,,,,,,,,,,0,0,0,0,9,0,90,6,389.14033409999683,,,,192716.89376438613,192716.8937661167,0.0017305719666182995,1.7516236895883157,0.28446033612217786,None,1,,,,,pilot,001,2026-09-16_14h28.25.135,p3,,2026.2.3,59.90703626112904,2026-09-16 14h28.25.526750 +0800,
91,1,9,1000,,low,None,None,1,,,,,,,,,,,0,0,0,0,9,1,91,7,390.8920184999879,,,,192718.61898306513,192718.61898305002,-1.5104888007044792e-05,1.6246581862034761,0.2582955151203955,None,1,,,,,pilot,001,2026-09-16_14h28.25.135,p3,,2026.2.3,59.90703626112904,2026-09-16 14h28.25.526750 +0800,
92,2,9,1500,,high,space,space,1,0.9005489000119269,0.049642099998891354,,,,,,,,,0,0,0,0,9,2,92,1,392.52657799998997,,,,192720.4795193647,192720.47951781668,-0.001548003638163209,1.761275471290805,0.48386251467929264,space,1,0.9005489000119269,0.049642099998891354,,,pilot,001,2026-09-16_14h28.25.135,p3,,2026.2.3,59.90703626112904,2026-09-16 14h28.25.526750 +0800,
93,3,9,1000,,low,None,None,1,,,,,,,,,,,0,0,0,0,9,3,93,3,394.29443529999116,,,,192722.2026542304,192722.20265478335,0.0005529436748474836,1.6404061588785683,0.43830138037524713,None,1,,,,,pilot,001,2026-09-16_14h28.25.135,p3,,2026.2.3,59.90703626112904,2026-09-16 14h28.25.526750 +0800,
94,4,9,1000,,low,None,None,1,,,,,,,,,,,0,0,0,0,9,4,94,8,395.94622280000476,,,,192723.82755540474,192723.82755528338,-0.00012136297300457954,1.6784323709742925,0.4127243547038023,None,1,,,,,pilot,001,2026-09-16_14h28.25.135,p3,,2026.2.3,59.90703626112904,2026-09-16 14h28.25.526750 +0800,
95,5,9,1000,,low,None,None,1,,,,,,,,,,,0,0,0,0,9,5,95,5,397.6308865000028,,,,192725.30386687783,192725.30386465002,-0.002227810909971595,1.6778223829509789,0.20400882780604476,None,1,,,,,pilot,001,2026-09-16_14h28.25.135,p3,,2026.2.3,59.90703626112904,2026-09-16 14h28.25.526750 +0800,
96,6,9,1500,,high,space,space,1,0.8170203999907244,0.026880299992626533,,,,,,,,,0,0,0,0,9,6,96,0,399.3154067999858,,,,192727.23295261437,192727.23295348338,0.0008690112736076117,1.6286196345065025,0.44788016434444944,space,1,0.8170203999907244,0.026880299992626533,,,pilot,001,2026-09-16_14h28.25.135,p3,,2026.2.3,59.90703626112904,2026-09-16 14h28.25.526750 +0800,
97,7,9,1000,,low,None,None,1,,,,,,,,,,,0,0,0,0,9,7,97,9,400.9503051000065,,,,192728.76978307118,192728.76978695006,0.003878871211782098,1.5590731202151809,0.35010842117742313,None,1,,,,,pilot,001,2026-09-16_14h28.25.135,p3,,2026.2.3,59.90703626112904,2026-09-16 14h28.25.526750 +0800,
98,8,9,1000,,low,None,None,1,,,,,,,,,,,0,0,0,0,9,8,98,4,402.518379199988,,,,192730.14134193078,192730.14133655,-0.005380774382501841,1.7652358580548608,0.1536282807690975,None,1,,,,,pilot,001,2026-09-16_14h28.25.135,p3,,2026.2.3,59.90703626112904,2026-09-16 14h28.25.526750 +0800,
99,9,9,1000,,low,None,None,1,,,,,,,,,,,0,0,0,0,9,9,99,2,404.2867944999889,,,,192732.154819705,192732.1548110167,-0.008688308298587799,1.7521559850779114,0.3989467549980751,None,1,,,,,pilot,001,2026-09-16_14h28.25.135,p3,,2026.2.3,59.90703626112904,2026-09-16 14h28.25.526750 +0800,
100,0,10,1000,,low,None,None,1,,,,,,,,,,,0,0,0,0,10,0,100,4,406.0546178999939,,,,192733.76998089984,192733.76998361666,0.0027168134693056345,1.7528277064045383,0.24556564981507872,None,1,,,,,pilot,001,2026-09-16_14h28.25.135,p3,,2026.2.3,59.90703626112904,2026-09-16 14h28.25.526750 +0800,
101,1,10,1500,,high,space,space,1,0.7025140000041574,0.049785499984864146,,,,,,,,,0,0,0,0,10,1,101,0,407.8225882999832,,,,192735.65269392883,192735.65269308336,-0.0008454662747681141,1.7417777031464912,0.36130897881638424,space,1,0.7025140000041574,0.049785499984864146,,,pilot,001,2026-09-16_14h28.25.135,p3,,2026.2.3,59.90703626112904,2026-09-16 14h28.25.526750 +0800,
102,2,10,1000,,low,None,None,1,,,,,,,,,,,0,0,0,0,10,2,102,2,409.57409159999224,,,,192737.3898068373,192737.38980045004,-0.006387272151187062,1.6311652461356858,0.3463866872720387,None,1,,,,,pilot,001,2026-09-16_14h28.25.135,p3,,2026.2.3,59.90703626112904,2026-09-16 14h28.25.526750 +0800,
103,3,10,1000,,low,None,None,1,,,,,,,,,,,0,0,0,0,10,3,103,7,411.20896459999494,,,,192739.03547929754,192739.03547878336,-0.0005141773726791143,1.7111441408383063,0.3576982475287122,None,1,,,,,pilot,001,2026-09-16_14h28.25.135,p3,,2026.2.3,59.90703626112904,2026-09-16 14h28.25.526750 +0800,
104,4,10,1000,,low,None,None,1,,,,,,,,,,,0,0,0,0,10,4,104,5,412.9277615000028,,,,192740.79457420335,192740.79457101668,-0.0031866657081991434,1.5264680656782774,0.39823625332651447,None,1,,,,,pilot,001,2026-09-16_14h28.25.135,p3,,2026.2.3,59.90703626112904,2026-09-16 14h28.25.526750 +0800,
105,5,10,1000,,low,None,None,1,,,,,,,,,,,0,0,0,0,10,5,105,9,414.46159920000355,,,,192742.27523652074,192742.27524565003,0.009129289537668228,1.5503769002921528,0.34405057071940914,None,1,,,,,pilot,001,2026-09-16_14h28.25.135,p3,,2026.2.3,59.90703626112904,2026-09-16 14h28.25.526750 +0800,
106,6,10,1000,,low,None,None,1,,,,,,,,,,,0,0,0,0,10,6,106,6,416.01271829998586,,,,192743.81513284246,192743.81514115003,0.008307571988552809,1.766901587172486,0.3330182924376896,None,1,,,,,pilot,001,2026-09-16_14h28.25.135,p3,,2026.2.3,59.90703626112904,2026-09-16 14h28.25.526750 +0800,
107,7,10,1500,,high,space,None,0,,,,,,,,,,,0,0,0,0,10,7,107,1,417.78173859999515,,,,192745.45356554197,192745.45355771668,-0.007825292414054275,1.7879905308516917,0.20276089196233607,None,0,,,,,pilot,001,2026-09-16_14h28.25.135,p3,,2026.2.3,59.90703626112904,2026-09-16 14h28.25.526750 +0800,
108,8,10,1000,,low,None,None,1,,,,,,,,,,,0,0,0,0,10,8,108,3,419.58270249998895,,,,192747.25114827347,192747.25114108334,-0.007190130418166518,1.7855312574637345,0.19886682346098325,None,1,,,,,pilot,001,2026-09-16_14h28.25.135,p3,,2026.2.3,59.90703626112904,2026-09-16 14h28.25.526750 +0800,
109,9,10,1000,,low,None,None,1,,,,,,,,,,,0,0,0,0,10,9,109,8,421.36797990000923,,,,192749.28137358415,192749.28136818338,-0.005400768714025617,1.6395059393263982,0.444817234130955,None,1,,,,,pilot,001,2026-09-16_14h28.25.135,p3,,2026.2.3,59.90703626112904,2026-09-16 14h28.25.526750 +0800,
110,0,11,1000,,low,None,None,1,,,,,,,,,,,0,0,0,0,11,0,110,9,423.0197307000053,,,,192750.88763241883,192750.88763388337,0.0014645338524132967,1.7849017931908429,0.39931536882188867,None,1,,,,,pilot,001,2026-09-16_14h28.25.135,p3,,2026.2.3,59.90703626112904,2026-09-16 14h28.25.526750 +0800,
111,1,11,1000,,low,None,None,1,,,,,,,,,,,0,0,0,0,11,1,111,6,424.8035728999821,,,,192752.4548108448,192752.4548168167,0.005971902282908559,1.7296452938222773,0.1816761947678346,None,1,,,,,pilot,001,2026-09-16_14h28.25.135,p3,,2026.2.3,59.90703626112904,2026-09-16 14h28.25.526750 +0800,
112,2,11,1500,,high,space,space,1,0.6617284000094514,0.027514400018844754,,,,,,,,,0,0,0,0,11,2,112,0,426.5387569000013,,,,192754.32104338342,192754.32105231666,0.00893324613571167,1.770487415537947,0.3128064333807591,space,1,0.6617284000094514,0.027514400018844754,,,pilot,001,2026-09-16_14h28.25.135,p3,,2026.2.3,59.90703626112904,2026-09-16 14h28.25.526750 +0800,
113,3,11,1000,,low,None,None,1,,,,,,,,,,,0,0,0,0,11,3,113,8,428.32354949999717,,,,192756.09857245543,192756.09856298336,-0.009472074452787638,1.6551822258762068,0.3053425054223007,None,1,,,,,pilot,001,2026-09-16_14h28.25.135,p3,,2026.2.3,59.90703626112904,2026-09-16 14h28.25.526750 +0800,
114,4,11,1000,,low,None,None,1,,,,,,,,,,,0,0,0,0,11,4,114,2,429.99150050000753,,,,192757.9581693566,192757.95817055003,0.0011934316717088223,1.7703708440672559,0.497921406571594,None,1,,,,,pilot,001,2026-09-16_14h28.25.135,p3,,2026.2.3,59.90703626112904,2026-09-16 14h28.25.526750 +0800,
115,5,11,1000,,low,None,None,1,,,,,,,,,,,0,0,0,0,11,5,115,5,431.7763168000092,,,,192759.52844242007,192759.5284494834,0.0070633250288665295,1.6391370412470687,0.2826721700467931,None,1,,,,,pilot,001,2026-09-16_14h28.25.135,p3,,2026.2.3,59.90703626112904,2026-09-16 14h28.25.526750 +0800,
116,6,11,1500,,high,space,space,1,0.7021399000077508,0.050465599982999265,,,,,,,,,0,0,0,0,11,6,116,1,433.42870550000225,,,,192761.2330402399,192761.23304815002,0.007910130079835653,1.7302617519893857,0.3359491898831572,space,1,0.7021399000077508,0.050465599982999265,,,pilot,001,2026-09-16_14h28.25.135,p3,,2026.2.3,59.90703626112904,2026-09-16 14h28.25.526750 +0800,
117,7,11,1000,,low,None,None,1,,,,,,,,,,,0,0,0,0,11,7,117,4,435.162574099988,,,,192762.93924748228,192762.9392551167,0.007634429493919015,1.5963257834523306,0.3077753322674772,None,1,,,,,pilot,001,2026-09-16_14h28.25.135,p3,,2026.2.3,59.90703626112904,2026-09-16 14h28.25.526750 +0800,
118,8,11,1000,,low,None,None,1,,,,,,,,,,,0,0,0,0,11,8,118,7,436.7647605999955,,,,192764.55285311432,192764.55285865001,0.005535694072023034,1.7362219821593659,0.3195065642927971,None,1,,,,,pilot,001,2026-09-16_14h28.25.135,p3,,2026.2.3,59.90703626112904,2026-09-16 14h28.25.526750 +0800,
119,9,11,1000,,low,None,None,1,,,,,,,,,,,0,0,0,0,11,9,119,3,438.51570709998487,,,,192766.35016293943,192766.3501696167,0.006677262717857957,1.7312917069770641,0.36482478941009827,None,1,,,,,pilot,001,2026-09-16_14h28.25.135,p3,,2026.2.3,59.90703626112904,2026-09-16 14h28.25.526750 +0800,
120,0,12,1000,,low,None,None,1,,,,,,,,,,,0,0,0,0,12,0,120,6,440.2505353000015,,,,192768.1704166112,192768.1704184167,0.0018055143300443888,1.769925032495517,0.4505607611827458,None,1,,,,,pilot,001,2026-09-16_14h28.25.135,p3,,2026.2.3,59.90703626112904,2026-09-16 14h28.25.526750 +0800,
121,1,12,1500,,high,space,space,1,0.6018104999966454,0.05025470000691712,,,,,,,,,0,0,0,0,12,1,121,1,442.0349324999843,,,,192769.6684379215,192769.66844445,0.006528513040393591,1.7988473148700375,0.16444507149012122,space,1,0.6018104999966454,0.05025470000691712,,,pilot,001,2026-09-16_14h28.25.135,p3,,2026.2.3,59.90703626112904,2026-09-16 14h28.25.526750 +0800,
122,2,12,1000,,low,None,None,1,,,,,,,,,,,0,0,0,0,12,2,122,9,443.83666899998207,,,,192771.78053561025,192771.78053635004,0.000739790266379714,1.7974021430722829,0.47504376024220807,None,1,,,,,pilot,001,2026-09-16_14h28.25.135,p3,,2026.2.3,59.90703626112904,2026-09-16 14h28.25.526750 +0800,
123,3,12,1000,,low,None,None,1,,,,,,,,,,,0,0,0,0,12,3,123,8,445.63813390000723,,,,192773.32793509006,192773.32794335004,0.00825998722575605,1.5408968867203086,0.22035584002031472,None,1,,,,,pilot,001,2026-09-16_14h28.25.135,p3,,2026.2.3,59.90703626112904,2026-09-16 14h28.25.526750 +0800,
124,4,12,1000,,low,None,None,1,,,,,,,,,,,0,0,0,0,12,4,124,4,447.18943100000615,,,,192775.15025378982,192775.15026255004,0.008760223863646388,1.67409105704707,0.49066543980978283,None,1,,,,,pilot,001,2026-09-16_14h28.25.135,p3,,2026.2.3,59.90703626112904,2026-09-16 14h28.25.526750 +0800,
125,5,12,1500,,high,space,space,1,0.46865759999491274,0.049821299995528534,,,,,,,,,0,0,0,0,12,5,125,0,448.8742554000055,,,,192776.49391822994,192776.4939125167,-0.005713256541639566,1.6817437072437655,0.1508939799152354,space,1,0.46865759999491274,0.049821299995528534,,,pilot,001,2026-09-16_14h28.25.135,p3,,2026.2.3,59.90703626112904,2026-09-16 14h28.25.526750 +0800,
126,6,12,1000,,low,None,None,1,,,,,,,,,,,0,0,0,0,12,6,126,7,450.559222699987,,,,192778.25432770126,192778.25432268335,-0.005017907824367285,1.6084812022017414,0.2249945512369548,None,1,,,,,pilot,001,2026-09-16_14h28.25.135,p3,,2026.2.3,59.90703626112904,2026-09-16 14h28.25.526750 +0800,
127,7,12,1000,,low,None,None,1,,,,,,,,,,,0,0,0,0,12,7,127,2,452.1769241000002,,,,192779.8709149501,192779.8709249167,0.009966606739908457,1.5129296763982996,0.22465270007554744,None,1,,,,,pilot,001,2026-09-16_14h28.25.135,p3,,2026.2.3,59.90703626112904,2026-09-16 14h28.25.526750 +0800,
128,8,12,1000,,low,None,None,1,,,,,,,,,,,0,0,0,0,12,8,128,3,453.6950203999877,,,,192781.59498033687,192781.59497448336,-0.005853507900610566,1.6268306264053147,0.4312141868587551,None,1,,,,,pilot,001,2026-09-16_14h28.25.135,p3,,2026.2.3,59.90703626112904,2026-09-16 14h28.25.526750 +0800,
129,9,12,1000,,low,None,None,1,,,,,,,,,,,0,0,0,0,12,9,129,5,455.32986629998777,,,,192783.12216953232,192783.12217888338,0.009351060725748539,1.620282454662475,0.32299508229854335,None,1,,,,,pilot,001,2026-09-16_14h28.25.135,p3,,2026.2.3,59.90703626112904,2026-09-16 14h28.25.526750 +0800,
130,0,13,1000,,low,None,None,1,,,,,,,,,,,0,0,0,0,13,0,130,8,456.9642274999933,,,,192784.8946895635,192784.8946934167,0.0038532016333192587,1.5309572766780217,0.4609381134897569,None,1,,,,,pilot,001,2026-09-16_14h28.25.135,p3,,2026.2.3,59.90703626112904,2026-09-16 14h28.25.526750 +0800,
131,1,13,1000,,low,None,None,1,,,,,,,,,,,0,0,0,0,13,1,131,4,458.4990256000019,,,,192786.38097529954,192786.38097038332,-0.004916219040751457,1.6435303038632962,0.4125172495286027,None,1,,,,,pilot,001,2026-09-16_14h28.25.135,p3,,2026.2.3,59.90703626112904,2026-09-16 14h28.25.526750 +0800,
132,2,13,1000,,low,None,None,1,,,,,,,,,,,0,0,0,0,13,2,132,5,460.150544300006,,,,192788.08042927305,192788.08043091669,0.001643638825044036,1.5044210416578354,0.460794923026266,None,1,,,,,pilot,001,2026-09-16_14h28.25.135,p3,,2026.2.3,59.90703626112904,2026-09-16 14h28.25.526750 +0800,
133,3,13,1500,,high,space,space,1,0.6783831999928225,0.02763180001056753,,,,,,,,,0,0,0,0,13,3,133,1,461.66899269999703,,,,192789.42503754454,192789.42504235002,0.0048054789658635855,1.5927054525016122,0.2872184945094578,space,1,0.6783831999928225,0.02763180001056753,,,pilot,001,2026-09-16_14h28.25.135,p3,,2026.2.3,59.90703626112904,2026-09-16 14h28.25.526750 +0800,
134,4,13,1000,,low,None,None,1,,,,,,,,,,,0,0,0,0,13,4,134,6,463.2702297999931,,,,192791.1046634001,192791.1046611167,-0.002283399226143956,1.5508389461012253,0.3657633500592866,None,1,,,,,pilot,001,2026-09-16_14h28.25.135,p3,,2026.2.3,59.90703626112904,2026-09-16 14h28.25.526750 +0800,
135,5,13,1000,,low,None,None,1,,,,,,,,,,,0,0,0,0,13,5,135,9,464.8212102999969,,,,192792.44141811496,192792.4414201834,0.002068438334390521,1.6300211047122033,0.15166746492768118,None,1,,,,,pilot,001,2026-09-16_14h28.25.135,p3,,2026.2.3,59.90703626112904,2026-09-16 14h28.25.526750 +0800,
136,6,13,1000,,low,None,None,1,,,,,,,,,,,0,0,0,0,13,6,136,7,466.4560785999929,,,,192794.31164729007,192794.31164038338,-0.006906688213348389,1.7338513155613113,0.3869230400705561,None,1,,,,,pilot,001,2026-09-16_14h28.25.135,p3,,2026.2.3,59.90703626112904,2026-09-16 14h28.25.526750 +0800,
137,7,13,1500,,high,space,space,1,0.6604746999801137,0.026721000001998618,,,,,,,,,0,0,0,0,13,7,137,0,468.19064960000105,,,,192795.97875191565,192795.9787557167,0.003801047569140792,1.545976721425074,0.319149565626752,space,1,0.6604746999801137,0.026721000001998618,,,pilot,001,2026-09-16_14h28.25.135,p3,,2026.2.3,59.90703626112904,2026-09-16 14h28.25.526750 +0800,
138,8,13,1000,,low,None,None,1,,,,,,,,,,,0,0,0,0,13,8,138,3,469.74203080000007,,,,192797.6018130803,192797.60181668334,0.0036030251067131758,1.7731829040541154,0.39041873028514396,None,1,,,,,pilot,001,2026-09-16_14h28.25.135,p3,,2026.2.3,59.90703626112904,2026-09-16 14h28.25.526750 +0800,
139,9,13,1000,,low,None,None,1,,,,,,,,,,,0,0,0,0,13,9,139,2,471.5270065999939,,,,192799.24319553937,192799.24320215004,0.00661067315377295,1.7771486270645025,0.24748678937251306,None,1,,,,,pilot,001,2026-09-16_14h28.25.135,p3,,2026.2.3,59.90703626112904,2026-09-16 14h28.25.526750 +0800,
140,0,14,1000,,low,None,None,1,,,,,,,,,,,0,0,0,0,14,0,140,2,473.31273639999563,,,,192800.9614816581,192800.96147835004,-0.0033080577850341797,1.589873429327673,0.18076520809801594,None,1,,,,,pilot,001,2026-09-16_14h28.25.135,p3,,2026.2.3,59.90703626112904,2026-09-16 14h28.25.526750 +0800,
141,1,14,1000,,low,None,None,1,,,,,,,,,,,0,0,0,0,14,1,141,6,474.91282979998505,,,,192802.77273616812,192802.77273485003,-0.0013180833775550127,1.5312050687708136,0.3901724180964593,None,1,,,,,pilot,001,2026-09-16_14h28.25.135,p3,,2026.2.3,59.90703626112904,2026-09-16 14h28.25.526750 +0800,
142,2,14,1000,,low,None,None,1,,,,,,,,,,,0,0,0,0,14,2,142,7,476.4478930000041,,,,192804.11774189599,192804.11773668334,-0.00521264155395329,1.5167356348714132,0.20024224598678278,None,1,,,,,pilot,001,2026-09-16_14h28.25.135,p3,,2026.2.3,59.90703626112904,2026-09-16 14h28.25.526750 +0800,
143,3,14,1000,,low,None,None,1,,,,,,,,,,,0,0,0,0,14,3,143,9,477.96579600000405,,,,192805.61310637067,192805.61310651668,0.000146013917401433,1.5413710710743591,0.17827552065610186,None,1,,,,,pilot,001,2026-09-16_14h28.25.135,p3,,2026.2.3,59.90703626112904,2026-09-16 14h28.25.526750 +0800,
144,4,14,1000,,low,None,None,1,,,,,,,,,,,0,0,0,0,14,4,144,5,479.51703669998096,,,,192807.25288313717,192807.25287298337,-0.010153802577406168,1.732780400823604,0.26611508715439525,None,1,,,,,pilot,001,2026-09-16_14h28.25.135,p3,,2026.2.3,59.90703626112904,2026-09-16 14h28.25.526750 +0800,
145,5,14,1000,,low,None,None,1,,,,,,,,,,,0,0,0,0,14,5,145,8,481.2519624999841,,,,192808.90179959894,192808.90180898336,0.009384413715451956,1.7450674225349445,0.18125614892653052,None,1,,,,,pilot,001,2026-09-16_14h28.25.135,p3,,2026.2.3,59.90703626112904,2026-09-16 14h28.25.526750 +0800,
146,6,14,1000,,low,None,None,1,,,,,,,,,,,0,0,0,0,14,6,146,4,483.0034714000067,,,,192810.7096550657,192810.70965048333,-0.004582369001582265,1.6966477208307889,0.23745991569447433,None,1,,,,,pilot,001,2026-09-16_14h28.25.135,p3,,2026.2.3,59.90703626112904,2026-09-16 14h28.25.526750 +0800,
147,7,14,1500,,high,space,space,1,0.7291213000135031,0.05003929999656975,,,,,,,,,0,0,0,0,14,7,147,0,484.70488239999395,,,,192812.3912089273,192812.3911989167,-0.010010582627728581,1.7598468774827154,0.21716227726165663,space,1,0.7291213000135031,0.05003929999656975,,,pilot,001,2026-09-16_14h28.25.135,p3,,2026.2.3,59.90703626112904,2026-09-16 14h28.25.526750 +0800,
148,8,14,1000,,low,None,None,1,,,,,,,,,,,0,0,0,0,14,8,148,3,486.473036099982,,,,192814.20187396384,192814.20186538337,-0.0085804786067456,1.6576219524774445,0.26020541383960316,None,1,,,,,pilot,001,2026-09-16_14h28.25.135,p3,,2026.2.3,59.90703626112904,2026-09-16 14h28.25.526750 +0800,
149,9,14,1500,,high,space,space,1,0.645650199992815,0.026890700013609603,,,,,,,,,0,0,0,0,14,9,149,1,488.1413648999878,,,,192815.92900255643,192815.92900848336,0.005926936864852905,1.6519807630470122,0.31835650640577245,space,1,0.645650199992815,0.026890700013609603,,,pilot,001,2026-09-16_14h28.25.135,p3,,2026.2.3,59.90703626112904,2026-09-16 14h28.25.526750 +0800,
150,0,15,1000,,low,None,None,1,,,,,,,,,,,0,0,0,0,15,0,150,7,489.8088193000003,,,,192817.4794162117,192817.47941095004,-0.0052616524044424295,1.7261138911287282,0.20106526167188823,None,1,,,,,pilot,001,2026-09-16_14h28.25.135,p3,,2026.2.3,59.90703626112904,2026-09-16 14h28.25.526750 +0800,
151,1,15,1500,,high,space,space,1,0.8202085999946576,0.004569800017634407,,,,,,,,,0,0,0,0,15,1,151,1,491.5441322999832,,,,192819.50000528793,192819.4999967167,-0.00857122358866036,1.7203975763350043,0.4870205379307019,space,1,0.8202085999946576,0.004569800017634407,,,pilot,001,2026-09-16_14h28.25.135,p3,,2026.2.3,59.90703626112904,2026-09-16 14h28.25.526750 +0800,
152,2,15,1000,,low,None,None,1,,,,,,,,,,,0,0,0,0,15,2,152,5,493.2785928999947,,,,192821.00831950482,192821.00832395002,0.004445202648639679,1.5820293181980147,0.26046725478987437,None,1,,,,,pilot,001,2026-09-16_14h28.25.135,p3,,2026.2.3,59.90703626112904,2026-09-16 14h28.25.526750 +0800,
153,3,15,1000,,low,None,None,1,,,,,,,,,,,0,0,0,0,15,3,153,4,494.863605999999,,,,192822.7201707108,192822.72016805003,-0.0026607594918459654,1.7666454443475907,0.3880329607644132,None,1,,,,,pilot,001,2026-09-16_14h28.25.135,p3,,2026.2.3,59.90703626112904,2026-09-16 14h28.25.526750 +0800,
154,4,15,1000,,low,None,None,1,,,,,,,,,,,0,0,0,0,15,4,154,9,496.63133169998764,,,,192824.2936584497,192824.2936653167,0.006867019692435861,1.7324028742038304,0.19343289968368263,None,1,,,,,pilot,001,2026-09-16_14h28.25.135,p3,,2026.2.3,59.90703626112904,2026-09-16 14h28.25.526750 +0800,
155,5,15,1000,,low,None,None,1,,,,,,,,,,,0,0,0,0,15,5,155,2,498.36765619998914,,,,192826.17988744823,192826.17989778335,0.010335119441151619,1.7326282517301044,0.34381779823090314,None,1,,,,,pilot,001,2026-09-16_14h28.25.135,p3,,2026.2.3,59.90703626112904,2026-09-16 14h28.25.526750 +0800,
156,6,15,1000,,low,None,None,1,,,,,,,,,,,0,0,0,0,15,6,156,8,500.1013227000076,,,,192827.81225164505,192827.81225148335,-0.00016170088201761246,1.5129094041840423,0.24198089502701106,None,1,,,,,pilot,001,2026-09-16_14h28.25.135,p3,,2026.2.3,59.90703626112904,2026-09-16 14h28.25.526750 +0800,
157,7,15,1000,,low,None,None,1,,,,,,,,,,,0,0,0,0,15,7,157,6,501.61963899998227,,,,192829.44724607884,192829.44724018336,-0.005895475624129176,1.7544376781082904,0.35909432882208364,None,1,,,,,pilot,001,2026-09-16_14h28.25.135,p3,,2026.2.3,59.90703626112904,2026-09-16 14h28.25.526750 +0800,
158,8,15,1500,,high,space,space,1,0.610338899976341,0.07298560001072474,,,,,,,,,0,0,0,0,15,8,158,0,503.3870673000056,,,,192831.11207408144,192831.11207995005,0.005868612788617611,1.5337124007945762,0.25561173142060656,space,1,0.610338899976341,0.07298560001072474,,,pilot,001,2026-09-16_14h28.25.135,p3,,2026.2.3,59.90703626112904,2026-09-16 14h28.25.526750 +0800,
159,9,15,1000,,low,None,None,1,,,,,,,,,,,0,0,0,0,15,9,159,3,504.9228082000045,,,,192832.60109113037,192832.60109101667,-0.00011370866559445858,1.5061796329297341,0.20952368036443042,None,1,,,,,pilot,001,2026-09-16_14h28.25.135,p3,,2026.2.3,59.90703626112904,2026-09-16 14h28.25.526750 +0800,
160,0,16,1000,,low,None,None,1,,,,,,,,,,,0,0,0,0,16,0,160,4,506.43996449999395,,,,192834.13106707556,192834.13107698338,0.009907817002385855,1.7820053884172813,0.22247812553582158,None,1,,,,,pilot,001,2026-09-16_14h28.25.135,p3,,2026.2.3,59.90703626112904,2026-09-16 14h28.25.526750 +0800,
161,1,16,1000,,low,None,None,1,,,,,,,,,,,0,0,0,0,16,1,161,6,508.22532249998767,,,,192835.8881225033,192835.88812905003,0.006546732038259506,1.6194290407734615,0.1946659532869872,None,1,,,,,pilot,001,2026-09-16_14h28.25.135,p3,,2026.2.3,59.90703626112904,2026-09-16 14h28.25.526750 +0800,
162,2,16,1000,,low,None,None,1,,,,,,,,,,,0,0,0,0,16,2,162,3,509.859500999999,,,,192837.75511959716,192837.75511831668,-0.0012804812286049128,1.5525415001708163,0.42662244715617337,None,1,,,,,pilot,001,2026-09-16_14h28.25.135,p3,,2026.2.3,59.90703626112904,2026-09-16 14h28.25.526750 +0800,
163,3,16,1500,,high,space,space,1,0.6252872000040952,0.027709299989510328,,,,,,,,,0,0,0,0,16,3,163,1,511.4275371999829,,,,192839.16904024797,192839.16904528337,0.005035399226471782,1.6747277694176752,0.27281739795900617,space,1,0.6252872000040952,0.027709299989510328,,,pilot,001,2026-09-16_14h28.25.135,p3,,2026.2.3,59.90703626112904,2026-09-16 14h28.25.526750 +0800,
164,4,16,1000,,low,None,None,1,,,,,,,,,,,0,0,0,0,16,4,164,8,513.112118399993,,,,192840.8474542529,192840.84745708338,0.0028304930310696363,1.695494267793127,0.2663137028540488,None,1,,,,,pilot,001,2026-09-16_14h28.25.135,p3,,2026.2.3,59.90703626112904,2026-09-16 14h28.25.526750 +0800,
165,5,16,1000,,low,None,None,1,,,,,,,,,,,0,0,0,0,16,5,165,9,514.813418500009,,,,192842.48326797577,192842.48327811668,0.010140909580513835,1.779790988903656,0.20026562574722212,None,1,,,,,pilot,001,2026-09-16_14h28.25.135,p3,,2026.2.3,59.90703626112904,2026-09-16 14h28.25.526750 +0800,
166,6,16,1500,,high,space,space,1,0.5858136000169907,0.071537099982379,,,,,,,,,0,0,0,0,16,6,166,0,516.5982778999896,,,,192844.3191795829,192844.31917908334,-0.000499567249789834,1.592950528101495,0.251854532900199,space,1,0.5858136000169907,0.071537099982379,,,pilot,001,2026-09-16_14h28.25.135,p3,,2026.2.3,59.90703626112904,2026-09-16 14h28.25.526750 +0800,
167,7,16,1000,,low,None,None,1,,,,,,,,,,,0,0,0,0,16,7,167,5,518.2008356000006,,,,192846.1393742933,192846.13936635002,-0.007943279342725873,1.6202197878810194,0.4690362432651952,None,1,,,,,pilot,001,2026-09-16_14h28.25.135,p3,,2026.2.3,59.90703626112904,2026-09-16 14h28.25.526750 +0800,
168,8,16,1000,,low,None,None,1,,,,,,,,,,,0,0,0,0,16,8,168,2,519.8345709999849,,,,192847.48438891178,192847.48439028338,0.001371605321764946,1.552670054924476,0.180963261746289,None,1,,,,,pilot,001,2026-09-16_14h28.25.135,p3,,2026.2.3,59.90703626112904,2026-09-16 14h28.25.526750 +0800,
169,9,16,1000,,low,None,None,1,,,,,,,,,,,0,0,0,0,16,9,169,7,521.4022747999988,,,,192849.20316525348,192849.20316958337,0.0043298932723701,1.615852784939888,0.3311819034576299,None,1,,,,,pilot,001,2026-09-16_14h28.25.135,p3,,2026.2.3,59.90703626112904,2026-09-16 14h28.25.526750 +0800,
170,0,17,1500,,high,space,space,1,0.6869176999898627,0.05059700002311729,,,,,,,,,0,0,0,0,17,0,170,0,523.0209801000019,,,,192850.71511261116,192850.71511148335,-0.0011278025340288877,1.7554899026623234,0.22504376113992017,space,1,0.6869176999898627,0.05059700002311729,,,pilot,001,2026-09-16_14h28.25.135,p3,,2026.2.3,59.90703626112904,2026-09-16 14h28.25.526750 +0800,
171,1,17,1500,,high,space,space,1,0.8146791000035591,0.11245310000958852,,,,,,,,,0,0,0,0,17,1,171,1,524.7887685000023,,,,192852.70765204792,192852.70764968335,-0.0023645698092877865,1.5202785535331764,0.4496011979070069,space,1,0.8146791000035591,0.11245310000958852,,,pilot,001,2026-09-16_14h28.25.135,p3,,2026.2.3,59.90703626112904,2026-09-16 14h28.25.526750 +0800,
172,2,17,1000,,low,None,None,1,,,,,,,,,,,0,0,0,0,17,2,172,5,526.3236555999902,,,,192853.9727164694,192853.97272145006,0.004980654921382666,1.753098532506213,0.18059531940634027,None,1,,,,,pilot,001,2026-09-16_14h28.25.135,p3,,2026.2.3,59.90703626112904,2026-09-16 14h28.25.526750 +0800,
173,3,17,1000,,low,None,None,1,,,,,,,,,,,0,0,0,0,17,3,173,3,528.0917784000048,,,,192855.94461287558,192855.94460515003,-0.007725553587079048,1.7696045651314352,0.3838680255449209,None,1,,,,,pilot,001,2026-09-16_14h28.25.135,p3,,2026.2.3,59.90703626112904,2026-09-16 14h28.25.526750 +0800,
174,4,17,1000,,low,None,None,1,,,,,,,,,,,0,0,0,0,17,4,174,6,529.8763813999831,,,,192857.71055662213,192857.71056355003,0.0069279049057513475,1.685909381301984,0.3651698721295333,None,1,,,,,pilot,001,2026-09-16_14h28.25.135,p3,,2026.2.3,59.90703626112904,2026-09-16 14h28.25.526750 +0800,
175,5,17,1000,,low,None,None,1,,,,,,,,,,,0,0,0,0,17,5,175,8,531.5616031999816,,,,192859.35112670276,192859.35111818335,-0.008519418770447373,1.5522801971775437,0.32055475274311274,None,1,,,,,pilot,001,2026-09-16_14h28.25.135,p3,,2026.2.3,59.90703626112904,2026-09-16 14h28.25.526750 +0800,
176,6,17,1000,,low,None,None,1,,,,,,,,,,,0,0,0,0,17,6,176,4,533.1288922000094,,,,192861.03462255106,192861.03462541674,0.0028656795620918274,1.6204745462317183,0.4361740010391326,None,1,,,,,pilot,001,2026-09-16_14h28.25.135,p3,,2026.2.3,59.90703626112904,2026-09-16 14h28.25.526750 +0800,
177,7,17,1000,,low,None,None,1,,,,,,,,,,,0,0,0,0,17,7,177,9,534.7639425999951,,,,192862.63184249806,192862.63184585,0.003351946361362934,1.6921260564228904,0.39892334802360774,None,1,,,,,pilot,001,2026-09-16_14h28.25.135,p3,,2026.2.3,59.90703626112904,2026-09-16 14h28.25.526750 +0800,
178,8,17,1000,,low,None,None,1,,,,,,,,,,,0,0,0,0,17,8,178,7,536.4652037000051,,,,192864.38578320522,192864.38578418334,0.0009781215339899063,1.6953833091847634,0.4518989551892867,None,1,,,,,pilot,001,2026-09-16_14h28.25.135,p3,,2026.2.3,59.90703626112904,2026-09-16 14h28.25.526750 +0800,
179,9,17,1000,,low,None,None,1,,,,,,,,,,,0,0,0,0,17,9,179,2,538.1668493000034,,,,192865.871583991,192865.87157961668,-0.004374305717647076,1.7737739772754024,0.23490974097616577,None,1,,,,,pilot,001,2026-09-16_14h28.25.135,p3,,2026.2.3,59.90703626112904,2026-09-16 14h28.25.526750 +0800,
180,0,18,1500,,high,space,space,1,0.5646742000244558,0.050385399983497337,,,,,,,,,0,0,0,0,18,0,180,1,539.9519180000061,,,,192867.64659994285,192867.6466033167,0.0033738615456968546,1.7322757399990183,0.2255895928282809,space,1,0.5646742000244558,0.050385399983497337,,,pilot,001,2026-09-16_14h28.25.135,p3,,2026.2.3,59.90703626112904,2026-09-16 14h28.25.526750 +0800,
181,1,18,1000,,low,None,None,1,,,,,,,,,,,0,0,0,0,18,1,181,9,541.6863994000014,,,,192869.62919259965,192869.6291989167,0.006317044608294964,1.697727440966089,0.47299264963431786,None,1,,,,,pilot,001,2026-09-16_14h28.25.135,p3,,2026.2.3,59.90703626112904,2026-09-16 14h28.25.526750 +0800,
182,2,18,1000,,low,None,None,1,,,,,,,,,,,0,0,0,0,18,2,182,7,543.3878541000013,,,,192871.2062474293,192871.20624475004,-0.002679269528016448,1.5415859677926183,0.34904327928910894,None,1,,,,,pilot,001,2026-09-16_14h28.25.135,p3,,2026.2.3,59.90703626112904,2026-09-16 14h28.25.526750 +0800,
183,3,18,1000,,low,None,None,1,,,,,,,,,,,0,0,0,0,18,3,183,3,544.939512699988,,,,192872.58246001202,192872.58246008336,7.133348844945431e-05,1.6123854118428025,0.17377466200153857,None,1,,,,,pilot,001,2026-09-16_14h28.25.135,p3,,2026.2.3,59.90703626112904,2026-09-16 14h28.25.526750 +0800,
184,4,18,1500,,high,space,space,1,0.8678064999985509,0.049858199985465035,,,,,,,,,0,0,0,0,18,4,184,0,546.5577371999971,,,,192874.50481330635,192874.50481805002,0.004743662429973483,1.505238568850079,0.4783388563393284,space,1,0.8678064999985509,0.049858199985465035,,,pilot,001,2026-09-16_14h28.25.135,p3,,2026.2.3,59.90703626112904,2026-09-16 14h28.25.526750 +0800,
185,5,18,1000,,low,None,None,1,,,,,,,,,,,0,0,0,0,18,5,185,4,548.0750303999812,,,,192875.756646983,192875.75664271667,-0.004266330506652594,1.7429549112933371,0.2121393329844581,None,1,,,,,pilot,001,2026-09-16_14h28.25.135,p3,,2026.2.3,59.90703626112904,2026-09-16 14h28.25.526750 +0800,
186,6,18,1000,,low,None,None,1,,,,,,,,,,,0,0,0,0,18,6,186,8,549.8269063000043,,,,192877.77062400212,192877.77063181667,0.00781455310061574,1.6753781967383394,0.47439145210600986,None,1,,,,,pilot,001,2026-09-16_14h28.25.135,p3,,2026.2.3,59.90703626112904,2026-09-16 14h28.25.526750 +0800,
187,7,18,1000,,low,None,None,1,,,,,,,,,,,0,0,0,0,18,7,187,6,551.5114549999998,,,,192879.36081958454,192879.36080941668,-0.01016785972751677,1.6546700846733915,0.38015383451582385,None,1,,,,,pilot,001,2026-09-16_14h28.25.135,p3,,2026.2.3,59.90703626112904,2026-09-16 14h28.25.526750 +0800,
188,8,18,1000,,low,None,None,1,,,,,,,,,,,0,0,0,0,18,8,188,5,553.1800383999944,,,,192880.86207087207,192880.8620642167,-0.006655376637354493,1.579804687658487,0.2135086220600515,None,1,,,,,pilot,001,2026-09-16_14h28.25.135,p3,,2026.2.3,59.90703626112904,2026-09-16 14h28.25.526750 +0800,
189,9,18,1000,,low,None,None,1,,,,,,,,,,,0,0,0,0,18,9,189,2,554.763987399987,,,,192882.65809996397,192882.65809968338,-0.00028059002943336964,1.6385199741999923,0.42515231394455133,None,1,,,,,pilot,001,2026-09-16_14h28.25.135,p3,,2026.2.3,59.90703626112904,2026-09-16 14h28.25.526750 +0800,
190,0,19,1000,,low,None,None,1,,,,,,,,,,,0,0,0,0,19,0,190,9,556.4157560000021,,,,192884.15257654054,192884.15258558336,0.009042822057381272,1.65948536308705,0.267854790527761,None,1,,,,,pilot,001,2026-09-16_14h28.25.135,p3,,2026.2.3,59.90703626112904,2026-09-16 14h28.25.526750 +0800,
191,1,19,1000,,low,None,None,1,,,,,,,,,,,0,0,0,0,19,1,191,7,558.0838856000046,,,,192885.76102127793,192885.76102545002,0.00417209230363369,1.7712041171045376,0.2080215279098659,None,1,,,,,pilot,001,2026-09-16_14h28.25.135,p3,,2026.2.3,59.90703626112904,2026-09-16 14h28.25.526750 +0800,
192,2,19,1000,,low,None,None,1,,,,,,,,,,,0,0,0,0,19,2,192,3,559.868639399996,,,,192887.65542660782,192887.65543688336,0.010275543900206685,1.595438054531403,0.31817055778430026,None,1,,,,,pilot,001,2026-09-16_14h28.25.135,p3,,2026.2.3,59.90703626112904,2026-09-16 14h28.25.526750 +0800,
193,3,19,1000,,low,None,None,1,,,,,,,,,,,0,0,0,0,19,3,193,4,561.4695186000026,,,,192889.35330404088,192889.3533109167,0.006875809049233794,1.676233161744984,0.4144725908563238,None,1,,,,,pilot,001,2026-09-16_14h28.25.135,p3,,2026.2.3,59.90703626112904,2026-09-16 14h28.25.526750 +0800,
194,4,19,1000,,low,None,None,1,,,,,,,,,,,0,0,0,0,19,4,194,5,563.1550057999848,,,,192890.97945829676,192890.97945245003,-0.005846726708114147,1.5114878577346524,0.35539694675956457,None,1,,,,,pilot,001,2026-09-16_14h28.25.135,p3,,2026.2.3,59.90703626112904,2026-09-16 14h28.25.526750 +0800,
195,5,19,1500,,high,space,None,0,,,,,,,,,,,0,0,0,0,19,5,195,0,564.6729358999874,,,,192892.58421987906,192892.58421238334,-0.007495720637962222,1.5746179034079586,0.4421562290576707,None,0,,,,,pilot,001,2026-09-16_14h28.25.135,p3,,2026.2.3,59.90703626112904,2026-09-16 14h28.25.526750 +0800,
196,6,19,1000,,low,None,None,1,,,,,,,,,,,0,0,0,0,19,6,196,2,566.2607793000061,,,,192893.96484951436,192893.96484918337,-0.0003309978637844324,1.7430492666264452,0.23697156433294642,None,1,,,,,pilot,001,2026-09-16_14h28.25.135,p3,,2026.2.3,59.90703626112904,2026-09-16 14h28.25.526750 +0800,
197,7,19,1000,,low,None,None,1,,,,,,,,,,,0,0,0,0,19,7,197,8,568.0085687999963,,,,192895.86371203602,192895.86371441672,0.002380693331360817,1.6036106890298691,0.38584658599609795,None,1,,,,,pilot,001,2026-09-16_14h28.25.135,p3,,2026.2.3,59.90703626112904,2026-09-16 14h28.25.526750 +0800,
198,8,19,1000,,low,None,None,1,,,,,,,,,,,0,0,0,0,19,8,198,6,569.6272163999965,,,,192897.49971135223,192897.49971788336,0.006531132385134697,1.5980372129962224,0.40320850221650106,None,1,,,,,pilot,001,2026-09-16_14h28.25.135,p3,,2026.2.3,59.90703626112904,2026-09-16 14h28.25.526750 +0800,
199,9,19,1500,,high,space,space,1,0.8138276000099722,0.04916359999333508,,,,,,,,,0,0,0,0,19,9,199,1,571.2279174999858,,,,192899.06643280064,192899.06643281667,1.603621058166027e-05,1.728731932139861,0.3691436505921992,space,1,0.8138276000099722,0.04916359999333508,,,pilot,001,2026-09-16_14h28.25.135,p3,,2026.2.3,59.90703626112904,2026-09-16 14h28.25.526750 +0800,
0,0,0,1000,,low,None,None,1,,,,,,,,,,,1,0,1,0,0,0,0,4,595.7821652999846,,,,192923.53748622944,192923.53749465002,0.008420582162216306,1.5048294256775157,0.29173167942939227,None,1,,,572.9610975999967,595.7528076999879,pilot,001,2026-09-16_14h28.25.135,p3,,2026.2.3,59.90703626112904,2026-09-16 14h28.25.526750 +0800,
1,1,0,1500,,high,space,space,1,1.2473574000177905,0.027382100000977516,,,,,,,,,1,0,1,0,0,1,1,1,597.3002971999813,,,,192925.09241756404,192925.09241118334,-0.0063806946855038404,1.5310155360963331,0.3229194140240976,space,1,1.2473574000177905,0.027382100000977516,,,pilot,001,2026-09-16_14h28.25.135,p3,,2026.2.3,59.90703626112904,2026-09-16 14h28.25.526750 +0800,
2,2,0,1000,,low,None,None,1,,,,,,,,,,,1,0,1,0,0,2,2,9,598.8353439999919,,,,192926.62277699975,192926.62277121667,-0.005783076630905271,1.711240536925573,0.31814884973732094,None,1,,,,,pilot,001,2026-09-16_14h28.25.135,p3,,2026.2.3,59.90703626112904,2026-09-16 14h28.25.526750 +0800,
3,3,0,1000,,low,None,None,1,,,,,,,,,,,1,0,1,0,0,3,3,5,600.553230599995,,,,192928.44016666352,192928.44017328336,0.006619840860366821,1.7956788163044615,0.41793361349272506,None,1,,,,,pilot,001,2026-09-16_14h28.25.135,p3,,2026.2.3,59.90703626112904,2026-09-16 14h28.25.526750 +0800,
4,4,0,1000,,low,None,None,1,,,,,,,,,,,1,0,1,0,0,4,4,3,602.354917699995,,,,192930.1572430638,192930.15723575006,-0.007313734386116266,1.5279315508172648,0.3335111137755328,None,1,,,,,pilot,001,2026-09-16_14h28.25.135,p3,,2026.2.3,59.90703626112904,2026-09-16 14h28.25.526750 +0800,
5,5,0,1000,,low,None,None,1,,,,,,,,,,,1,0,1,0,0,5,5,2,603.8898034000013,,,,192931.56487715567,192931.56487508334,-0.0020723382476717234,1.5818622522214767,0.20576600565377856,None,1,,,,,pilot,001,2026-09-16_14h28.25.135,p3,,2026.2.3,59.90703626112904,2026-09-16 14h28.25.526750 +0800,
6,6,0,1000,,low,None,None,1,,,,,,,,,,,1,0,1,0,0,6,6,8,605.4742322999809,,,,192933.20851728492,192933.20851615004,-0.001134874764829874,1.6949865600776133,0.2652020349158476,None,1,,,,,pilot,001,2026-09-16_14h28.25.135,p3,,2026.2.3,59.90703626112904,2026-09-16 14h28.25.526750 +0800,
7,7,0,1000,,low,None,None,1,,,,,,,,,,,1,0,1,0,0,7,7,6,607.1751869999862,,,,192934.84696115452,192934.84695708335,-0.004071160219609737,1.6013555069471312,0.202587304479133,None,1,,,,,pilot,001,2026-09-16_14h28.25.135,p3,,2026.2.3,59.90703626112904,2026-09-16 14h28.25.526750 +0800,
8,8,0,1500,,high,space,space,1,0.5715302000171505,0.07247640000423416,,,,,,,,,1,0,1,0,0,8,8,0,608.7767325000023,,,,192936.41376580912,192936.41376838335,0.002574233803898096,1.74891024273383,0.1673421591115816,space,1,0.5715302000171505,0.07247640000423416,,,pilot,001,2026-09-16_14h28.25.135,p3,,2026.2.3,59.90703626112904,2026-09-16 14h28.25.526750 +0800,
9,9,0,1000,,low,None,None,1,,,,,,,,,,,1,0,1,0,0,9,9,7,610.5280024000094,,,,192938.37586174102,192938.3758537167,-0.008024333510547876,1.7716020545637217,0.37836829100143676,None,1,,,,,pilot,001,2026-09-16_14h28.25.135,p3,,2026.2.3,59.90703626112904,2026-09-16 14h28.25.526750 +0800,
10,0,1,1000,,low,None,None,1,,,,,,,,,,,1,0,1,0,1,0,10,4,612.3132129999867,,,,192940.17928908116,192940.17928811672,-0.0009644427336752415,1.7122682554802942,0.39662083112483104,None,1,,,,,pilot,001,2026-09-16_14h28.25.135,p3,,2026.2.3,59.90703626112904,2026-09-16 14h28.25.526750 +0800,
11,1,1,1000,,low,None,None,1,,,,,,,,,,,1,0,1,0,1,1,11,2,614.0316136000038,,,,192941.94311807057,192941.94311345005,-0.004620524123311043,1.5984529071010747,0.44290362054012744,None,1,,,,,pilot,001,2026-09-16_14h28.25.135,p3,,2026.2.3,59.90703626112904,2026-09-16 14h28.25.526750 +0800,
12,2,1,1000,,low,None,None,1,,,,,,,,,,,1,0,1,0,1,2,12,5,615.6330336999963,,,,192943.4588830975,192943.45888738337,0.004285859176889062,1.5263762019805034,0.35648364747584005,None,1,,,,,pilot,001,2026-09-16_14h28.25.135,p3,,2026.2.3,59.90703626112904,2026-09-16 14h28.25.526750 +0800,
13,3,1,1000,,low,None,None,1,,,,,,,,,,,1,0,1,0,1,3,13,8,617.1680800000031,,,,192944.95927066111,192944.95927921668,0.008555565727874637,1.6274513098521772,0.3183672110811674,None,1,,,,,pilot,001,2026-09-16_14h28.25.135,p3,,2026.2.3,59.90703626112904,2026-09-16 14h28.25.526750 +0800,
14,4,1,1000,,low,None,None,1,,,,,,,,,,,1,0,1,0,1,4,14,6,618.8020167000068,,,,192946.5869378265,192946.58692945002,-0.008376489859074354,1.6717862407771882,0.3155678764759434,None,1,,,,,pilot,001,2026-09-16_14h28.25.135,p3,,2026.2.3,59.90703626112904,2026-09-16 14h28.25.526750 +0800,
15,5,1,1500,,high,space,space,1,0.8093332000134978,0.04997729999013245,,,,,,,,,1,0,1,0,1,5,15,1,620.4870417999919,,,,192948.44645334515,192948.44646005004,0.006704882252961397,1.6642884675876908,0.49054629512833337,space,1,0.8093332000134978,0.04997729999013245,,,pilot,001,2026-09-16_14h28.25.135,p3,,2026.2.3,59.90703626112904,2026-09-16 14h28.25.526750 +0800,
16,6,1,1000,,low,None,None,1,,,,,,,,,,,1,0,1,0,1,6,16,9,622.1548972000019,,,,192949.97545597187,192949.9754601167,0.00414482201449573,1.7985785410539274,0.35105812184860774,None,1,,,,,pilot,001,2026-09-16_14h28.25.135,p3,,2026.2.3,59.90703626112904,2026-09-16 14h28.25.526750 +0800,
17,7,1,1000,,low,None,None,1,,,,,,,,,,,1,0,1,0,1,7,17,7,623.956818799983,,,,192951.61851194693,192951.61851665005,0.004703120794147253,1.60179800569764,0.19263829690730966,None,1,,,,,pilot,001,2026-09-16_14h28.25.135,p3,,2026.2.3,59.90703626112904,2026-09-16 14h28.25.526750 +0800,
18,8,1,1000,,low,None,None,1,,,,,,,,,,,1,0,1,0,1,8,18,3,625.5579549999966,,,,192953.29513383584,192953.29513328336,-0.0005524780135601759,1.627875707367717,0.2682479858478258,None,1,,,,,pilot,001,2026-09-16_14h28.25.135,p3,,2026.2.3,59.90703626112904,2026-09-16 14h28.25.526750 +0800,
19,9,1,1500,,high,space,space,1,0.5841855999897234,0.027418000012403354,,,,,,,,,1,0,1,0,1,9,19,0,627.1930489999941,,,,192954.84727991844,192954.84727565004,-0.004268396878615022,1.562700934359677,0.18529756842384854,space,1,0.5841855999897234,0.027418000012403354,,,pilot,001,2026-09-16_14h28.25.135,p3,,2026.2.3,59.90703626112904,2026-09-16 14h28.25.526750 +0800,
20,0,2,1000,,low,None,None,1,,,,,,,,,,,1,0,1,0,2,0,20,6,628.7605115000042,,,,192956.53855124014,192956.5385421167,-0.009123439667746425,1.5726558841236906,0.30834669012794824,None,1,,,,,pilot,001,2026-09-16_14h28.25.135,p3,,2026.2.3,59.90703626112904,2026-09-16 14h28.25.526750 +0800,
21,1,2,1000,,low,None,None,1,,,,,,,,,,,1,0,1,0,2,1,21,7,630.3454019000055,,,,192958.09056942933,192958.09056728336,-0.0021459709387272596,1.5956641768695212,0.276630479313695,None,1,,,,,pilot,001,2026-09-16_14h28.25.135,p3,,2026.2.3,59.90703626112904,2026-09-16 14h28.25.526750 +0800,
22,2,2,1000,,low,None,None,1,,,,,,,,,,,1,0,1,0,2,2,22,3,631.9464154999878,,,,192959.8807959221,192959.8807997167,0.003794586518779397,1.744870864137016,0.46492787210143915,None,1,,,,,pilot,001,2026-09-16_14h28.25.135,p3,,2026.2.3,59.90703626112904,2026-09-16 14h28.25.526750 +0800,
23,3,2,1500,,high,space,space,1,0.7179373000108171,0.04926729999715462,,,,,,,,,1,0,1,0,2,3,23,0,633.697918299993,,,,192961.57220125804,192961.57220668334,0.005425303243100643,1.7661673400316331,0.4048337080233254,space,1,0.7179373000108171,0.04926729999715462,,,pilot,001,2026-09-16_14h28.25.135,p3,,2026.2.3,59.90703626112904,2026-09-16 14h28.25.526750 +0800,
24,4,2,1000,,low,None,None,1,,,,,,,,,,,1,0,1,0,2,4,24,8,635.4662979999848,,,,192963.2037792671,192963.2037851167,0.005849607987329364,1.5362861364560387,0.26898611705789466,None,1,,,,,pilot,001,2026-09-16_14h28.25.135,p3,,2026.2.3,59.90703626112904,2026-09-16 14h28.25.526750 +0800,
25,5,2,1500,,high,space,space,1,0.6139096999831963,0.05028840000159107,,,,,,,,,1,0,1,0,2,5,25,1,637.0179350999824,,,,192964.75907405472,192964.75906615003,-0.007904687663540244,1.7488543902572393,0.27235840469962713,space,1,0.6139096999831963,0.05028840000159107,,,pilot,001,2026-09-16_14h28.25.135,p3,,2026.2.3,59.90703626112904,2026-09-16 14h28.25.526750 +0800,
26,6,2,1000,,low,None,None,1,,,,,,,,,,,1,0,1,0,2,6,26,9,638.769045699999,,,,192966.67730251473,192966.67731241672,0.009901996236294508,1.6287289484043352,0.43906096469854317,None,1,,,,,pilot,001,2026-09-16_14h28.25.135,p3,,2026.2.3,59.90703626112904,2026-09-16 14h28.25.526750 +0800,
27,7,2,1000,,low,None,None,1,,,,,,,,,,,1,0,1,0,2,7,27,2,640.403758600005,,,,192968.3041243053,192968.30412965003,0.005344743840396404,1.7343348054473458,0.4317263552855888,None,1,,,,,pilot,001,2026-09-16_14h28.25.135,p3,,2026.2.3,59.90703626112904,2026-09-16 14h28.25.526750 +0800,
28,8,2,1000,,low,None,None,1,,,,,,,,,,,1,0,1,0,2,8,28,5,642.1387828000006,,,,192970.10652783583,192970.10651855,-0.009285839041694999,1.6698719845768197,0.498783685817192,None,1,,,,,pilot,001,2026-09-16_14h28.25.135,p3,,2026.2.3,59.90703626112904,2026-09-16 14h28.25.526750 +0800,
29,9,2,1000,,low,None,None,1,,,,,,,,,,,1,0,1,0,2,9,29,4,643.823367200006,,,,192971.6421014476,192971.64209408336,-0.007364229531958699,1.5843573032492158,0.3499176975608348,None,1,,,,,pilot,001,2026-09-16_14h28.25.135,p3,,2026.2.3,59.90703626112904,2026-09-16 14h28.25.526750 +0800,
30,0,3,1000,,low,None,None,1,,,,,,,,,,,1,0,1,0,3,0,30,4,645.407770699996,,,,192973.29091307116,192973.2909099167,-0.003154476871713996,1.6319117869552915,0.4136023211410016,None,1,,,,,pilot,001,2026-09-16_14h28.25.135,p3,,2026.2.3,59.90703626112904,2026-09-16 14h28.25.526750 +0800,
31,1,3,1000,,low,None,None,1,,,,,,,,,,,1,0,1,0,3,1,31,6,647.0427871999855,,,,192974.94129754463,192974.94129041667,-0.007127964636310935,1.5078945126104124,0.42996659463050346,None,1,,,,,pilot,001,2026-09-16_14h28.25.135,p3,,2026.2.3,59.90703626112904,2026-09-16 14h28.25.526750 +0800,
32,2,3,1000,,low,None,None,1,,,,,,,,,,,1,0,1,0,3,2,32,7,648.5606912999938,,,,192976.51635040846,192976.51634708335,-0.0033251126296818256,1.7921968873442877,0.48707385844005857,None,1,,,,,pilot,001,2026-09-16_14h28.25.135,p3,,2026.2.3,59.90703626112904,2026-09-16 14h28.25.526750 +0800,
33,3,3,1000,,low,None,None,1,,,,,,,,,,,1,0,1,0,3,3,33,9,650.3626462999964,,,,192978.29900680136,192978.29899905002,-0.007751339580863714,1.5872289784897078,0.46765555133805137,None,1,,,,,pilot,001,2026-09-16_14h28.25.135,p3,,2026.2.3,59.90703626112904,2026-09-16 14h28.25.526750 +0800,
34,4,3,1500,,high,space,space,1,0.6552542999852449,0.07216030001291074,,,,,,,,,1,0,1,0,3,4,34,1,651.9632498999999,,,,192979.73863541856,192979.73862938336,-0.006035203114151955,1.6485418113897552,0.3062709685495968,space,1,0.6552542999852449,0.07216030001291074,,,pilot,001,2026-09-16_14h28.25.135,p3,,2026.2.3,59.90703626112904,2026-09-16 14h28.25.526750 +0800,
35,5,3,1000,,low,None,None,1,,,,,,,,,,,1,0,1,0,3,5,35,8,653.6149603000085,,,,192981.54236954104,192981.5423595167,-0.010024348739534616,1.732589968670187,0.4579914910277366,None,1,,,,,pilot,001,2026-09-16_14h28.25.135,p3,,2026.2.3,59.90703626112904,2026-09-16 14h28.25.526750 +0800,
36,6,3,1000,,low,None,None,1,,,,,,,,,,,1,0,1,0,3,6,36,5,655.349653399986,,,,192983.18640016337,192983.1863993167,-0.0008466595318168402,1.5953492902863264,0.36781711334688827,None,1,,,,,pilot,001,2026-09-16_14h28.25.135,p3,,2026.2.3,59.90703626112904,2026-09-16 14h28.25.526750 +0800,
37,7,3,1500,,high,space,space,1,0.505430899997009,0.07176040002377704,,,,,,,,,1,0,1,0,3,7,37,0,656.9510237000068,,,,192984.58809316278,192984.58808298336,-0.010179413948208094,1.760561335358506,0.1679897127617206,space,1,0.505430899997009,0.07176040002377704,,,pilot,001,2026-09-16_14h28.25.135,p3,,2026.2.3,59.90703626112904,2026-09-16 14h28.25.526750 +0800,
38,8,3,1000,,low,None,None,1,,,,,,,,,,,1,0,1,0,3,8,38,2,658.7191508999967,,,,192986.343057608,192986.3430638834,0.006275397026911378,1.7771294714867172,0.15384925797567925,None,1,,,,,pilot,001,2026-09-16_14h28.25.135,p3,,2026.2.3,59.90703626112904,2026-09-16 14h28.25.526750 +0800,
39,9,3,1000,,low,None,None,1,,,,,,,,,,,1,0,1,0,3,9,39,3,660.503982299997,,,,192988.44548410224,192988.44549161667,0.007514434400945902,1.548792602311573,0.47220865220493935,None,1,,,,,pilot,001,2026-09-16_14h28.25.135,p3,,2026.2.3,59.90703626112904,2026-09-16 14h28.25.526750 +0800,
40,0,4,1000,,low,None,None,1,,,,,,,,,,,1,0,1,0,4,0,40,2,662.0551511000085,,,,192989.750753117,192989.7507517167,-0.0014003016985952854,1.6683034804538681,0.22570686696529718,None,1,,,,,pilot,001,2026-09-16_14h28.25.135,p3,,2026.2.3,59.90703626112904,2026-09-16 14h28.25.526750 +0800,
41,1,4,1000,,low,None,None,1,,,,,,,,,,,1,0,1,0,4,1,41,3,663.7238194000092,,,,192991.49950981812,192991.49951035,0.0005318725015968084,1.7550537608567065,0.30652526810565184,None,1,,,,,pilot,001,2026-09-16_14h28.25.135,p3,,2026.2.3,59.90703626112904,2026-09-16 14h28.25.526750 +0800,
42,2,4,1000,,low,None,None,1,,,,,,,,,,,1,0,1,0,4,2,42,4,665.4916597999982,,,,192993.35417771948,192993.35417725006,-0.0004694156814366579,1.6840331534766961,0.3929875694532724,None,1,,,,,pilot,001,2026-09-16_14h28.25.135,p3,,2026.2.3,59.90703626112904,2026-09-16 14h28.25.526750 +0800,
43,3,4,1000,,low,None,None,1,,,,,,,,,,,1,0,1,0,4,3,43,9,667.1768056000001,,,,192994.95042272648,192994.95041585003,-0.006876449333503842,1.6353884948967827,0.3048872764551891,None,1,,,,,pilot,001,2026-09-16_14h28.25.135,p3,,2026.2.3,59.90703626112904,2026-09-16 14h28.25.526750 +0800,
44,4,4,1000,,low,None,None,1,,,,,,,,,,,1,0,1,0,4,4,44,8,668.8281534999842,,,,192996.60680217922,192996.60680345003,0.0012708187568932772,1.5468659089165124,0.31004142919353905,None,1,,,,,pilot,001,2026-09-16_14h28.25.135,p3,,2026.2.3,59.90703626112904,2026-09-16 14h28.25.526750 +0800,
45,5,4,1000,,low,None,None,1,,,,,,,,,,,1,0,1,0,4,5,45,5,670.3791553000046,,,,192998.31305847154,192998.31305548336,-0.0029881775844842196,1.565409798502542,0.46437922152956124,None,1,,,,,pilot,001,2026-09-16_14h28.25.135,p3,,2026.2.3,59.90703626112904,2026-09-16 14h28.25.526750 +0800,
46,6,4,1000,,low,None,None,1,,,,,,,,,,,1,0,1,0,4,6,46,6,671.9473811000062,,,,192999.7708114933,192999.77081205003,0.000556727172806859,1.6361677327136315,0.3548261432827833,None,1,,,,,pilot,001,2026-09-16_14h28.25.135,p3,,2026.2.3,59.90703626112904,2026-09-16 14h28.25.526750 +0800,
47,7,4,1500,,high,space,space,1,0.7341545000090264,0.09409910000977106,,,,,,,,,1,0,1,0,4,7,47,1,673.5984807999921,,,,193001.50486033614,193001.5048664834,0.006147252861410379,1.5431527795950297,0.43707738612785585,space,1,0.7341545000090264,0.09409910000977106,,,pilot,001,2026-09-16_14h28.25.135,p3,,2026.2.3,59.90703626112904,2026-09-16 14h28.25.526750 +0800,
48,8,4,1000,,low,None,None,1,,,,,,,,,,,1,0,1,0,4,8,48,7,675.1500021999818,,,,193003.1146286425,193003.11463455,0.005907495506107807,1.5242765560075653,0.49558719246401317,None,1,,,,,pilot,001,2026-09-16_14h28.25.135,p3,,2026.2.3,59.90703626112904,2026-09-16 14h28.25.526750 +0800,
49,9,4,1500,,high,space,space,1,0.730316800007131,0.0720846000185702,,,,,,,,,1,0,1,0,4,9,49,0,676.6846505999856,,,,193004.52011126516,193004.52010725005,-0.004015106242150068,1.6921607650135775,0.3647012151579239,space,1,0.730316800007131,0.0720846000185702,,,pilot,001,2026-09-16_14h28.25.135,p3,,2026.2.3,59.90703626112904,2026-09-16 14h28.25.526750 +0800,
50,0,5,1000,,low,None,None,1,,,,,,,,,,,1,0,1,0,5,0,50,5,678.3867586999841,,,,193006.32817395029,193006.32817528336,0.0013330718502402306,1.6111908844598384,0.4731440002862539,None,1,,,,,pilot,001,2026-09-16_14h28.25.135,p3,,2026.2.3,59.90703626112904,2026-09-16 14h28.25.526750 +0800,
51,1,5,1000,,low,None,None,1,,,,,,,,,,,1,0,1,0,5,1,51,8,680.0040740999975,,,,193007.95253451692,193007.9525298167,-0.00470021041110158,1.5534751969370484,0.4785614669080225,None,1,,,,,pilot,001,2026-09-16_14h28.25.135,p3,,2026.2.3,59.90703626112904,2026-09-16 14h28.25.526750 +0800,
52,2,5,1000,,low,None,None,1,,,,,,,,,,,1,0,1,0,5,2,52,6,681.5718247999903,,,,193009.28823226385,193009.2882402167,0.007952854502946138,1.7179257800474903,0.24673031383000527,None,1,,,,,pilot,001,2026-09-16_14h28.25.135,p3,,2026.2.3,59.90703626112904,2026-09-16 14h28.25.526750 +0800,
53,3,5,1500,,high,space,space,1,0.5370116999838501,0.07275670001399703,,,,,,,,,1,0,1,0,5,3,53,0,683.2900444999977,,,,193010.96445414427,193010.9644546834,0.0005391193553805351,1.6493625290396663,0.20533219424262067,space,1,0.5370116999838501,0.07275670001399703,,,pilot,001,2026-09-16_14h28.25.135,p3,,2026.2.3,59.90703626112904,2026-09-16 14h28.25.526750 +0800,
54,4,5,1000,,low,None,None,1,,,,,,,,,,,1,0,1,0,5,4,54,4,684.9415645999834,,,,193012.598138831,193012.59813825003,-0.0005809706635773182,1.5471525723829034,0.18722498098513207,None,1,,,,,pilot,001,2026-09-16_14h28.25.135,p3,,2026.2.3,59.90703626112904,2026-09-16 14h28.25.526750 +0800,
55,5,5,1000,,low,None,None,1,,,,,,,,,,,1,0,1,0,5,5,55,3,686.493369200005,,,,193014.19975615514,193014.19974835002,-0.007805123459547758,1.7809740962541565,0.23758210513744357,None,1,,,,,pilot,001,2026-09-16_14h28.25.135,p3,,2026.2.3,59.90703626112904,2026-09-16 14h28.25.526750 +0800,
56,6,5,1000,,low,None,None,1,,,,,,,,,,,1,0,1,0,5,6,56,7,688.2778794000042,,,,193016.145520839,193016.14552738337,0.006544374627992511,1.659947826124887,0.39865748898358666,None,1,,,,,pilot,001,2026-09-16_14h28.25.135,p3,,2026.2.3,59.90703626112904,2026-09-16 14h28.25.526750 +0800,
57,7,5,1500,,high,space,space,1,0.7221999999892432,0.07205630000680685,,,,,,,,,1,0,1,0,5,7,57,1,689.9460247999814,,,,193017.79198124443,193017.79198325003,0.002005603164434433,1.5498321213089001,0.3773486943999895,space,1,0.7221999999892432,0.07205630000680685,,,pilot,001,2026-09-16_14h28.25.135,p3,,2026.2.3,59.90703626112904,2026-09-16 14h28.25.526750 +0800,
58,8,5,1000,,low,None,None,1,,,,,,,,,,,1,0,1,0,5,8,58,9,691.4980689999938,,,,193019.2954417246,193019.29543685002,-0.004874571459367871,1.548219942472226,0.32939217457711234,None,1,,,,,pilot,001,2026-09-16_14h28.25.135,p3,,2026.2.3,59.90703626112904,2026-09-16 14h28.25.526750 +0800,
59,9,5,1000,,low,None,None,1,,,,,,,,,,,1,0,1,0,5,9,59,2,693.0481203999952,,,,193020.82894607168,193020.82894265003,-0.0034216500353068113,1.7965256463174042,0.31154852165809266,None,1,,,,,pilot,001,2026-09-16_14h28.25.135,p3,,2026.2.3,59.90703626112904,2026-09-16 14h28.25.526750 +0800,
60,0,6,1500,,high,space,space,1,0.6553967999934684,0.07219770000665449,,,,,,,,,1,0,1,0,6,0,60,1,694.850030200003,,,,193022.6630768009,193022.66308248337,0.005682464689016342,1.5197638137815153,0.343859850886561,space,1,0.6553967999934684,0.07219770000665449,,,pilot,001,2026-09-16_14h28.25.135,p3,,2026.2.3,59.90703626112904,2026-09-16 14h28.25.526750 +0800,
61,1,6,1000,,low,None,None,1,,,,,,,,,,,1,0,1,0,6,1,61,8,696.3857297000068,,,,193024.06811982743,193024.06811281672,-0.007010705303400755,1.6813189150781271,0.21403317740307914,None,1,,,,,pilot,001,2026-09-16_14h28.25.135,p3,,2026.2.3,59.90703626112904,2026-09-16 14h28.25.526750 +0800,
62,2,6,1000,,low,None,None,1,,,,,,,,,,,1,0,1,0,6,2,62,7,698.0690202999976,,,,193025.87263620345,193025.87263058338,-0.005620066076517105,1.6273272905052911,0.3338718534196302,None,1,,,,,pilot,001,2026-09-16_14h28.25.135,p3,,2026.2.3,59.90703626112904,2026-09-16 14h28.25.526750 +0800,
63,3,6,1000,,low,None,None,1,,,,,,,,,,,1,0,1,0,6,3,63,3,699.7043843999854,,,,193027.43894762645,193027.43895758333,0.009956886060535908,1.6552030213771607,0.26521917642482523,None,1,,,,,pilot,001,2026-09-16_14h28.25.135,p3,,2026.2.3,59.90703626112904,2026-09-16 14h28.25.526750 +0800,
64,4,6,1000,,low,None,None,1,,,,,,,,,,,1,0,1,0,6,4,64,6,701.3721737999876,,,,193029.0329878447,193029.03299728336,0.009438663255423307,1.6139217761541838,0.1920260946737843,None,1,,,,,pilot,001,2026-09-16_14h28.25.135,p3,,2026.2.3,59.90703626112904,2026-09-16 14h28.25.526750 +0800,
65,5,6,1000,,low,None,None,1,,,,,,,,,,,1,0,1,0,6,5,65,2,702.9914349000028,,,,193030.83200825268,193030.83199928334,-0.00896933488547802,1.7486625952571127,0.37278980266846945,None,1,,,,,pilot,001,2026-09-16_14h28.25.135,p3,,2026.2.3,59.90703626112904,2026-09-16 14h28.25.526750 +0800,
66,6,6,1500,,high,space,space,1,0.7990056999842636,0.07315400001243688,,,,,,,,,1,0,1,0,6,6,66,0,704.7416340000054,,,,193032.68800099916,193032.6880024834,0.0014842371456325054,1.5994597699745998,0.4770217491348111,space,1,0.7990056999842636,0.07315400001243688,,,pilot,001,2026-09-16_14h28.25.135,p3,,2026.2.3,59.90703626112904,2026-09-16 14h28.25.526750 +0800,
67,7,6,1000,,low,None,None,1,,,,,,,,,,,1,0,1,0,6,7,67,4,706.3432733000081,,,,193034.0146317864,193034.01463545003,0.0036636192817240953,1.7972061996130906,0.20172883641213096,None,1,,,,,pilot,001,2026-09-16_14h28.25.135,p3,,2026.2.3,59.90703626112904,2026-09-16 14h28.25.526750 +0800,
68,8,6,1000,,low,None,None,1,,,,,,,,,,,1,0,1,0,6,8,68,5,708.144647499983,,,,193035.93224875032,193035.93225155002,0.002799701178446412,1.624266262702979,0.31835820029871587,None,1,,,,,pilot,001,2026-09-16_14h28.25.135,p3,,2026.2.3,59.90703626112904,2026-09-16 14h28.25.526750 +0800,
69,9,6,1000,,low,None,None,1,,,,,,,,,,,1,0,1,0,6,9,69,9,709.7795252999931,,,,193037.49519816428,193037.49519185,-0.006314279744401574,1.6618195952762138,0.24670151427451878,None,1,,,,,pilot,001,2026-09-16_14h28.25.135,p3,,2026.2.3,59.90703626112904,2026-09-16 14h28.25.526750 +0800,
70,0,7,1500,,high,space,space,1,0.7764297999965493,0.09497110001393594,,,,,,,,,1,0,1,0,7,0,70,1,711.4473956000002,,,,193039.36850200823,193039.36850498337,0.002975139068439603,1.75426813992988,0.45238255818706763,space,1,0.7764297999965493,0.09497110001393594,,,pilot,001,2026-09-16_14h28.25.135,p3,,2026.2.3,59.90703626112904,2026-09-16 14h28.25.526750 +0800,
71,1,7,1000,,low,None,None,1,,,,,,,,,,,1,0,1,0,7,1,71,4,713.2155418999901,,,,193040.97384425034,193040.97385328336,0.009033014066517353,1.6654152534246578,0.2887801003324885,None,1,,,,,pilot,001,2026-09-16_14h28.25.135,p3,,2026.2.3,59.90703626112904,2026-09-16 14h28.25.526750 +0800,
72,2,7,1000,,low,None,None,1,,,,,,,,,,,1,0,1,0,7,2,72,5,714.8833655999915,,,,193042.7080853433,193042.70808755004,0.0022067397367209196,1.6360207567794396,0.35588859326803146,None,1,,,,,pilot,001,2026-09-16_14h28.25.135,p3,,2026.2.3,59.90703626112904,2026-09-16 14h28.25.526750 +0800,
73,3,7,1000,,low,None,None,1,,,,,,,,,,,1,0,1,0,7,3,73,3,716.5351787999971,,,,193044.22796660053,193044.22797211667,0.005516136297956109,1.6194055810764054,0.2235988505081848,None,1,,,,,pilot,001,2026-09-16_14h28.25.135,p3,,2026.2.3,59.90703626112904,2026-09-16 14h28.25.526750 +0800,
74,4,7,1000,,low,None,None,1,,,,,,,,,,,1,0,1,0,7,4,74,6,718.1697386000014,,,,193045.96226287942,193045.96227191668,0.009037263225764036,1.6884179918656625,0.32373792940972823,None,1,,,,,pilot,001,2026-09-16_14h28.25.135,p3,,2026.2.3,59.90703626112904,2026-09-16 14h28.25.526750 +0800,
75,5,7,1000,,low,None,None,1,,,,,,,,,,,1,0,1,0,7,5,75,8,719.871932399983,,,,193047.74965260754,193047.74966255,0.009942450560629368,1.5995259647989604,0.4094522575413092,None,1,,,,,pilot,001,2026-09-16_14h28.25.135,p3,,2026.2.3,59.90703626112904,2026-09-16 14h28.25.526750 +0800,
76,6,7,1000,,low,None,None,1,,,,,,,,,,,1,0,1,0,7,6,76,2,721.4724004000018,,,,193049.28014423978,193049.28014328334,-0.0009564391802996397,1.6178770537730396,0.33865758973459226,None,1,,,,,pilot,001,2026-09-16_14h28.25.135,p3,,2026.2.3,59.90703626112904,2026-09-16 14h28.25.526750 +0800,
77,7,7,1500,,high,space,space,1,0.6078299000218976,0.07306999998399988,,,,,,,,,1,0,1,0,7,7,77,0,723.0911428999971,,,,193050.8992413166,193050.89925108335,0.009766750736162066,1.740685453997603,0.3394450665802041,space,1,0.6078299000218976,0.07306999998399988,,,pilot,001,2026-09-16_14h28.25.135,p3,,2026.2.3,59.90703626112904,2026-09-16 14h28.25.526750 +0800,
78,8,7,1000,,low,None,None,1,,,,,,,,,,,1,0,1,0,7,8,78,9,724.8427277999872,,,,193052.77427727205,193052.77427111668,-0.006155372830107808,1.5887341169539129,0.462921222044965,None,1,,,,,pilot,001,2026-09-16_14h28.25.135,p3,,2026.2.3,59.90703626112904,2026-09-16 14h28.25.526750 +0800,
79,9,7,1000,,low,None,None,1,,,,,,,,,,,1,0,1,0,7,9,79,7,726.4437930999848,,,,193054.2296961971,193054.22970588336,0.009686278644949198,1.7364316571077765,0.3169220470658243,None,1,,,,,pilot,001,2026-09-16_14h28.25.135,p3,,2026.2.3,59.90703626112904,2026-09-16 14h28.25.526750 +0800,
80,0,8,1000,,low,None,None,1,,,,,,,,,,,1,0,1,0,8,0,80,2,728.1950938999944,,,,193056.0466148272,193056.04661448338,-0.000343832653015852,1.761444381069493,0.38274387718795644,None,1,,,,,pilot,001,2026-09-16_14h28.25.135,p3,,2026.2.3,59.90703626112904,2026-09-16 14h28.25.526750 +0800,
81,1,8,1000,,low,None,None,1,,,,,,,,,,,1,0,1,0,8,1,81,4,729.9628925999859,,,,193057.6224203938,193057.62241208335,-0.008310453267768025,1.5864073772310878,0.19002514378931296,None,1,,,,,pilot,001,2026-09-16_14h28.25.135,p3,,2026.2.3,59.90703626112904,2026-09-16 14h28.25.526750 +0800,
82,2,8,1000,,low,None,None,1,,,,,,,,,,,1,0,1,0,8,2,82,6,731.5479511999874,,,,193059.42909735258,193059.42908908337,-0.008269213140010834,1.5089970054017725,0.41103590257053635,None,1,,,,,pilot,001,2026-09-16_14h28.25.135,p3,,2026.2.3,59.90703626112904,2026-09-16 14h28.25.526750 +0800,
83,3,8,1500,,high,space,space,1,0.624271000007866,0.07245720000355504,,,,,,,,,1,0,1,0,8,3,83,0,733.0658515999967,,,,193060.85861816944,193060.85862635,0.008180562872439623,1.7806052464028888,0.3235377193986072,space,1,0.624271000007866,0.07245720000355504,,,pilot,001,2026-09-16_14h28.25.135,p3,,2026.2.3,59.90703626112904,2026-09-16 14h28.25.526750 +0800,
84,4,8,1000,,low,None,None,1,,,,,,,,,,,1,0,1,0,8,4,84,7,734.8510926000017,,,,193062.54179470098,193062.54179445005,-0.000250933226197958,1.7459641773121326,0.22171315095933242,None,1,,,,,pilot,001,2026-09-16_14h28.25.135,p3,,2026.2.3,59.90703626112904,2026-09-16 14h28.25.526750 +0800,
85,5,8,1500,,high,space,space,1,0.6656310000107624,0.07276709997677244,,,,,,,,,1,0,1,0,8,5,85,1,736.601778399985,,,,193064.31262231048,193064.31261938336,-0.0029271177481859922,1.7719600287872113,0.24100576045332622,space,1,0.6656310000107624,0.07276709997677244,,,pilot,001,2026-09-16_14h28.25.135,p3,,2026.2.3,59.90703626112904,2026-09-16 14h28.25.526750 +0800,
86,6,8,1000,,low,None,None,1,,,,,,,,,,,1,0,1,0,8,6,86,8,738.3873404999904,,,,193066.34383119992,193066.3438294834,-0.001716514816507697,1.7982555209171962,0.4870621499188794,None,1,,,,,pilot,001,2026-09-16_14h28.25.135,p3,,2026.2.3,59.90703626112904,2026-09-16 14h28.25.526750 +0800,
87,7,8,1000,,low,None,None,1,,,,,,,,,,,1,0,1,0,8,7,87,3,740.1885157999932,,,,193068.06206405105,193068.06205868337,-0.00536767765879631,1.7950298722784956,0.40466400101464006,None,1,,,,,pilot,001,2026-09-16_14h28.25.135,p3,,2026.2.3,59.90703626112904,2026-09-16 14h28.25.526750 +0800,
88,8,8,1000,,low,None,None,1,,,,,,,,,,,1,0,1,0,8,8,88,5,741.989996999997,,,,193069.635558179,193069.63556418338,0.006004382157698274,1.5562796416797442,0.17706922898660146,None,1,,,,,pilot,001,2026-09-16_14h28.25.135,p3,,2026.2.3,59.90703626112904,2026-09-16 14h28.25.526750 +0800,
89,9,8,1000,,low,None,None,1,,,,,,,,,,,1,0,1,0,8,9,89,9,743.5582041000016,,,,193071.51124616057,193071.5112548167,0.008656119462102652,1.6505917871498124,0.4842467105530064,None,1,,,,,pilot,001,2026-09-16_14h28.25.135,p3,,2026.2.3,59.90703626112904,2026-09-16 14h28.25.526750 +0800,
90,0,9,1000,,low,None,None,1,,,,,,,,,,,1,0,1,0,9,0,90,7,745.2093127999979,,,,193073.06373441266,193073.06374035001,0.005937356036156416,1.6708758693976546,0.385259362630356,None,1,,,,,pilot,001,2026-09-16_14h28.25.135,p3,,2026.2.3,59.90703626112904,2026-09-16 14h28.25.526750 +0800,
91,1,9,1000,,low,None,None,1,,,,,,,,,,,1,0,1,0,9,1,91,8,746.8944461999927,,,,193074.81150467243,193074.81149598336,-0.008689064998179674,1.7751503559417052,0.44838402239271136,None,1,,,,,pilot,001,2026-09-16_14h28.25.135,p3,,2026.2.3,59.90703626112904,2026-09-16 14h28.25.526750 +0800,
92,2,9,1500,,high,space,space,1,0.6711823000223376,0.07219159998930991,,,,,,,,,1,0,1,0,9,2,92,1,748.6797585999884,,,,193076.43060811103,193076.43061078334,0.0026723137125372887,1.776212542585248,0.28276466101745024,space,1,0.6711823000223376,0.07219159998930991,,,pilot,001,2026-09-16_14h28.25.135,p3,,2026.2.3,59.90703626112904,2026-09-16 14h28.25.526750 +0800,
93,3,9,1500,,high,space,space,1,0.6025935999932699,0.13473020002129488,,,,,,,,,1,0,1,0,9,3,93,0,750.4637248000072,,,,193078.14849058932,193078.14849451667,0.003927358193323016,1.6871621349496484,0.21527243929653428,space,1,0.6025935999932699,0.13473020002129488,,,pilot,001,2026-09-16_14h28.25.135,p3,,2026.2.3,59.90703626112904,2026-09-16 14h28.25.526750 +0800,
94,4,9,1000,,low,None,None,1,,,,,,,,,,,1,0,1,0,9,4,94,4,752.1670540999912,,,,193080.12747283085,193080.1274682167,-0.004614150384441018,1.6679507462224583,0.4930099808359997,None,1,,,,,pilot,001,2026-09-16_14h28.25.135,p3,,2026.2.3,59.90703626112904,2026-09-16 14h28.25.526750 +0800,
95,5,9,1000,,low,None,None,1,,,,,,,,,,,1,0,1,0,9,5,95,6,753.8500357999874,,,,193081.5475785703,193081.54758248336,0.00391306821256876,1.6996905174421015,0.2289785202686448,None,1,,,,,pilot,001,2026-09-16_14h28.25.135,p3,,2026.2.3,59.90703626112904,2026-09-16 14h28.25.526750 +0800,
96,6,9,1000,,low,None,None,1,,,,,,,,,,,1,0,1,0,9,6,96,9,755.551395699993,,,,193083.26330429545,193083.26331355,0.00925455242395401,1.7669569010910722,0.2422227454231843,None,1,,,,,pilot,001,2026-09-16_14h28.25.135,p3,,2026.2.3,59.90703626112904,2026-09-16 14h28.25.526750 +0800,
97,7,9,1000,,low,None,None,1,,,,,,,,,,,1,0,1,0,9,7,97,5,757.319797300006,,,,193084.9523397648,193084.9523342167,-0.005548092303797603,1.6175548230747026,0.16360471479752256,None,1,,,,,pilot,001,2026-09-16_14h28.25.135,p3,,2026.2.3,59.90703626112904,2026-09-16 14h28.25.526750 +0800,
98,8,9,1000,,low,None,None,1,,,,,,,,,,,1,0,1,0,9,8,98,2,758.9376230000053,,,,193086.7067125552,193086.70672078335,0.008228147635236382,1.7451020352084803,0.2997243051703749,None,1,,,,,pilot,001,2026-09-16_14h28.25.135,p3,,2026.2.3,59.90703626112904,2026-09-16 14h28.25.526750 +0800,
99,9,9,1000,,low,None,None,1,,,,,,,,,,,1,0,1,0,9,9,99,3,760.6892802999937,,,,193088.6047177273,193088.60472608334,0.00835602986626327,1.708865448388561,0.4466996772971097,None,1,,,,,pilot,001,2026-09-16_14h28.25.135,p3,,2026.2.3,59.90703626112904,2026-09-16 14h28.25.526750 +0800,
100,0,10,1000,,low,None,None,1,,,,,,,,,,,1,0,1,0,10,0,100,9,762.4076445999963,,,,193090.21456252283,193090.21455598337,-0.006539456080645323,1.5581555345697597,0.3384011727979086,None,1,,,,,pilot,001,2026-09-16_14h28.25.135,p3,,2026.2.3,59.90703626112904,2026-09-16 14h28.25.526750 +0800,
101,1,10,1500,,high,space,space,1,0.5636210999800824,0.049931000015931204,,,,,,,,,1,0,1,0,10,1,101,1,763.9755704999843,,,,193091.62461006382,193091.62460448334,-0.005580484867095947,1.5612135175554198,0.17999351378575584,space,1,0.5636210999800824,0.049931000015931204,,,pilot,001,2026-09-16_14h28.25.135,p3,,2026.2.3,59.90703626112904,2026-09-16 14h28.25.526750 +0800,
102,2,10,1000,,low,None,None,1,,,,,,,,,,,1,0,1,0,10,2,102,3,765.5452929000021,,,,193093.37764123254,193093.37764791667,0.006684131221845746,1.580463164991404,0.3617755824994542,None,1,,,,,pilot,001,2026-09-16_14h28.25.135,p3,,2026.2.3,59.90703626112904,2026-09-16 14h28.25.526750 +0800,
103,3,10,1000,,low,None,None,1,,,,,,,,,,,1,0,1,0,10,3,103,4,767.1280809000018,,,,193095.06533961545,193095.06534731667,0.007701222784817219,1.6202559992155094,0.46754676541659224,None,1,,,,,pilot,001,2026-09-16_14h28.25.135,p3,,2026.2.3,59.90703626112904,2026-09-16 14h28.25.526750 +0800,
104,4,10,1500,,high,space,space,1,0.5690379999869037,0.027159999997820705,,,,,,,,,1,0,1,0,10,4,104,0,768.7630567000015,,,,193096.45770905787,193096.45769868334,-0.010374526027590036,1.5688314710884992,0.22534690786833889,space,1,0.5690379999869037,0.027159999997820705,,,pilot,001,2026-09-16_14h28.25.135,p3,,2026.2.3,59.90703626112904,2026-09-16 14h28.25.526750 +0800,
105,5,10,1000,,low,None,None,1,,,,,,,,,,,1,0,1,0,10,5,105,5,770.3475700999843,,,,193098.2003601528,193098.20036325004,0.0030972296372056007,1.5237231837614122,0.3834594027902837,None,1,,,,,pilot,001,2026-09-16_14h28.25.135,p3,,2026.2.3,59.90703626112904,2026-09-16 14h28.25.526750 +0800,
106,6,10,1000,,low,None,None,1,,,,,,,,,,,1,0,1,0,10,6,106,6,771.8820156999864,,,,193099.69658380502,193099.6965908167,0.007011665729805827,1.5203681748701374,0.3454639550188721,None,1,,,,,pilot,001,2026-09-16_14h28.25.135,p3,,2026.2.3,59.90703626112904,2026-09-16 14h28.25.526750 +0800,
107,7,10,1000,,low,None,None,1,,,,,,,,,,,1,0,1,0,10,7,107,7,773.4172071999928,,,,193101.37796073724,193101.37795978336,-0.0009538780432194471,1.7051070485828566,0.4919227872058758,None,1,,,,,pilot,001,2026-09-16_14h28.25.135,p3,,2026.2.3,59.90703626112904,2026-09-16 14h28.25.526750 +0800,
108,8,10,1000,,low,None,None,1,,,,,,,,,,,1,0,1,0,10,8,108,8,775.1353649999946,,,,193102.93209748468,193102.93209348337,-0.0040013110265135765,1.6499859543467783,0.32729353465332445,None,1,,,,,pilot,001,2026-09-16_14h28.25.135,p3,,2026.2.3,59.90703626112904,2026-09-16 14h28.25.526750 +0800,
109,9,10,1000,,low,None,None,1,,,,,,,,,,,1,0,1,0,10,9,109,2,776.7863042999816,,,,193104.43149960806,193104.43149935003,-0.000258034560829401,1.6491939308710366,0.17624015802660664,None,1,,,,,pilot,001,2026-09-16_14h28.25.135,p3,,2026.2.3,59.90703626112904,2026-09-16 14h28.25.526750 +0800,
110,0,11,1000,,low,None,None,1,,,,,,,,,,,1,0,1,0,11,0,110,8,778.4376080000075,,,,193106.24390388725,193106.24390325006,-0.0006371992640197277,1.6224310650385332,0.3377484372426678,None,1,,,,,pilot,001,2026-09-16_14h28.25.135,p3,,2026.2.3,59.90703626112904,2026-09-16 14h28.25.526750 +0800,
111,1,11,1000,,low,None,None,1,,,,,,,,,,,1,0,1,0,11,1,111,5,780.0721348999941,,,,193107.82530761152,193107.82531181668,0.004205154255032539,1.5494831660323891,0.2839161615253415,None,1,,,,,pilot,001,2026-09-16_14h28.25.135,p3,,2026.2.3,59.90703626112904,2026-09-16 14h28.25.526750 +0800,
112,2,11,1000,,low,None,None,1,,,,,,,,,,,1,0,1,0,11,2,112,3,781.6236060000083,,,,193109.30042079563,193109.30041091668,-0.009878946002572775,1.745204615630665,0.20796184563262554,None,1,,,,,pilot,001,2026-09-16_14h28.25.135,p3,,2026.2.3,59.90703626112904,2026-09-16 14h28.25.526750 +0800,
113,3,11,1500,,high,space,space,1,0.6056021000258625,0.04934909997973591,,,,,,,,,1,0,1,0,11,3,113,1,783.3752184000041,,,,193111.16848994567,193111.16848698337,-0.0029623042792081833,1.5603121598979734,0.32415519563189044,space,1,0.6056021000258625,0.04934909997973591,,,pilot,001,2026-09-16_14h28.25.135,p3,,2026.2.3,59.90703626112904,2026-09-16 14h28.25.526750 +0800,
114,4,11,1000,,low,None,None,1,,,,,,,,,,,1,0,1,0,11,4,114,7,784.943121999997,,,,193112.8015657581,193112.8015617167,-0.004041387001052499,1.5124745026283029,0.3889087080910207,None,1,,,,,pilot,001,2026-09-16_14h28.25.135,p3,,2026.2.3,59.90703626112904,2026-09-16 14h28.25.526750 +0800,
115,5,11,1000,,low,None,None,1,,,,,,,,,,,1,0,1,0,11,5,115,4,786.4611277999938,,,,193114.33234308567,193114.3323524167,0.009331037290394306,1.7416332996661308,0.40217483565515966,None,1,,,,,pilot,001,2026-09-16_14h28.25.135,p3,,2026.2.3,59.90703626112904,2026-09-16 14h28.25.526750 +0800,
116,6,11,1000,,low,None,None,1,,,,,,,,,,,1,0,1,0,11,6,116,6,788.2126619000046,,,,193116.02213691233,193116.02214511667,0.008204340701922774,1.5038366251642323,0.34063126231709284,None,1,,,,,pilot,001,2026-09-16_14h28.25.135,p3,,2026.2.3,59.90703626112904,2026-09-16 14h28.25.526750 +0800,
117,7,11,1500,,high,space,space,1,0.7300851999898441,0.02720959999714978,,,,,,,,,1,0,1,0,11,7,117,0,789.7306410000019,,,,193117.5608913809,193117.56089918336,0.007802445907145739,1.6052498948688578,0.3613814309155298,space,1,0.7300851999898441,0.02720959999714978,,,pilot,001,2026-09-16_14h28.25.135,p3,,2026.2.3,59.90703626112904,2026-09-16 14h28.25.526750 +0800,
118,8,11,1000,,low,None,None,1,,,,,,,,,,,1,0,1,0,11,8,118,2,791.3490580999933,,,,193119.05490840846,193119.05490338334,-0.005025125574320555,1.787207172062407,0.2368588584437618,None,1,,,,,pilot,001,2026-09-16_14h28.25.135,p3,,2026.2.3,59.90703626112904,2026-09-16 14h28.25.526750 +0800,
119,9,11,1000,,low,None,None,1,,,,,,,,,,,1,0,1,0,11,9,119,9,793.1502672999923,,,,193121.02950384922,193121.02950865004,0.004800822352990508,1.5887669212332434,0.41015039918832574,None,1,,,,,pilot,001,2026-09-16_14h28.25.135,p3,,2026.2.3,59.90703626112904,2026-09-16 14h28.25.526750 +0800,
120,0,12,1000,,low,None,None,1,,,,,,,,,,,1,0,1,0,12,0,120,8,794.7515340999817,,,,193122.49583733056,193122.49583155,-0.005780544597655535,1.5996319080012908,0.27564888056007053,None,1,,,,,pilot,001,2026-09-16_14h28.25.135,p3,,2026.2.3,59.90703626112904,2026-09-16 14h28.25.526750 +0800,
121,1,12,1000,,low,None,None,1,,,,,,,,,,,1,0,1,0,12,1,121,6,796.3528065999853,,,,193124.25764273686,193124.25765105005,0.008313189027830958,1.5750891879284203,0.435569586855463,None,1,,,,,pilot,001,2026-09-16_14h28.25.135,p3,,2026.2.3,59.90703626112904,2026-09-16 14h28.25.526750 +0800,
122,2,12,1000,,low,None,None,1,,,,,,,,,,,1,0,1,0,12,2,122,9,797.9374676999869,,,,193125.60390378593,193125.60390775005,0.003964116331189871,1.5544782607628402,0.19740363591681281,None,1,,,,,pilot,001,2026-09-16_14h28.25.135,p3,,2026.2.3,59.90703626112904,2026-09-16 14h28.25.526750 +0800,
123,3,12,1000,,low,None,None,1,,,,,,,,,,,1,0,1,0,12,3,123,3,799.5061531999963,,,,193127.19476938836,193127.1947619167,-0.007471651770174503,1.5428640974286707,0.21967483831718526,None,1,,,,,pilot,001,2026-09-16_14h28.25.135,p3,,2026.2.3,59.90703626112904,2026-09-16 14h28.25.526750 +0800,
124,4,12,1000,,low,None,None,1,,,,,,,,,,,1,0,1,0,12,4,124,4,801.0566704999947,,,,193128.79613173284,193128.7961380834,0.006350543117150664,1.7034064847047345,0.2702380828409301,None,1,,,,,pilot,001,2026-09-16_14h28.25.135,p3,,2026.2.3,59.90703626112904,2026-09-16 14h28.25.526750 +0800,
125,5,12,1000,,low,None,None,1,,,,,,,,,,,1,0,1,0,12,5,125,2,802.7583376999828,,,,193130.60569529692,193130.60570468334,0.00938642187975347,1.782053748996058,0.3771111468830276,None,1,,,,,pilot,001,2026-09-16_14h28.25.135,p3,,2026.2.3,59.90703626112904,2026-09-16 14h28.25.526750 +0800,
126,6,12,1500,,high,space,space,1,0.7018416000064462,0.04914210000424646,,,,,,,,,1,0,1,0,12,6,126,1,804.5433042999939,,,,193132.35184134898,193132.35183608334,-0.005265639629215002,1.5245859132922521,0.33947049896461645,space,1,0.7018416000064462,0.04914210000424646,,,pilot,001,2026-09-16_14h28.25.135,p3,,2026.2.3,59.90703626112904,2026-09-16 14h28.25.526750 +0800,
127,7,12,1500,,high,space,space,1,0.702340500021819,0.13375059998361394,,,,,,,,,1,0,1,0,12,7,127,0,806.078067399998,,,,193133.88066073833,193133.8806587167,-0.0020216393750160933,1.7252068398298732,0.33348938832699815,space,1,0.702340500021819,0.13375059998361394,,,pilot,001,2026-09-16_14h28.25.135,p3,,2026.2.3,59.90703626112904,2026-09-16 14h28.25.526750 +0800,
128,8,12,1000,,low,None,None,1,,,,,,,,,,,1,0,1,0,12,8,128,5,807.8128168999974,,,,193135.54181635834,193135.54181435003,-0.0020083098206669092,1.5719998968851814,0.2599962083131117,None,1,,,,,pilot,001,2026-09-16_14h28.25.135,p3,,2026.2.3,59.90703626112904,2026-09-16 14h28.25.526750 +0800,
129,9,12,1000,,low,None,None,1,,,,,,,,,,,1,0,1,0,12,9,129,7,809.3970024999871,,,,193137.0214018977,193137.02139348336,-0.008414353942498565,1.772965347259988,0.1551103477009204,None,1,,,,,pilot,001,2026-09-16_14h28.25.135,p3,,2026.2.3,59.90703626112904,2026-09-16 14h28.25.526750 +0800,
130,0,13,1500,,high,space,space,1,0.790021600027103,0.04947259998880327,,,,,,,,,1,0,1,0,13,0,130,0,811.1823038999864,,,,193139.01790846902,193139.01790721668,-0.0012523378245532513,1.790977168712933,0.3667574189966821,space,1,0.790021600027103,0.04947259998880327,,,pilot,001,2026-09-16_14h28.25.135,p3,,2026.2.3,59.90703626112904,2026-09-16 14h28.25.526750 +0800,
131,1,13,1000,,low,None,None,1,,,,,,,,,,,1,0,1,0,13,1,131,2,812.983773999993,,,,193140.63465630985,193140.63465525006,-0.001059786882251501,1.7242923815720514,0.18195235983343788,None,1,,,,,pilot,001,2026-09-16_14h28.25.135,p3,,2026.2.3,59.90703626112904,2026-09-16 14h28.25.526750 +0800,
132,2,13,1000,,low,None,None,1,,,,,,,,,,,1,0,1,0,13,2,132,8,814.7186474000046,,,,193142.44906043183,193142.44906455002,0.004118192009627819,1.778636033221085,0.26127158180034504,None,1,,,,,pilot,001,2026-09-16_14h28.25.135,p3,,2026.2.3,59.90703626112904,2026-09-16 14h28.25.526750 +0800,
133,3,13,1000,,low,None,None,1,,,,,,,,,,,1,0,1,0,13,3,133,5,816.503578600008,,,,193144.14061042698,193144.14061208337,0.0016563863027840853,1.7858033552782249,0.16843227694356566,None,1,,,,,pilot,001,2026-09-16_14h28.25.135,p3,,2026.2.3,59.90703626112904,2026-09-16 14h28.25.526750 +0800,
134,4,13,1000,,low,None,None,1,,,,,,,,,,,1,0,1,0,13,4,134,4,818.3048451000068,,,,193146.21411485234,193146.21411818336,0.0033310207072645426,1.6190084250801862,0.44021240232125103,None,1,,,,,pilot,001,2026-09-16_14h28.25.135,p3,,2026.2.3,59.90703626112904,2026-09-16 14h28.25.526750 +0800,
135,5,13,1000,,low,None,None,1,,,,,,,,,,,1,0,1,0,13,5,135,9,819.9230312999862,,,,193147.6611917077,193147.66118611672,-0.005590991349890828,1.6801978712991603,0.26927785770603546,None,1,,,,,pilot,001,2026-09-16_14h28.25.135,p3,,2026.2.3,59.90703626112904,2026-09-16 14h28.25.526750 +0800,
136,6,13,1000,,low,None,None,1,,,,,,,,,,,1,0,1,0,13,6,136,7,821.6074544999865,,,,193149.2299132614,193149.22991655004,0.0032886455301195383,1.537907373049745,0.15339921138746923,None,1,,,,,pilot,001,2026-09-16_14h28.25.135,p3,,2026.2.3,59.90703626112904,2026-09-16 14h28.25.526750 +0800,
137,7,13,1000,,low,None,None,1,,,,,,,,,,,1,0,1,0,13,7,137,3,823.1590626999969,,,,193150.7978708411,193150.79786185003,-0.0089910754468292,1.7310714461418941,0.17020429108445786,None,1,,,,,pilot,001,2026-09-16_14h28.25.135,p3,,2026.2.3,59.90703626112904,2026-09-16 14h28.25.526750 +0800,
138,8,13,1500,,high,space,space,1,0.6917940000130329,0.0498131999920588,,,,,,,,,1,0,1,0,13,8,138,1,824.8938067999843,,,,193152.7060750955,193152.70608011668,0.005021167453378439,1.6624764241003833,0.342584045500833,space,1,0.6917940000130329,0.0498131999920588,,,pilot,001,2026-09-16_14h28.25.135,p3,,2026.2.3,59.90703626112904,2026-09-16 14h28.25.526750 +0800,
139,9,13,1000,,low,None,None,1,,,,,,,,,,,1,0,1,0,13,9,139,6,826.561987299996,,,,193154.3371177952,193154.3371146167,-0.0031784875318408012,1.603342614533776,0.30597134517955166,None,1,,,,,pilot,001,2026-09-16_14h28.25.135,p3,,2026.2.3,59.90703626112904,2026-09-16 14h28.25.526750 +0800,
140,0,14,1000,,low,None,None,1,,,,,,,,,,,1,0,1,0,14,0,140,2,828.1802221999969,,,,193155.85501469867,193155.8550167167,0.0020180305000394583,1.5268558857877774,0.2060802486342322,None,1,,,,,pilot,001,2026-09-16_14h28.25.135,p3,,2026.2.3,59.90703626112904,2026-09-16 14h28.25.526750 +0800,
141,1,14,1000,,low,None,None,1,,,,,,,,,,,1,0,1,0,14,1,141,9,829.7150068999908,,,,193157.5334405689,193157.53343728336,-0.003285531420260668,1.6074352357261938,0.3497585188657272,None,1,,,,,pilot,001,2026-09-16_14h28.25.135,p3,,2026.2.3,59.90703626112904,2026-09-16 14h28.25.526750 +0800,
142,2,14,1000,,low,None,None,1,,,,,,,,,,,1,0,1,0,14,2,142,3,831.3326617999992,,,,193159.24550789472,193159.24550755005,-0.00034467666409909725,1.7156208435887241,0.4437798446938497,None,1,,,,,pilot,001,2026-09-16_14h28.25.135,p3,,2026.2.3,59.90703626112904,2026-09-16 14h28.25.526750 +0800,
143,3,14,1000,,low,None,None,1,,,,,,,,,,,1,0,1,0,14,3,143,7,833.0506340999855,,,,193160.8173416257,193160.81733525,-0.006375688826665282,1.7367340740975388,0.2975903756666475,None,1,,,,,pilot,001,2026-09-16_14h28.25.135,p3,,2026.2.3,59.90703626112904,2026-09-16 14h28.25.526750 +0800,
144,4,14,1000,,low,None,None,1,,,,,,,,,,,1,0,1,0,14,4,144,4,834.8021302999987,,,,193162.6899662177,193162.68996045,-0.005767709808424115,1.5757976325937029,0.4187226676651432,None,1,,,,,pilot,001,2026-09-16_14h28.25.135,p3,,2026.2.3,59.90703626112904,2026-09-16 14h28.25.526750 +0800,
145,5,14,1500,,high,space,space,1,0.6739914999925531,0.027946599991992116,,,,,,,,,1,0,1,0,14,5,145,0,836.3869363999984,,,,193164.1672498541,193164.16724515002,-0.004704081220552325,1.7246592537619136,0.3114930041019657,space,1,0.6739914999925531,0.027946599991992116,,,pilot,001,2026-09-16_14h28.25.135,p3,,2026.2.3,59.90703626112904,2026-09-16 14h28.25.526750 +0800,
146,6,14,1000,,low,None,None,1,,,,,,,,,,,1,0,1,0,14,6,146,8,838.1216996999865,,,,193165.92705290695,193165.92705955,0.006643065717071295,1.7423826131883153,0.33643745692369387,None,1,,,,,pilot,001,2026-09-16_14h28.25.135,p3,,2026.2.3,59.90703626112904,2026-09-16 14h28.25.526750 +0800,
147,7,14,1000,,low,None,None,1,,,,,,,,,,,1,0,1,0,14,7,147,6,839.8731458999973,,,,193167.82894470438,193167.82895475003,0.010045652743428946,1.6300598164636864,0.4865578543597837,None,1,,,,,pilot,001,2026-09-16_14h28.25.135,p3,,2026.2.3,59.90703626112904,2026-09-16 14h28.25.526750 +0800,
148,8,14,1000,,low,None,None,1,,,,,,,,,,,1,0,1,0,14,8,148,5,841.508015600004,,,,193169.1603348648,193169.16032908336,-0.0057814468163996935,1.5627443753550077,0.18330411480436018,None,1,,,,,pilot,001,2026-09-16_14h28.25.135,p3,,2026.2.3,59.90703626112904,2026-09-16 14h28.25.526750 +0800,
149,9,14,1500,,high,space,space,1,0.577780999999959,0.04973289999179542,,,,,,,,,1,0,1,0,14,9,149,1,843.0761555999925,,,,193170.81094781836,193170.8109406167,-0.007201655535027385,1.7622311174967609,0.2661902683336685,space,1,0.577780999999959,0.04973289999179542,,,pilot,001,2026-09-16_14h28.25.135,p3,,2026.2.3,59.90703626112904,2026-09-16 14h28.25.526750 +0800,
150,0,15,1000,,low,None,None,1,,,,,,,,,,,1,0,1,0,15,0,150,5,844.8439732999832,,,,193172.65619974828,193172.6561980167,-0.0017315906006842852,1.6648540595547816,0.3433515982588019,None,1,,,,,pilot,001,2026-09-16_14h28.25.135,p3,,2026.2.3,59.90703626112904,2026-09-16 14h28.25.526750 +0800,
151,1,15,1000,,low,None,None,1,,,,,,,,,,,1,0,1,0,15,1,151,4,846.5120819000003,,,,193174.39931038328,193174.39931125002,0.0008667411748319864,1.5441687388929883,0.4175617332612108,None,1,,,,,pilot,001,2026-09-16_14h28.25.135,p3,,2026.2.3,59.90703626112904,2026-09-16 14h28.25.526750 +0800,
152,2,15,1000,,low,None,None,1,,,,,,,,,,,1,0,1,0,15,2,152,7,848.0639182000014,,,,193175.70148226075,193175.70148268336,0.0004226167220622301,1.7867684305904203,0.1687777107213819,None,1,,,,,pilot,001,2026-09-16_14h28.25.135,p3,,2026.2.3,59.90703626112904,2026-09-16 14h28.25.526750 +0800,
153,3,15,1500,,high,space,space,1,0.5391387999989092,0.07209950001561083,,,,,,,,,1,0,1,0,15,3,153,1,849.8652672999888,,,,193177.54280700732,193177.54279661668,-0.010390649549663067,1.6413246448399115,0.20912515729448444,space,1,0.5391387999989092,0.07209950001561083,,,pilot,001,2026-09-16_14h28.25.135,p3,,2026.2.3,59.90703626112904,2026-09-16 14h28.25.526750 +0800,
154,4,15,1000,,low,None,None,1,,,,,,,,,,,1,0,1,0,15,4,154,3,851.5165285999828,,,,193179.31610565918,193179.31610208336,-0.0035758130252361298,1.7989816858802619,0.330594909134587,None,1,,,,,pilot,001,2026-09-16_14h28.25.135,p3,,2026.2.3,59.90703626112904,2026-09-16 14h28.25.526750 +0800,
155,5,15,1000,,low,None,None,1,,,,,,,,,,,1,0,1,0,15,5,155,9,853.3179521999846,,,,193181.15545329123,193181.15545591668,0.0026254565455019474,1.6161261764980983,0.3689189412208316,None,1,,,,,pilot,001,2026-09-16_14h28.25.135,p3,,2026.2.3,59.90703626112904,2026-09-16 14h28.25.526750 +0800,
156,6,15,1500,,high,space,space,1,0.7335136000183411,0.0271356999874115,,,,,,,,,1,0,1,0,15,6,156,0,854.9361016000039,,,,193182.74296382556,193182.74296898337,0.005157809937372804,1.6440996343331133,0.33800217552524914,space,1,0.7335136000183411,0.0271356999874115,,,pilot,001,2026-09-16_14h28.25.135,p3,,2026.2.3,59.90703626112904,2026-09-16 14h28.25.526750 +0800,
157,7,15,1000,,low,None,None,1,,,,,,,,,,,1,0,1,0,15,7,157,8,856.5872569000057,,,,193184.25718956906,193184.25718001672,-0.00955234281718731,1.7159480343601587,0.2011852190618591,None,1,,,,,pilot,001,2026-09-16_14h28.25.135,p3,,2026.2.3,59.90703626112904,2026-09-16 14h28.25.526750 +0800,
158,8,15,1000,,low,None,None,1,,,,,,,,,,,1,0,1,0,15,8,158,2,858.3058304000006,,,,193186.1593631539,193186.15935425003,-0.008903880370780826,1.7100172748966298,0.38474150390036604,None,1,,,,,pilot,001,2026-09-16_14h28.25.135,p3,,2026.2.3,59.90703626112904,2026-09-16 14h28.25.526750 +0800,
159,9,15,1000,,low,None,None,1,,,,,,,,,,,1,0,1,0,15,9,159,6,860.023843700008,,,,193187.86020143083,193187.86019711668,-0.004314148100093007,1.5603046756138,0.3676969807983957,None,1,,,,,pilot,001,2026-09-16_14h28.25.135,p3,,2026.2.3,59.90703626112904,2026-09-16 14h28.25.526750 +0800,
160,0,16,1000,,low,None,None,1,,,,,,,,,,,1,0,1,0,16,0,160,9,861.5919435999822,,,,193189.39986901678,193189.39987348337,0.004466593964025378,1.6746599205919444,0.3388614667597958,None,1,,,,,pilot,001,2026-09-16_14h28.25.135,p3,,2026.2.3,59.90703626112904,2026-09-16 14h28.25.526750 +0800,
161,1,16,1500,,high,space,space,1,0.831298799981596,0.07223390002036467,,,,,,,,,1,0,1,0,16,1,161,1,863.2762676999846,,,,193191.2441141455,193191.2441092167,-0.004928791895508766,1.5478423874512839,0.4984066954720866,space,1,0.831298799981596,0.07223390002036467,,,pilot,001,2026-09-16_14h28.25.135,p3,,2026.2.3,59.90703626112904,2026-09-16 14h28.25.526750 +0800,
162,2,16,1000,,low,None,None,1,,,,,,,,,,,1,0,1,0,16,2,162,4,864.8275744999992,,,,193192.71664542722,193192.71664388335,-0.0015438708942383528,1.6032591568240164,0.4196243772309496,None,1,,,,,pilot,001,2026-09-16_14h28.25.135,p3,,2026.2.3,59.90703626112904,2026-09-16 14h28.25.526750 +0800,
163,3,16,1500,,high,space,space,1,0.7680153000110295,0.049406299978727475,,,,,,,,,1,0,1,0,16,3,163,0,866.4456666999904,,,,193194.29610568465,193194.29611455003,0.008865376003086567,1.73392509325194,0.38144793464046733,space,1,0.7680153000110295,0.049406299978727475,,,pilot,001,2026-09-16_14h28.25.135,p3,,2026.2.3,59.90703626112904,2026-09-16 14h28.25.526750 +0800,
164,4,16,1000,,low,None,None,1,,,,,,,,,,,1,0,1,0,16,4,164,6,868.181462699984,,,,193195.8793621636,193195.8793553167,-0.006846908945590258,1.6621129442617006,0.22927821358178138,None,1,,,,,pilot,001,2026-09-16_14h28.25.135,p3,,2026.2.3,59.90703626112904,2026-09-16 14h28.25.526750 +0800,
165,5,16,1000,,low,None,None,1,,,,,,,,,,,1,0,1,0,16,5,165,7,869.8489225000085,,,,193197.60377309378,193197.60376585004,-0.007243739673867822,1.7104059140856351,0.2858907437818511,None,1,,,,,pilot,001,2026-09-16_14h28.25.135,p3,,2026.2.3,59.90703626112904,2026-09-16 14h28.25.526750 +0800,
166,6,16,1000,,low,None,None,1,,,,,,,,,,,1,0,1,0,16,6,166,3,871.5674749999889,,,,193199.52470068118,193199.52469271672,-0.007964466931298375,1.5337061605301818,0.4885994311880806,None,1,,,,,pilot,001,2026-09-16_14h28.25.135,p3,,2026.2.3,59.90703626112904,2026-09-16 14h28.25.526750 +0800,
167,7,16,1000,,low,None,None,1,,,,,,,,,,,1,0,1,0,16,7,167,5,873.1013121999858,,,,193200.8278410018,193200.8278446167,0.003614899469539523,1.598647579917142,0.2577100517940401,None,1,,,,,pilot,001,2026-09-16_14h28.25.135,p3,,2026.2.3,59.90703626112904,2026-09-16 14h28.25.526750 +0800,
168,8,16,1000,,low,None,None,1,,,,,,,,,,,1,0,1,0,16,8,168,8,874.7027849000006,,,,193202.3930974874,193202.39310631668,0.008829287253320217,1.5948174776247432,0.22104213736664577,None,1,,,,,pilot,001,2026-09-16_14h28.25.135,p3,,2026.2.3,59.90703626112904,2026-09-16 14h28.25.526750 +0800,
169,9,16,1000,,low,None,None,1,,,,,,,,,,,1,0,1,0,16,9,169,2,876.3038451999892,,,,193204.12224900108,193204.12225388334,0.004882254870608449,1.6247807717712606,0.34934445107554335,None,1,,,,,pilot,001,2026-09-16_14h28.25.135,p3,,2026.2.3,59.90703626112904,2026-09-16 14h28.25.526750 +0800,
170,0,17,1000,,low,None,None,1,,,,,,,,,,,1,0,1,0,17,0,170,6,877.9391519000055,,,,193205.7571424923,193205.75713308336,-0.009408948244526982,1.6335269465834883,0.34914234228395735,None,1,,,,,pilot,001,2026-09-16_14h28.25.135,p3,,2026.2.3,59.90703626112904,2026-09-16 14h28.25.526750 +0800,
171,1,17,1000,,low,None,None,1,,,,,,,,,,,1,0,1,0,17,1,171,4,879.5736094999884,,,,193207.40469454863,193207.4046920167,-0.002531945938244462,1.5752926629544286,0.3619377986035868,None,1,,,,,pilot,001,2026-09-16_14h28.25.135,p3,,2026.2.3,59.90703626112904,2026-09-16 14h28.25.526750 +0800,
172,2,17,1000,,low,None,None,1,,,,,,,,,,,1,0,1,0,17,2,172,3,881.1584364000009,,,,193208.8286399395,193208.82864495003,0.005010544555261731,1.5542003262342816,0.20119948945765154,None,1,,,,,pilot,001,2026-09-16_14h28.25.135,p3,,2026.2.3,59.90703626112904,2026-09-16 14h28.25.526750 +0800,
173,3,17,1000,,low,None,None,1,,,,,,,,,,,1,0,1,0,17,3,173,8,882.7262291999941,,,,193210.6550341137,193210.65503705005,0.002936343662440777,1.7205217201310345,0.4580808636942659,None,1,,,,,pilot,001,2026-09-16_14h28.25.135,p3,,2026.2.3,59.90703626112904,2026-09-16 14h28.25.526750 +0800,
174,4,17,1000,,low,None,None,1,,,,,,,,,,,1,0,1,0,17,4,174,9,884.461243800004,,,,193212.27556636283,193212.27555778334,-0.008579489076510072,1.7563468410069913,0.3453946128128317,None,1,,,,,pilot,001,2026-09-16_14h28.25.135,p3,,2026.2.3,59.90703626112904,2026-09-16 14h28.25.526750 +0800,
175,5,17,1000,,low,None,None,1,,,,,,,,,,,1,0,1,0,17,5,175,5,886.2304386000033,,,,193213.97606406975,193213.97606495002,0.0008802744559943676,1.6724975225465017,0.2777492197412536,None,1,,,,,pilot,001,2026-09-16_14h28.25.135,p3,,2026.2.3,59.90703626112904,2026-09-16 14h28.25.526750 +0800,
176,6,17,1000,,low,None,None,1,,,,,,,,,,,1,0,1,0,17,6,176,2,887.9139761999832,,,,193215.7138845271,193215.71388105003,-0.0034770637284964323,1.5440410258013095,0.3308843770535572,None,1,,,,,pilot,001,2026-09-16_14h28.25.135,p3,,2026.2.3,59.90703626112904,2026-09-16 14h28.25.526750 +0800,
177,7,17,1500,,high,space,space,1,0.6981025999994017,0.0729091000102926,,,,,,,,,1,0,1,0,17,7,177,1,889.4651869999943,,,,193217.2984577141,193217.29845968334,0.0019692524801939726,1.5566304397227473,0.36452016407315724,space,1,0.6981025999994017,0.0729091000102926,,,pilot,001,2026-09-16_14h28.25.135,p3,,2026.2.3,59.90703626112904,2026-09-16 14h28.25.526750 +0800,
178,8,17,1000,,low,None,None,1,,,,,,,,,,,1,0,1,0,17,8,178,7,891.0334797999822,,,,193218.82014178808,193218.82014155004,-0.00023804022930562496,1.52334612286232,0.31800043805915645,None,1,,,,,pilot,001,2026-09-16_14h28.25.135,p3,,2026.2.3,59.90703626112904,2026-09-16 14h28.25.526750 +0800,
179,9,17,1500,,high,space,space,1,0.5884444999974221,0.04963769999449141,,,,,,,,,1,0,1,0,17,9,179,0,892.5680966000073,,,,193220.31530906717,193220.31530575,-0.0033171672839671373,1.6042791733314,0.27867071713505953,space,1,0.5884444999974221,0.04963769999449141,,,pilot,001,2026-09-16_14h28.25.135,p3,,2026.2.3,59.90703626112904,2026-09-16 14h28.25.526750 +0800,
180,0,18,1000,,low,None,None,1,,,,,,,,,,,1,0,1,0,18,0,180,6,894.1866345999879,,,,193222.1277295741,193222.1277203167,-0.00925740459933877,1.6153495384179883,0.4732163240800925,None,1,,,,,pilot,001,2026-09-16_14h28.25.135,p3,,2026.2.3,59.90703626112904,2026-09-16 14h28.25.526750 +0800,
181,1,18,1000,,low,None,None,1,,,,,,,,,,,1,0,1,0,18,1,181,4,895.8036946000066,,,,193223.5002838627,193223.50027418335,-0.009679351933300495,1.7910163032220103,0.2271616126889638,None,1,,,,,pilot,001,2026-09-16_14h28.25.135,p3,,2026.2.3,59.90703626112904,2026-09-16 14h28.25.526750 +0800,
182,2,18,1000,,low,None,None,1,,,,,,,,,,,1,0,1,0,18,2,182,8,897.6057911999815,,,,193225.5490089685,193225.54900118336,-0.007785129128023982,1.7942901447401856,0.4745855184700627,None,1,,,,,pilot,001,2026-09-16_14h28.25.135,p3,,2026.2.3,59.90703626112904,2026-09-16 14h28.25.526750 +0800,
183,3,18,1500,,high,space,space,1,0.747152099997038,0.04987969997455366,,,,,,,,,1,0,1,0,18,3,183,0,899.4074011000048,,,,193227.22396234225,193227.2239540167,-0.00832555815577507,1.745977213568128,0.34768829225133047,space,1,0.747152099997038,0.04987969997455366,,,pilot,001,2026-09-16_14h28.25.135,p3,,2026.2.3,59.90703626112904,2026-09-16 14h28.25.526750 +0800,
184,4,18,1000,,low,None,None,1,,,,,,,,,,,1,0,1,0,18,4,184,7,901.1588187000016,,,,193228.89947800507,193228.89948788335,0.00987827661447227,1.683060084962534,0.2715549550426635,None,1,,,,,pilot,001,2026-09-16_14h28.25.135,p3,,2026.2.3,59.90703626112904,2026-09-16 14h28.25.526750 +0800,
185,5,18,1000,,low,None,None,1,,,,,,,,,,,1,0,1,0,18,5,185,5,902.8430746000085,,,,193230.57665194036,193230.57664838334,-0.00355701195076108,1.7198381024540705,0.2637848903339762,None,1,,,,,pilot,001,2026-09-16_14h28.25.135,p3,,2026.2.3,59.90703626112904,2026-09-16 14h28.25.526750 +0800,
186,6,18,1000,,low,None,None,1,,,,,,,,,,,1,0,1,0,18,6,186,2,904.5784571999975,,,,193232.4461580462,193232.44615318335,-0.004862842615693808,1.7299908425748527,0.3980760961600369,None,1,,,,,pilot,001,2026-09-16_14h28.25.135,p3,,2026.2.3,59.90703626112904,2026-09-16 14h28.25.526750 +0800,
187,7,18,1000,,low,None,None,1,,,,,,,,,,,1,0,1,0,18,7,187,9,906.3130240000028,,,,193234.08381727256,193234.08381115005,-0.006122514605522156,1.608928378941721,0.3015131225384097,None,1,,,,,pilot,001,2026-09-16_14h28.25.135,p3,,2026.2.3,59.90703626112904,2026-09-16 14h28.25.526750 +0800,
188,8,18,1000,,low,None,None,1,,,,,,,,,,,1,0,1,0,18,8,188,3,907.9310716000036,,,,193235.84555446735,193235.84555198334,-0.0024840119294822216,1.696007729954894,0.44575361732624263,None,1,,,,,pilot,001,2026-09-16_14h28.25.135,p3,,2026.2.3,59.90703626112904,2026-09-16 14h28.25.526750 +0800,
189,9,18,1500,,high,space,space,1,0.4891477000201121,0.050385499984258786,,,,,,,,,1,0,1,0,18,9,189,1,909.632460199995,,,,193237.25326412977,193237.25326898336,0.004853587597608566,1.6080666615535992,0.15152217974717969,space,1,0.4891477000201121,0.050385499984258786,,,pilot,001,2026-09-16_14h28.25.135,p3,,2026.2.3,59.90703626112904,2026-09-16 14h28.25.526750 +0800,
190,0,19,1500,,high,space,space,1,0.5641183000116143,0.13552630000049248,,,,,,,,,1,0,1,0,19,0,190,1,911.2504570999881,,,,193239.00085248976,193239.00084285002,-0.00963974162004888,1.6734760874494996,0.28155803973402527,space,1,0.5641183000116143,0.13552630000049248,,,pilot,001,2026-09-16_14h28.25.135,p3,,2026.2.3,59.90703626112904,2026-09-16 14h28.25.526750 +0800,
191,1,19,1000,,low,None,None,1,,,,,,,,,,,1,0,1,0,19,1,191,8,912.9349947999872,,,,193240.55461082564,193240.55461398338,0.00315773650072515,1.6245039290472507,0.15037727563338804,None,1,,,,,pilot,001,2026-09-16_14h28.25.135,p3,,2026.2.3,59.90703626112904,2026-09-16 14h28.25.526750 +0800,
192,2,19,1000,,low,None,None,1,,,,,,,,,,,1,0,1,0,19,2,192,3,914.569888900005,,,,193242.25609004273,193242.25608995004,-9.269570000469685e-05,1.566886346989681,0.21697789270525197,None,1,,,,,pilot,001,2026-09-16_14h28.25.135,p3,,2026.2.3,59.90703626112904,2026-09-16 14h28.25.526750 +0800,
193,3,19,1000,,low,None,None,1,,,,,,,,,,,1,0,1,0,19,3,193,5,916.1378063999873,,,,193244.10185550395,193244.10186148336,0.005979411071166396,1.555455489870343,0.4952894539179289,None,1,,,,,pilot,001,2026-09-16_14h28.25.135,p3,,2026.2.3,59.90703626112904,2026-09-16 14h28.25.526750 +0800,
194,4,19,1500,,high,space,space,1,0.7190036999818403,0.026919900003122166,,,,,,,,,1,0,1,0,19,4,194,0,917.7063260999857,,,,193245.5256496989,193245.5256522167,0.0025178014766424894,1.6002198226062472,0.35078704888186996,space,1,0.7190036999818403,0.026919900003122166,,,pilot,001,2026-09-16_14h28.25.135,p3,,2026.2.3,59.90703626112904,2026-09-16 14h28.25.526750 +0800,
195,5,19,1000,,low,None,None,1,,,,,,,,,,,1,0,1,0,19,5,195,7,919.3072407,,,,193247.04905482597,193247.04905381668,-0.001009291736409068,1.645178638410826,0.27225897594019693,None,1,,,,,pilot,001,2026-09-16_14h28.25.135,p3,,2026.2.3,59.90703626112904,2026-09-16 14h28.25.526750 +0800,
196,6,19,1000,,low,None,None,1,,,,,,,,,,,1,0,1,0,19,6,196,6,920.9590658000088,,,,193248.9278473097,193248.92783765003,-0.009659677743911743,1.7421866906890318,0.4998072596843258,None,1,,,,,pilot,001,2026-09-16_14h28.25.135,p3,,2026.2.3,59.90703626112904,2026-09-16 14h28.25.526750 +0800,
197,7,19,1000,,low,None,None,1,,,,,,,,,,,1,0,1,0,19,7,197,2,922.7105223999824,,,,193250.6624327269,193250.6624410167,0.008289789548143744,1.5726104673051837,0.48310887687558945,None,1,,,,,pilot,001,2026-09-16_14h28.25.135,p3,,2026.2.3,59.90703626112904,2026-09-16 14h28.25.526750 +0800,
198,8,19,1000,,low,None,None,1,,,,,,,,,,,1,0,1,0,19,8,198,4,924.2947014999809,,,,193252.04256392998,193252.04255365,-0.010279967682436109,1.5206698299487087,0.2782819799675151,None,1,,,,,pilot,001,2026-09-16_14h28.25.135,p3,,2026.2.3,59.90703626112904,2026-09-16 14h28.25.526750 +0800,
199,9,19,1000,,low,None,None,1,,,,,,,,,,,1,0,1,0,19,9,199,9,925.8294841999887,,,,193253.66576925252,193253.6657616167,-0.007635826477780938,1.5994587024064681,0.36754680251233274,None,1,,,,,pilot,001,2026-09-16_14h28.25.135,p3,,2026.2.3,59.90703626112904,2026-09-16 14h28.25.526750 +0800,
,,,,,,,,,,,,,,,,,,,,,,,,,,,,,,,,,,,,,,,,927.4286765999859,,,,,,,,,,
