thisN,thisTrialN,thisRepN,stim,freq,eyes.thisRepN,eyes.thisTrialN,eyes.thisN,eyes.thisIndex,blocks.thisRepN,blocks.thisTrialN,blocks.thisN,blocks.thisIndex,oddball.thisRepN,oddball.thisTrialN,oddball.thisN,oddball.thisIndex,thisRow.t,notes,piloting,isi,soa,audio_target_lsl,audio_actual_lsl,audio_schedule_error_ms,Break.started,Break.stopped,outro.started,outro.stopped,participant,session,date,expName,expVersion,psychopyVersion,frameRate,expStart,
,,,,,,,,,,,,,,,,,,,True,,,,,,,,,,pilot,001,2026-09-16_15h13.58.267,mmn,,2026.2.3,60.26721276801285,2026-09-16 15h13.58.664781 +0800,
0,0,0,standard,1000,3,0,3,0,0,0,0,0,0,0,0,1,247.1735117000062,,,1.273027821808741,0.2,195307.96881575,195307.96880735,-0.008400005754083395,,,,,pilot,001,2026-09-16_15h13.58.267,mmn,,2026.2.3,60.26721276801285,2026-09-16 15h13.58.664781 +0800,
1,1,0,standard,1000,,,,,0,0,0,0,0,1,1,7,248.4593150000146,,,1.2458343370624234,0.2,195309.25675625,195309.2567633833,0.007133319741114974,,,,,pilot,001,2026-09-16_15h13.58.267,mmn,,2026.2.3,60.26721276801285,2026-09-16 15h13.58.664781 +0800,
2,2,0,standard,1000,,,,,0,0,0,0,0,2,2,2,249.70754420000594,,,1.076966083125948,0.2,195310.50687475,195310.50687578332,0.0010333315003663301,,,,,pilot,001,2026-09-16_15h13.58.267,mmn,,2026.2.3,60.26721276801285,2026-09-16 15h13.58.664781 +0800,
3,3,0,standard,1000,,,,,0,0,0,0,0,3,3,3,250.79174700001022,,,1.2594567608757983,0.2,195311.58871545,195311.58872398332,0.008533330401405692,,,,,pilot,001,2026-09-16_15h13.58.267,mmn,,2026.2.3,60.26721276801285,2026-09-16 15h13.58.664781 +0800,
4,4,0,standard,1000,,,,,0,0,0,0,0,4,4,8,252.05800220000674,,,1.1223594050225902,0.2,195312.85503415,195312.85502818332,-0.0059666926972568035,,,,,pilot,001,2026-09-16_15h13.58.267,mmn,,2026.2.3,60.26721276801285,2026-09-16 15h13.58.664781 +0800,
5,5,0,standard,1000,,,,,0,0,0,0,0,5,5,4,253.19110700002057,,,1.4586473814051115,0.2,195313.98864325,195313.98863671668,-0.006533315172418952,,,,,pilot,001,2026-09-16_15h13.58.267,mmn,,2026.2.3,60.26721276801285,2026-09-16 15h13.58.664781 +0800,
6,6,0,standard,1000,,,,,0,0,0,0,0,6,6,6,254.65819539999939,,,1.409208643842155,0.2,195315.45576695,195315.45577471665,0.007766648195683956,,,,,pilot,001,2026-09-16_15h13.58.267,mmn,,2026.2.3,60.26721276801285,2026-09-16 15h13.58.664781 +0800,
7,7,0,oddball,1200,,,,,0,0,0,0,0,7,7,9,256.07483699999284,,,1.4727580921778185,0.2,195316.87354055,195316.87353228332,-0.008266681106761098,,,,,pilot,001,2026-09-16_15h13.58.267,mmn,,2026.2.3,60.26721276801285,2026-09-16 15h13.58.664781 +0800,
8,8,0,standard,1000,,,,,0,0,0,0,0,8,8,0,257.557942000014,,,1.366525742583741,0.2,195318.35577215,195318.35577875,0.006599992047995329,,,,,pilot,001,2026-09-16_15h13.58.267,mmn,,2026.2.3,60.26721276801285,2026-09-16 15h13.58.664781 +0800,
9,9,0,standard,1000,,,,,0,0,0,0,0,9,9,5,258.9247927000106,,,1.1044420554048733,0.2,195319.72240505,195319.72240551666,0.0004666508175432682,,,,,pilot,001,2026-09-16_15h13.58.267,mmn,,2026.2.3,60.26721276801285,2026-09-16 15h13.58.664781 +0800,
10,0,1,standard,1000,,,,,0,0,0,0,1,0,10,4,260.0416977000132,,,1.0045330257065477,0.2,195320.83891415,195320.83891128332,-0.0028666690923273563,,,,,pilot,001,2026-09-16_15h13.58.267,mmn,,2026.2.3,60.26721276801285,2026-09-16 15h13.58.664781 +0800,
11,1,1,standard,1000,,,,,0,0,0,0,1,1,11,7,261.0581552000076,,,1.1891378455267767,0.2,195321.85524075,195321.85524935002,0.008600007276982069,,,,,pilot,001,2026-09-16_15h13.58.267,mmn,,2026.2.3,60.26721276801285,2026-09-16 15h13.58.664781 +0800,
12,2,1,standard,1000,,,,,0,0,0,0,1,2,12,3,262.2583980000054,,,1.1864659902192527,0.2,195323.05726945002,195323.05726761665,-0.001833366695791483,,,,,pilot,001,2026-09-16_15h13.58.267,mmn,,2026.2.3,60.26721276801285,2026-09-16 15h13.58.664781 +0800,
13,3,1,standard,1000,,,,,0,0,0,0,1,3,13,0,263.4600613999937,,,1.3338300501816218,0.2,195324.25860635,195324.25861281666,0.006466667400673032,,,,,pilot,001,2026-09-16_15h13.58.267,mmn,,2026.2.3,60.26721276801285,2026-09-16 15h13.58.664781 +0800,
14,4,1,standard,1000,,,,,0,0,0,0,1,4,14,1,264.808211800002,,,1.1923771643543573,0.2,195325.60664625,195325.60664811666,0.0018666614778339863,,,,,pilot,001,2026-09-16_15h13.58.267,mmn,,2026.2.3,60.26721276801285,2026-09-16 15h13.58.664781 +0800,
15,5,1,oddball,1200,,,,,0,0,0,0,1,5,15,9,266.0089098000026,,,1.3160901896150847,0.2,195326.80739085,195326.80739148334,0.0006333284545689821,,,,,pilot,001,2026-09-16_15h13.58.267,mmn,,2026.2.3,60.26721276801285,2026-09-16 15h13.58.664781 +0800,
16,6,1,standard,1000,,,,,0,0,0,0,1,6,16,6,267.32489980000537,,,1.3603938203713404,0.2,195328.12426595,195328.1242560167,-0.009933311957865953,,,,,pilot,001,2026-09-16_15h13.58.267,mmn,,2026.2.3,60.26721276801285,2026-09-16 15h13.58.664781 +0800,
17,7,1,standard,1000,,,,,0,0,0,0,1,7,17,2,268.69326709999586,,,1.145706381155003,0.2,195329.49172825,195329.49172381667,-0.004433328285813332,,,,,pilot,001,2026-09-16_15h13.58.267,mmn,,2026.2.3,60.26721276801285,2026-09-16 15h13.58.664781 +0800,
18,8,1,standard,1000,,,,,0,0,0,0,1,8,18,5,269.84253460000036,,,1.2702034098300083,0.2,195330.63873925,195330.63874188336,0.002633372787386179,,,,,pilot,001,2026-09-16_15h13.58.267,mmn,,2026.2.3,60.26721276801285,2026-09-16 15h13.58.664781 +0800,
19,9,1,standard,1000,,,,,0,0,0,0,1,9,19,8,271.1250557000167,,,1.2656365125978588,0.2,195331.92347925,195331.9234793167,6.670597940683365e-05,,,,,pilot,001,2026-09-16_15h13.58.267,mmn,,2026.2.3,60.26721276801285,2026-09-16 15h13.58.664781 +0800,
20,0,2,standard,1000,,,,,0,0,0,0,2,0,20,1,272.3926957999938,,,1.1195173951707242,0.2,195333.18983665,195333.18983195,-0.0047000066842883825,,,,,pilot,001,2026-09-16_15h13.58.267,mmn,,2026.2.3,60.26721276801285,2026-09-16 15h13.58.664781 +0800,
21,1,2,standard,1000,,,,,0,0,0,0,2,1,21,0,273.5260973999975,,,1.2654750551740077,0.2,195334.32347175002,195334.32348135,0.009599985787644982,,,,,pilot,001,2026-09-16_15h13.58.267,mmn,,2026.2.3,60.26721276801285,2026-09-16 15h13.58.664781 +0800,
22,2,2,standard,1000,,,,,0,0,0,0,2,2,22,7,274.79359190000105,,,1.1299950460026662,0.2,195335.59072855,195335.59071841667,-0.010133342584595084,,,,,pilot,001,2026-09-16_15h13.58.267,mmn,,2026.2.3,60.26721276801285,2026-09-16 15h13.58.664781 +0800,
23,3,2,standard,1000,,,,,0,0,0,0,2,3,23,2,275.9251714000129,,,1.4672865442516208,0.2,195336.72374135,195336.72373328332,-0.008066679583862424,,,,,pilot,001,2026-09-16_15h13.58.267,mmn,,2026.2.3,60.26721276801285,2026-09-16 15h13.58.664781 +0800,
24,4,2,standard,1000,,,,,0,0,0,0,2,4,24,3,277.3920495000202,,,1.069606850971224,0.2,195338.18917375,195338.18917408332,0.0003333261702209711,,,,,pilot,001,2026-09-16_15h13.58.267,mmn,,2026.2.3,60.26721276801285,2026-09-16 15h13.58.664781 +0800,
25,5,2,standard,1000,,,,,0,0,0,0,2,5,25,6,278.4760414000193,,,1.1940439618878014,0.2,195339.27433955,195339.27433175,-0.007800001185387373,,,,,pilot,001,2026-09-16_15h13.58.267,mmn,,2026.2.3,60.26721276801285,2026-09-16 15h13.58.664781 +0800,
26,6,2,standard,1000,,,,,0,0,0,0,2,6,26,4,279.6755236000172,,,1.0699434881168814,0.2,195340.47293725002,195340.4729375167,0.0002666783984750509,,,,,pilot,001,2026-09-16_15h13.58.267,mmn,,2026.2.3,60.26721276801285,2026-09-16 15h13.58.664781 +0800,
27,7,2,standard,1000,,,,,0,0,0,0,2,7,27,8,280.7586638999928,,,1.0566990694284821,0.2,195341.55579675,195341.55579855,0.0017999846022576094,,,,,pilot,001,2026-09-16_15h13.58.267,mmn,,2026.2.3,60.26721276801285,2026-09-16 15h13.58.664781 +0800,
28,8,2,oddball,1200,,,,,0,0,0,0,2,8,28,9,281.8272901000164,,,1.1940536340651497,0.2,195342.62332355,195342.62332681665,0.0032666430342942476,,,,,pilot,001,2026-09-16_15h13.58.267,mmn,,2026.2.3,60.26721276801285,2026-09-16 15h13.58.664781 +0800,
29,9,2,standard,1000,,,,,0,0,0,0,2,9,29,5,283.0257065000187,,,1.072724504605796,0.2,195343.82285315,195343.82286298333,0.009833340300247073,,,,,pilot,001,2026-09-16_15h13.58.267,mmn,,2026.2.3,60.26721276801285,2026-09-16 15h13.58.664781 +0800,
30,0,3,standard,1000,,,,,0,0,0,0,3,0,30,3,284.10912080001435,,,1.200502664101485,0.2,195344.90651505,195344.9065193833,0.004333298420533538,,,,,pilot,001,2026-09-16_15h13.58.267,mmn,,2026.2.3,60.26721276801285,2026-09-16 15h13.58.664781 +0800,
31,1,3,standard,1000,,,,,0,0,0,0,3,1,31,4,285.3099809999985,,,1.1908384259470721,0.2,195346.10873685,195346.10873418333,-0.0026666675694286823,,,,,pilot,001,2026-09-16_15h13.58.267,mmn,,2026.2.3,60.26721276801285,2026-09-16 15h13.58.664781 +0800,
32,2,3,standard,1000,,,,,0,0,0,0,3,2,32,6,286.5089186000114,,,1.4206630177265482,0.2,195347.30618055,195347.3061875167,0.006966700311750174,,,,,pilot,001,2026-09-16_15h13.58.267,mmn,,2026.2.3,60.26721276801285,2026-09-16 15h13.58.664781 +0800,
33,3,3,standard,1000,,,,,0,0,0,0,3,3,33,2,287.94186280001304,,,1.0778012568784814,0.2,195348.73978985,195348.73978261667,-0.007233320502564311,,,,,pilot,001,2026-09-16_15h13.58.267,mmn,,2026.2.3,60.26721276801285,2026-09-16 15h13.58.664781 +0800,
34,4,3,oddball,1200,,,,,0,0,0,0,3,4,34,9,289.02700080000795,,,1.1045051187117205,0.2,195349.82559565,195349.82559838335,0.0027333444450050592,,,,,pilot,001,2026-09-16_15h13.58.267,mmn,,2026.2.3,60.26721276801285,2026-09-16 15h13.58.664781 +0800,
35,5,3,standard,1000,,,,,0,0,0,0,3,5,35,7,290.1420499999949,,,1.3911562038102032,0.2,195350.93966045,195350.93966741668,0.006966671207919717,,,,,pilot,001,2026-09-16_15h13.58.267,mmn,,2026.2.3,60.26721276801285,2026-09-16 15h13.58.664781 +0800,
36,6,3,standard,1000,,,,,0,0,0,0,3,6,36,0,291.5426141000062,,,1.1204424466266973,0.2,195352.34016945,195352.34017735,0.00790000194683671,,,,,pilot,001,2026-09-16_15h13.58.267,mmn,,2026.2.3,60.26721276801285,2026-09-16 15h13.58.664781 +0800,
37,7,3,standard,1000,,,,,0,0,0,0,3,7,37,5,292.67755190000753,,,1.041165640766084,0.2,195353.47441125,195353.47440284997,-0.008400034857913852,,,,,pilot,001,2026-09-16_15h13.58.267,mmn,,2026.2.3,60.26721276801285,2026-09-16 15h13.58.664781 +0800,
38,8,3,standard,1000,,,,,0,0,0,0,3,8,38,1,293.7258475999988,,,1.4177530751738638,0.2,195354.52403845,195354.52403515,-0.0032999960239976645,,,,,pilot,001,2026-09-16_15h13.58.267,mmn,,2026.2.3,60.26721276801285,2026-09-16 15h13.58.664781 +0800,
39,9,3,standard,1000,,,,,0,0,0,0,3,9,39,8,295.1615562000079,,,1.0740710687576975,0.2,195355.95684615002,195355.95683814998,-0.008000031812116504,,,,,pilot,001,2026-09-16_15h13.58.267,mmn,,2026.2.3,60.26721276801285,2026-09-16 15h13.58.664781 +0800,
40,0,4,standard,1000,,,,,0,0,0,0,4,0,40,1,296.24271409999346,,,1.214091837256634,0.2,195357.04017025,195357.04016991667,-0.0003333261702209711,,,,,pilot,001,2026-09-16_15h13.58.267,mmn,,2026.2.3,60.26721276801285,2026-09-16 15h13.58.664781 +0800,
41,1,4,standard,1000,,,,,0,0,0,0,4,1,41,0,297.4614845000033,,,1.4277156665152553,0.2,195358.25685965,195358.25685034998,-0.009300012607127428,,,,,pilot,001,2026-09-16_15h13.58.267,mmn,,2026.2.3,60.26721276801285,2026-09-16 15h13.58.664781 +0800,
42,2,4,oddball,1200,,,,,0,0,0,0,4,2,42,9,298.8921481000143,,,1.2317382304064548,0.2,195359.68977825,195359.68977595,-0.0022999884095042944,,,,,pilot,001,2026-09-16_15h13.58.267,mmn,,2026.2.3,60.26721276801285,2026-09-16 15h13.58.664781 +0800,
43,3,4,standard,1000,,,,,0,0,0,0,4,3,43,5,300.12566020002123,,,1.0775033176828572,0.2,195360.92337735,195360.92338558333,0.008233328117057681,,,,,pilot,001,2026-09-16_15h13.58.267,mmn,,2026.2.3,60.26721276801285,2026-09-16 15h13.58.664781 +0800,
44,4,4,standard,1000,,,,,0,0,0,0,4,4,44,3,301.2091202000156,,,1.1863353237281045,0.2,195362.00710505,195362.00710335,-0.0016999838408082724,,,,,pilot,001,2026-09-16_15h13.58.267,mmn,,2026.2.3,60.26721276801285,2026-09-16 15h13.58.664781 +0800,
45,5,4,standard,1000,,,,,0,0,0,0,4,5,45,6,302.41034780000336,,,1.434743566928726,0.2,195363.20620635,195363.20621415,0.007800001185387373,,,,,pilot,001,2026-09-16_15h13.58.267,mmn,,2026.2.3,60.26721276801285,2026-09-16 15h13.58.664781 +0800,
46,6,4,standard,1000,,,,,0,0,0,0,4,6,46,2,303.8592891000153,,,1.2554515452189958,0.2,195364.65688735,195364.65689578332,0.008433329639956355,,,,,pilot,001,2026-09-16_15h13.58.267,mmn,,2026.2.3,60.26721276801285,2026-09-16 15h13.58.664781 +0800,
47,7,4,standard,1000,,,,,0,0,0,0,4,7,47,8,305.12594990001526,,,1.3401589883753506,0.2,195365.92351845,195365.92351948333,0.0010333315003663301,,,,,pilot,001,2026-09-16_15h13.58.267,mmn,,2026.2.3,60.26721276801285,2026-09-16 15h13.58.664781 +0800,
48,8,4,standard,1000,,,,,0,0,0,0,4,8,48,7,306.4757530000061,,,1.4372533424046676,0.2,195367.27364365,195367.27363951667,-0.004133326001465321,,,,,pilot,001,2026-09-16_15h13.58.267,mmn,,2026.2.3,60.26721276801285,2026-09-16 15h13.58.664781 +0800,
49,9,4,standard,1000,,,,,0,0,0,0,4,9,49,4,307.92589110002154,,,1.2906740379862827,0.2,195368.72346695,195368.72347478333,0.007833325071260333,,,,,pilot,001,2026-09-16_15h13.58.267,mmn,,2026.2.3,60.26721276801285,2026-09-16 15h13.58.664781 +0800,
50,0,5,standard,1000,,,,,0,0,0,0,5,0,50,8,309.22590700001456,,,1.454607490873873,0.2,195370.02339985,195370.02340711665,0.007266644388437271,,,,,pilot,001,2026-09-16_15h13.58.267,mmn,,2026.2.3,60.26721276801285,2026-09-16 15h13.58.664781 +0800,
51,1,5,standard,1000,,,,,0,0,0,0,5,1,51,3,310.6935664000048,,,1.1274815738655726,0.2,195371.49019215,195371.4901937167,0.001566688297316432,,,,,pilot,001,2026-09-16_15h13.58.267,mmn,,2026.2.3,60.26721276801285,2026-09-16 15h13.58.664781 +0800,
52,2,5,standard,1000,,,,,0,0,0,0,5,2,52,1,311.82615780000924,,,1.284730208468532,0.2,195372.62302585,195372.62302565,-0.000200001522898674,,,,,pilot,001,2026-09-16_15h13.58.267,mmn,,2026.2.3,60.26721276801285,2026-09-16 15h13.58.664781 +0800,
53,3,5,standard,1000,,,,,0,0,0,0,5,3,53,0,313.1095084999979,,,1.4336048408194157,0.2,195373.90770345,195373.90770838334,0.004933332093060017,,,,,pilot,001,2026-09-16_15h13.58.267,mmn,,2026.2.3,60.26721276801285,2026-09-16 15h13.58.664781 +0800,
54,4,5,standard,1000,,,,,0,0,0,0,5,4,54,5,314.5456797000079,,,1.3296930563254463,0.2,195375.34189865,195375.34190275,0.0041000021155923605,,,,,pilot,001,2026-09-16_15h13.58.267,mmn,,2026.2.3,60.26721276801285,2026-09-16 15h13.58.664781 +0800,
55,5,5,standard,1000,,,,,0,0,0,0,5,5,55,7,315.87722260001465,,,1.3688645339368415,0.2,195376.67597535,195376.67596805,-0.007299997378140688,,,,,pilot,001,2026-09-16_15h13.58.267,mmn,,2026.2.3,60.26721276801285,2026-09-16 15h13.58.664781 +0800,
56,6,5,oddball,1200,,,,,0,0,0,0,5,6,56,9,317.25957429999835,,,1.4813508018003525,0.2,195378.05667645,195378.05667455,-0.001900014467537403,,,,,pilot,001,2026-09-16_15h13.58.267,mmn,,2026.2.3,60.26721276801285,2026-09-16 15h13.58.664781 +0800,
57,7,5,standard,1000,,,,,0,0,0,0,5,7,57,4,318.7430079000187,,,1.1061582816715982,0.2,195379.54079245,195379.54078754998,-0.0049000082071870565,,,,,pilot,001,2026-09-16_15h13.58.267,mmn,,2026.2.3,60.26721276801285,2026-09-16 15h13.58.664781 +0800,
58,8,5,standard,1000,,,,,0,0,0,0,5,8,58,6,319.85967530001653,,,1.073683937818271,0.2,195380.65765745,195380.65766065,0.0031999952625483274,,,,,pilot,001,2026-09-16_15h13.58.267,mmn,,2026.2.3,60.26721276801285,2026-09-16 15h13.58.664781 +0800,
59,9,5,standard,1000,,,,,0,0,0,0,5,9,59,2,320.9428636000084,,,1.4838354762357215,0.2,195381.74176865,195381.74177028335,0.0016333360690623522,,,,,pilot,001,2026-09-16_15h13.58.267,mmn,,2026.2.3,60.26721276801285,2026-09-16 15h13.58.664781 +0800,
60,0,6,standard,1000,,,,,0,0,0,0,6,0,60,2,322.4266063999967,,,1.2305233902997461,0.2,195383.22394285,195383.22394908333,0.006233341991901398,,,,,pilot,001,2026-09-16_15h13.58.267,mmn,,2026.2.3,60.26721276801285,2026-09-16 15h13.58.664781 +0800,
61,1,6,standard,1000,,,,,0,0,0,0,6,1,61,1,323.66176750001614,,,1.2379827175750528,0.2,195384.45929295,195384.45930051667,0.007566675776615739,,,,,pilot,001,2026-09-16_15h13.58.267,mmn,,2026.2.3,60.26721276801285,2026-09-16 15h13.58.664781 +0800,
62,2,6,standard,1000,,,,,0,0,0,0,6,2,62,3,324.90946920000715,,,1.3820336459924323,0.2,195385.70900055,195385.70899288333,-0.007666676538065076,,,,,pilot,001,2026-09-16_15h13.58.267,mmn,,2026.2.3,60.26721276801285,2026-09-16 15h13.58.664781 +0800,
63,3,6,standard,1000,,,,,0,0,0,0,6,3,63,6,326.2933496000187,,,1.3025498964353792,0.2,195387.09079805,195387.09080834998,0.010299991117790341,,,,,pilot,001,2026-09-16_15h13.58.267,mmn,,2026.2.3,60.26721276801285,2026-09-16 15h13.58.664781 +0800,
64,4,6,standard,1000,,,,,0,0,0,0,6,4,64,5,327.5940274000168,,,1.429830943021385,0.2,195388.39304635001,195388.39305615003,0.009800016414374113,,,,,pilot,001,2026-09-16_15h13.58.267,mmn,,2026.2.3,60.26721276801285,2026-09-16 15h13.58.664781 +0800,
65,5,6,oddball,1200,,,,,0,0,0,0,6,5,65,9,329.02637730000424,,,1.4742073607828312,0.2,195389.82428525,195389.82427741666,-0.00783335417509079,,,,,pilot,001,2026-09-16_15h13.58.267,mmn,,2026.2.3,60.26721276801285,2026-09-16 15h13.58.664781 +0800,
66,6,6,standard,1000,,,,,0,0,0,0,6,6,66,0,330.5107360999973,,,1.1501107477025971,0.2,195391.30903605,195391.30903185,-0.0042000028770416975,,,,,pilot,001,2026-09-16_15h13.58.267,mmn,,2026.2.3,60.26721276801285,2026-09-16 15h13.58.664781 +0800,
67,7,6,standard,1000,,,,,0,0,0,0,6,7,67,7,331.66044900001725,,,1.4336972843974436,0.2,195392.45909685,195392.45909875,0.0018999853637069464,,,,,pilot,001,2026-09-16_15h13.58.267,mmn,,2026.2.3,60.26721276801285,2026-09-16 15h13.58.664781 +0800,
68,8,6,standard,1000,,,,,0,0,0,0,6,8,68,8,333.0957376000006,,,1.0749806737921466,0.2,195393.89246385,195393.89246578334,0.0019333383534103632,,,,,pilot,001,2026-09-16_15h13.58.267,mmn,,2026.2.3,60.26721276801285,2026-09-16 15h13.58.664781 +0800,
69,9,6,standard,1000,,,,,0,0,0,0,6,9,69,4,334.1994123000186,,,1.132150352992265,0.2,195394.99835695,195394.99835535,-0.001600012183189392,,,,,pilot,001,2026-09-16_15h13.58.267,mmn,,2026.2.3,60.26721276801285,2026-09-16 15h13.58.664781 +0800,
70,0,7,standard,1000,,,,,0,0,0,0,7,0,70,3,335.34362160001183,,,1.073703381530167,0.2,195396.14294005,195396.14294975,0.009700015652924776,,,,,pilot,001,2026-09-16_15h13.58.267,mmn,,2026.2.3,60.26721276801285,2026-09-16 15h13.58.664781 +0800,
71,1,7,standard,1000,,,,,0,0,0,0,7,1,71,5,336.42787370001315,,,1.37650685061112,0.2,195397.22399545,195397.22399701667,0.0015666591934859753,,,,,pilot,001,2026-09-16_15h13.58.267,mmn,,2026.2.3,60.26721276801285,2026-09-16 15h13.58.664781 +0800,
72,2,7,standard,1000,,,,,0,0,0,0,7,2,72,7,337.8102785999945,,,1.0749781685539956,0.2,195398.60753275,195398.60753588332,0.0031333183869719505,,,,,pilot,001,2026-09-16_15h13.58.267,mmn,,2026.2.3,60.26721276801285,2026-09-16 15h13.58.664781 +0800,
73,3,7,standard,1000,,,,,0,0,0,0,7,3,73,6,338.8947218999965,,,1.0492294172343628,0.2,195399.69331325,195399.69330354998,-0.009700015652924776,,,,,pilot,001,2026-09-16_15h13.58.267,mmn,,2026.2.3,60.26721276801285,2026-09-16 15h13.58.664781 +0800,
74,4,7,standard,1000,,,,,0,0,0,0,7,4,74,8,339.94367080001393,,,1.1710480833012307,0.2,195400.74106205002,195400.74106735003,0.0053000112529844046,,,,,pilot,001,2026-09-16_15h13.58.267,mmn,,2026.2.3,60.26721276801285,2026-09-16 15h13.58.664781 +0800,
75,5,7,standard,1000,,,,,0,0,0,0,7,5,75,4,341.1268978000153,,,1.0923834278998112,0.2,195401.92403385,195401.92402858334,-0.005266658263280988,,,,,pilot,001,2026-09-16_15h13.58.267,mmn,,2026.2.3,60.26721276801285,2026-09-16 15h13.58.664781 +0800,
76,6,7,standard,1000,,,,,0,0,0,0,7,6,76,0,342.2270680000074,,,1.472830313733004,0.2,195403.02486145002,195403.02486041668,-0.0010333315003663301,,,,,pilot,001,2026-09-16_15h13.58.267,mmn,,2026.2.3,60.26721276801285,2026-09-16 15h13.58.664781 +0800,
77,7,7,standard,1000,,,,,0,0,0,0,7,7,77,1,343.71087420001277,,,1.3492503440855115,0.2,195404.50835095,195404.50835415002,0.003200024366378784,,,,,pilot,001,2026-09-16_15h13.58.267,mmn,,2026.2.3,60.26721276801285,2026-09-16 15h13.58.664781 +0800,
78,8,7,oddball,1200,,,,,0,0,0,0,7,8,78,9,345.0602865999972,,,1.2262958255866037,0.2,195405.85770945,195405.85770948336,3.3352989703416824e-05,,,,,pilot,001,2026-09-16_15h13.58.267,mmn,,2026.2.3,60.26721276801285,2026-09-16 15h13.58.664781 +0800,
79,9,7,standard,1000,,,,,0,0,0,0,7,9,79,2,346.2937479999964,,,1.2831275116611243,0.2,195407.09080715,195407.09080098334,-0.006166665116325021,,,,,pilot,001,2026-09-16_15h13.58.267,mmn,,2026.2.3,60.26721276801285,2026-09-16 15h13.58.664781 +0800,
80,0,8,standard,1000,,,,,0,0,0,0,8,0,80,6,347.57780660002027,,,1.499060018549814,0.2,195408.37658385,195408.37657395,-0.00990001717582345,,,,,pilot,001,2026-09-16_15h13.58.267,mmn,,2026.2.3,60.26721276801285,2026-09-16 15h13.58.664781 +0800,
81,1,8,standard,1000,,,,,0,0,0,0,8,1,81,7,349.07724929999677,,,1.3146429172566236,0.2,195409.87460415,195409.8746068833,0.0027332862373441458,,,,,pilot,001,2026-09-16_15h13.58.267,mmn,,2026.2.3,60.26721276801285,2026-09-16 15h13.58.664781 +0800,
82,2,8,standard,1000,,,,,0,0,0,0,8,2,82,1,350.39385789999506,,,1.0471384719250438,0.2,195411.19273395,195411.1927376167,0.0036666751839220524,,,,,pilot,001,2026-09-16_15h13.58.267,mmn,,2026.2.3,60.26721276801285,2026-09-16 15h13.58.664781 +0800,
83,3,8,oddball,1200,,,,,0,0,0,0,8,3,83,9,351.4446805000189,,,1.0271749214334842,0.2,195412.24208525,195412.24207908334,-0.006166665116325021,,,,,pilot,001,2026-09-16_15h13.58.267,mmn,,2026.2.3,60.26721276801285,2026-09-16 15h13.58.664781 +0800,
84,4,8,standard,1000,,,,,0,0,0,0,8,4,84,4,352.4774563999963,,,1.3349351976301924,0.2,195413.27469615,195413.27468841668,-0.007733324309810996,,,,,pilot,001,2026-09-16_15h13.58.267,mmn,,2026.2.3,60.26721276801285,2026-09-16 15h13.58.664781 +0800,
85,5,8,standard,1000,,,,,0,0,0,0,8,5,85,3,353.8297433000116,,,1.1145434003688113,0.2,195414.62488315,195414.62487701667,-0.006133341230452061,,,,,pilot,001,2026-09-16_15h13.58.267,mmn,,2026.2.3,60.26721276801285,2026-09-16 15h13.58.664781 +0800,
86,6,8,standard,1000,,,,,0,0,0,0,8,6,86,2,354.9437794999976,,,1.3902216468305892,0.2,195415.74160695,195415.74161378335,0.00683334656059742,,,,,pilot,001,2026-09-16_15h13.58.267,mmn,,2026.2.3,60.26721276801285,2026-09-16 15h13.58.664781 +0800,
87,7,8,standard,1000,,,,,0,0,0,0,8,7,87,0,356.3441745000018,,,1.3447725689958452,0.2,195417.14123775,195417.14123008333,-0.007666676538065076,,,,,pilot,001,2026-09-16_15h13.58.267,mmn,,2026.2.3,60.26721276801285,2026-09-16 15h13.58.664781 +0800,
88,8,8,standard,1000,,,,,0,0,0,0,8,8,88,5,357.6938022999966,,,1.1381619746521745,0.2,195418.49131335,195418.49130791667,-0.005433335900306702,,,,,pilot,001,2026-09-16_15h13.58.267,mmn,,2026.2.3,60.26721276801285,2026-09-16 15h13.58.664781 +0800,
89,9,8,standard,1000,,,,,0,0,0,0,8,9,89,8,358.8442222000158,,,1.2528909852195103,0.2,195419.64141085,195419.6414172833,0.006433314410969615,,,,,pilot,001,2026-09-16_15h13.58.267,mmn,,2026.2.3,60.26721276801285,2026-09-16 15h13.58.664781 +0800,
90,0,9,standard,1000,,,,,0,0,0,0,9,0,90,8,360.11080610001227,,,1.2042209956935637,0.2,195420.90800465,195420.90800791667,0.0032666721381247044,,,,,pilot,001,2026-09-16_15h13.58.267,mmn,,2026.2.3,60.26721276801285,2026-09-16 15h13.58.664781 +0800,
91,1,9,standard,1000,,,,,0,0,0,0,9,1,91,5,361.32742909999797,,,1.2732619885890362,0.2,195422.12476005,195422.12475445,-0.005600013537332416,,,,,pilot,001,2026-09-16_15h13.58.267,mmn,,2026.2.3,60.26721276801285,2026-09-16 15h13.58.664781 +0800,
92,2,9,standard,1000,,,,,0,0,0,0,9,2,92,6,362.6115892000089,,,1.0848980722371708,0.2,195423.40829395,195423.40829791667,0.003966677468270063,,,,,pilot,001,2026-09-16_15h13.58.267,mmn,,2026.2.3,60.26721276801285,2026-09-16 15h13.58.664781 +0800,
93,3,9,standard,1000,,,,,0,0,0,0,9,3,93,2,363.71299040000304,,,1.2624840683706458,0.2,195424.50829135,195424.50829708332,0.005733309080824256,,,,,pilot,001,2026-09-16_15h13.58.267,mmn,,2026.2.3,60.26721276801285,2026-09-16 15h13.58.664781 +0800,
94,4,9,standard,1000,,,,,0,0,0,0,9,4,94,7,364.97734139999375,,,1.2038666689059778,0.2,195425.77541495,195425.77542191665,0.00696664210408926,,,,,pilot,001,2026-09-16_15h13.58.267,mmn,,2026.2.3,60.26721276801285,2026-09-16 15h13.58.664781 +0800,
95,5,9,standard,1000,,,,,0,0,0,0,9,5,95,3,366.1944201000151,,,1.496100115404229,0.2,195426.99334495,195426.99334895,0.0040000013541430235,,,,,pilot,001,2026-09-16_15h13.58.267,mmn,,2026.2.3,60.26721276801285,2026-09-16 15h13.58.664781 +0800,
96,6,9,oddball,1200,,,,,0,0,0,0,9,6,96,9,367.6943329000205,,,1.4352192193667883,0.2,195428.49190515,195428.49190521668,6.667687557637691e-05,,,,,pilot,001,2026-09-16_15h13.58.267,mmn,,2026.2.3,60.26721276801285,2026-09-16 15h13.58.664781 +0800,
97,7,9,standard,1000,,,,,0,0,0,0,9,7,97,1,369.14558519999264,,,1.3014413412464931,0.2,195429.94126775,195429.94127631668,0.008566683391109109,,,,,pilot,001,2026-09-16_15h13.58.267,mmn,,2026.2.3,60.26721276801285,2026-09-16 15h13.58.664781 +0800,
98,8,9,standard,1000,,,,,0,0,0,0,9,8,98,0,370.4607753000164,,,1.402284674674471,0.2,195431.25881645,195431.2588192167,0.002766697434708476,,,,,pilot,001,2026-09-16_15h13.58.267,mmn,,2026.2.3,60.26721276801285,2026-09-16 15h13.58.664781 +0800,
99,9,9,standard,1000,,,,,0,0,0,0,9,9,99,4,371.87804589999723,,,1.4531238321993667,0.2,195432.67533525,195432.67534274998,0.007499969797208905,,,,,pilot,001,2026-09-16_15h13.58.267,mmn,,2026.2.3,60.26721276801285,2026-09-16 15h13.58.664781 +0800,
100,0,10,standard,1000,,,,,0,0,0,0,10,0,100,7,373.3443047000037,,,1.1846975916612636,0.2,195434.14214545,195434.14213771664,-0.007733353413641453,,,,,pilot,001,2026-09-16_15h13.58.267,mmn,,2026.2.3,60.26721276801285,2026-09-16 15h13.58.664781 +0800,
101,1,10,standard,1000,,,,,0,0,0,0,10,1,101,1,374.54567640001187,,,1.1590498353545124,0.2,195435.34220735,195435.3422079833,0.0006332993507385254,,,,,pilot,001,2026-09-16_15h13.58.267,mmn,,2026.2.3,60.26721276801285,2026-09-16 15h13.58.664781 +0800,
102,2,10,standard,1000,,,,,0,0,0,0,10,2,102,5,375.73167170002125,,,1.2164355449250976,0.2,195436.52132465,195436.52133418332,0.009533308912068605,,,,,pilot,001,2026-09-16_15h13.58.267,mmn,,2026.2.3,60.26721276801285,2026-09-16 15h13.58.664781 +0800,
103,3,10,standard,1000,,,,,0,0,0,0,10,3,103,2,376.9613087000034,,,1.2695496434679459,0.2,195437.75835015,195437.75835461667,0.004466681275516748,,,,,pilot,001,2026-09-16_15h13.58.267,mmn,,2026.2.3,60.26721276801285,2026-09-16 15h13.58.664781 +0800,
104,4,10,standard,1000,,,,,0,0,0,0,10,4,104,6,378.24522480001906,,,1.0693465321974283,0.2,195439.04206465,195439.04207175,0.007099995855242014,,,,,pilot,001,2026-09-16_15h13.58.267,mmn,,2026.2.3,60.26721276801285,2026-09-16 15h13.58.664781 +0800,
105,5,10,oddball,1200,,,,,0,0,0,0,10,5,105,9,379.3277742000064,,,1.1366845174822349,0.2,195440.12561445,195440.12561688334,0.0024333421606570482,,,,,pilot,001,2026-09-16_15h13.58.267,mmn,,2026.2.3,60.26721276801285,2026-09-16 15h13.58.664781 +0800,
106,6,10,standard,1000,,,,,0,0,0,0,10,6,106,3,380.4774241000123,,,1.4902408917674839,0.2,195441.27520435,195441.27519645,-0.00790000194683671,,,,,pilot,001,2026-09-16_15h13.58.267,mmn,,2026.2.3,60.26721276801285,2026-09-16 15h13.58.664781 +0800,
107,7,10,standard,1000,,,,,0,0,0,0,10,7,107,4,381.9782336000062,,,1.4980318774686043,0.2,195442.77521085,195442.77521441667,0.0035666744224727154,,,,,pilot,001,2026-09-16_15h13.58.267,mmn,,2026.2.3,60.26721276801285,2026-09-16 15h13.58.664781 +0800,
108,8,10,standard,1000,,,,,0,0,0,0,10,8,108,8,383.47807230000035,,,1.0325096366212159,0.2,195444.27710125002,195444.27710608332,0.004833302227780223,,,,,pilot,001,2026-09-16_15h13.58.267,mmn,,2026.2.3,60.26721276801285,2026-09-16 15h13.58.664781 +0800,
109,9,10,standard,1000,,,,,0,0,0,0,10,9,109,0,384.5119787000003,,,1.0844244589226437,0.2,195445.30915145,195445.30915295,0.001500011421740055,,,,,pilot,001,2026-09-16_15h13.58.267,mmn,,2026.2.3,60.26721276801285,2026-09-16 15h13.58.664781 +0800,
110,0,11,standard,1000,,,,,0,0,0,0,11,0,110,2,385.6130029000051,,,1.4694547983354627,0.2,195446.40941675002,195446.40942115,0.004399975296109915,,,,,pilot,001,2026-09-16_15h13.58.267,mmn,,2026.2.3,60.26721276801285,2026-09-16 15h13.58.664781 +0800,
111,1,11,standard,1000,,,,,0,0,0,0,11,1,111,8,387.0950649000006,,,1.0957853786063234,0.2,195447.89236735,195447.8923692833,0.0019333092495799065,,,,,pilot,001,2026-09-16_15h13.58.267,mmn,,2026.2.3,60.26721276801285,2026-09-16 15h13.58.664781 +0800,
112,2,11,standard,1000,,,,,0,0,0,0,11,2,112,5,388.1947172000073,,,1.2965199068062119,0.2,195448.99216145,195448.99217118334,0.009733339538797736,,,,,pilot,001,2026-09-16_15h13.58.267,mmn,,2026.2.3,60.26721276801285,2026-09-16 15h13.58.664781 +0800,
113,3,11,standard,1000,,,,,0,0,0,0,11,3,113,6,389.49478860001545,,,1.3865649194609975,0.2,195450.29167945,195450.29167571667,-0.0037333229556679726,,,,,pilot,001,2026-09-16_15h13.58.267,mmn,,2026.2.3,60.26721276801285,2026-09-16 15h13.58.664781 +0800,
114,4,11,standard,1000,,,,,0,0,0,0,11,4,114,3,390.8952053000103,,,1.1548781455212498,0.2,195451.69244595,195451.69244584997,-0.00010002986527979374,,,,,pilot,001,2026-09-16_15h13.58.267,mmn,,2026.2.3,60.26721276801285,2026-09-16 15h13.58.664781 +0800,
115,5,11,standard,1000,,,,,0,0,0,0,11,5,115,0,392.06275450001704,,,1.2499236968156737,0.2,195452.86161435,195452.86161765,0.0032999960239976645,,,,,pilot,001,2026-09-16_15h13.58.267,mmn,,2026.2.3,60.26721276801285,2026-09-16 15h13.58.664781 +0800,
116,6,11,standard,1000,,,,,0,0,0,0,11,6,116,4,393.3122013999964,,,1.2955670151096432,0.2,195454.10966375002,195454.10966858335,0.00483333133161068,,,,,pilot,001,2026-09-16_15h13.58.267,mmn,,2026.2.3,60.26721276801285,2026-09-16 15h13.58.664781 +0800,
117,7,11,standard,1000,,,,,0,0,0,0,11,7,117,7,394.611768200004,,,1.2591285223336177,0.2,195455.40884695,195455.40885735,0.010399991879239678,,,,,pilot,001,2026-09-16_15h13.58.267,mmn,,2026.2.3,60.26721276801285,2026-09-16 15h13.58.664781 +0800,
118,8,11,oddball,1200,,,,,0,0,0,0,11,8,118,9,395.8781869999948,,,1.2705608706048186,0.2,195456.67597465,195456.67598328335,0.008633360266685486,,,,,pilot,001,2026-09-16_15h13.58.267,mmn,,2026.2.3,60.26721276801285,2026-09-16 15h13.58.664781 +0800,
119,9,11,standard,1000,,,,,0,0,0,0,11,9,119,1,397.1616176000098,,,1.213030600977698,0.2,195457.95916245,195457.95915338333,-0.009066658094525337,,,,,pilot,001,2026-09-16_15h13.58.267,mmn,,2026.2.3,60.26721276801285,2026-09-16 15h13.58.664781 +0800,
120,0,12,standard,1000,,,,,0,0,0,0,12,0,120,3,398.37808290001703,,,1.4133970374703635,0.2,195459.17624275,195459.17623331666,-0.009433337254449725,,,,,pilot,001,2026-09-16_15h13.58.267,mmn,,2026.2.3,60.26721276801285,2026-09-16 15h13.58.664781 +0800,
121,1,12,oddball,1200,,,,,0,0,0,0,12,1,121,9,399.7947187999962,,,1.4297190095986725,0.2,195460.59307515,195460.59308345002,0.008300004992634058,,,,,pilot,001,2026-09-16_15h13.58.267,mmn,,2026.2.3,60.26721276801285,2026-09-16 15h13.58.664781 +0800,
122,2,12,standard,1000,,,,,0,0,0,0,12,2,122,4,401.2286654000054,,,1.3904523197625105,0.2,195462.02664645002,195462.02664944998,0.0029999646358191967,,,,,pilot,001,2026-09-16_15h13.58.267,mmn,,2026.2.3,60.26721276801285,2026-09-16 15h13.58.664781 +0800,
123,3,12,standard,1000,,,,,0,0,0,0,12,3,123,5,402.63035730001866,,,1.1748720455926318,0.2,195463.42673655,195463.42673155002,-0.004999979864805937,,,,,pilot,001,2026-09-16_15h13.58.267,mmn,,2026.2.3,60.26721276801285,2026-09-16 15h13.58.664781 +0800,
124,4,12,standard,1000,,,,,0,0,0,0,12,4,124,7,403.8119934000133,,,1.1440965098972176,0.2,195464.60947655002,195464.60947738332,0.0008333008736371994,,,,,pilot,001,2026-09-16_15h13.58.267,mmn,,2026.2.3,60.26721276801285,2026-09-16 15h13.58.664781 +0800,
125,5,12,standard,1000,,,,,0,0,0,0,12,5,125,1,404.96195600001374,,,1.2588973771362724,0.2,195465.76022975,195465.76023555,0.005799985956400633,,,,,pilot,001,2026-09-16_15h13.58.267,mmn,,2026.2.3,60.26721276801285,2026-09-16 15h13.58.664781 +0800,
126,6,12,standard,1000,,,,,0,0,0,0,12,6,126,2,406.228305800003,,,1.318568506639717,0.2,195467.02649735002,195467.02649828335,0.0009333307389169931,,,,,pilot,001,2026-09-16_15h13.58.267,mmn,,2026.2.3,60.26721276801285,2026-09-16 15h13.58.664781 +0800,
127,7,12,standard,1000,,,,,0,0,0,0,12,7,127,0,407.5617953000183,,,1.085067214033654,0.2,195468.35981395,195468.35981091668,-0.0030333176255226135,,,,,pilot,001,2026-09-16_15h13.58.267,mmn,,2026.2.3,60.26721276801285,2026-09-16 15h13.58.664781 +0800,
128,8,12,standard,1000,,,,,0,0,0,0,12,8,128,8,408.66190430001006,,,1.221374827847848,0.2,195469.45900335,195469.45900348332,0.0001333246473222971,,,,,pilot,001,2026-09-16_15h13.58.267,mmn,,2026.2.3,60.26721276801285,2026-09-16 15h13.58.664781 +0800,
129,9,12,standard,1000,,,,,0,0,0,0,12,9,129,6,409.8953182999976,,,1.2597717149847985,0.2,195470.69331935002,195470.6933231833,0.003833294613286853,,,,,pilot,001,2026-09-16_15h13.58.267,mmn,,2026.2.3,60.26721276801285,2026-09-16 15h13.58.664781 +0800,
130,0,13,standard,1000,,,,,0,0,0,0,13,0,130,3,411.1618255999929,,,1.0608640071384328,0.2,195471.95891965,195471.9589135167,-0.006133312126621604,,,,,pilot,001,2026-09-16_15h13.58.267,mmn,,2026.2.3,60.26721276801285,2026-09-16 15h13.58.664781 +0800,
131,1,13,standard,1000,,,,,0,0,0,0,13,1,131,0,412.2289410000085,,,1.194206908855432,0.2,195473.02605905,195473.02605961665,0.0005666515789926052,,,,,pilot,001,2026-09-16_15h13.58.267,mmn,,2026.2.3,60.26721276801285,2026-09-16 15h13.58.664781 +0800,
132,2,13,standard,1000,,,,,0,0,0,0,13,2,132,7,413.428561800014,,,1.2171818319192376,0.2,195474.22596565,195474.22595718334,-0.008466653525829315,,,,,pilot,001,2026-09-16_15h13.58.267,mmn,,2026.2.3,60.26721276801285,2026-09-16 15h13.58.664781 +0800,
133,3,13,standard,1000,,,,,0,0,0,0,13,3,133,5,414.64561310000136,,,1.1758051266901286,0.2,195475.44378085,195475.44378175,0.0008999777492135763,,,,,pilot,001,2026-09-16_15h13.58.267,mmn,,2026.2.3,60.26721276801285,2026-09-16 15h13.58.664781 +0800,
134,4,13,standard,1000,,,,,0,0,0,0,13,4,134,2,415.82892280002125,,,1.2052870178072035,0.2,195476.62666425,195476.62665395,-0.010300020221620798,,,,,pilot,001,2026-09-16_15h13.58.267,mmn,,2026.2.3,60.26721276801285,2026-09-16 15h13.58.664781 +0800,
135,5,13,standard,1000,,,,,0,0,0,0,13,5,135,8,417.04555229999823,,,1.1120973548083857,0.2,195477.84355115,195477.84354978334,-0.0013666576705873013,,,,,pilot,001,2026-09-16_15h13.58.267,mmn,,2026.2.3,60.26721276801285,2026-09-16 15h13.58.664781 +0800,
136,6,13,standard,1000,,,,,0,0,0,0,13,6,136,1,418.1629075999954,,,1.1767393017347172,0.2,195478.95980305,195478.95979475,-0.008300004992634058,,,,,pilot,001,2026-09-16_15h13.58.267,mmn,,2026.2.3,60.26721276801285,2026-09-16 15h13.58.664781 +0800,
137,7,13,oddball,1200,,,,,0,0,0,0,13,7,137,9,419.34538810001686,,,1.3992143765848728,0.2,195480.14252625,195480.14251898334,-0.007266673492267728,,,,,pilot,001,2026-09-16_15h13.58.267,mmn,,2026.2.3,60.26721276801285,2026-09-16 15h13.58.664781 +0800,
138,8,13,standard,1000,,,,,0,0,0,0,13,8,138,6,420.7453177999996,,,1.351675457249006,0.2,195481.54305145,195481.54305664997,0.005199981387704611,,,,,pilot,001,2026-09-16_15h13.58.267,mmn,,2026.2.3,60.26721276801285,2026-09-16 15h13.58.664781 +0800,
139,9,13,standard,1000,,,,,0,0,0,0,13,9,139,4,422.11213470000075,,,1.0187138518768162,0.2,195482.90936945,195482.90937501666,0.005566660547628999,,,,,pilot,001,2026-09-16_15h13.58.267,mmn,,2026.2.3,60.26721276801285,2026-09-16 15h13.58.664781 +0800,
140,0,14,oddball,1200,,,,,0,0,0,0,14,0,140,9,423.1455777999945,,,1.410737741633678,0.2,195483.94337935,195483.9433839167,0.0045666820369660854,,,,,pilot,001,2026-09-16_15h13.58.267,mmn,,2026.2.3,60.26721276801285,2026-09-16 15h13.58.664781 +0800,
141,1,14,standard,1000,,,,,0,0,0,0,14,1,141,8,424.56299430000945,,,1.1587493691259412,0.2,195485.35991675,195485.35992005,0.0032999960239976645,,,,,pilot,001,2026-09-16_15h13.58.267,mmn,,2026.2.3,60.26721276801285,2026-09-16 15h13.58.664781 +0800,
142,2,14,standard,1000,,,,,0,0,0,0,14,2,142,3,425.7291685999953,,,1.1325427190842703,0.2,195486.52622375,195486.52622318332,-0.0005666806828230619,,,,,pilot,001,2026-09-16_15h13.58.267,mmn,,2026.2.3,60.26721276801285,2026-09-16 15h13.58.664781 +0800,
143,3,14,standard,1000,,,,,0,0,0,0,14,3,143,5,426.8625111000147,,,1.3333743326191774,0.2,195487.65990435,195487.65989848334,-0.00586666283197701,,,,,pilot,001,2026-09-16_15h13.58.267,mmn,,2026.2.3,60.26721276801285,2026-09-16 15h13.58.664781 +0800,
144,4,14,standard,1000,,,,,0,0,0,0,14,4,144,4,428.1957828000013,,,1.4729213736472748,0.2,195488.99379695,195488.99379105,-0.005900015821680427,,,,,pilot,001,2026-09-16_15h13.58.267,mmn,,2026.2.3,60.26721276801285,2026-09-16 15h13.58.664781 +0800,
145,5,14,standard,1000,,,,,0,0,0,0,14,5,145,0,429.67886200000066,,,1.0715785045475448,0.2,195490.47689735,195490.47689065,-0.006699992809444666,,,,,pilot,001,2026-09-16_15h13.58.267,mmn,,2026.2.3,60.26721276801285,2026-09-16 15h13.58.664781 +0800,
146,6,14,standard,1000,,,,,0,0,0,0,14,6,146,7,430.76252380001824,,,1.0406712342822981,0.2,195491.55964275,195491.55963998334,-0.0027666683308780193,,,,,pilot,001,2026-09-16_15h13.58.267,mmn,,2026.2.3,60.26721276801285,2026-09-16 15h13.58.664781 +0800,
147,7,14,standard,1000,,,,,0,0,0,0,14,7,147,6,431.8131867000193,,,1.3674837382360459,0.2,195492.61219355,195492.61218675,-0.00680002267472446,,,,,pilot,001,2026-09-16_15h13.58.267,mmn,,2026.2.3,60.26721276801285,2026-09-16 15h13.58.664781 +0800,
148,8,14,standard,1000,,,,,0,0,0,0,14,8,148,1,433.1969550999929,,,1.300555848467703,0.2,195493.99356155,195493.99355871667,-0.0028333452064543962,,,,,pilot,001,2026-09-16_15h13.58.267,mmn,,2026.2.3,60.26721276801285,2026-09-16 15h13.58.664781 +0800,
149,9,14,standard,1000,,,,,0,0,0,0,14,9,149,2,434.51246560001164,,,1.3530418036193304,0.2,195495.31005115,195495.31004478334,-0.006366666639223695,,,,,pilot,001,2026-09-16_15h13.58.267,mmn,,2026.2.3,60.26721276801285,2026-09-16 15h13.58.664781 +0800,
150,0,15,standard,1000,,,,,0,0,0,0,15,0,150,6,435.8789137999993,,,1.0964498978252692,0.2,195496.67675755,195496.67676625002,0.008700008038431406,,,,,pilot,001,2026-09-16_15h13.58.267,mmn,,2026.2.3,60.26721276801285,2026-09-16 15h13.58.664781 +0800,
151,1,15,standard,1000,,,,,0,0,0,0,15,1,151,7,436.97930100001395,,,1.1240995913875698,0.2,195497.77697205,195497.77697105,-0.0009999785106629133,,,,,pilot,001,2026-09-16_15h13.58.267,mmn,,2026.2.3,60.26721276801285,2026-09-16 15h13.58.664781 +0800,
152,2,15,standard,1000,,,,,0,0,0,0,15,2,152,3,438.1130623999925,,,1.2957016672271024,0.2,195498.91076365,195498.91076338335,-0.0002666492946445942,,,,,pilot,001,2026-09-16_15h13.58.267,mmn,,2026.2.3,60.26721276801285,2026-09-16 15h13.58.664781 +0800,
153,3,15,standard,1000,,,,,0,0,0,0,15,3,153,0,439.41275170000154,,,1.145635015468696,0.2,195500.21087435,195500.21088245,0.008099974365904927,,,,,pilot,001,2026-09-16_15h13.58.267,mmn,,2026.2.3,60.26721276801285,2026-09-16 15h13.58.664781 +0800,
154,4,15,standard,1000,,,,,0,0,0,0,15,4,154,8,440.5628102000046,,,1.36769456249904,0.2,195501.36003515,195501.36002708334,-0.008066650480031967,,,,,pilot,001,2026-09-16_15h13.58.267,mmn,,2026.2.3,60.26721276801285,2026-09-16 15h13.58.664781 +0800,
155,5,15,standard,1000,,,,,0,0,0,0,15,5,155,4,441.9462802000053,,,1.3614363368144833,0.2,195502.74348075,195502.74348618335,0.005433335900306702,,,,,pilot,001,2026-09-16_15h13.58.267,mmn,,2026.2.3,60.26721276801285,2026-09-16 15h13.58.664781 +0800,
156,6,15,standard,1000,,,,,0,0,0,0,15,6,156,5,443.3132844000065,,,1.3576380553656886,0.2,195504.11035055,195504.1103533167,0.002766697434708476,,,,,pilot,001,2026-09-16_15h13.58.267,mmn,,2026.2.3,60.26721276801285,2026-09-16 15h13.58.664781 +0800,
157,7,15,standard,1000,,,,,0,0,0,0,15,7,157,2,444.67990829999326,,,1.3262301747038394,0.2,195505.47691995002,195505.4769273833,0.007433292921632528,,,,,pilot,001,2026-09-16_15h13.58.267,mmn,,2026.2.3,60.26721276801285,2026-09-16 15h13.58.664781 +0800,
158,8,15,oddball,1200,,,,,0,0,0,0,15,8,158,9,446.0128334000183,,,1.3450789327679264,0.2,195506.81092215,195506.81092945,0.007299997378140688,,,,,pilot,001,2026-09-16_15h13.58.267,mmn,,2026.2.3,60.26721276801285,2026-09-16 15h13.58.664781 +0800,
159,9,15,standard,1000,,,,,0,0,0,0,15,9,159,1,447.362976400007,,,1.0058552253773185,0.2,195508.15993685,195508.15994664998,0.009799987310543656,,,,,pilot,001,2026-09-16_15h13.58.267,mmn,,2026.2.3,60.26721276801285,2026-09-16 15h13.58.664781 +0800,
160,0,16,standard,1000,,,,,0,0,0,0,16,0,160,8,448.37999169999966,,,1.2940300437268355,0.2,195509.17779965,195509.17779135,-0.008300004992634058,,,,,pilot,001,2026-09-16_15h13.58.267,mmn,,2026.2.3,60.26721276801285,2026-09-16 15h13.58.664781 +0800,
161,1,16,standard,1000,,,,,0,0,0,0,16,1,161,4,449.67944030000945,,,1.220232529660092,0.2,195510.47714255,195510.47715078335,0.008233357220888138,,,,,pilot,001,2026-09-16_15h13.58.267,mmn,,2026.2.3,60.26721276801285,2026-09-16 15h13.58.664781 +0800,
162,2,16,standard,1000,,,,,0,0,0,0,16,2,162,0,450.91318060000776,,,1.3026316735376764,0.2,195511.71040255,195511.71040228335,-0.0002666492946445942,,,,,pilot,001,2026-09-16_15h13.58.267,mmn,,2026.2.3,60.26721276801285,2026-09-16 15h13.58.664781 +0800,
163,3,16,standard,1000,,,,,0,0,0,0,16,3,163,3,452.229445200006,,,1.021480346108679,0.2,195513.02711955,195513.02712308333,0.0035333214327692986,,,,,pilot,001,2026-09-16_15h13.58.267,mmn,,2026.2.3,60.26721276801285,2026-09-16 15h13.58.664781 +0800,
164,4,16,standard,1000,,,,,0,0,0,0,16,4,164,1,453.2627288000076,,,1.4012699674943092,0.2,195514.06087815,195514.06087465,-0.0034999975468963385,,,,,pilot,001,2026-09-16_15h13.58.267,mmn,,2026.2.3,60.26721276801285,2026-09-16 15h13.58.664781 +0800,
165,5,16,standard,1000,,,,,0,0,0,0,16,5,165,7,454.6635859000089,,,1.1882922141162888,0.2,195515.46042905,195515.46043225,0.0031999952625483274,,,,,pilot,001,2026-09-16_15h13.58.267,mmn,,2026.2.3,60.26721276801285,2026-09-16 15h13.58.664781 +0800,
166,6,16,standard,1000,,,,,0,0,0,0,16,6,166,2,455.86349020001944,,,1.055289972285542,0.2,195516.66047105,195516.66047755,0.006499991286545992,,,,,pilot,001,2026-09-16_15h13.58.267,mmn,,2026.2.3,60.26721276801285,2026-09-16 15h13.58.664781 +0800,
167,7,16,oddball,1200,,,,,0,0,0,0,16,7,167,9,456.92960120001226,,,1.00842494964371,0.2,195517.72768965,195517.72769215002,0.002500019036233425,,,,,pilot,001,2026-09-16_15h13.58.267,mmn,,2026.2.3,60.26721276801285,2026-09-16 15h13.58.664781 +0800,
168,8,16,standard,1000,,,,,0,0,0,0,16,8,168,6,457.94673510000575,,,1.2916806785549892,0.2,195518.74448965,195518.74448081668,-0.008833332685753703,,,,,pilot,001,2026-09-16_15h13.58.267,mmn,,2026.2.3,60.26721276801285,2026-09-16 15h13.58.664781 +0800,
169,9,16,standard,1000,,,,,0,0,0,0,16,9,169,5,459.2461512000009,,,1.149087461486228,0.2,195520.04382055,195520.04381181666,-0.008733331924304366,,,,,pilot,001,2026-09-16_15h13.58.267,mmn,,2026.2.3,60.26721276801285,2026-09-16 15h13.58.664781 +0800,
170,0,17,standard,1000,,,,,0,0,0,0,17,0,170,2,460.39679650001926,,,1.441213075471437,0.2,195521.19429355,195521.19429648336,0.0029333459679037333,,,,,pilot,001,2026-09-16_15h13.58.267,mmn,,2026.2.3,60.26721276801285,2026-09-16 15h13.58.664781 +0800,
171,1,17,standard,1000,,,,,0,0,0,0,17,1,171,7,461.84645919999457,,,1.3929581697778466,0.2,195522.64351795,195522.64351485,-0.0030999945010989904,,,,,pilot,001,2026-09-16_15h13.58.267,mmn,,2026.2.3,60.26721276801285,2026-09-16 15h13.58.664781 +0800,
172,2,17,standard,1000,,,,,0,0,0,0,17,2,172,8,463.24650530001963,,,1.0805901151787551,0.2,195524.04399865,195524.04398938335,-0.009266659617424011,,,,,pilot,001,2026-09-16_15h13.58.267,mmn,,2026.2.3,60.26721276801285,2026-09-16 15h13.58.664781 +0800,
173,3,17,standard,1000,,,,,0,0,0,0,17,3,173,0,464.3303332000214,,,1.145491752766521,0.2,195525.12726625,195525.12727038335,0.004133355105295777,,,,,pilot,001,2026-09-16_15h13.58.267,mmn,,2026.2.3,60.26721276801285,2026-09-16 15h13.58.664781 +0800,
174,4,17,standard,1000,,,,,0,0,0,0,17,4,174,5,465.4802850999986,,,1.025676227283524,0.2,195526.27832455,195526.27831791667,-0.006633315933868289,,,,,pilot,001,2026-09-16_15h13.58.267,mmn,,2026.2.3,60.26721276801285,2026-09-16 15h13.58.664781 +0800,
175,5,17,standard,1000,,,,,0,0,0,0,17,5,175,6,466.5135103999928,,,1.325716704062408,0.2,195527.31149425,195527.31148834998,-0.005900015821680427,,,,,pilot,001,2026-09-16_15h13.58.267,mmn,,2026.2.3,60.26721276801285,2026-09-16 15h13.58.664781 +0800,
176,6,17,oddball,1200,,,,,0,0,0,0,17,6,176,9,467.8465882000164,,,1.4004818209523646,0.2,195528.64463335,195528.64462731665,-0.006033340469002724,,,,,pilot,001,2026-09-16_15h13.58.267,mmn,,2026.2.3,60.26721276801285,2026-09-16 15h13.58.664781 +0800,
177,7,17,standard,1000,,,,,0,0,0,0,17,7,177,3,469.24657590000425,,,1.3547023947364984,0.2,195530.04479475,195530.04479851664,0.0037666468415409327,,,,,pilot,001,2026-09-16_15h13.58.267,mmn,,2026.2.3,60.26721276801285,2026-09-16 15h13.58.664781 +0800,
178,8,17,standard,1000,,,,,0,0,0,0,17,8,178,4,470.61324649999733,,,1.4165961177426682,0.2,195531.41098055,195531.41099075,0.010200019460171461,,,,,pilot,001,2026-09-16_15h13.58.267,mmn,,2026.2.3,60.26721276801285,2026-09-16 15h13.58.664781 +0800,
179,9,17,standard,1000,,,,,0,0,0,0,17,9,179,1,472.0298945000104,,,1.186875960167022,0.2,195532.82779165,195532.82778651666,-0.005133333615958691,,,,,pilot,001,2026-09-16_15h13.58.267,mmn,,2026.2.3,60.26721276801285,2026-09-16 15h13.58.664781 +0800,
180,0,18,oddball,1200,,,,,0,0,0,0,18,0,180,9,473.2302362000046,,,1.266517510151123,0.2,195534.02767225,195534.02767258332,0.0003333261702209711,,,,,pilot,001,2026-09-16_15h13.58.267,mmn,,2026.2.3,60.26721276801285,2026-09-16 15h13.58.664781 +0800,
181,1,18,standard,1000,,,,,0,0,0,0,18,1,181,1,474.4968368000118,,,1.1442593179177973,0.2,195535.29442225,195535.29443115,0.008899980457499623,,,,,pilot,001,2026-09-16_15h13.58.267,mmn,,2026.2.3,60.26721276801285,2026-09-16 15h13.58.664781 +0800,
182,2,18,standard,1000,,,,,0,0,0,0,18,2,182,5,475.64700840000296,,,1.0156862877674635,0.2,195536.44454525,195536.44455211665,0.006866641342639923,,,,,pilot,001,2026-09-16_15h13.58.267,mmn,,2026.2.3,60.26721276801285,2026-09-16 15h13.58.664781 +0800,
183,3,18,standard,1000,,,,,0,0,0,0,18,3,183,0,476.66386960001546,,,1.0687577256006708,0.2,195537.46099155,195537.46099185,0.000300002284348011,,,,,pilot,001,2026-09-16_15h13.58.267,mmn,,2026.2.3,60.26721276801285,2026-09-16 15h13.58.664781 +0800,
184,4,18,standard,1000,,,,,0,0,0,0,18,4,184,7,477.7474075000209,,,1.2093206741464404,0.2,195538.54568775,195538.54569658334,0.008833332685753703,,,,,pilot,001,2026-09-16_15h13.58.267,mmn,,2026.2.3,60.26721276801285,2026-09-16 15h13.58.664781 +0800,
185,5,18,standard,1000,,,,,0,0,0,0,18,5,185,6,478.9635217000032,,,1.313425999380097,0.2,195539.76154555,195539.76155321667,0.007666676538065076,,,,,pilot,001,2026-09-16_15h13.58.267,mmn,,2026.2.3,60.26721276801285,2026-09-16 15h13.58.664781 +0800,
186,6,18,standard,1000,,,,,0,0,0,0,18,6,186,4,480.2811546000012,,,1.0800104871060814,0.2,195541.07792405,195541.07791471668,-0.009333336493000388,,,,,pilot,001,2026-09-16_15h13.58.267,mmn,,2026.2.3,60.26721276801285,2026-09-16 15h13.58.664781 +0800,
187,7,18,standard,1000,,,,,0,0,0,0,18,7,187,3,481.3640371999936,,,1.4264426779519241,0.2,195542.16171565,195542.16171938332,0.0037333229556679726,,,,,pilot,001,2026-09-16_15h13.58.267,mmn,,2026.2.3,60.26721276801285,2026-09-16 15h13.58.664781 +0800,
188,8,18,standard,1000,,,,,0,0,0,0,18,8,188,2,482.7969273000199,,,1.3763924857202148,0.2,195543.59469425,195543.5946920167,-0.0022333115339279175,,,,,pilot,001,2026-09-16_15h13.58.267,mmn,,2026.2.3,60.26721276801285,2026-09-16 15h13.58.664781 +0800,
189,9,18,standard,1000,,,,,0,0,0,0,18,9,189,8,484.1806834000163,,,1.0182564716953042,0.2,195544.97762705002,195544.97763195,0.0048999791033566,,,,,pilot,001,2026-09-16_15h13.58.267,mmn,,2026.2.3,60.26721276801285,2026-09-16 15h13.58.664781 +0800,
190,0,19,standard,1000,,,,,0,0,0,0,19,0,190,1,485.21497140001156,,,1.3091940870169798,0.2,195546.01184715,195546.01185131667,0.004166678991168737,,,,,pilot,001,2026-09-16_15h13.58.267,mmn,,2026.2.3,60.26721276801285,2026-09-16 15h13.58.664781 +0800,
191,1,19,standard,1000,,,,,0,0,0,0,19,1,191,6,486.5310052999994,,,1.2330903677070388,0.2,195547.32825935,195547.3282639833,0.004633300704881549,,,,,pilot,001,2026-09-16_15h13.58.267,mmn,,2026.2.3,60.26721276801285,2026-09-16 15h13.58.664781 +0800,
192,2,19,standard,1000,,,,,0,0,0,0,19,2,192,7,487.76352560002124,,,1.4605097476427922,0.2,195548.56157715002,195548.56158501667,0.007866648957133293,,,,,pilot,001,2026-09-16_15h13.58.267,mmn,,2026.2.3,60.26721276801285,2026-09-16 15h13.58.664781 +0800,
193,3,19,standard,1000,,,,,0,0,0,0,19,3,193,0,489.23049159999937,,,1.085275968988989,0.2,195550.02826835,195550.02827411666,0.005766662070527673,,,,,pilot,001,2026-09-16_15h13.58.267,mmn,,2026.2.3,60.26721276801285,2026-09-16 15h13.58.664781 +0800,
194,4,19,standard,1000,,,,,0,0,0,0,19,4,194,5,490.33082860001014,,,1.2591187589980415,0.2,195551.12905125,195551.12905038334,-0.0008666538633406162,,,,,pilot,001,2026-09-16_15h13.58.267,mmn,,2026.2.3,60.26721276801285,2026-09-16 15h13.58.664781 +0800,
195,5,19,oddball,1200,,,,,0,0,0,0,19,5,195,9,491.59767889999785,,,1.270697840426862,0.2,195552.39546915,195552.39547825,0.009099981980398297,,,,,pilot,001,2026-09-16_15h13.58.267,mmn,,2026.2.3,60.26721276801285,2026-09-16 15h13.58.664781 +0800,
196,6,19,standard,1000,,,,,0,0,0,0,19,6,196,8,492.8805055000121,,,1.4587019397469598,0.2,195553.67822925,195553.67823638336,0.007133348844945431,,,,,pilot,001,2026-09-16_15h13.58.267,mmn,,2026.2.3,60.26721276801285,2026-09-16 15h13.58.664781 +0800,
197,7,19,standard,1000,,,,,0,0,0,0,19,7,197,2,494.3475507000112,,,1.155180614332295,0.2,195555.14574835,195555.14575111668,0.0027666683308780193,,,,,pilot,001,2026-09-16_15h13.58.267,mmn,,2026.2.3,60.26721276801285,2026-09-16 15h13.58.664781 +0800,
198,8,19,standard,1000,,,,,0,0,0,0,19,8,198,4,495.5143722000066,,,1.067745782102467,0.2,195556.31150805,195556.3115007167,-0.007333321264013648,,,,,pilot,001,2026-09-16_15h13.58.267,mmn,,2026.2.3,60.26721276801285,2026-09-16 15h13.58.664781 +0800,
199,9,19,standard,1000,,,,,0,0,0,0,19,9,199,3,496.59754410001915,,,1.1338022523522366,0.2,195557.39580045,195557.39579331665,-0.007133348844945431,,,,,pilot,001,2026-09-16_15h13.58.267,mmn,,2026.2.3,60.26721276801285,2026-09-16 15h13.58.664781 +0800,
0,0,0,standard,1000,,,,,1,0,1,0,0,0,0,4,633.9669870999933,,,1.4064063412565835,0.2,195694.75725195,195694.75724818333,-0.0037666759453713894,497.72730779999983,633.9374452000193,,,pilot,001,2026-09-16_15h13.58.267,mmn,,2026.2.3,60.26721276801285,2026-09-16 15h13.58.664781 +0800,
1,1,0,standard,1000,,,,,1,0,1,0,0,1,1,0,635.3843218999973,,,1.0741327122712665,0.2,195696.18178515,195696.18177835,-0.006799993570894003,,,,,pilot,001,2026-09-16_15h13.58.267,mmn,,2026.2.3,60.26721276801285,2026-09-16 15h13.58.664781 +0800,
2,2,0,oddball,1200,,,,,1,0,1,0,0,2,2,9,636.4678848000185,,,1.063658606544533,0.2,195697.26646415002,195697.26645831668,-0.00583333894610405,,,,,pilot,001,2026-09-16_15h13.58.267,mmn,,2026.2.3,60.26721276801285,2026-09-16 15h13.58.664781 +0800,
3,3,0,standard,1000,,,,,1,0,1,0,0,3,3,1,637.5342772000004,,,1.3432263013238734,0.2,195698.33258195,195698.33259038333,0.008433329639956355,,,,,pilot,001,2026-09-16_15h13.58.267,mmn,,2026.2.3,60.26721276801285,2026-09-16 15h13.58.664781 +0800,
4,4,0,standard,1000,,,,,1,0,1,0,0,4,4,6,638.8840486000117,,,1.2660436472607284,0.2,195699.68246405,195699.68246008334,-0.003966677468270063,,,,,pilot,001,2026-09-16_15h13.58.267,mmn,,2026.2.3,60.26721276801285,2026-09-16 15h13.58.664781 +0800,
5,5,0,standard,1000,,,,,1,0,1,0,0,5,5,5,640.1511892999988,,,1.3467077606393705,0.2,195700.94820855,195700.94821045003,0.0019000435713678598,,,,,pilot,001,2026-09-16_15h13.58.267,mmn,,2026.2.3,60.26721276801285,2026-09-16 15h13.58.664781 +0800,
6,6,0,standard,1000,,,,,1,0,1,0,0,6,6,2,641.5018899000133,,,1.3953905452573565,0.2,195702.29949775,195702.29950301663,0.005266629159450531,,,,,pilot,001,2026-09-16_15h13.58.267,mmn,,2026.2.3,60.26721276801285,2026-09-16 15h13.58.664781 +0800,
7,7,0,standard,1000,,,,,1,0,1,0,0,7,7,7,642.9013124000048,,,1.1559079400578032,0.2,195703.69921945,195703.69921731667,-0.002133339876309037,,,,,pilot,001,2026-09-16_15h13.58.267,mmn,,2026.2.3,60.26721276801285,2026-09-16 15h13.58.664781 +0800,
8,8,0,standard,1000,,,,,1,0,1,0,0,8,8,3,644.067655699997,,,1.0196875071494715,0.2,195704.86633305,195704.86633481667,0.0017666607163846493,,,,,pilot,001,2026-09-16_15h13.58.267,mmn,,2026.2.3,60.26721276801285,2026-09-16 15h13.58.664781 +0800,
9,9,0,standard,1000,,,,,1,0,1,0,0,9,9,8,645.1008432999952,,,1.1764592602137487,0.2,195705.89937235,195705.89936325,-0.009099981980398297,,,,,pilot,001,2026-09-16_15h13.58.267,mmn,,2026.2.3,60.26721276801285,2026-09-16 15h13.58.664781 +0800,
10,0,1,standard,1000,,,,,1,0,1,0,1,0,10,6,646.2850434000138,,,1.3649458706941935,0.2,195707.08245175,195707.08245195,0.000200001522898674,,,,,pilot,001,2026-09-16_15h13.58.267,mmn,,2026.2.3,60.26721276801285,2026-09-16 15h13.58.664781 +0800,
11,1,1,standard,1000,,,,,1,0,1,0,1,1,11,5,647.652233700006,,,1.4609455856002622,0.2,195708.45101975,195708.45102151667,0.0017666607163846493,,,,,pilot,001,2026-09-16_15h13.58.267,mmn,,2026.2.3,60.26721276801285,2026-09-16 15h13.58.664781 +0800,
12,2,1,standard,1000,,,,,1,0,1,0,1,2,12,4,649.1177383000031,,,1.3178910089453515,0.2,195709.91703675,195709.91702991663,-0.0068333756644278765,,,,,pilot,001,2026-09-16_15h13.58.267,mmn,,2026.2.3,60.26721276801285,2026-09-16 15h13.58.664781 +0800,
13,3,1,oddball,1200,,,,,1,0,1,0,1,3,13,9,650.4347808000166,,,1.3811360501523657,0.2,195711.23425645,195711.23425698333,0.0005333276931196451,,,,,pilot,001,2026-09-16_15h13.58.267,mmn,,2026.2.3,60.26721276801285,2026-09-16 15h13.58.664781 +0800,
14,4,1,standard,1000,,,,,1,0,1,0,1,4,14,7,651.817872900021,,,1.0070644249824172,0.2,195712.61592695,195712.61592675,-0.000200001522898674,,,,,pilot,001,2026-09-16_15h13.58.267,mmn,,2026.2.3,60.26721276801285,2026-09-16 15h13.58.664781 +0800,
15,5,1,standard,1000,,,,,1,0,1,0,1,5,15,1,652.8346882000042,,,1.3961745722012862,0.2,195713.63167355,195713.63166368334,-0.009866664186120033,,,,,pilot,001,2026-09-16_15h13.58.267,mmn,,2026.2.3,60.26721276801285,2026-09-16 15h13.58.664781 +0800,
16,6,1,standard,1000,,,,,1,0,1,0,1,6,16,2,654.234431799996,,,1.2406981155675982,0.2,195715.03427565,195715.03426751666,-0.008133327355608344,,,,,pilot,001,2026-09-16_15h13.58.267,mmn,,2026.2.3,60.26721276801285,2026-09-16 15h13.58.664781 +0800,
17,7,1,standard,1000,,,,,1,0,1,0,1,7,17,8,655.4861257000011,,,1.1797606706284252,0.2,195716.28290415,195716.2828987167,-0.005433306796476245,,,,,pilot,001,2026-09-16_15h13.58.267,mmn,,2026.2.3,60.26721276801285,2026-09-16 15h13.58.664781 +0800,
18,8,1,standard,1000,,,,,1,0,1,0,1,8,18,3,656.6681209999952,,,1.3008419845901968,0.2,195717.46543305,195717.46543128334,-0.0017666607163846493,,,,,pilot,001,2026-09-16_15h13.58.267,mmn,,2026.2.3,60.26721276801285,2026-09-16 15h13.58.664781 +0800,
19,9,1,standard,1000,,,,,1,0,1,0,1,9,19,0,657.9678945000051,,,1.2361572446254752,0.2,195718.76579915002,195718.76579268335,-0.006466667400673032,,,,,pilot,001,2026-09-16_15h13.58.267,mmn,,2026.2.3,60.26721276801285,2026-09-16 15h13.58.664781 +0800,
20,0,2,standard,1000,,,,,1,0,1,0,2,0,20,1,659.2179965999967,,,1.043882213224167,0.2,195720.01503595,195720.0150388833,0.0029333168640732765,,,,,pilot,001,2026-09-16_15h13.58.267,mmn,,2026.2.3,60.26721276801285,2026-09-16 15h13.58.664781 +0800,
21,1,2,standard,1000,,,,,1,0,1,0,2,1,21,5,660.2681137000036,,,1.326158795697566,0.2,195721.06655735002,195721.06655665,-0.000700005330145359,,,,,pilot,001,2026-09-16_15h13.58.267,mmn,,2026.2.3,60.26721276801285,2026-09-16 15h13.58.664781 +0800,
22,2,2,standard,1000,,,,,1,0,1,0,2,2,22,8,661.6017554000136,,,1.0947662621465286,0.2,195722.39892365,195722.39892658332,0.0029333168640732765,,,,,pilot,001,2026-09-16_15h13.58.267,mmn,,2026.2.3,60.26721276801285,2026-09-16 15h13.58.664781 +0800,
23,3,2,standard,1000,,,,,1,0,1,0,2,3,23,2,662.7015910000191,,,1.0066335242003701,0.2,195723.49883685,195723.49883518333,-0.0016666599549353123,,,,,pilot,001,2026-09-16_15h13.58.267,mmn,,2026.2.3,60.26721276801285,2026-09-16 15h13.58.664781 +0800,
24,4,2,standard,1000,,,,,1,0,1,0,2,4,24,0,663.7181670000136,,,1.2224822629579877,0.2,195724.51584645,195724.51584951667,0.0030666706152260303,,,,,pilot,001,2026-09-16_15h13.58.267,mmn,,2026.2.3,60.26721276801285,2026-09-16 15h13.58.664781 +0800,
25,5,2,standard,1000,,,,,1,0,1,0,2,5,25,6,664.951356000005,,,1.4692465133874475,0.2,195725.74910725,195725.74911308332,0.005833309842273593,,,,,pilot,001,2026-09-16_15h13.58.267,mmn,,2026.2.3,60.26721276801285,2026-09-16 15h13.58.664781 +0800,
26,6,2,standard,1000,,,,,1,0,1,0,2,6,26,4,666.4351457000012,,,1.1155226550838133,0.2,195727.23265255,195727.23265798335,0.005433335900306702,,,,,pilot,001,2026-09-16_15h13.58.267,mmn,,2026.2.3,60.26721276801285,2026-09-16 15h13.58.664781 +0800,
27,7,2,standard,1000,,,,,1,0,1,0,2,7,27,3,667.5517938999983,,,1.1282009886646513,0.2,195728.34988405,195728.34988865,0.0046000059228390455,,,,,pilot,001,2026-09-16_15h13.58.267,mmn,,2026.2.3,60.26721276801285,2026-09-16 15h13.58.664781 +0800,
28,8,2,oddball,1200,,,,,1,0,1,0,2,8,28,9,668.6859323999961,,,1.0570293350004039,0.2,195729.48277935002,195729.48278264998,0.0032999669201672077,,,,,pilot,001,2026-09-16_15h13.58.267,mmn,,2026.2.3,60.26721276801285,2026-09-16 15h13.58.664781 +0800,
29,9,2,standard,1000,,,,,1,0,1,0,2,9,29,7,669.7517635000113,,,1.2625035824332809,0.2,195730.55101235,195730.55100911667,-0.0032333482522517443,,,,,pilot,001,2026-09-16_15h13.58.267,mmn,,2026.2.3,60.26721276801285,2026-09-16 15h13.58.664781 +0800,
30,0,3,standard,1000,,,,,1,0,1,0,3,0,30,3,671.0182357000012,,,1.2265066741354222,0.2,195731.81652725,195731.81653085,0.0035999983083456755,,,,,pilot,001,2026-09-16_15h13.58.267,mmn,,2026.2.3,60.26721276801285,2026-09-16 15h13.58.664781 +0800,
31,1,3,standard,1000,,,,,1,0,1,0,3,1,31,6,672.2516398000007,,,1.3118895925284224,0.2,195733.05007255002,195733.05007805,0.005499983672052622,,,,,pilot,001,2026-09-16_15h13.58.267,mmn,,2026.2.3,60.26721276801285,2026-09-16 15h13.58.664781 +0800,
32,2,3,standard,1000,,,,,1,0,1,0,3,2,32,0,673.5688221000019,,,1.3600263019478624,0.2,195734.36665765,195734.36666338335,0.005733338184654713,,,,,pilot,001,2026-09-16_15h13.58.267,mmn,,2026.2.3,60.26721276801285,2026-09-16 15h13.58.664781 +0800,
33,3,3,standard,1000,,,,,1,0,1,0,3,3,33,4,674.9353967000206,,,1.0655193739522353,0.2,195735.73263615,195735.73264638332,0.010233314242213964,,,,,pilot,001,2026-09-16_15h13.58.267,mmn,,2026.2.3,60.26721276801285,2026-09-16 15h13.58.664781 +0800,
34,4,3,standard,1000,,,,,1,0,1,0,3,4,34,1,676.0020685000054,,,1.3758764183925558,0.2,195736.79987805,195736.79987038331,-0.007666676538065076,,,,,pilot,001,2026-09-16_15h13.58.267,mmn,,2026.2.3,60.26721276801285,2026-09-16 15h13.58.664781 +0800,
35,5,3,standard,1000,,,,,1,0,1,0,3,5,35,2,677.3854589000111,,,1.11674773895358,0.2,195738.18251885,195738.18251105002,-0.007799972081556916,,,,,pilot,001,2026-09-16_15h13.58.267,mmn,,2026.2.3,60.26721276801285,2026-09-16 15h13.58.664781 +0800,
36,6,3,standard,1000,,,,,1,0,1,0,3,6,36,8,678.5019351000083,,,1.2083075113201451,0.2,195739.29951015,195739.29950458332,-0.0055666896514594555,,,,,pilot,001,2026-09-16_15h13.58.267,mmn,,2026.2.3,60.26721276801285,2026-09-16 15h13.58.664781 +0800,
37,7,3,oddball,1200,,,,,1,0,1,0,3,7,37,9,679.7195780000184,,,1.2835990009973477,0.2,195740.51655765,195740.51655115,-0.006499991286545992,,,,,pilot,001,2026-09-16_15h13.58.267,mmn,,2026.2.3,60.26721276801285,2026-09-16 15h13.58.664781 +0800,
38,8,3,standard,1000,,,,,1,0,1,0,3,8,38,5,681.0185479000211,,,1.2244592941978936,0.2,195741.81678885,195741.81678005,-0.008800008799880743,,,,,pilot,001,2026-09-16_15h13.58.267,mmn,,2026.2.3,60.26721276801285,2026-09-16 15h13.58.664781 +0800,
39,9,3,standard,1000,,,,,1,0,1,0,3,9,39,7,682.2519689000037,,,1.156127894865285,0.2,195743.05008975,195743.05009451666,0.004766654456034303,,,,,pilot,001,2026-09-16_15h13.58.267,mmn,,2026.2.3,60.26721276801285,2026-09-16 15h13.58.664781 +0800,
40,0,4,standard,1000,,,,,1,0,1,0,4,0,40,2,683.4190134000091,,,1.147200656677557,0.2,195744.21602155,195744.21601858333,-0.0029666698537766933,,,,,pilot,001,2026-09-16_15h13.58.267,mmn,,2026.2.3,60.26721276801285,2026-09-16 15h13.58.664781 +0800,
41,1,4,standard,1000,,,,,1,0,1,0,4,1,41,4,684.5699728000036,,,1.1741319140340543,0.2,195745.36652065002,195745.36651174998,-0.008900038665160537,,,,,pilot,001,2026-09-16_15h13.58.267,mmn,,2026.2.3,60.26721276801285,2026-09-16 15h13.58.664781 +0800,
42,2,4,standard,1000,,,,,1,0,1,0,4,2,42,0,685.7525145999971,,,1.3225161149429923,0.2,195746.55008015002,195746.55008071667,0.0005666515789926052,,,,,pilot,001,2026-09-16_15h13.58.267,mmn,,2026.2.3,60.26721276801285,2026-09-16 15h13.58.664781 +0800,
43,3,4,oddball,1200,,,,,1,0,1,0,4,3,43,9,687.085940799996,,,1.3453080592825466,0.2,195747.88356145,195747.88356365,0.0021999876480549574,,,,,pilot,001,2026-09-16_15h13.58.267,mmn,,2026.2.3,60.26721276801285,2026-09-16 15h13.58.664781 +0800,
44,4,4,standard,1000,,,,,1,0,1,0,4,4,44,1,688.4373048999987,,,1.2198115054649774,0.2,195749.23431195001,195749.23430581667,-0.006133341230452061,,,,,pilot,001,2026-09-16_15h13.58.267,mmn,,2026.2.3,60.26721276801285,2026-09-16 15h13.58.664781 +0800,
45,5,4,standard,1000,,,,,1,0,1,0,4,5,45,7,689.6690022000112,,,1.420731352770365,0.2,195750.46702115,195750.46702575,0.0046000059228390455,,,,,pilot,001,2026-09-16_15h13.58.267,mmn,,2026.2.3,60.26721276801285,2026-09-16 15h13.58.664781 +0800,
46,6,4,standard,1000,,,,,1,0,1,0,4,6,46,3,691.1041546000051,,,1.3976450311932391,0.2,195751.90281115,195751.90281215002,0.00100000761449337,,,,,pilot,001,2026-09-16_15h13.58.267,mmn,,2026.2.3,60.26721276801285,2026-09-16 15h13.58.664781 +0800,
47,7,4,standard,1000,,,,,1,0,1,0,4,7,47,6,692.5041112000181,,,1.0842964484435358,0.2,195753.30351055,195753.30351408335,0.0035333505365997553,,,,,pilot,001,2026-09-16_15h13.58.267,mmn,,2026.2.3,60.26721276801285,2026-09-16 15h13.58.664781 +0800,
48,8,4,standard,1000,,,,,1,0,1,0,4,8,48,5,693.6021161999961,,,1.0953078287032425,0.2,195754.39987655001,195754.39986881666,-0.007733353413641453,,,,,pilot,001,2026-09-16_15h13.58.267,mmn,,2026.2.3,60.26721276801285,2026-09-16 15h13.58.664781 +0800,
49,9,4,standard,1000,,,,,1,0,1,0,4,9,49,8,694.7026277999976,,,1.470781786715583,0.2,195755.50026125,195755.50026955,0.008299975888803601,,,,,pilot,001,2026-09-16_15h13.58.267,mmn,,2026.2.3,60.26721276801285,2026-09-16 15h13.58.664781 +0800,
50,0,5,standard,1000,,,,,1,0,1,0,5,0,50,0,696.1858982999984,,,1.299574325507107,0.2,195756.98351775,195756.98351365,-0.0041000021155923605,,,,,pilot,001,2026-09-16_15h13.58.267,mmn,,2026.2.3,60.26721276801285,2026-09-16 15h13.58.664781 +0800,
51,1,5,standard,1000,,,,,1,0,1,0,5,1,51,8,697.4870867000136,,,1.2006508345916096,0.2,195758.28577695,195758.28576748332,-0.009466690244153142,,,,,pilot,001,2026-09-16_15h13.58.267,mmn,,2026.2.3,60.26721276801285,2026-09-16 15h13.58.664781 +0800,
52,2,5,standard,1000,,,,,1,0,1,0,5,2,52,2,698.687038300006,,,1.4692634749580042,0.2,195759.48539565,195759.48539491667,-0.0007333292160183191,,,,,pilot,001,2026-09-16_15h13.58.267,mmn,,2026.2.3,60.26721276801285,2026-09-16 15h13.58.664781 +0800,
53,3,5,oddball,1200,,,,,1,0,1,0,5,3,53,9,700.1720822000061,,,1.315650342434064,0.2,195760.96734455,195760.9673490833,0.004533299943432212,,,,,pilot,001,2026-09-16_15h13.58.267,mmn,,2026.2.3,60.26721276801285,2026-09-16 15h13.58.664781 +0800,
54,4,5,standard,1000,,,,,1,0,1,0,5,4,54,5,701.4875302000146,,,1.0934267592548739,0.2,195762.28490585,195762.28490358332,-0.002266693627461791,,,,,pilot,001,2026-09-16_15h13.58.267,mmn,,2026.2.3,60.26721276801285,2026-09-16 15h13.58.664781 +0800,
55,5,5,standard,1000,,,,,1,0,1,0,5,5,55,7,702.5863508000039,,,1.1785767149297777,0.2,195763.38397035,195763.38397035,0.0,,,,,pilot,001,2026-09-16_15h13.58.267,mmn,,2026.2.3,60.26721276801285,2026-09-16 15h13.58.664781 +0800,
56,6,5,standard,1000,,,,,1,0,1,0,5,6,56,3,703.7720272000006,,,1.216644774320287,0.2,195764.56786955,195764.56787665,0.007099995855242014,,,,,pilot,001,2026-09-16_15h13.58.267,mmn,,2026.2.3,60.26721276801285,2026-09-16 15h13.58.664781 +0800,
57,7,5,standard,1000,,,,,1,0,1,0,5,7,57,4,705.0027610000107,,,1.4476637321826877,0.2,195765.79989695,195765.79990155,0.0046000059228390455,,,,,pilot,001,2026-09-16_15h13.58.267,mmn,,2026.2.3,60.26721276801285,2026-09-16 15h13.58.664781 +0800,
58,8,5,standard,1000,,,,,1,0,1,0,5,8,58,6,706.4530173999956,,,1.228824203785111,0.2,195767.25172715,195767.25173261666,0.005466659786179662,,,,,pilot,001,2026-09-16_15h13.58.267,mmn,,2026.2.3,60.26721276801285,2026-09-16 15h13.58.664781 +0800,
59,9,5,standard,1000,,,,,1,0,1,0,5,9,59,1,707.6861982000119,,,1.1448235698719733,0.2,195768.48554585,195768.48553555002,-0.010299991117790341,,,,,pilot,001,2026-09-16_15h13.58.267,mmn,,2026.2.3,60.26721276801285,2026-09-16 15h13.58.664781 +0800,
60,0,6,oddball,1200,,,,,1,0,1,0,6,0,60,9,708.8365310000081,,,1.0436431767330205,0.2,195769.63355735,195769.63354741668,-0.009933311957865953,,,,,pilot,001,2026-09-16_15h13.58.267,mmn,,2026.2.3,60.26721276801285,2026-09-16 15h13.58.664781 +0800,
61,1,6,standard,1000,,,,,1,0,1,0,6,1,61,5,709.8887083000154,,,1.1410290751652687,0.2,195770.68520315,195770.68520865,0.005499983672052622,,,,,pilot,001,2026-09-16_15h13.58.267,mmn,,2026.2.3,60.26721276801285,2026-09-16 15h13.58.664781 +0800,
62,2,6,standard,1000,,,,,1,0,1,0,6,2,62,0,711.0364051999932,,,1.3513746125078725,0.2,195771.83516165,195771.83515571666,-0.005933339707553387,,,,,pilot,001,2026-09-16_15h13.58.267,mmn,,2026.2.3,60.26721276801285,2026-09-16 15h13.58.664781 +0800,
63,3,6,standard,1000,,,,,1,0,1,0,6,3,63,8,712.4054420000175,,,1.3202035172172106,0.2,195773.20795945,195773.20796981666,0.010366667993366718,,,,,pilot,001,2026-09-16_15h13.58.267,mmn,,2026.2.3,60.26721276801285,2026-09-16 15h13.58.664781 +0800,
64,4,6,standard,1000,,,,,1,0,1,0,6,4,64,7,713.7374117000145,,,1.4677694965273875,0.2,195774.53442195,195774.53442228335,0.00033335527405142784,,,,,pilot,001,2026-09-16_15h13.58.267,mmn,,2026.2.3,60.26721276801285,2026-09-16 15h13.58.664781 +0800,
65,5,6,standard,1000,,,,,1,0,1,0,6,5,65,2,715.2039842999948,,,1.3911716906847735,0.2,195776.00333775,195776.00333295,-0.0048000074457377195,,,,,pilot,001,2026-09-16_15h13.58.267,mmn,,2026.2.3,60.26721276801285,2026-09-16 15h13.58.664781 +0800,
66,6,6,standard,1000,,,,,1,0,1,0,6,6,66,3,716.6049719000002,,,1.162425667729778,0.2,195777.40547995002,195777.40547238334,-0.007566675776615739,,,,,pilot,001,2026-09-16_15h13.58.267,mmn,,2026.2.3,60.26721276801285,2026-09-16 15h13.58.664781 +0800,
67,7,6,standard,1000,,,,,1,0,1,0,6,7,67,1,717.769630099996,,,1.3731728685525257,0.2,195778.57039465,195778.57039888334,0.004233326762914658,,,,,pilot,001,2026-09-16_15h13.58.267,mmn,,2026.2.3,60.26721276801285,2026-09-16 15h13.58.664781 +0800,
68,8,6,standard,1000,,,,,1,0,1,0,6,8,68,6,719.1567676000122,,,1.2185119106608968,0.2,195779.95487815,195779.95487178332,-0.006366666639223695,,,,,pilot,001,2026-09-16_15h13.58.267,mmn,,2026.2.3,60.26721276801285,2026-09-16 15h13.58.664781 +0800,
69,9,6,standard,1000,,,,,1,0,1,0,6,9,69,4,720.3864701999992,,,1.0122082349673194,0.2,195781.18723465002,195781.18723158335,-0.0030666706152260303,,,,,pilot,001,2026-09-16_15h13.58.267,mmn,,2026.2.3,60.26721276801285,2026-09-16 15h13.58.664781 +0800,
70,0,7,standard,1000,,,,,1,0,1,0,7,0,70,6,721.4042244000011,,,1.181165463376344,0.2,195782.20225445,195782.20224781666,-0.006633345037698746,,,,,pilot,001,2026-09-16_15h13.58.267,mmn,,2026.2.3,60.26721276801285,2026-09-16 15h13.58.664781 +0800,
71,1,7,standard,1000,,,,,1,0,1,0,7,1,71,0,722.5884182000009,,,1.0529142600754504,0.2,195783.38635095,195783.3863581833,0.007233320502564311,,,,,pilot,001,2026-09-16_15h13.58.267,mmn,,2026.2.3,60.26721276801285,2026-09-16 15h13.58.664781 +0800,
72,2,7,standard,1000,,,,,1,0,1,0,7,2,72,5,723.6542271999933,,,1.4116421895597697,0.2,195784.45180275,195784.45179765002,-0.005099980626255274,,,,,pilot,001,2026-09-16_15h13.58.267,mmn,,2026.2.3,60.26721276801285,2026-09-16 15h13.58.664781 +0800,
73,3,7,standard,1000,,,,,1,0,1,0,7,3,73,3,725.0706461000082,,,1.4214243622342828,0.2,195785.86768895,195785.86769885,0.009899988071992993,,,,,pilot,001,2026-09-16_15h13.58.267,mmn,,2026.2.3,60.26721276801285,2026-09-16 15h13.58.664781 +0800,
74,4,7,standard,1000,,,,,1,0,1,0,7,4,74,8,726.5045530000061,,,1.0986866346167155,0.2,195787.30359815,195787.30359008335,-0.008066650480031967,,,,,pilot,001,2026-09-16_15h13.58.267,mmn,,2026.2.3,60.26721276801285,2026-09-16 15h13.58.664781 +0800,
75,5,7,standard,1000,,,,,1,0,1,0,7,5,75,7,727.604461400013,,,1.366664378073173,0.2,195788.40151825,195788.40150871666,-0.009533338015899062,,,,,pilot,001,2026-09-16_15h13.58.267,mmn,,2026.2.3,60.26721276801285,2026-09-16 15h13.58.664781 +0800,
76,6,7,standard,1000,,,,,1,0,1,0,7,6,76,2,728.9700796999969,,,1.3556521792490535,0.2,195789.76747265,195789.76746608334,-0.006566668162122369,,,,,pilot,001,2026-09-16_15h13.58.267,mmn,,2026.2.3,60.26721276801285,2026-09-16 15h13.58.664781 +0800,
77,7,7,oddball,1200,,,,,1,0,1,0,7,7,77,9,730.3370129000104,,,1.160285213105698,0.2,195791.13403985,195791.1340487833,0.008933304343372583,,,,,pilot,001,2026-09-16_15h13.58.267,mmn,,2026.2.3,60.26721276801285,2026-09-16 15h13.58.664781 +0800,
78,8,7,standard,1000,,,,,1,0,1,0,7,8,78,4,731.5043671000167,,,1.3241169513654096,0.2,195792.30188105,195792.30187771664,-0.0033333490137010813,,,,,pilot,001,2026-09-16_15h13.58.267,mmn,,2026.2.3,60.26721276801285,2026-09-16 15h13.58.664781 +0800,
79,9,7,standard,1000,,,,,1,0,1,0,7,9,79,1,732.837391500012,,,1.0132102436967647,0.2,195793.63568955,195793.63567935,-0.010199990356341004,,,,,pilot,001,2026-09-16_15h13.58.267,mmn,,2026.2.3,60.26721276801285,2026-09-16 15h13.58.664781 +0800,
80,0,8,oddball,1200,,,,,1,0,1,0,8,0,80,9,733.8541575999989,,,1.0561391629542378,0.2,195794.65095825001,195794.65096411668,0.00586666283197701,,,,,pilot,001,2026-09-16_15h13.58.267,mmn,,2026.2.3,60.26721276801285,2026-09-16 15h13.58.664781 +0800,
81,1,8,standard,1000,,,,,1,0,1,0,8,1,81,7,734.9200095999986,,,1.17053436790752,0.2,195795.71784165,195795.71783315,-0.008500006515532732,,,,,pilot,001,2026-09-16_15h13.58.267,mmn,,2026.2.3,60.26721276801285,2026-09-16 15h13.58.664781 +0800,
82,2,8,standard,1000,,,,,1,0,1,0,8,2,82,2,736.1064818000013,,,1.2137438774520042,0.2,195796.90458595,195796.90458661667,0.000666681444272399,,,,,pilot,001,2026-09-16_15h13.58.267,mmn,,2026.2.3,60.26721276801285,2026-09-16 15h13.58.664781 +0800,
83,3,8,standard,1000,,,,,1,0,1,0,8,3,83,3,737.3209733999975,,,1.0734734329008282,0.2,195798.11821645,195798.1182092167,-0.007233320502564311,,,,,pilot,001,2026-09-16_15h13.58.267,mmn,,2026.2.3,60.26721276801285,2026-09-16 15h13.58.664781 +0800,
84,4,8,standard,1000,,,,,1,0,1,0,8,4,84,1,738.403959599993,,,1.3207144335295617,0.2,195799.20135835,195799.20136281665,0.004466652171686292,,,,,pilot,001,2026-09-16_15h13.58.267,mmn,,2026.2.3,60.26721276801285,2026-09-16 15h13.58.664781 +0800,
85,5,8,standard,1000,,,,,1,0,1,0,8,5,85,4,739.7374188000103,,,1.405321568762908,0.2,195800.53505655,195800.53506541665,0.008866656571626663,,,,,pilot,001,2026-09-16_15h13.58.267,mmn,,2026.2.3,60.26721276801285,2026-09-16 15h13.58.664781 +0800,
86,6,8,standard,1000,,,,,1,0,1,0,8,6,86,5,741.1549787000113,,,1.220521643479542,0.2,195801.95101895,195801.95101458335,-0.004366651410236955,,,,,pilot,001,2026-09-16_15h13.58.267,mmn,,2026.2.3,60.26721276801285,2026-09-16 15h13.58.664781 +0800,
87,7,8,standard,1000,,,,,1,0,1,0,8,7,87,6,742.3883425999957,,,1.1800724492140036,0.2,195803.18651025,195803.18650151667,-0.008733331924304366,,,,,pilot,001,2026-09-16_15h13.58.267,mmn,,2026.2.3,60.26721276801285,2026-09-16 15h13.58.664781 +0800,
88,8,8,standard,1000,,,,,1,0,1,0,8,8,88,8,743.5708001000166,,,1.3868931550864412,0.2,195804.36763955,195804.36764231668,0.0027666683308780193,,,,,pilot,001,2026-09-16_15h13.58.267,mmn,,2026.2.3,60.26721276801285,2026-09-16 15h13.58.664781 +0800,
89,9,8,standard,1000,,,,,1,0,1,0,8,9,89,0,744.9701709999936,,,1.0835931907993746,0.2,195805.76777665,195805.76777394998,-0.002700020559132099,,,,,pilot,001,2026-09-16_15h13.58.267,mmn,,2026.2.3,60.26721276801285,2026-09-16 15h13.58.664781 +0800,
90,0,9,standard,1000,,,,,1,0,1,0,9,0,90,5,746.0537597000075,,,1.280168443638209,0.2,195806.85114385,195806.85114591668,0.0020666630007326603,,,,,pilot,001,2026-09-16_15h13.58.267,mmn,,2026.2.3,60.26721276801285,2026-09-16 15h13.58.664781 +0800,
91,1,9,standard,1000,,,,,1,0,1,0,9,1,91,1,747.3370672000165,,,1.2886495163454954,0.2,195808.13672755,195808.13673488333,0.007333321264013648,,,,,pilot,001,2026-09-16_15h13.58.267,mmn,,2026.2.3,60.26721276801285,2026-09-16 15h13.58.664781 +0800,
92,2,9,standard,1000,,,,,1,0,1,0,9,2,92,3,748.6396009000018,,,1.3385978353587409,0.2,195809.43558515,195809.4355951833,0.01003331271931529,,,,,pilot,001,2026-09-16_15h13.58.267,mmn,,2026.2.3,60.26721276801285,2026-09-16 15h13.58.664781 +0800,
93,3,9,standard,1000,,,,,1,0,1,0,9,3,93,6,749.9894265000185,,,1.424572073833752,0.2,195810.78480275001,195810.78480478332,0.0020333100110292435,,,,,pilot,001,2026-09-16_15h13.58.267,mmn,,2026.2.3,60.26721276801285,2026-09-16 15h13.58.664781 +0800,
94,4,9,standard,1000,,,,,1,0,1,0,9,4,94,2,751.4201755000104,,,1.351813338816354,0.2,195812.21892725,195812.21893471666,0.007466645911335945,,,,,pilot,001,2026-09-16_15h13.58.267,mmn,,2026.2.3,60.26721276801285,2026-09-16 15h13.58.664781 +0800,
95,5,9,standard,1000,,,,,1,0,1,0,9,5,95,4,752.7897811000003,,,1.4359706848479061,0.2,195813.58570635002,195813.58570918333,0.0028333161026239395,,,,,pilot,001,2026-09-16_15h13.58.267,mmn,,2026.2.3,60.26721276801285,2026-09-16 15h13.58.664781 +0800,
96,6,9,oddball,1200,,,,,1,0,1,0,9,6,96,9,754.237360500003,,,1.1931529800455007,0.2,195815.03467155,195815.03466178334,-0.009766663424670696,,,,,pilot,001,2026-09-16_15h13.58.267,mmn,,2026.2.3,60.26721276801285,2026-09-16 15h13.58.664781 +0800,
97,7,9,standard,1000,,,,,1,0,1,0,9,7,97,8,755.4376606000005,,,1.23854999076951,0.2,195816.23496265,195816.23496018333,-0.0024666660465300083,,,,,pilot,001,2026-09-16_15h13.58.267,mmn,,2026.2.3,60.26721276801285,2026-09-16 15h13.58.664781 +0800,
98,8,9,standard,1000,,,,,1,0,1,0,9,8,98,7,756.6875874999969,,,1.0339860993458894,0.2,195817.48473575,195817.48472711668,-0.008633331162855029,,,,,pilot,001,2026-09-16_15h13.58.267,mmn,,2026.2.3,60.26721276801285,2026-09-16 15h13.58.664781 +0800,
99,9,9,standard,1000,,,,,1,0,1,0,9,9,99,0,757.7221815999947,,,1.0974933855188693,0.2,195818.51842745,195818.51843695,0.009499985026195645,,,,,pilot,001,2026-09-16_15h13.58.267,mmn,,2026.2.3,60.26721276801285,2026-09-16 15h13.58.664781 +0800,
100,0,10,standard,1000,,,,,1,0,1,0,10,0,100,0,758.822634000011,,,1.1201428284376782,0.2,195819.61935045,195819.6193475167,-0.00293328776024282,,,,,pilot,001,2026-09-16_15h13.58.267,mmn,,2026.2.3,60.26721276801285,2026-09-16 15h13.58.664781 +0800,
101,1,10,standard,1000,,,,,1,0,1,0,10,1,101,4,759.9559358000115,,,1.1690605038214945,0.2,195820.75168275,195820.75168581668,0.0030666706152260303,,,,,pilot,001,2026-09-16_15h13.58.267,mmn,,2026.2.3,60.26721276801285,2026-09-16 15h13.58.664781 +0800,
102,2,10,standard,1000,,,,,1,0,1,0,10,2,102,1,761.1390117999981,,,1.203788985809715,0.2,195821.93482235,195821.93481988335,-0.0024666660465300083,,,,,pilot,001,2026-09-16_15h13.58.267,mmn,,2026.2.3,60.26721276801285,2026-09-16 15h13.58.664781 +0800,
103,3,10,standard,1000,,,,,1,0,1,0,10,3,103,7,762.3556096999964,,,1.3186083718915218,0.2,195823.15108745,195823.15109608334,0.008633331162855029,,,,,pilot,001,2026-09-16_15h13.58.267,mmn,,2026.2.3,60.26721276801285,2026-09-16 15h13.58.664781 +0800,
104,4,10,standard,1000,,,,,1,0,1,0,10,4,104,8,763.6875104999926,,,1.369722457795274,0.2,195824.48600985,195824.48600438333,-0.005466659786179662,,,,,pilot,001,2026-09-16_15h13.58.267,mmn,,2026.2.3,60.26721276801285,2026-09-16 15h13.58.664781 +0800,
105,5,10,standard,1000,,,,,1,0,1,0,10,5,105,3,765.0718966000131,,,1.2457364969723481,0.2,195825.87121915,195825.87121831666,-0.0008333299774676561,,,,,pilot,001,2026-09-16_15h13.58.267,mmn,,2026.2.3,60.26721276801285,2026-09-16 15h13.58.664781 +0800,
106,6,10,standard,1000,,,,,1,0,1,0,10,6,106,6,766.3245851999964,,,1.326608653436186,0.2,195827.12157465,195827.12157244998,-0.002200016751885414,,,,,pilot,001,2026-09-16_15h13.58.267,mmn,,2026.2.3,60.26721276801285,2026-09-16 15h13.58.664781 +0800,
107,7,10,standard,1000,,,,,1,0,1,0,10,7,107,5,767.6572580999928,,,1.4952488685422933,0.2,195828.45186825,195828.45186251667,-0.005733338184654713,,,,,pilot,001,2026-09-16_15h13.58.267,mmn,,2026.2.3,60.26721276801285,2026-09-16 15h13.58.664781 +0800,
108,8,10,oddball,1200,,,,,1,0,1,0,10,8,108,9,769.1545075000031,,,1.102259732180253,0.2,195829.95494155,195829.95493238332,-0.009166687959805131,,,,,pilot,001,2026-09-16_15h13.58.267,mmn,,2026.2.3,60.26721276801285,2026-09-16 15h13.58.664781 +0800,
109,9,10,standard,1000,,,,,1,0,1,0,10,9,109,2,770.2751388000033,,,1.2447142665960367,0.2,195831.06847715,195831.06848491667,0.007766677299514413,,,,,pilot,001,2026-09-16_15h13.58.267,mmn,,2026.2.3,60.26721276801285,2026-09-16 15h13.58.664781 +0800,
110,0,11,standard,1000,,,,,1,0,1,0,11,0,110,3,771.5237999999954,,,1.2120688996865907,0.2,195832.31907865,195832.31908201668,0.0033666728995740414,,,,,pilot,001,2026-09-16_15h13.58.267,mmn,,2026.2.3,60.26721276801285,2026-09-16 15h13.58.664781 +0800,
111,1,11,standard,1000,,,,,1,0,1,0,11,1,111,6,772.7408787000168,,,1.464010096371593,0.2,195833.53728335002,195833.53727728332,-0.0060666934587061405,,,,,pilot,001,2026-09-16_15h13.58.267,mmn,,2026.2.3,60.26721276801285,2026-09-16 15h13.58.664781 +0800,
112,2,11,standard,1000,,,,,1,0,1,0,11,2,112,1,774.2041735000093,,,1.1937725685221887,0.2,195835.00553755,195835.00553558333,-0.0019666622392833233,,,,,pilot,001,2026-09-16_15h13.58.267,mmn,,2026.2.3,60.26721276801285,2026-09-16 15h13.58.664781 +0800,
113,3,11,standard,1000,,,,,1,0,1,0,11,3,113,0,775.4086719000188,,,1.3719017081419316,0.2,195836.20528335,195836.20528214998,-0.001200009137392044,,,,,pilot,001,2026-09-16_15h13.58.267,mmn,,2026.2.3,60.26721276801285,2026-09-16 15h13.58.664781 +0800,
114,4,11,standard,1000,,,,,1,0,1,0,11,4,114,2,776.7894769000122,,,1.0325396486294092,0.2,195837.58736555,195837.58736031665,-0.005233334377408028,,,,,pilot,001,2026-09-16_15h13.58.267,mmn,,2026.2.3,60.26721276801285,2026-09-16 15h13.58.664781 +0800,
115,5,11,standard,1000,,,,,1,0,1,0,11,5,115,5,777.8228590000072,,,1.3537461004399862,0.2,195838.61892115002,195838.61892348336,0.0023333413992077112,,,,,pilot,001,2026-09-16_15h13.58.267,mmn,,2026.2.3,60.26721276801285,2026-09-16 15h13.58.664781 +0800,
116,6,11,standard,1000,,,,,1,0,1,0,11,6,116,4,779.1878889999934,,,1.107063787144796,0.2,195839.98565515,195839.98564831665,-0.00683334656059742,,,,,pilot,001,2026-09-16_15h13.58.267,mmn,,2026.2.3,60.26721276801285,2026-09-16 15h13.58.664781 +0800,
117,7,11,oddball,1200,,,,,1,0,1,0,11,7,117,9,780.3086834000133,,,1.096075686119832,0.2,195841.10448665,195841.10449045,0.0037999998312443495,,,,,pilot,001,2026-09-16_15h13.58.267,mmn,,2026.2.3,60.26721276801285,2026-09-16 15h13.58.664781 +0800,
118,8,11,standard,1000,,,,,1,0,1,0,11,8,118,7,781.4051763000025,,,1.4801886918474718,0.2,195842.20404685,195842.20404455,-0.002300017513334751,,,,,pilot,001,2026-09-16_15h13.58.267,mmn,,2026.2.3,60.26721276801285,2026-09-16 15h13.58.664781 +0800,
119,9,11,standard,1000,,,,,1,0,1,0,11,9,119,8,782.888013400021,,,1.4160712238313797,0.2,195843.68610665,195843.68611631665,0.009666633559390903,,,,,pilot,001,2026-09-16_15h13.58.267,mmn,,2026.2.3,60.26721276801285,2026-09-16 15h13.58.664781 +0800,
120,0,12,standard,1000,,,,,1,0,1,0,12,0,120,8,784.3047606000036,,,1.005640372536443,0.2,195845.10320025,195845.10319651666,-0.0037333520594984293,,,,,pilot,001,2026-09-16_15h13.58.267,mmn,,2026.2.3,60.26721276801285,2026-09-16 15h13.58.664781 +0800,
121,1,12,standard,1000,,,,,1,0,1,0,12,1,121,1,785.3219079000119,,,1.1826106580332036,0.2,195846.11950675,195846.1195061833,-0.0005666806828230619,,,,,pilot,001,2026-09-16_15h13.58.267,mmn,,2026.2.3,60.26721276801285,2026-09-16 15h13.58.664781 +0800,
122,2,12,standard,1000,,,,,1,0,1,0,12,2,122,3,786.5054371000151,,,1.3313988183069676,0.2,195847.30377135,195847.30377051668,-0.0008333299774676561,,,,,pilot,001,2026-09-16_15h13.58.267,mmn,,2026.2.3,60.26721276801285,2026-09-16 15h13.58.664781 +0800,
123,3,12,oddball,1200,,,,,1,0,1,0,12,3,123,9,787.8388164000062,,,1.1102737515521843,0.2,195848.63601965,195848.63602598335,0.006333342753350735,,,,,pilot,001,2026-09-16_15h13.58.267,mmn,,2026.2.3,60.26721276801285,2026-09-16 15h13.58.664781 +0800,
124,4,12,standard,1000,,,,,1,0,1,0,12,4,124,5,788.9553292000201,,,1.4742975295889988,0.2,195849.75465895,195849.75464991666,-0.009033334208652377,,,,,pilot,001,2026-09-16_15h13.58.267,mmn,,2026.2.3,60.26721276801285,2026-09-16 15h13.58.664781 +0800,
125,5,12,standard,1000,,,,,1,0,1,0,12,5,125,0,790.4380290000117,,,1.3356076424053838,0.2,195851.23554135,195851.23553195,-0.009400013368576765,,,,,pilot,001,2026-09-16_15h13.58.267,mmn,,2026.2.3,60.26721276801285,2026-09-16 15h13.58.664781 +0800,
126,6,12,standard,1000,,,,,1,0,1,0,12,6,126,4,791.7729685000086,,,1.3294906842156002,0.2,195852.57135555,195852.57135425,-0.001300009898841381,,,,,pilot,001,2026-09-16_15h13.58.267,mmn,,2026.2.3,60.26721276801285,2026-09-16 15h13.58.664781 +0800,
127,7,12,standard,1000,,,,,1,0,1,0,12,7,127,6,793.1057816999964,,,1.2664563578280394,0.2,195853.90304585,195853.90304868334,0.0028333452064543962,,,,,pilot,001,2026-09-16_15h13.58.267,mmn,,2026.2.3,60.26721276801285,2026-09-16 15h13.58.664781 +0800,
128,8,12,standard,1000,,,,,1,0,1,0,12,8,128,7,794.3758666999929,,,1.4754906966363643,0.2,195855.17196245,195855.17197154998,0.009099981980398297,,,,,pilot,001,2026-09-16_15h13.58.267,mmn,,2026.2.3,60.26721276801285,2026-09-16 15h13.58.664781 +0800,
129,9,12,standard,1000,,,,,1,0,1,0,12,9,129,2,795.8579626000137,,,1.1096655278648453,0.2,195856.65596535002,195856.65596978334,0.004433328285813332,,,,,pilot,001,2026-09-16_15h13.58.267,mmn,,2026.2.3,60.26721276801285,2026-09-16 15h13.58.664781 +0800,
130,0,13,standard,1000,,,,,1,0,1,0,13,0,130,8,796.9746960000193,,,1.4196395141030786,0.2,195857.77321575,195857.77320985,-0.00589998671784997,,,,,pilot,001,2026-09-16_15h13.58.267,mmn,,2026.2.3,60.26721276801285,2026-09-16 15h13.58.664781 +0800,
131,1,13,standard,1000,,,,,1,0,1,0,13,1,131,2,798.5410370000172,,,1.424479746247865,0.2,195859.32971085,195859.32970198334,-0.008866656571626663,,,,,pilot,001,2026-09-16_15h13.58.267,mmn,,2026.2.3,60.26721276801285,2026-09-16 15h13.58.664781 +0800,
132,2,13,standard,1000,,,,,1,0,1,0,13,2,132,6,799.9744380000047,,,1.1058484601654535,0.2,195860.76899285,195860.7689872833,-0.0055666896514594555,,,,,pilot,001,2026-09-16_15h13.58.267,mmn,,2026.2.3,60.26721276801285,2026-09-16 15h13.58.664781 +0800,
133,3,13,standard,1000,,,,,1,0,1,0,13,3,133,0,801.088250300003,,,1.2424688263463737,0.2,195861.88617905,195861.88617668333,-0.0023666652850806713,,,,,pilot,001,2026-09-16_15h13.58.267,mmn,,2026.2.3,60.26721276801285,2026-09-16 15h13.58.664781 +0800,
134,4,13,standard,1000,,,,,1,0,1,0,13,4,134,3,802.3386342000158,,,1.162591376549548,0.2,195863.13631685,195863.13631104998,-0.00580001506023109,,,,,pilot,001,2026-09-16_15h13.58.267,mmn,,2026.2.3,60.26721276801285,2026-09-16 15h13.58.664781 +0800,
135,5,13,standard,1000,,,,,1,0,1,0,13,5,135,5,803.5054799999925,,,1.0121063061873807,0.2,195864.30362745,195864.30363738333,0.00993334106169641,,,,,pilot,001,2026-09-16_15h13.58.267,mmn,,2026.2.3,60.26721276801285,2026-09-16 15h13.58.664781 +0800,
136,6,13,standard,1000,,,,,1,0,1,0,13,6,136,7,804.5217264000094,,,1.4936450124096656,0.2,195865.31912955001,195865.31913848332,0.008933304343372583,,,,,pilot,001,2026-09-16_15h13.58.267,mmn,,2026.2.3,60.26721276801285,2026-09-16 15h13.58.664781 +0800,
137,7,13,oddball,1200,,,,,1,0,1,0,13,7,137,9,806.021596000006,,,1.2584207219120076,0.2,195866.81970755,195866.8197176833,0.010133313480764627,,,,,pilot,001,2026-09-16_15h13.58.267,mmn,,2026.2.3,60.26721276801285,2026-09-16 15h13.58.664781 +0800,
138,8,13,standard,1000,,,,,1,0,1,0,13,8,138,1,807.2797304000123,,,1.4259421872668636,0.2,195868.07791325,195868.07792121667,0.007966678822413087,,,,,pilot,001,2026-09-16_15h13.58.267,mmn,,2026.2.3,60.26721276801285,2026-09-16 15h13.58.664781 +0800,
139,9,13,standard,1000,,,,,1,0,1,0,13,9,139,4,808.7074626999965,,,1.3602693379094335,0.2,195869.50556195,195869.50555285,-0.009100011084228754,,,,,pilot,001,2026-09-16_15h13.58.267,mmn,,2026.2.3,60.26721276801285,2026-09-16 15h13.58.664781 +0800,
140,0,14,standard,1000,,,,,1,0,1,0,14,0,140,2,810.0730550000153,,,1.4198456645069557,0.2,195870.87018605002,195870.87019478332,0.00873330282047391,,,,,pilot,001,2026-09-16_15h13.58.267,mmn,,2026.2.3,60.26721276801285,2026-09-16 15h13.58.664781 +0800,
141,1,14,standard,1000,,,,,1,0,1,0,14,1,141,6,811.5051552999939,,,1.2551465593954139,0.2,195872.30304005,195872.30303781666,-0.002233340637758374,,,,,pilot,001,2026-09-16_15h13.58.267,mmn,,2026.2.3,60.26721276801285,2026-09-16 15h13.58.664781 +0800,
142,2,14,standard,1000,,,,,1,0,1,0,14,2,142,1,812.7723625999934,,,1.1320838930361532,0.2,195873.57162975,195873.57162558334,-0.004166649887338281,,,,,pilot,001,2026-09-16_15h13.58.267,mmn,,2026.2.3,60.26721276801285,2026-09-16 15h13.58.664781 +0800,
143,3,14,standard,1000,,,,,1,0,1,0,14,3,143,0,813.9060802000167,,,1.3333355220251084,0.2,195874.70408345,195874.7040862167,0.002766697434708476,,,,,pilot,001,2026-09-16_15h13.58.267,mmn,,2026.2.3,60.26721276801285,2026-09-16 15h13.58.664781 +0800,
144,4,14,standard,1000,,,,,1,0,1,0,14,4,144,5,815.238721200003,,,1.1337944284859405,0.2,195876.03784535002,195876.0378531167,0.007766677299514413,,,,,pilot,001,2026-09-16_15h13.58.267,mmn,,2026.2.3,60.26721276801285,2026-09-16 15h13.58.664781 +0800,
145,5,14,standard,1000,,,,,1,0,1,0,14,5,145,3,816.3732514000149,,,1.0884230733670242,0.2,195877.17240685,195877.1723975167,-0.009333307389169931,,,,,pilot,001,2026-09-16_15h13.58.267,mmn,,2026.2.3,60.26721276801285,2026-09-16 15h13.58.664781 +0800,
146,6,14,standard,1000,,,,,1,0,1,0,14,6,146,4,817.4728516000032,,,1.23882626298526,0.2,195878.27005645,195878.27006081666,0.004366651410236955,,,,,pilot,001,2026-09-16_15h13.58.267,mmn,,2026.2.3,60.26721276801285,2026-09-16 15h13.58.664781 +0800,
147,7,14,oddball,1200,,,,,1,0,1,0,14,7,147,9,818.7225879000034,,,1.432757803943518,0.2,195879.52214275,195879.5221467833,0.004033296136185527,,,,,pilot,001,2026-09-16_15h13.58.267,mmn,,2026.2.3,60.26721276801285,2026-09-16 15h13.58.664781 +0800,
148,8,14,standard,1000,,,,,1,0,1,0,14,8,148,8,820.1558161000139,,,1.0410280971702397,0.2,195880.95331005,195880.95330205,-0.008000002708286047,,,,,pilot,001,2026-09-16_15h13.58.267,mmn,,2026.2.3,60.26721276801285,2026-09-16 15h13.58.664781 +0800,
149,9,14,standard,1000,,,,,1,0,1,0,14,9,149,7,821.2055091999937,,,1.1725764652948165,0.2,195882.00370285,195882.00369501667,-0.007833325071260333,,,,,pilot,001,2026-09-16_15h13.58.267,mmn,,2026.2.3,60.26721276801285,2026-09-16 15h13.58.664781 +0800,
150,0,15,standard,1000,,,,,1,0,1,0,15,0,150,6,822.3893324999954,,,1.0870132856825794,0.2,195883.18652015,195883.1865193167,-0.0008333008736371994,,,,,pilot,001,2026-09-16_15h13.58.267,mmn,,2026.2.3,60.26721276801285,2026-09-16 15h13.58.664781 +0800,
151,1,15,standard,1000,,,,,1,0,1,0,15,1,151,0,823.4892088000197,,,1.32844798895814,0.2,195884.28631615,195884.28631234998,-0.003800028935074806,,,,,pilot,001,2026-09-16_15h13.58.267,mmn,,2026.2.3,60.26721276801285,2026-09-16 15h13.58.664781 +0800,
152,2,15,standard,1000,,,,,1,0,1,0,15,2,152,1,824.8230218999961,,,1.2821083550789534,0.2,195885.62054875,195885.62055858332,0.009833311196416616,,,,,pilot,001,2026-09-16_15h13.58.267,mmn,,2026.2.3,60.26721276801285,2026-09-16 15h13.58.664781 +0800,
153,3,15,standard,1000,,,,,1,0,1,0,15,3,153,4,826.1059293000144,,,1.2542265124453824,0.2,195886.90327385,195886.90328225,0.008399976650252938,,,,,pilot,001,2026-09-16_15h13.58.267,mmn,,2026.2.3,60.26721276801285,2026-09-16 15h13.58.664781 +0800,
154,4,15,standard,1000,,,,,1,0,1,0,15,4,154,2,827.3721891000168,,,1.111390962868302,0.2,195888.17021495,195888.1702148167,-0.00013329554349184036,,,,,pilot,001,2026-09-16_15h13.58.267,mmn,,2026.2.3,60.26721276801285,2026-09-16 15h13.58.664781 +0800,
155,5,15,standard,1000,,,,,1,0,1,0,15,5,155,7,828.4897456000035,,,1.43530399985481,0.2,195889.28815965,195889.28815875,-0.000900006853044033,,,,,pilot,001,2026-09-16_15h13.58.267,mmn,,2026.2.3,60.26721276801285,2026-09-16 15h13.58.664781 +0800,
156,6,15,oddball,1200,,,,,1,0,1,0,15,6,156,9,829.9390860999993,,,1.2101031533026083,0.2,195890.73771605,195890.73770825,-0.007800001185387373,,,,,pilot,001,2026-09-16_15h13.58.267,mmn,,2026.2.3,60.26721276801285,2026-09-16 15h13.58.664781 +0800,
157,7,15,standard,1000,,,,,1,0,1,0,15,7,157,8,831.1627933999989,,,1.0777020202100789,0.2,195891.96044975,195891.96045905,0.009299983503296971,,,,,pilot,001,2026-09-16_15h13.58.267,mmn,,2026.2.3,60.26721276801285,2026-09-16 15h13.58.664781 +0800,
158,8,15,standard,1000,,,,,1,0,1,0,15,8,158,3,832.2418286000029,,,1.0666758878392233,0.2,195893.03765625,195893.0376652833,0.00903330510482192,,,,,pilot,001,2026-09-16_15h13.58.267,mmn,,2026.2.3,60.26721276801285,2026-09-16 15h13.58.664781 +0800,
159,9,15,standard,1000,,,,,1,0,1,0,15,9,159,5,833.3224600999965,,,1.4342042551384306,0.2,195894.12060025,195894.12059291665,-0.007333350367844105,,,,,pilot,001,2026-09-16_15h13.58.267,mmn,,2026.2.3,60.26721276801285,2026-09-16 15h13.58.664781 +0800,
160,0,16,standard,1000,,,,,1,0,1,0,16,0,160,8,834.7787046000012,,,1.3647003764172267,0.2,195895.57681575,195895.57681988334,0.004133326001465321,,,,,pilot,001,2026-09-16_15h13.58.267,mmn,,2026.2.3,60.26721276801285,2026-09-16 15h13.58.664781 +0800,
161,1,16,oddball,1200,,,,,1,0,1,0,16,1,161,9,836.1579160999972,,,1.0254007365365665,0.2,195896.95789785,195896.95789425,-0.0035999983083456755,,,,,pilot,001,2026-09-16_15h13.58.267,mmn,,2026.2.3,60.26721276801285,2026-09-16 15h13.58.664781 +0800,
162,2,16,standard,1000,,,,,1,0,1,0,16,2,162,7,837.1921812999935,,,1.4029511990184664,0.2,195897.98790305,195897.98789498332,-0.008066679583862424,,,,,pilot,001,2026-09-16_15h13.58.267,mmn,,2026.2.3,60.26721276801285,2026-09-16 15h13.58.664781 +0800,
163,3,16,standard,1000,,,,,1,0,1,0,16,3,163,2,838.611275400006,,,1.0110642085265353,0.2,195899.39736615,195899.39737488335,0.008733361028134823,,,,,pilot,001,2026-09-16_15h13.58.267,mmn,,2026.2.3,60.26721276801285,2026-09-16 15h13.58.664781 +0800,
164,4,16,standard,1000,,,,,1,0,1,0,16,4,164,0,839.6226372999954,,,1.0402234480252774,0.2,195900.42006855,195900.42007221666,0.0036666460800915956,,,,,pilot,001,2026-09-16_15h13.58.267,mmn,,2026.2.3,60.26721276801285,2026-09-16 15h13.58.664781 +0800,
165,5,16,standard,1000,,,,,1,0,1,0,16,5,165,4,840.6726926999982,,,1.1138174975474298,0.2,195901.47031125,195901.47032061667,0.009366660378873348,,,,,pilot,001,2026-09-16_15h13.58.267,mmn,,2026.2.3,60.26721276801285,2026-09-16 15h13.58.664781 +0800,
166,6,16,standard,1000,,,,,1,0,1,0,16,6,166,5,841.7909439000068,,,1.3776581048574146,0.2,195902.58691665,195902.58691591668,-0.0007333292160183191,,,,,pilot,001,2026-09-16_15h13.58.267,mmn,,2026.2.3,60.26721276801285,2026-09-16 15h13.58.664781 +0800,
167,7,16,standard,1000,,,,,1,0,1,0,16,7,167,3,843.1734905000194,,,1.2945474769293075,0.2,195903.97232395,195903.97231695,-0.006999995093792677,,,,,pilot,001,2026-09-16_15h13.58.267,mmn,,2026.2.3,60.26721276801285,2026-09-16 15h13.58.664781 +0800,
168,8,16,standard,1000,,,,,1,0,1,0,16,8,168,6,844.4732553999929,,,1.3984739971856393,0.2,195905.27180495,195905.27181358336,0.008633360266685486,,,,,pilot,001,2026-09-16_15h13.58.267,mmn,,2026.2.3,60.26721276801285,2026-09-16 15h13.58.664781 +0800,
169,9,16,standard,1000,,,,,1,0,1,0,16,9,169,1,845.8738719999965,,,1.317060921064091,0.2,195906.67138415002,195906.67137891665,-0.005233363481238484,,,,,pilot,001,2026-09-16_15h13.58.267,mmn,,2026.2.3,60.26721276801285,2026-09-16 15h13.58.664781 +0800,
170,0,17,standard,1000,,,,,1,0,1,0,17,0,170,7,847.1911691999994,,,1.2885215272129953,0.2,195907.98807355,195907.98808198332,0.008433329639956355,,,,,pilot,001,2026-09-16_15h13.58.267,mmn,,2026.2.3,60.26721276801285,2026-09-16 15h13.58.664781 +0800,
171,1,17,standard,1000,,,,,1,0,1,0,17,1,171,5,848.4900999999954,,,1.0241127724517063,0.2,195909.29029475,195909.29030461668,0.009866664186120033,,,,,pilot,001,2026-09-16_15h13.58.267,mmn,,2026.2.3,60.26721276801285,2026-09-16 15h13.58.664781 +0800,
172,2,17,oddball,1200,,,,,1,0,1,0,17,2,172,9,849.5229254000005,,,1.1486318866186904,0.2,195910.32019065,195910.32018381666,-0.00683334656059742,,,,,pilot,001,2026-09-16_15h13.58.267,mmn,,2026.2.3,60.26721276801285,2026-09-16 15h13.58.664781 +0800,
173,3,17,standard,1000,,,,,1,0,1,0,17,3,173,0,850.6731035000121,,,1.0668375317655787,0.2,195911.47038415002,195911.47038378334,-0.00036667915992438793,,,,,pilot,001,2026-09-16_15h13.58.267,mmn,,2026.2.3,60.26721276801285,2026-09-16 15h13.58.664781 +0800,
174,4,17,standard,1000,,,,,1,0,1,0,17,4,174,6,851.7393366000033,,,1.0591127784853258,0.2,195912.53780235,195912.53781051666,0.008166651241481304,,,,,pilot,001,2026-09-16_15h13.58.267,mmn,,2026.2.3,60.26721276801285,2026-09-16 15h13.58.664781 +0800,
175,5,17,standard,1000,,,,,1,0,1,0,17,5,175,8,852.8074588000018,,,1.3366816716125596,0.2,195913.60494995,195913.60495671665,0.006766640581190586,,,,,pilot,001,2026-09-16_15h13.58.267,mmn,,2026.2.3,60.26721276801285,2026-09-16 15h13.58.664781 +0800,
176,6,17,standard,1000,,,,,1,0,1,0,17,6,176,3,854.1562516000122,,,1.050168159880203,0.2,195914.95430995,195914.95430318333,-0.006766669685021043,,,,,pilot,001,2026-09-16_15h13.58.267,mmn,,2026.2.3,60.26721276801285,2026-09-16 15h13.58.664781 +0800,
177,7,17,standard,1000,,,,,1,0,1,0,17,7,177,2,855.2063390999974,,,1.0512980134256453,0.2,195916.00374575,195916.00374135,-0.0044000043999403715,,,,,pilot,001,2026-09-16_15h13.58.267,mmn,,2026.2.3,60.26721276801285,2026-09-16 15h13.58.664781 +0800,
178,8,17,standard,1000,,,,,1,0,1,0,17,8,178,4,856.2732710000128,,,1.4922065580653558,0.2,195917.07052285,195917.07051878335,-0.004066649125888944,,,,,pilot,001,2026-09-16_15h13.58.267,mmn,,2026.2.3,60.26721276801285,2026-09-16 15h13.58.664781 +0800,
179,9,17,standard,1000,,,,,1,0,1,0,17,9,179,1,857.7772753000027,,,1.3615300355444115,0.2,195918.57623625,195918.57624085,0.0046000059228390455,,,,,pilot,001,2026-09-16_15h13.58.267,mmn,,2026.2.3,60.26721276801285,2026-09-16 15h13.58.664781 +0800,
180,0,18,standard,1000,,,,,1,0,1,0,18,0,180,5,859.139759600017,,,1.10586787390856,0.2,195919.93731985,195919.93731128334,-0.008566654287278652,,,,,pilot,001,2026-09-16_15h13.58.267,mmn,,2026.2.3,60.26721276801285,2026-09-16 15h13.58.664781 +0800,
181,1,18,standard,1000,,,,,1,0,1,0,18,1,181,8,860.2566235999984,,,1.0515225397024235,0.2,195921.05432375,195921.05432448335,0.0007333583198487759,,,,,pilot,001,2026-09-16_15h13.58.267,mmn,,2026.2.3,60.26721276801285,2026-09-16 15h13.58.664781 +0800,
182,2,18,standard,1000,,,,,1,0,1,0,18,2,182,1,861.3231383000093,,,1.2421012504467077,0.2,195922.12067495,195922.12067061666,-0.004333356628194451,,,,,pilot,001,2026-09-16_15h13.58.267,mmn,,2026.2.3,60.26721276801285,2026-09-16 15h13.58.664781 +0800,
183,3,18,standard,1000,,,,,1,0,1,0,18,3,183,2,862.5732742999971,,,1.1910253848511656,0.2,195923.37075505,195923.37074748334,-0.007566675776615739,,,,,pilot,001,2026-09-16_15h13.58.267,mmn,,2026.2.3,60.26721276801285,2026-09-16 15h13.58.664781 +0800,
184,4,18,standard,1000,,,,,1,0,1,0,18,4,184,4,863.7764907999954,,,1.3313871244830908,0.2,195924.57097775,195924.57097924998,0.0014999823179095984,,,,,pilot,001,2026-09-16_15h13.58.267,mmn,,2026.2.3,60.26721276801285,2026-09-16 15h13.58.664781 +0800,
185,5,18,oddball,1200,,,,,1,0,1,0,18,5,185,9,865.1096978000132,,,1.0151040991785827,0.2,195925.90820405,195925.90820581667,0.0017666607163846493,,,,,pilot,001,2026-09-16_15h13.58.267,mmn,,2026.2.3,60.26721276801285,2026-09-16 15h13.58.664781 +0800,
186,6,18,standard,1000,,,,,1,0,1,0,18,6,186,6,866.140432300017,,,1.0233114118152087,0.2,195926.93828485,195926.93828598334,0.0011333322618156672,,,,,pilot,001,2026-09-16_15h13.58.267,mmn,,2026.2.3,60.26721276801285,2026-09-16 15h13.58.664781 +0800,
187,7,18,standard,1000,,,,,1,0,1,0,18,7,187,3,867.1732000000193,,,1.4032909390198507,0.2,195927.97140365,195927.97140111667,-0.0025333429221063852,,,,,pilot,001,2026-09-16_15h13.58.267,mmn,,2026.2.3,60.26721276801285,2026-09-16 15h13.58.664781 +0800,
188,8,18,standard,1000,,,,,1,0,1,0,18,8,188,7,868.5899569000176,,,1.4196220312185917,0.2,195929.38770435,195929.3877025167,-0.0018333084881305695,,,,,pilot,001,2026-09-16_15h13.58.267,mmn,,2026.2.3,60.26721276801285,2026-09-16 15h13.58.664781 +0800,
189,9,18,standard,1000,,,,,1,0,1,0,18,9,189,0,870.0236803000153,,,1.3976423549194692,0.2,195930.82119575,195930.82119108332,-0.0046666827984154224,,,,,pilot,001,2026-09-16_15h13.58.267,mmn,,2026.2.3,60.26721276801285,2026-09-16 15h13.58.664781 +0800,
190,0,19,standard,1000,,,,,1,0,1,0,19,0,190,4,871.4233944000152,,,1.0655768993898267,0.2,195932.22090665,195932.22090061667,-0.006033340469002724,,,,,pilot,001,2026-09-16_15h13.58.267,mmn,,2026.2.3,60.26721276801285,2026-09-16 15h13.58.664781 +0800,
191,1,19,standard,1000,,,,,1,0,1,0,19,1,191,6,872.4903933000169,,,1.0437783946994457,0.2,195933.28812235,195933.28811678334,-0.005566660547628999,,,,,pilot,001,2026-09-16_15h13.58.267,mmn,,2026.2.3,60.26721276801285,2026-09-16 15h13.58.664781 +0800,
192,2,19,standard,1000,,,,,1,0,1,0,19,2,192,7,873.5405036000011,,,1.0859988347719098,0.2,195934.33752855,195934.33753361666,0.005066656740382314,,,,,pilot,001,2026-09-16_15h13.58.267,mmn,,2026.2.3,60.26721276801285,2026-09-16 15h13.58.664781 +0800,
193,3,19,oddball,1200,,,,,1,0,1,0,19,3,193,9,874.6405408999999,,,1.0834582825925432,0.2,195935.43811045,195935.43811998333,0.009533338015899062,,,,,pilot,001,2026-09-16_15h13.58.267,mmn,,2026.2.3,60.26721276801285,2026-09-16 15h13.58.664781 +0800,
194,4,19,standard,1000,,,,,1,0,1,0,19,4,194,2,875.7235678000143,,,1.428487103698238,0.2,195936.52065835,195936.52064918334,-0.009166658855974674,,,,,pilot,001,2026-09-16_15h13.58.267,mmn,,2026.2.3,60.26721276801285,2026-09-16 15h13.58.664781 +0800,
195,5,19,standard,1000,,,,,1,0,1,0,19,5,195,1,877.156827800005,,,1.4105584436716614,0.2,195937.95459655,195937.95460338335,0.00683334656059742,,,,,pilot,001,2026-09-16_15h13.58.267,mmn,,2026.2.3,60.26721276801285,2026-09-16 15h13.58.664781 +0800,
196,6,19,standard,1000,,,,,1,0,1,0,19,6,196,0,878.5741985000204,,,1.2940555269522407,0.2,195939.37133515,195939.37133718331,0.0020333100110292435,,,,,pilot,001,2026-09-16_15h13.58.267,mmn,,2026.2.3,60.26721276801285,2026-09-16 15h13.58.664781 +0800,
197,7,19,standard,1000,,,,,1,0,1,0,19,7,197,5,879.8737693000003,,,1.0137369874569293,0.2,195940.67104765002,195940.67104848332,0.0008333008736371994,,,,,pilot,001,2026-09-16_15h13.58.267,mmn,,2026.2.3,60.26721276801285,2026-09-16 15h13.58.664781 +0800,
198,8,19,standard,1000,,,,,1,0,1,0,19,8,198,3,880.8901433999999,,,1.2614503447376497,0.2,195941.68773845,195941.68774614998,0.007699971320107579,,,,,pilot,001,2026-09-16_15h13.58.267,mmn,,2026.2.3,60.26721276801285,2026-09-16 15h13.58.664781 +0800,
199,9,19,standard,1000,,,,,1,0,1,0,19,9,199,8,882.1565816999937,,,1.2859470942892515,0.2,195942.95408035,195942.95408675,0.006399990525096655,,,,,pilot,001,2026-09-16_15h13.58.267,mmn,,2026.2.3,60.26721276801285,2026-09-16 15h13.58.664781 +0800,
0,0,0,standard,1000,,,,,2,0,2,0,0,0,0,1,917.5911998999945,,,1.4394964488780868,0.2,195978.38159035,195978.38159555002,0.0052000104915350676,883.4532884999935,917.561792499997,,,pilot,001,2026-09-16_15h13.58.267,mmn,,2026.2.3,60.26721276801285,2026-09-16 15h13.58.664781 +0800,
1,1,0,standard,1000,,,,,2,0,2,0,0,1,1,8,919.0412391000136,,,1.049435206615654,0.2,195979.84065845,195979.84066401666,0.005566660547628999,,,,,pilot,001,2026-09-16_15h13.58.267,mmn,,2026.2.3,60.26721276801285,2026-09-16 15h13.58.664781 +0800,
2,2,0,standard,1000,,,,,2,0,2,0,0,2,2,6,920.0915301000059,,,1.4867257032478778,0.2,195980.88852595,195980.88852675,0.000800006091594696,,,,,pilot,001,2026-09-16_15h13.58.267,mmn,,2026.2.3,60.26721276801285,2026-09-16 15h13.58.664781 +0800,
3,3,0,standard,1000,,,,,2,0,2,0,0,3,3,0,921.5914047000115,,,1.1025129909735822,0.2,195982.39029895,195982.39030028335,0.001333362888544798,,,,,pilot,001,2026-09-16_15h13.58.267,mmn,,2026.2.3,60.26721276801285,2026-09-16 15h13.58.664781 +0800,
4,4,0,standard,1000,,,,,2,0,2,0,0,4,4,3,922.7081997000205,,,1.3123170190484212,0.2,195983.50664475,195983.50664628335,0.0015333353076130152,,,,,pilot,001,2026-09-16_15h13.58.267,mmn,,2026.2.3,60.26721276801285,2026-09-16 15h13.58.664781 +0800,
5,5,0,standard,1000,,,,,2,0,2,0,0,5,5,7,924.0259388000122,,,1.0912014873499822,0.2,195984.82372635,195984.82371798332,-0.008366681868210435,,,,,pilot,001,2026-09-16_15h13.58.267,mmn,,2026.2.3,60.26721276801285,2026-09-16 15h13.58.664781 +0800,
6,6,0,oddball,1200,,,,,2,0,2,0,0,6,6,9,925.12611870002,,,1.218650330395273,0.2,195985.92354945,195985.92355011668,0.000666681444272399,,,,,pilot,001,2026-09-16_15h13.58.267,mmn,,2026.2.3,60.26721276801285,2026-09-16 15h13.58.664781 +0800,
7,7,0,standard,1000,,,,,2,0,2,0,0,7,7,2,926.3590176000143,,,1.2632305343040244,0.2,195987.15586215002,195987.15586858333,0.006433314410969615,,,,,pilot,001,2026-09-16_15h13.58.267,mmn,,2026.2.3,60.26721276801285,2026-09-16 15h13.58.664781 +0800,
8,8,0,standard,1000,,,,,2,0,2,0,0,8,8,4,927.6273088000016,,,1.191624256214391,0.2,195988.42290115,195988.42290158334,0.0004333269316703081,,,,,pilot,001,2026-09-16_15h13.58.267,mmn,,2026.2.3,60.26721276801285,2026-09-16 15h13.58.664781 +0800,
9,9,0,standard,1000,,,,,2,0,2,0,0,9,9,5,928.8269651000155,,,1.1647420274225473,0.2,195989.62706545,195989.62706044997,-0.00500003807246685,,,,,pilot,001,2026-09-16_15h13.58.267,mmn,,2026.2.3,60.26721276801285,2026-09-16 15h13.58.664781 +0800,
10,0,1,standard,1000,,,,,2,0,2,0,1,0,10,5,929.9951011000085,,,1.1412841423080815,0.2,195990.79093045,195990.79093908335,0.008633360266685486,,,,,pilot,001,2026-09-16_15h13.58.267,mmn,,2026.2.3,60.26721276801285,2026-09-16 15h13.58.664781 +0800,
11,1,1,standard,1000,,,,,2,0,2,0,1,1,11,7,931.1419816999987,,,1.3860753044856995,0.2,195991.93869445001,195991.93869765,0.0031999952625483274,,,,,pilot,001,2026-09-16_15h13.58.267,mmn,,2026.2.3,60.26721276801285,2026-09-16 15h13.58.664781 +0800,
12,2,1,standard,1000,,,,,2,0,2,0,1,2,12,2,932.5414037000155,,,1.0984459236898108,0.2,195993.33838625,195993.33838098333,-0.005266658263280988,,,,,pilot,001,2026-09-16_15h13.58.267,mmn,,2026.2.3,60.26721276801285,2026-09-16 15h13.58.664781 +0800,
13,3,1,standard,1000,,,,,2,0,2,0,1,3,13,4,933.6415281000081,,,1.144933647734542,0.2,195994.43974775,195994.43975745,0.00969998654909432,,,,,pilot,001,2026-09-16_15h13.58.267,mmn,,2026.2.3,60.26721276801285,2026-09-16 15h13.58.664781 +0800,
14,4,1,standard,1000,,,,,2,0,2,0,1,4,14,1,934.7927222000144,,,1.235205750820062,0.2,195995.59012875002,195995.59012641665,-0.002333370503038168,,,,,pilot,001,2026-09-16_15h13.58.267,mmn,,2026.2.3,60.26721276801285,2026-09-16 15h13.58.664781 +0800,
15,5,1,standard,1000,,,,,2,0,2,0,1,5,15,0,936.0267538000189,,,1.4381374088185852,0.2,195996.82684205,195996.82684035,-0.001700012944638729,,,,,pilot,001,2026-09-16_15h13.58.267,mmn,,2026.2.3,60.26721276801285,2026-09-16 15h13.58.664781 +0800,
16,6,1,oddball,1200,,,,,2,0,2,0,1,6,16,9,937.4749419,,,1.316843860251177,0.2,195998.27211325002,195998.27211081667,-0.0024333421606570482,,,,,pilot,001,2026-09-16_15h13.58.267,mmn,,2026.2.3,60.26721276801285,2026-09-16 15h13.58.664781 +0800,
17,7,1,standard,1000,,,,,2,0,2,0,1,7,17,8,938.7919165000203,,,1.4056614539626968,0.2,195999.58965525,195999.58966185,0.006600021151825786,,,,,pilot,001,2026-09-16_15h13.58.267,mmn,,2026.2.3,60.26721276801285,2026-09-16 15h13.58.664781 +0800,
18,8,1,standard,1000,,,,,2,0,2,0,1,8,18,6,940.2082527000166,,,1.1093965098615013,0.2,196001.00634335,196001.00635358333,0.010233343346044421,,,,,pilot,001,2026-09-16_15h13.58.267,mmn,,2026.2.3,60.26721276801285,2026-09-16 15h13.58.664781 +0800,
19,9,1,standard,1000,,,,,2,0,2,0,1,9,19,3,941.3252533000195,,,1.1928635524006792,0.2,196002.12243065,196002.12243441667,0.0037666759453713894,,,,,pilot,001,2026-09-16_15h13.58.267,mmn,,2026.2.3,60.26721276801285,2026-09-16 15h13.58.664781 +0800,
20,0,2,standard,1000,,,,,2,0,2,0,2,0,20,7,942.527928800002,,,1.1011487953838905,0.2,196003.32320605,196003.32321578334,0.009733339538797736,,,,,pilot,001,2026-09-16_15h13.58.267,mmn,,2026.2.3,60.26721276801285,2026-09-16 15h13.58.664781 +0800,
21,1,2,standard,1000,,,,,2,0,2,0,2,1,21,2,943.6421186999942,,,1.3530328365991864,0.2,196004.43951545,196004.43952428334,0.008833332685753703,,,,,pilot,001,2026-09-16_15h13.58.267,mmn,,2026.2.3,60.26721276801285,2026-09-16 15h13.58.664781 +0800,
22,2,2,standard,1000,,,,,2,0,2,0,2,2,22,5,945.0086106999952,,,1.08426456875616,0.2,196005.80790955,196005.80791011668,0.0005666806828230619,,,,,pilot,001,2026-09-16_15h13.58.267,mmn,,2026.2.3,60.26721276801285,2026-09-16 15h13.58.664781 +0800,
23,3,2,standard,1000,,,,,2,0,2,0,2,3,23,1,946.0918721000198,,,1.4892522841340536,0.2,196006.88963255,196006.88962318335,-0.009366660378873348,,,,,pilot,001,2026-09-16_15h13.58.267,mmn,,2026.2.3,60.26721276801285,2026-09-16 15h13.58.664781 +0800,
24,4,2,standard,1000,,,,,2,0,2,0,2,4,24,0,947.5920234000077,,,1.199005977115732,0.2,196008.39116635,196008.39116111665,-0.005233334377408028,,,,,pilot,001,2026-09-16_15h13.58.267,mmn,,2026.2.3,60.26721276801285,2026-09-16 15h13.58.664781 +0800,
25,5,2,oddball,1200,,,,,2,0,2,0,2,5,25,9,948.7923314000072,,,1.1776359163375425,0.2,196009.58907515,196009.58908398333,0.008833332685753703,,,,,pilot,001,2026-09-16_15h13.58.267,mmn,,2026.2.3,60.26721276801285,2026-09-16 15h13.58.664781 +0800,
26,6,2,standard,1000,,,,,2,0,2,0,2,6,26,4,949.9765251000063,,,1.490081589978235,0.2,196010.77403045,196010.77403908334,0.008633331162855029,,,,,pilot,001,2026-09-16_15h13.58.267,mmn,,2026.2.3,60.26721276801285,2026-09-16 15h13.58.664781 +0800,
27,7,2,standard,1000,,,,,2,0,2,0,2,7,27,6,951.4778263000189,,,1.3950801567071458,0.2,196012.27487945,196012.27486961667,-0.009833340300247073,,,,,pilot,001,2026-09-16_15h13.58.267,mmn,,2026.2.3,60.26721276801285,2026-09-16 15h13.58.664781 +0800,
28,8,2,standard,1000,,,,,2,0,2,0,2,8,28,8,952.8755693999992,,,1.304762408372669,0.2,196013.67290565,196013.67289818331,-0.007466675015166402,,,,,pilot,001,2026-09-16_15h13.58.267,mmn,,2026.2.3,60.26721276801285,2026-09-16 15h13.58.664781 +0800,
29,9,2,standard,1000,,,,,2,0,2,0,2,9,29,3,954.1922140000097,,,1.462601264461926,0.2,196014.98930345,196014.98930125,-0.002200016751885414,,,,,pilot,001,2026-09-16_15h13.58.267,mmn,,2026.2.3,60.26721276801285,2026-09-16 15h13.58.664781 +0800,
30,0,3,standard,1000,,,,,2,0,2,0,3,0,30,2,955.6585003999935,,,1.0740910774569197,0.2,196016.45614805,196016.45614368335,-0.004366651410236955,,,,,pilot,001,2026-09-16_15h13.58.267,mmn,,2026.2.3,60.26721276801285,2026-09-16 15h13.58.664781 +0800,
31,1,3,standard,1000,,,,,2,0,2,0,3,1,31,7,956.7422100999975,,,1.4487779501188873,0.2,196017.53925745,196017.53925828333,0.0008333299774676561,,,,,pilot,001,2026-09-16_15h13.58.267,mmn,,2026.2.3,60.26721276801285,2026-09-16 15h13.58.664781 +0800,
32,2,3,standard,1000,,,,,2,0,2,0,3,2,32,4,958.1961052000115,,,1.200049411394005,0.2,196018.99434485,196018.99434908334,0.004233326762914658,,,,,pilot,001,2026-09-16_15h13.58.267,mmn,,2026.2.3,60.26721276801285,2026-09-16 15h13.58.664781 +0800,
33,3,3,standard,1000,,,,,2,0,2,0,3,3,33,1,959.4109407000069,,,1.1077382189717297,0.2,196020.20763515,196020.20762918334,-0.005966663593426347,,,,,pilot,001,2026-09-16_15h13.58.267,mmn,,2026.2.3,60.26721276801285,2026-09-16 15h13.58.664781 +0800,
34,4,3,standard,1000,,,,,2,0,2,0,3,4,34,0,960.5268023000099,,,1.3766198766298952,0.2,196021.32422515,196021.32422695,0.001800013706088066,,,,,pilot,001,2026-09-16_15h13.58.267,mmn,,2026.2.3,60.26721276801285,2026-09-16 15h13.58.664781 +0800,
35,5,3,standard,1000,,,,,2,0,2,0,3,5,35,8,961.9093795999943,,,1.314631005395407,0.2,196022.70676315,196022.70675665,-0.006499991286545992,,,,,pilot,001,2026-09-16_15h13.58.267,mmn,,2026.2.3,60.26721276801285,2026-09-16 15h13.58.664781 +0800,
36,6,3,standard,1000,,,,,2,0,2,0,3,6,36,6,963.2259439000045,,,1.0727502547930503,0.2,196024.02288465,196024.02288135,-0.0032999960239976645,,,,,pilot,001,2026-09-16_15h13.58.267,mmn,,2026.2.3,60.26721276801285,2026-09-16 15h13.58.664781 +0800,
37,7,3,oddball,1200,,,,,2,0,2,0,3,7,37,9,964.3090946000011,,,1.3269547429749278,0.2,196025.10692485,196025.10693458334,0.009733339538797736,,,,,pilot,001,2026-09-16_15h13.58.267,mmn,,2026.2.3,60.26721276801285,2026-09-16 15h13.58.664781 +0800,
38,8,3,standard,1000,,,,,2,0,2,0,3,8,38,5,965.6426360000041,,,1.3777910813070042,0.2,196026.44052815,196026.44051825002,-0.009899988071992993,,,,,pilot,001,2026-09-16_15h13.58.267,mmn,,2026.2.3,60.26721276801285,2026-09-16 15h13.58.664781 +0800,
39,9,3,standard,1000,,,,,2,0,2,0,3,9,39,3,967.026196699997,,,1.382704143146784,0.2,196027.82291795,196027.82291185,-0.006099988240748644,,,,,pilot,001,2026-09-16_15h13.58.267,mmn,,2026.2.3,60.26721276801285,2026-09-16 15h13.58.664781 +0800,
40,0,4,standard,1000,,,,,2,0,2,0,4,0,40,0,968.4104721000185,,,1.1164511540738598,0.2,196029.20902195,196029.20902351665,0.0015666591934859753,,,,,pilot,001,2026-09-16_15h13.58.267,mmn,,2026.2.3,60.26721276801285,2026-09-16 15h13.58.664781 +0800,
41,1,4,standard,1000,,,,,2,0,2,0,4,1,41,6,969.5428656000004,,,1.389861644614436,0.2,196030.34043685,196030.34044401668,0.007166672730818391,,,,,pilot,001,2026-09-16_15h13.58.267,mmn,,2026.2.3,60.26721276801285,2026-09-16 15h13.58.664781 +0800,
42,2,4,standard,1000,,,,,2,0,2,0,4,2,42,4,970.9431389000092,,,1.3490917487056704,0.2,196031.74002735,196031.74002341667,-0.003933324478566647,,,,,pilot,001,2026-09-16_15h13.58.267,mmn,,2026.2.3,60.26721276801285,2026-09-16 15h13.58.664781 +0800,
43,3,4,oddball,1200,,,,,2,0,2,0,4,3,43,9,972.292537900008,,,1.1608705812730176,0.2,196033.09012695,196033.09012911667,0.0021666637621819973,,,,,pilot,001,2026-09-16_15h13.58.267,mmn,,2026.2.3,60.26721276801285,2026-09-16 15h13.58.664781 +0800,
44,4,4,standard,1000,,,,,2,0,2,0,4,4,44,7,973.4597048000142,,,1.0458612653972281,0.2,196034.25806005,196034.25806085,0.000800006091594696,,,,,pilot,001,2026-09-16_15h13.58.267,mmn,,2026.2.3,60.26721276801285,2026-09-16 15h13.58.664781 +0800,
45,5,4,standard,1000,,,,,2,0,2,0,4,5,45,1,974.5095917000144,,,1.1182919685990957,0.2,196035.30794045,196035.30794811665,0.007666647434234619,,,,,pilot,001,2026-09-16_15h13.58.267,mmn,,2026.2.3,60.26721276801285,2026-09-16 15h13.58.664781 +0800,
46,6,4,standard,1000,,,,,2,0,2,0,4,6,46,5,975.6429672999948,,,1.2900583258552392,0.2,196036.44016855,196036.44016501665,-0.0035333505365997553,,,,,pilot,001,2026-09-16_15h13.58.267,mmn,,2026.2.3,60.26721276801285,2026-09-16 15h13.58.664781 +0800,
47,7,4,standard,1000,,,,,2,0,2,0,4,7,47,2,976.944101800007,,,1.3569850112491075,0.2,196037.74262025,196037.74261798334,-0.0022666645236313343,,,,,pilot,001,2026-09-16_15h13.58.267,mmn,,2026.2.3,60.26721276801285,2026-09-16 15h13.58.664781 +0800,
48,8,4,standard,1000,,,,,2,0,2,0,4,8,48,8,978.3094097000139,,,1.4805449001997972,0.2,196039.10739035,196039.10738755,-0.0027999922167509794,,,,,pilot,001,2026-09-16_15h13.58.267,mmn,,2026.2.3,60.26721276801285,2026-09-16 15h13.58.664781 +0800,
49,9,4,standard,1000,,,,,2,0,2,0,4,9,49,3,979.7927956000203,,,1.2141721220039123,0.2,196040.59146905,196040.59147895002,0.00990001717582345,,,,,pilot,001,2026-09-16_15h13.58.267,mmn,,2026.2.3,60.26721276801285,2026-09-16 15h13.58.664781 +0800,
50,0,5,standard,1000,,,,,2,0,2,0,5,0,50,4,981.0094559999998,,,1.1898317598072028,0.2,196041.80702375,196041.80701495,-0.008800008799880743,,,,,pilot,001,2026-09-16_15h13.58.267,mmn,,2026.2.3,60.26721276801285,2026-09-16 15h13.58.664781 +0800,
51,1,5,standard,1000,,,,,2,0,2,0,5,1,51,5,982.2114704000123,,,1.3433931305550328,0.2,196043.00783535,196043.00783205,-0.0032999960239976645,,,,,pilot,001,2026-09-16_15h13.58.267,mmn,,2026.2.3,60.26721276801285,2026-09-16 15h13.58.664781 +0800,
52,2,5,standard,1000,,,,,2,0,2,0,5,2,52,8,983.5601423000044,,,1.386263284837138,0.2,196044.35826125,196044.35827135004,0.01010004780255258,,,,,pilot,001,2026-09-16_15h13.58.267,mmn,,2026.2.3,60.26721276801285,2026-09-16 15h13.58.664781 +0800,
53,3,5,standard,1000,,,,,2,0,2,0,5,3,53,0,984.959950599994,,,1.0704539857583346,0.2,196045.75721565,196045.75721008333,-0.005566660547628999,,,,,pilot,001,2026-09-16_15h13.58.267,mmn,,2026.2.3,60.26721276801285,2026-09-16 15h13.58.664781 +0800,
54,4,5,standard,1000,,,,,2,0,2,0,5,4,54,2,986.042996300006,,,1.130202626102549,0.2,196046.84080755,196046.84080338335,-0.004166649887338281,,,,,pilot,001,2026-09-16_15h13.58.267,mmn,,2026.2.3,60.26721276801285,2026-09-16 15h13.58.664781 +0800,
55,5,5,standard,1000,,,,,2,0,2,0,5,5,55,1,987.1803281000175,,,1.4264469085252265,0.2,196047.97617835,196047.97617198335,-0.006366666639223695,,,,,pilot,001,2026-09-16_15h13.58.267,mmn,,2026.2.3,60.26721276801285,2026-09-16 15h13.58.664781 +0800,
56,6,5,standard,1000,,,,,2,0,2,0,5,6,56,6,988.610093700001,,,1.3503361434277656,0.2,196049.40774905,196049.40774831665,-0.0007333583198487759,,,,,pilot,001,2026-09-16_15h13.58.267,mmn,,2026.2.3,60.26721276801285,2026-09-16 15h13.58.664781 +0800,
57,7,5,standard,1000,,,,,2,0,2,0,5,7,57,3,989.9607240000041,,,1.086212484620204,0.2,196050.75771855,196050.75770985,-0.008700008038431406,,,,,pilot,001,2026-09-16_15h13.58.267,mmn,,2026.2.3,60.26721276801285,2026-09-16 15h13.58.664781 +0800,
58,8,5,oddball,1200,,,,,2,0,2,0,5,8,58,9,991.0606951999944,,,1.4553713796526144,0.2,196051.85774005,196051.85774061666,0.0005666515789926052,,,,,pilot,001,2026-09-16_15h13.58.267,mmn,,2026.2.3,60.26721276801285,2026-09-16 15h13.58.664781 +0800,
59,9,5,standard,1000,,,,,2,0,2,0,5,9,59,7,992.5176955000206,,,1.4232917872434214,0.2,196053.31318155,196053.31318705,0.005499983672052622,,,,,pilot,001,2026-09-16_15h13.58.267,mmn,,2026.2.3,60.26721276801285,2026-09-16 15h13.58.664781 +0800,
60,0,6,standard,1000,,,,,2,0,2,0,6,0,60,5,993.9432801000075,,,1.4363005046427064,0.2,196054.74037295,196054.74036265002,-0.010299991117790341,,,,,pilot,001,2026-09-16_15h13.58.267,mmn,,2026.2.3,60.26721276801285,2026-09-16 15h13.58.664781 +0800,
61,1,6,standard,1000,,,,,2,0,2,0,6,1,61,1,995.3932384999935,,,1.0660612427622627,0.2,196056.19098735,196056.1909881833,0.0008333008736371994,,,,,pilot,001,2026-09-16_15h13.58.267,mmn,,2026.2.3,60.26721276801285,2026-09-16 15h13.58.664781 +0800,
62,2,6,standard,1000,,,,,2,0,2,0,6,2,62,2,996.4601296000183,,,1.3282469433476005,0.2,196057.26018035001,196057.26018558335,0.005233334377408028,,,,,pilot,001,2026-09-16_15h13.58.267,mmn,,2026.2.3,60.26721276801285,2026-09-16 15h13.58.664781 +0800,
63,3,6,standard,1000,,,,,2,0,2,0,6,3,63,7,997.7937901999976,,,1.426511367589009,0.2,196058.59121975,196058.59120988334,-0.009866664186120033,,,,,pilot,001,2026-09-16_15h13.58.267,mmn,,2026.2.3,60.26721276801285,2026-09-16 15h13.58.664781 +0800,
64,4,6,standard,1000,,,,,2,0,2,0,6,4,64,3,999.2284440000076,,,1.4621980744610283,0.2,196060.02564675,196060.02565145,0.0047000066842883825,,,,,pilot,001,2026-09-16_15h13.58.267,mmn,,2026.2.3,60.26721276801285,2026-09-16 15h13.58.664781 +0800,
65,5,6,standard,1000,,,,,2,0,2,0,6,5,65,4,1000.6941434000037,,,1.4147107376228947,0.2,196061.49187855,196061.4918684167,-0.010133313480764627,,,,,pilot,001,2026-09-16_15h13.58.267,mmn,,2026.2.3,60.26721276801285,2026-09-16 15h13.58.664781 +0800,
66,6,6,oddball,1200,,,,,2,0,2,0,6,6,66,9,1002.1103577000031,,,1.0392331674388675,0.2,196062.90803195,196062.90802905,-0.0028999929782003164,,,,,pilot,001,2026-09-16_15h13.58.267,mmn,,2026.2.3,60.26721276801285,2026-09-16 15h13.58.664781 +0800,
67,7,6,standard,1000,,,,,2,0,2,0,6,7,67,8,1003.1610947000154,,,1.462219940316098,0.2,196063.95947585,196063.95947378335,-0.0020666338969022036,,,,,pilot,001,2026-09-16_15h13.58.267,mmn,,2026.2.3,60.26721276801285,2026-09-16 15h13.58.664781 +0800,
68,8,6,standard,1000,,,,,2,0,2,0,6,8,68,0,1004.6274967000063,,,1.2331260150364194,0.2,196065.42512285,196065.42513025,0.007399998139590025,,,,,pilot,001,2026-09-16_15h13.58.267,mmn,,2026.2.3,60.26721276801285,2026-09-16 15h13.58.664781 +0800,
69,9,6,standard,1000,,,,,2,0,2,0,6,9,69,6,1005.8613035000162,,,1.1961709842734898,0.2,196066.65870115,196066.65869751663,-0.003633380401879549,,,,,pilot,001,2026-09-16_15h13.58.267,mmn,,2026.2.3,60.26721276801285,2026-09-16 15h13.58.664781 +0800,
70,0,7,standard,1000,,,,,2,0,2,0,7,0,70,4,1007.0602673999965,,,1.015093477197667,0.2,196067.85833285,196067.85832944998,-0.003400025889277458,,,,,pilot,001,2026-09-16_15h13.58.267,mmn,,2026.2.3,60.26721276801285,2026-09-16 15h13.58.664781 +0800,
71,1,7,standard,1000,,,,,2,0,2,0,7,1,71,1,1008.0776295000105,,,1.4512746303943445,0.2,196068.87556625,196068.87556905,0.0027999922167509794,,,,,pilot,001,2026-09-16_15h13.58.267,mmn,,2026.2.3,60.26721276801285,2026-09-16 15h13.58.664781 +0800,
72,2,7,standard,1000,,,,,2,0,2,0,7,2,72,6,1009.5439697999973,,,1.3004349603026473,0.2,196070.34134975,196070.34135114998,0.0013999815564602613,,,,,pilot,001,2026-09-16_15h13.58.267,mmn,,2026.2.3,60.26721276801285,2026-09-16 15h13.58.664781 +0800,
73,3,7,standard,1000,,,,,2,0,2,0,7,3,73,5,1010.8438514000154,,,1.2216915110817126,0.2,196071.64116455,196071.64116028335,-0.004266650648787618,,,,,pilot,001,2026-09-16_15h13.58.267,mmn,,2026.2.3,60.26721276801285,2026-09-16 15h13.58.664781 +0800,
74,4,7,oddball,1200,,,,,2,0,2,0,7,4,74,9,1012.0767903999949,,,1.3132620018515149,0.2,196072.87489705,196072.87489905002,0.00200001522898674,,,,,pilot,001,2026-09-16_15h13.58.267,mmn,,2026.2.3,60.26721276801285,2026-09-16 15h13.58.664781 +0800,
75,5,7,standard,1000,,,,,2,0,2,0,7,5,75,0,1013.3935436000174,,,1.4698677790843009,0.2,196074.19119185,196074.19119585003,0.00400003045797348,,,,,pilot,001,2026-09-16_15h13.58.267,mmn,,2026.2.3,60.26721276801285,2026-09-16 15h13.58.664781 +0800,
76,6,7,standard,1000,,,,,2,0,2,0,7,6,76,2,1014.8776304000057,,,1.0059746656967619,0.2,196075.67549925,196075.67549715002,-0.0020999868866056204,,,,,pilot,001,2026-09-16_15h13.58.267,mmn,,2026.2.3,60.26721276801285,2026-09-16 15h13.58.664781 +0800,
77,7,7,standard,1000,,,,,2,0,2,0,7,7,77,3,1015.8943201999937,,,1.3908744855308433,0.2,196076.69193535,196076.69192958335,-0.005766662070527673,,,,,pilot,001,2026-09-16_15h13.58.267,mmn,,2026.2.3,60.26721276801285,2026-09-16 15h13.58.664781 +0800,
78,8,7,standard,1000,,,,,2,0,2,0,7,8,78,8,1017.2937742000213,,,1.1221812952930414,0.2,196078.09133945,196078.09134168332,0.0022333115339279175,,,,,pilot,001,2026-09-16_15h13.58.267,mmn,,2026.2.3,60.26721276801285,2026-09-16 15h13.58.664781 +0800,
79,9,7,standard,1000,,,,,2,0,2,0,7,9,79,7,1018.4270542000013,,,1.1313567300094243,0.2,196079.22458495,196079.22458851666,0.0035666744224727154,,,,,pilot,001,2026-09-16_15h13.58.267,mmn,,2026.2.3,60.26721276801285,2026-09-16 15h13.58.664781 +0800,
80,0,8,standard,1000,,,,,2,0,2,0,8,0,80,4,1019.5606958999997,,,1.3976559224298002,0.2,196080.35894515002,196080.35893798334,-0.007166672730818391,,,,,pilot,001,2026-09-16_15h13.58.267,mmn,,2026.2.3,60.26721276801285,2026-09-16 15h13.58.664781 +0800,
81,1,8,standard,1000,,,,,2,0,2,0,8,1,81,3,1020.9606468999991,,,1.1902176491981031,0.2,196081.75810085,196081.75809968333,-0.001166685251519084,,,,,pilot,001,2026-09-16_15h13.58.267,mmn,,2026.2.3,60.26721276801285,2026-09-16 15h13.58.664781 +0800,
82,2,8,oddball,1200,,,,,2,0,2,0,8,2,82,9,1022.1606702000136,,,1.1868725007420835,0.2,196082.95856765,196082.95856085,-0.006799993570894003,,,,,pilot,001,2026-09-16_15h13.58.267,mmn,,2026.2.3,60.26721276801285,2026-09-16 15h13.58.664781 +0800,
83,3,8,standard,1000,,,,,2,0,2,0,8,3,83,8,1023.3607554000046,,,1.4845951379035907,0.2,196084.15801325,196084.15800645002,-0.006799993570894003,,,,,pilot,001,2026-09-16_15h13.58.267,mmn,,2026.2.3,60.26721276801285,2026-09-16 15h13.58.664781 +0800,
84,4,8,standard,1000,,,,,2,0,2,0,8,4,84,1,1024.8620220000157,,,1.2520200755787096,0.2,196085.65868985,196085.65868815,-0.001700012944638729,,,,,pilot,001,2026-09-16_15h13.58.267,mmn,,2026.2.3,60.26721276801285,2026-09-16 15h13.58.664781 +0800,
85,5,8,standard,1000,,,,,2,0,2,0,8,5,85,2,1026.1290019000007,,,1.1169145869580737,0.2,196086.92665985,196086.92666648334,0.006633345037698746,,,,,pilot,001,2026-09-16_15h13.58.267,mmn,,2026.2.3,60.26721276801285,2026-09-16 15h13.58.664781 +0800,
86,6,8,standard,1000,,,,,2,0,2,0,8,6,86,6,1027.260664500005,,,1.0531505983468046,0.2,196088.05814675,196088.05813808332,-0.008666684152558446,,,,,pilot,001,2026-09-16_15h13.58.267,mmn,,2026.2.3,60.26721276801285,2026-09-16 15h13.58.664781 +0800,
87,7,8,standard,1000,,,,,2,0,2,0,8,7,87,0,1028.3284758999944,,,1.4703177745258103,0.2,196089.12566795,196089.12567125,0.0032999960239976645,,,,,pilot,001,2026-09-16_15h13.58.267,mmn,,2026.2.3,60.26721276801285,2026-09-16 15h13.58.664781 +0800,
88,8,8,standard,1000,,,,,2,0,2,0,8,8,88,5,1029.8110050999967,,,1.2862635113310728,0.2,196090.60989085,196090.60989521665,0.004366651410236955,,,,,pilot,001,2026-09-16_15h13.58.267,mmn,,2026.2.3,60.26721276801285,2026-09-16 15h13.58.664781 +0800,
89,9,8,standard,1000,,,,,2,0,2,0,8,9,89,7,1031.110669000016,,,1.4014089277514576,0.2,196091.90792035,196091.90792381665,0.0034666445571929216,,,,,pilot,001,2026-09-16_15h13.58.267,mmn,,2026.2.3,60.26721276801285,2026-09-16 15h13.58.664781 +0800,
90,0,9,standard,1000,,,,,2,0,2,0,9,0,90,8,1032.5274376000161,,,1.119057488908466,0.2,196093.32551095,196093.32551461668,0.0036666751839220524,,,,,pilot,001,2026-09-16_15h13.58.267,mmn,,2026.2.3,60.26721276801285,2026-09-16 15h13.58.664781 +0800,
91,1,9,standard,1000,,,,,2,0,2,0,9,1,91,6,1033.660827100015,,,1.3398916405158787,0.2,196094.45862425,196094.45861818333,-0.006066664354875684,,,,,pilot,001,2026-09-16_15h13.58.267,mmn,,2026.2.3,60.26721276801285,2026-09-16 15h13.58.664781 +0800,
92,2,9,standard,1000,,,,,2,0,2,0,9,2,92,7,1035.0111305000028,,,1.143482726533547,0.2,196095.80810515,196095.8081138167,0.008666684152558446,,,,,pilot,001,2026-09-16_15h13.58.267,mmn,,2026.2.3,60.26721276801285,2026-09-16 15h13.58.664781 +0800,
93,3,9,standard,1000,,,,,2,0,2,0,9,3,93,3,1036.1612874999992,,,1.3255299176478346,0.2,196096.95960855,196096.95960428336,-0.004266650648787618,,,,,pilot,001,2026-09-16_15h13.58.267,mmn,,2026.2.3,60.26721276801285,2026-09-16 15h13.58.664781 +0800,
94,4,9,standard,1000,,,,,2,0,2,0,9,4,94,4,1037.4970704000152,,,1.380581048790384,0.2,196098.29235745,196098.29235115,-0.006299989763647318,,,,,pilot,001,2026-09-16_15h13.58.267,mmn,,2026.2.3,60.26721276801285,2026-09-16 15h13.58.664781 +0800,
95,5,9,standard,1000,,,,,2,0,2,0,9,5,95,5,1038.8777151000104,,,1.3690917665124234,0.2,196099.67595205,196099.67596228336,0.010233372449874878,,,,,pilot,001,2026-09-16_15h13.58.267,mmn,,2026.2.3,60.26721276801285,2026-09-16 15h13.58.664781 +0800,
96,6,9,standard,1000,,,,,2,0,2,0,9,6,96,1,1040.261114599998,,,1.3073544282666028,0.2,196101.05852345,196101.05851348332,-0.00996666494756937,,,,,pilot,001,2026-09-16_15h13.58.267,mmn,,2026.2.3,60.26721276801285,2026-09-16 15h13.58.664781 +0800,
97,7,9,oddball,1200,,,,,2,0,2,0,9,7,97,9,1041.5779003000061,,,1.3572757814862473,0.2,196102.37504025002,196102.37503134998,-0.008900038665160537,,,,,pilot,001,2026-09-16_15h13.58.267,mmn,,2026.2.3,60.26721276801285,2026-09-16 15h13.58.664781 +0800,
98,8,9,standard,1000,,,,,2,0,2,0,9,8,98,2,1042.9445661999926,,,1.2824642172161727,0.2,196103.74183665,196103.74183205,-0.0046000059228390455,,,,,pilot,001,2026-09-16_15h13.58.267,mmn,,2026.2.3,60.26721276801285,2026-09-16 15h13.58.664781 +0800,
99,9,9,standard,1000,,,,,2,0,2,0,9,9,99,0,1044.2293581000122,,,1.4516499519000705,0.2,196105.02594595,196105.02593701665,-0.008933362551033497,,,,,pilot,001,2026-09-16_15h13.58.267,mmn,,2026.2.3,60.26721276801285,2026-09-16 15h13.58.664781 +0800,
100,0,10,standard,1000,,,,,2,0,2,0,10,0,100,1,1045.695285599999,,,1.0458098528513664,0.2,196106.49220385,196106.4922125167,0.008666684152558446,,,,,pilot,001,2026-09-16_15h13.58.267,mmn,,2026.2.3,60.26721276801285,2026-09-16 15h13.58.664781 +0800,
101,1,10,standard,1000,,,,,2,0,2,0,10,1,101,8,1046.7445062000188,,,1.418529225005736,0.2,196107.54300505,196107.54299644998,-0.008600036380812526,,,,,pilot,001,2026-09-16_15h13.58.267,mmn,,2026.2.3,60.26721276801285,2026-09-16 15h13.58.664781 +0800,
102,2,10,standard,1000,,,,,2,0,2,0,10,2,102,2,1048.177596499998,,,1.163453037254723,0.2,196108.97551105,196108.97551108332,3.332388587296009e-05,,,,,pilot,001,2026-09-16_15h13.58.267,mmn,,2026.2.3,60.26721276801285,2026-09-16 15h13.58.664781 +0800,
103,3,10,standard,1000,,,,,2,0,2,0,10,3,103,6,1049.345316699997,,,1.3120790015530408,0.2,196110.14280285,196110.14281035,0.007499998901039362,,,,,pilot,001,2026-09-16_15h13.58.267,mmn,,2026.2.3,60.26721276801285,2026-09-16 15h13.58.664781 +0800,
104,4,10,standard,1000,,,,,2,0,2,0,10,4,104,5,1050.6627642000094,,,1.1782461072446386,0.2,196111.45971905,196111.45971101668,-0.008033326594159007,,,,,pilot,001,2026-09-16_15h13.58.267,mmn,,2026.2.3,60.26721276801285,2026-09-16 15h13.58.664781 +0800,
105,5,10,oddball,1200,,,,,2,0,2,0,10,5,105,9,1051.8460393999994,,,1.420795404857711,0.2,196112.64452845,196112.64452691664,-0.001533364411443472,,,,,pilot,001,2026-09-16_15h13.58.267,mmn,,2026.2.3,60.26721276801285,2026-09-16 15h13.58.664781 +0800,
106,6,10,standard,1000,,,,,2,0,2,0,10,6,106,7,1053.2791941000032,,,1.0893350453638813,0.2,196114.07554655,196114.07554135,-0.0052000104915350676,,,,,pilot,001,2026-09-16_15h13.58.267,mmn,,2026.2.3,60.26721276801285,2026-09-16 15h13.58.664781 +0800,
107,7,10,standard,1000,,,,,2,0,2,0,10,7,107,0,1054.3779338000168,,,1.1259878631914098,0.2,196115.17628205,196115.17627485,-0.007199996616691351,,,,,pilot,001,2026-09-16_15h13.58.267,mmn,,2026.2.3,60.26721276801285,2026-09-16 15h13.58.664781 +0800,
108,8,10,standard,1000,,,,,2,0,2,0,10,8,108,4,1055.5120032000123,,,1.2997697648907849,0.2,196116.30940835,196116.30940438333,-0.003966677468270063,,,,,pilot,001,2026-09-16_15h13.58.267,mmn,,2026.2.3,60.26721276801285,2026-09-16 15h13.58.664781 +0800,
109,9,10,standard,1000,,,,,2,0,2,0,10,9,109,3,1056.8116019000008,,,1.066299748041438,0.2,196117.60952665,196117.60953375,0.007099995855242014,,,,,pilot,001,2026-09-16_15h13.58.267,mmn,,2026.2.3,60.26721276801285,2026-09-16 15h13.58.664781 +0800,
110,0,11,standard,1000,,,,,2,0,2,0,11,0,110,4,1057.8801506000163,,,1.3301563313592573,0.2,196118.67574125002,196118.67573848332,-0.002766697434708476,,,,,pilot,001,2026-09-16_15h13.58.267,mmn,,2026.2.3,60.26721276801285,2026-09-16 15h13.58.664781 +0800,
111,1,11,standard,1000,,,,,2,0,2,0,11,1,111,3,1059.2111495000136,,,1.0178636353233048,0.2,196120.00908635,196120.00908108335,-0.005266658263280988,,,,,pilot,001,2026-09-16_15h13.58.267,mmn,,2026.2.3,60.26721276801285,2026-09-16 15h13.58.664781 +0800,
112,2,11,standard,1000,,,,,2,0,2,0,11,2,112,6,1060.2283164999972,,,1.3277255772112977,0.2,196121.02587145,196121.02587265,0.001200009137392044,,,,,pilot,001,2026-09-16_15h13.58.267,mmn,,2026.2.3,60.26721276801285,2026-09-16 15h13.58.664781 +0800,
113,3,11,standard,1000,,,,,2,0,2,0,11,3,113,2,1061.5617666000035,,,1.4745984053123855,0.2,196122.35868145002,196122.35867158332,-0.00986669328995049,,,,,pilot,001,2026-09-16_15h13.58.267,mmn,,2026.2.3,60.26721276801285,2026-09-16 15h13.58.664781 +0800,
114,4,11,standard,1000,,,,,2,0,2,0,11,4,114,0,1063.044656700018,,,1.099065021228831,0.2,196123.84382205,196123.84382961664,0.007566646672785282,,,,,pilot,001,2026-09-16_15h13.58.267,mmn,,2026.2.3,60.26721276801285,2026-09-16 15h13.58.664781 +0800,
115,5,11,oddball,1200,,,,,2,0,2,0,11,5,115,9,1064.144813299994,,,1.133973533589581,0.2,196124.94275235,196124.94275121667,-0.0011333322618156672,,,,,pilot,001,2026-09-16_15h13.58.267,mmn,,2026.2.3,60.26721276801285,2026-09-16 15h13.58.664781 +0800,
116,6,11,standard,1000,,,,,2,0,2,0,11,6,116,1,1065.2783150000032,,,1.098540698707501,0.2,196126.07622805,196126.07621845,-0.009599985787644982,,,,,pilot,001,2026-09-16_15h13.58.267,mmn,,2026.2.3,60.26721276801285,2026-09-16 15h13.58.664781 +0800,
117,7,11,standard,1000,,,,,2,0,2,0,11,7,117,8,1066.3783401999972,,,1.42712565512124,0.2,196127.17594705,196127.17594175,-0.0053000112529844046,,,,,pilot,001,2026-09-16_15h13.58.267,mmn,,2026.2.3,60.26721276801285,2026-09-16 15h13.58.664781 +0800,
118,8,11,standard,1000,,,,,2,0,2,0,11,8,118,5,1067.8119677000213,,,1.1220774838937084,0.2,196128.60899005,196128.60899041666,0.0003666500560939312,,,,,pilot,001,2026-09-16_15h13.58.267,mmn,,2026.2.3,60.26721276801285,2026-09-16 15h13.58.664781 +0800,
119,9,11,standard,1000,,,,,2,0,2,0,11,9,119,7,1068.9448613999994,,,1.1420134325898288,0.2,196129.74285955,196129.74285384998,-0.005700014298781753,,,,,pilot,001,2026-09-16_15h13.58.267,mmn,,2026.2.3,60.26721276801285,2026-09-16 15h13.58.664781 +0800,
120,0,12,standard,1000,,,,,2,0,2,0,12,0,120,8,1070.0966925999965,,,1.2680097522237606,0.2,196130.89281755,196130.89281385002,-0.0036999699659645557,,,,,pilot,001,2026-09-16_15h13.58.267,mmn,,2026.2.3,60.26721276801285,2026-09-16 15h13.58.664781 +0800,
121,1,12,standard,1000,,,,,2,0,2,0,12,1,121,5,1071.3784367000044,,,1.456320663821645,0.2,196132.17576845,196132.17575875,-0.00969998654909432,,,,,pilot,001,2026-09-16_15h13.58.267,mmn,,2026.2.3,60.26721276801285,2026-09-16 15h13.58.664781 +0800,
122,2,12,standard,1000,,,,,2,0,2,0,12,2,122,1,1072.845573700004,,,1.4683825890058009,0.2,196133.64313255,196133.64313358333,0.0010333315003663301,,,,,pilot,001,2026-09-16_15h13.58.267,mmn,,2026.2.3,60.26721276801285,2026-09-16 15h13.58.664781 +0800,
123,3,12,standard,1000,,,,,2,0,2,0,12,3,123,2,1074.3285513000155,,,1.0036666011777648,0.2,196135.12567495,196135.12567398333,-0.0009666546247899532,,,,,pilot,001,2026-09-16_15h13.58.267,mmn,,2026.2.3,60.26721276801285,2026-09-16 15h13.58.664781 +0800,
124,4,12,standard,1000,,,,,2,0,2,0,12,4,124,4,1075.3462833999947,,,1.364742415468854,0.2,196136.14284115,196136.14284391666,0.0027666683308780193,,,,,pilot,001,2026-09-16_15h13.58.267,mmn,,2026.2.3,60.26721276801285,2026-09-16 15h13.58.664781 +0800,
125,5,12,standard,1000,,,,,2,0,2,0,12,5,125,7,1076.713573999994,,,1.0712864998339664,0.2,196137.50938485,196137.50937908332,-0.0057666911743581295,,,,,pilot,001,2026-09-16_15h13.58.267,mmn,,2026.2.3,60.26721276801285,2026-09-16 15h13.58.664781 +0800,
126,6,12,standard,1000,,,,,2,0,2,0,12,6,126,0,1077.796974500001,,,1.23790026969456,0.2,196138.59549925,196138.59550901668,0.009766692528501153,,,,,pilot,001,2026-09-16_15h13.58.267,mmn,,2026.2.3,60.26721276801285,2026-09-16 15h13.58.664781 +0800,
127,7,12,standard,1000,,,,,2,0,2,0,12,7,127,3,1079.0622139000043,,,1.163416957223808,0.2,196139.84521535,196139.84521738332,0.0020333100110292435,,,,,pilot,001,2026-09-16_15h13.58.267,mmn,,2026.2.3,60.26721276801285,2026-09-16 15h13.58.664781 +0800,
128,8,12,oddball,1200,,,,,2,0,2,0,12,8,128,9,1080.229102400015,,,1.0224352466724351,0.2,196141.02688675,196141.02689258332,0.005833309842273593,,,,,pilot,001,2026-09-16_15h13.58.267,mmn,,2026.2.3,60.26721276801285,2026-09-16 15h13.58.664781 +0800,
129,9,12,standard,1000,,,,,2,0,2,0,12,9,129,6,1081.2623575000034,,,1.3557126104177932,0.2,196142.05966415,196142.0596567167,-0.007433292921632528,,,,,pilot,001,2026-09-16_15h13.58.267,mmn,,2026.2.3,60.26721276801285,2026-09-16 15h13.58.664781 +0800,
130,0,13,standard,1000,,,,,2,0,2,0,13,0,130,2,1082.6287250000169,,,1.482963112644332,0.2,196143.42575205,196143.42574771665,-0.004333356628194451,,,,,pilot,001,2026-09-16_15h13.58.267,mmn,,2026.2.3,60.26721276801285,2026-09-16 15h13.58.664781 +0800,
131,1,13,oddball,1200,,,,,2,0,2,0,13,1,131,9,1084.113754799997,,,1.0427896829483625,0.2,196144.91164465,196144.91165231666,0.007666647434234619,,,,,pilot,001,2026-09-16_15h13.58.267,mmn,,2026.2.3,60.26721276801285,2026-09-16 15h13.58.664781 +0800,
132,2,13,standard,1000,,,,,2,0,2,0,13,2,132,1,1085.1625125000137,,,1.1638996465432185,0.2,196145.95974045,196145.95975015,0.009700015652924776,,,,,pilot,001,2026-09-16_15h13.58.267,mmn,,2026.2.3,60.26721276801285,2026-09-16 15h13.58.664781 +0800,
133,3,13,standard,1000,,,,,2,0,2,0,13,3,133,5,1086.3308612999972,,,1.3441742593776933,0.2,196147.12711865,196147.12712501668,0.006366666639223695,,,,,pilot,001,2026-09-16_15h13.58.267,mmn,,2026.2.3,60.26721276801285,2026-09-16 15h13.58.664781 +0800,
134,4,13,standard,1000,,,,,2,0,2,0,13,4,134,3,1087.681756200007,,,1.1255955096751484,0.2,196148.47668965,196148.47668851668,-0.0011333322618156672,,,,,pilot,001,2026-09-16_15h13.58.267,mmn,,2026.2.3,60.26721276801285,2026-09-16 15h13.58.664781 +0800,
135,5,13,standard,1000,,,,,2,0,2,0,13,5,135,8,1088.813072000019,,,1.020381905670498,0.2,196149.61128125,196149.61128191667,0.000666681444272399,,,,,pilot,001,2026-09-16_15h13.58.267,mmn,,2026.2.3,60.26721276801285,2026-09-16 15h13.58.664781 +0800,
136,6,13,standard,1000,,,,,2,0,2,0,13,6,136,6,1089.8457831999986,,,1.0826172067153321,0.2,196150.64326485,196150.64325534998,-0.009500014130026102,,,,,pilot,001,2026-09-16_15h13.58.267,mmn,,2026.2.3,60.26721276801285,2026-09-16 15h13.58.664781 +0800,
137,7,13,standard,1000,,,,,2,0,2,0,13,7,137,4,1090.9317012999963,,,1.1602791623068183,0.2,196151.72743015,196151.72741988336,-0.010266638128086925,,,,,pilot,001,2026-09-16_15h13.58.267,mmn,,2026.2.3,60.26721276801285,2026-09-16 15h13.58.664781 +0800,
138,8,13,standard,1000,,,,,2,0,2,0,13,8,138,7,1092.0960136000067,,,1.434611740845659,0.2,196152.89366355,196152.89367121665,0.007666647434234619,,,,,pilot,001,2026-09-16_15h13.58.267,mmn,,2026.2.3,60.26721276801285,2026-09-16 15h13.58.664781 +0800,
139,9,13,standard,1000,,,,,2,0,2,0,13,9,139,0,1093.5309751000023,,,1.1199804202270789,0.2,196154.32891385,196154.3289180167,0.004166678991168737,,,,,pilot,001,2026-09-16_15h13.58.267,mmn,,2026.2.3,60.26721276801285,2026-09-16 15h13.58.664781 +0800,
140,0,14,standard,1000,,,,,2,0,2,0,14,0,140,8,1094.6623003999994,,,1.078414360983867,0.2,196155.46101045,196155.46101898333,0.008533330401405692,,,,,pilot,001,2026-09-16_15h13.58.267,mmn,,2026.2.3,60.26721276801285,2026-09-16 15h13.58.664781 +0800,
141,1,14,standard,1000,,,,,2,0,2,0,14,1,141,0,1095.748564300011,,,1.188419445434026,0.2,196156.54400115,196156.54401051666,0.009366660378873348,,,,,pilot,001,2026-09-16_15h13.58.267,mmn,,2026.2.3,60.26721276801285,2026-09-16 15h13.58.664781 +0800,
142,2,14,standard,1000,,,,,2,0,2,0,14,2,142,3,1096.946580000018,,,1.1688167433846295,0.2,196157.74567535002,196157.74566938335,-0.005966663593426347,,,,,pilot,001,2026-09-16_15h13.58.267,mmn,,2026.2.3,60.26721276801285,2026-09-16 15h13.58.664781 +0800,
143,3,14,standard,1000,,,,,2,0,2,0,14,3,143,6,1098.1141413000005,,,1.0071998179741253,0.2,196158.91206165001,196158.91206138334,-0.0002666783984750509,,,,,pilot,001,2026-09-16_15h13.58.267,mmn,,2026.2.3,60.26721276801285,2026-09-16 15h13.58.664781 +0800,
144,4,14,oddball,1200,,,,,2,0,2,0,14,4,144,9,1099.1288730000088,,,1.0816843621662546,0.2,196159.92675585,196159.92675065,-0.0052000104915350676,,,,,pilot,001,2026-09-16_15h13.58.267,mmn,,2026.2.3,60.26721276801285,2026-09-16 15h13.58.664781 +0800,
145,5,14,standard,1000,,,,,2,0,2,0,14,5,145,4,1100.2150086000038,,,1.0413990522524996,0.2,196161.01264025,196161.01263808334,-0.0021666637621819973,,,,,pilot,001,2026-09-16_15h13.58.267,mmn,,2026.2.3,60.26721276801285,2026-09-16 15h13.58.664781 +0800,
146,6,14,standard,1000,,,,,2,0,2,0,14,6,146,5,1101.2629014000122,,,1.166533167016629,0.2,196162.06140855,196162.06141821668,0.00966666266322136,,,,,pilot,001,2026-09-16_15h13.58.267,mmn,,2026.2.3,60.26721276801285,2026-09-16 15h13.58.664781 +0800,
147,7,14,standard,1000,,,,,2,0,2,0,14,7,147,1,1102.429775800003,,,1.0151537312797885,0.2,196163.22768735,196163.22769504998,0.007699971320107579,,,,,pilot,001,2026-09-16_15h13.58.267,mmn,,2026.2.3,60.26721276801285,2026-09-16 15h13.58.664781 +0800,
148,8,14,standard,1000,,,,,2,0,2,0,14,8,148,7,1103.4464919000166,,,1.2343797130375447,0.2,196164.24374185,196164.24373481667,-0.007033318979665637,,,,,pilot,001,2026-09-16_15h13.58.267,mmn,,2026.2.3,60.26721276801285,2026-09-16 15h13.58.664781 +0800,
149,9,14,standard,1000,,,,,2,0,2,0,14,9,149,2,1104.6984615999972,,,1.0047321997317091,0.2,196165.49560015,196165.49559571667,-0.004433328285813332,,,,,pilot,001,2026-09-16_15h13.58.267,mmn,,2026.2.3,60.26721276801285,2026-09-16 15h13.58.664781 +0800,
150,0,15,standard,1000,,,,,2,0,2,0,15,0,150,6,1105.712653399998,,,1.1426109841763583,0.2,196166.51118185002,196166.51117948335,-0.0023666652850806713,,,,,pilot,001,2026-09-16_15h13.58.267,mmn,,2026.2.3,60.26721276801285,2026-09-16 15h13.58.664781 +0800,
151,1,15,standard,1000,,,,,2,0,2,0,15,1,151,5,1106.8629031000019,,,1.4851410787913655,0.2,196167.66181805,196167.66182201667,0.003966677468270063,,,,,pilot,001,2026-09-16_15h13.58.267,mmn,,2026.2.3,60.26721276801285,2026-09-16 15h13.58.664781 +0800,
152,2,15,oddball,1200,,,,,2,0,2,0,15,2,152,9,1108.363078399998,,,1.050997345225891,0.2,196169.16108605,196169.16108581668,-0.0002333254087716341,,,,,pilot,001,2026-09-16_15h13.58.267,mmn,,2026.2.3,60.26721276801285,2026-09-16 15h13.58.664781 +0800,
153,3,15,standard,1000,,,,,2,0,2,0,15,3,153,3,1109.415235499997,,,1.0599211076712014,0.2,196170.21168765,196170.21168691665,-0.0007333583198487759,,,,,pilot,001,2026-09-16_15h13.58.267,mmn,,2026.2.3,60.26721276801285,2026-09-16 15h13.58.664781 +0800,
154,4,15,standard,1000,,,,,2,0,2,0,15,4,154,0,1110.4795999000198,,,1.2624435152941398,0.2,196171.27734765,196171.27733958335,-0.008066650480031967,,,,,pilot,001,2026-09-16_15h13.58.267,mmn,,2026.2.3,60.26721276801285,2026-09-16 15h13.58.664781 +0800,
155,5,15,standard,1000,,,,,2,0,2,0,15,5,155,4,1111.7478930999932,,,1.448961348440877,0.2,196172.54630925,196172.54631448333,0.005233334377408028,,,,,pilot,001,2026-09-16_15h13.58.267,mmn,,2026.2.3,60.26721276801285,2026-09-16 15h13.58.664781 +0800,
156,6,15,standard,1000,,,,,2,0,2,0,15,6,156,1,1113.1965980000095,,,1.0827723835999916,0.2,196173.99411605002,196173.99411988334,0.0038333237171173096,,,,,pilot,001,2026-09-16_15h13.58.267,mmn,,2026.2.3,60.26721276801285,2026-09-16 15h13.58.664781 +0800,
157,7,15,standard,1000,,,,,2,0,2,0,15,7,157,7,1114.2798509999993,,,1.0265497154225618,0.2,196175.07789835,196175.07790165,0.0032999960239976645,,,,,pilot,001,2026-09-16_15h13.58.267,mmn,,2026.2.3,60.26721276801285,2026-09-16 15h13.58.664781 +0800,
158,8,15,standard,1000,,,,,2,0,2,0,15,8,158,2,1115.3129747000057,,,1.167665221419243,0.2,196176.11080445,196176.11080478333,0.0003333261702209711,,,,,pilot,001,2026-09-16_15h13.58.267,mmn,,2026.2.3,60.26721276801285,2026-09-16 15h13.58.664781 +0800,
159,9,15,standard,1000,,,,,2,0,2,0,15,9,159,8,1116.4796492000169,,,1.4261913646590372,0.2,196177.27748495,196177.27748938333,0.004433328285813332,,,,,pilot,001,2026-09-16_15h13.58.267,mmn,,2026.2.3,60.26721276801285,2026-09-16 15h13.58.664781 +0800,
160,0,16,standard,1000,,,,,2,0,2,0,16,0,160,8,1117.9129520000133,,,1.192969577343586,0.2,196178.71091795,196178.71091238334,-0.005566660547628999,,,,,pilot,001,2026-09-16_15h13.58.267,mmn,,2026.2.3,60.26721276801285,2026-09-16 15h13.58.664781 +0800,
161,1,16,standard,1000,,,,,2,0,2,0,16,1,161,6,1119.113040199998,,,1.0791017336062614,0.2,196179.91051915,196179.91050921663,-0.009933370165526867,,,,,pilot,001,2026-09-16_15h13.58.267,mmn,,2026.2.3,60.26721276801285,2026-09-16 15h13.58.664781 +0800,
162,2,16,standard,1000,,,,,2,0,2,0,16,2,162,1,1120.1963698000181,,,1.157131587009398,0.2,196180.99428625,196180.99429381668,0.007566675776615739,,,,,pilot,001,2026-09-16_15h13.58.267,mmn,,2026.2.3,60.26721276801285,2026-09-16 15h13.58.664781 +0800,
163,3,16,standard,1000,,,,,2,0,2,0,16,3,163,3,1121.3629432000162,,,1.1027047016940275,0.2,196182.16063575,196182.16063025,-0.005500012775883079,,,,,pilot,001,2026-09-16_15h13.58.267,mmn,,2026.2.3,60.26721276801285,2026-09-16 15h13.58.664781 +0800,
164,4,16,standard,1000,,,,,2,0,2,0,16,4,164,4,1122.479586500005,,,1.486728113442885,0.2,196183.27715275,196183.2771504167,-0.0023333122953772545,,,,,pilot,001,2026-09-16_15h13.58.267,mmn,,2026.2.3,60.26721276801285,2026-09-16 15h13.58.664781 +0800,
165,5,16,standard,1000,,,,,2,0,2,0,16,5,165,5,1123.9800106000039,,,1.3113999972451282,0.2,196184.77764045,196184.77764288333,0.0024333421606570482,,,,,pilot,001,2026-09-16_15h13.58.267,mmn,,2026.2.3,60.26721276801285,2026-09-16 15h13.58.664781 +0800,
166,6,16,standard,1000,,,,,2,0,2,0,16,6,166,7,1125.2992374000023,,,1.353630769770344,0.2,196186.09687745,196186.09687685003,-0.0005999754648655653,,,,,pilot,001,2026-09-16_15h13.58.267,mmn,,2026.2.3,60.26721276801285,2026-09-16 15h13.58.664781 +0800,
167,7,16,standard,1000,,,,,2,0,2,0,16,7,167,0,1126.6640432999993,,,1.1254599744073572,0.2,196187.46099415,196187.46098838336,-0.005766632966697216,,,,,pilot,001,2026-09-16_15h13.58.267,mmn,,2026.2.3,60.26721276801285,2026-09-16 15h13.58.664781 +0800,
168,8,16,standard,1000,,,,,2,0,2,0,16,8,168,2,1127.7975251000025,,,1.272150019550309,0.2,196188.59447295,196188.59447898334,0.006033340469002724,,,,,pilot,001,2026-09-16_15h13.58.267,mmn,,2026.2.3,60.26721276801285,2026-09-16 15h13.58.664781 +0800,
169,9,16,oddball,1200,,,,,2,0,2,0,16,9,169,9,1129.0799122000171,,,1.3523318621513627,0.2,196189.87760395,196189.87760985,0.00589998671784997,,,,,pilot,001,2026-09-16_15h13.58.267,mmn,,2026.2.3,60.26721276801285,2026-09-16 15h13.58.664781 +0800,
170,0,17,oddball,1200,,,,,2,0,2,0,17,0,170,9,1130.4468591000186,,,1.3714764790569696,0.2,196191.24444915,196191.24445725,0.008100003469735384,,,,,pilot,001,2026-09-16_15h13.58.267,mmn,,2026.2.3,60.26721276801285,2026-09-16 15h13.58.664781 +0800,
171,1,17,standard,1000,,,,,2,0,2,0,17,1,171,3,1131.8318332000053,,,1.1352258094874217,0.2,196192.62942635,196192.62942674998,0.0003999739419668913,,,,,pilot,001,2026-09-16_15h13.58.267,mmn,,2026.2.3,60.26721276801285,2026-09-16 15h13.58.664781 +0800,
172,2,17,standard,1000,,,,,2,0,2,0,17,2,172,6,1132.980360400019,,,1.1412169644019061,0.2,196193.77800195,196193.7780074833,0.005533307557925582,,,,,pilot,001,2026-09-16_15h13.58.267,mmn,,2026.2.3,60.26721276801285,2026-09-16 15h13.58.664781 +0800,
173,3,17,standard,1000,,,,,2,0,2,0,17,3,173,8,1134.129772300017,,,1.4598935891349276,0.2,196194.92814885,196194.92813875,-0.010100018698722124,,,,,pilot,001,2026-09-16_15h13.58.267,mmn,,2026.2.3,60.26721276801285,2026-09-16 15h13.58.664781 +0800,
174,4,17,standard,1000,,,,,2,0,2,0,17,4,174,5,1135.59726770001,,,1.2214297139818766,0.2,196196.39505745,196196.39506051666,0.0030666706152260303,,,,,pilot,001,2026-09-16_15h13.58.267,mmn,,2026.2.3,60.26721276801285,2026-09-16 15h13.58.664781 +0800,
175,5,17,standard,1000,,,,,2,0,2,0,17,5,175,1,1136.8309274000057,,,1.3077339324276616,0.2,196197.62801435,196197.62801488332,0.0005333276931196451,,,,,pilot,001,2026-09-16_15h13.58.267,mmn,,2026.2.3,60.26721276801285,2026-09-16 15h13.58.664781 +0800,
176,6,17,standard,1000,,,,,2,0,2,0,17,6,176,2,1138.1466515999928,,,1.0435737739632704,0.2,196198.94403225,196198.94402491668,-0.007333321264013648,,,,,pilot,001,2026-09-16_15h13.58.267,mmn,,2026.2.3,60.26721276801285,2026-09-16 15h13.58.664781 +0800,
177,7,17,standard,1000,,,,,2,0,2,0,17,7,177,4,1139.1973953999986,,,1.3355325527037614,0.2,196199.99427495,196199.99427171666,-0.0032333482522517443,,,,,pilot,001,2026-09-16_15h13.58.267,mmn,,2026.2.3,60.26721276801285,2026-09-16 15h13.58.664781 +0800,
178,8,17,standard,1000,,,,,2,0,2,0,17,8,178,0,1140.5469983000075,,,1.1588246048233468,0.2,196201.34446015,196201.34446881665,0.00866665504872799,,,,,pilot,001,2026-09-16_15h13.58.267,mmn,,2026.2.3,60.26721276801285,2026-09-16 15h13.58.664781 +0800,
179,9,17,standard,1000,,,,,2,0,2,0,17,9,179,7,1141.713579000003,,,1.321338799198227,0.2,196202.51323905,196202.51323601665,-0.0030333467293530703,,,,,pilot,001,2026-09-16_15h13.58.267,mmn,,2026.2.3,60.26721276801285,2026-09-16 15h13.58.664781 +0800,
180,0,18,standard,1000,,,,,2,0,2,0,18,0,180,5,1143.0474013000203,,,1.1049340306010964,0.2,196203.84413055002,196203.84412258334,-0.007966678822413087,,,,,pilot,001,2026-09-16_15h13.58.267,mmn,,2026.2.3,60.26721276801285,2026-09-16 15h13.58.664781 +0800,
181,1,18,standard,1000,,,,,2,0,2,0,18,1,181,7,1144.16378230002,,,1.3952870481122597,0.2,196204.96191185,196204.96191908332,0.007233320502564311,,,,,pilot,001,2026-09-16_15h13.58.267,mmn,,2026.2.3,60.26721276801285,2026-09-16 15h13.58.664781 +0800,
182,2,18,standard,1000,,,,,2,0,2,0,18,2,182,4,1145.563779100019,,,1.3037951695261192,0.2,196206.36172845,196206.36171891665,-0.009533338015899062,,,,,pilot,001,2026-09-16_15h13.58.267,mmn,,2026.2.3,60.26721276801285,2026-09-16 15h13.58.664781 +0800,
183,3,18,standard,1000,,,,,2,0,2,0,18,3,183,1,1146.8804758000188,,,1.1910024964261283,0.2,196207.67804795,196207.67804484998,-0.003100023604929447,,,,,pilot,001,2026-09-16_15h13.58.267,mmn,,2026.2.3,60.26721276801285,2026-09-16 15h13.58.664781 +0800,
184,4,18,standard,1000,,,,,2,0,2,0,18,4,184,3,1148.0806464000198,,,1.304584418962264,0.2,196208.87757965,196208.87758115,0.001500011421740055,,,,,pilot,001,2026-09-16_15h13.58.267,mmn,,2026.2.3,60.26721276801285,2026-09-16 15h13.58.664781 +0800,
185,5,18,standard,1000,,,,,2,0,2,0,18,5,185,6,1149.3983541000052,,,1.3066016329562562,0.2,196210.19506735,196210.19505998332,-0.007366674253717065,,,,,pilot,001,2026-09-16_15h13.58.267,mmn,,2026.2.3,60.26721276801285,2026-09-16 15h13.58.664781 +0800,
186,6,18,standard,1000,,,,,2,0,2,0,18,6,186,0,1150.713730699994,,,1.2106729980421174,0.2,196211.51164365,196211.51163978333,-0.0038666767068207264,,,,,pilot,001,2026-09-16_15h13.58.267,mmn,,2026.2.3,60.26721276801285,2026-09-16 15h13.58.664781 +0800,
187,7,18,standard,1000,,,,,2,0,2,0,18,7,187,2,1151.9304560000019,,,1.4764326999966788,0.2,196212.72804915,196212.72805285,0.0036999990697950125,,,,,pilot,001,2026-09-16_15h13.58.267,mmn,,2026.2.3,60.26721276801285,2026-09-16 15h13.58.664781 +0800,
188,8,18,oddball,1200,,,,,2,0,2,0,18,8,188,9,1153.4151648000116,,,1.017644097937004,0.2,196214.21152585,196214.21153605002,0.010200019460171461,,,,,pilot,001,2026-09-16_15h13.58.267,mmn,,2026.2.3,60.26721276801285,2026-09-16 15h13.58.664781 +0800,
189,9,18,standard,1000,,,,,2,0,2,0,18,9,189,8,1154.447577200015,,,1.0741088800993954,0.2,196215.24542175,196215.24542538333,0.0036333221942186356,,,,,pilot,001,2026-09-16_15h13.58.267,mmn,,2026.2.3,60.26721276801285,2026-09-16 15h13.58.664781 +0800,
190,0,19,standard,1000,,,,,2,0,2,0,19,0,190,2,1155.5309554999985,,,1.0029333969244145,0.2,196216.32924335,196216.32925188335,0.008533359505236149,,,,,pilot,001,2026-09-16_15h13.58.267,mmn,,2026.2.3,60.26721276801285,2026-09-16 15h13.58.664781 +0800,
191,1,19,standard,1000,,,,,2,0,2,0,19,1,191,8,1156.5485141999961,,,1.0487412393373607,0.2,196217.34533215,196217.34532815,-0.0040000013541430235,,,,,pilot,001,2026-09-16_15h13.58.267,mmn,,2026.2.3,60.26721276801285,2026-09-16 15h13.58.664781 +0800,
192,2,19,standard,1000,,,,,2,0,2,0,19,2,192,3,1157.5994327999942,,,1.4068467604614436,0.2,196218.39771225,196218.39771908335,0.00683334656059742,,,,,pilot,001,2026-09-16_15h13.58.267,mmn,,2026.2.3,60.26721276801285,2026-09-16 15h13.58.664781 +0800,
193,3,19,oddball,1200,,,,,2,0,2,0,19,3,193,9,1159.0146910000185,,,1.3637513049042231,0.2,196219.81173395002,196219.81173111664,-0.002833374310284853,,,,,pilot,001,2026-09-16_15h13.58.267,mmn,,2026.2.3,60.26721276801285,2026-09-16 15h13.58.664781 +0800,
194,4,19,standard,1000,,,,,2,0,2,0,19,4,194,0,1160.381922200002,,,1.4391565331999312,0.2,196221.17835065,196221.17834041663,-0.010233372449874878,,,,,pilot,001,2026-09-16_15h13.58.267,mmn,,2026.2.3,60.26721276801285,2026-09-16 15h13.58.664781 +0800,
195,5,19,standard,1000,,,,,2,0,2,0,19,5,195,1,1161.8316901999933,,,1.4783939989987784,0.2,196222.62952875,196222.62953104998,0.0022999884095042944,,,,,pilot,001,2026-09-16_15h13.58.267,mmn,,2026.2.3,60.26721276801285,2026-09-16 15h13.58.664781 +0800,
196,6,19,standard,1000,,,,,2,0,2,0,19,6,196,5,1163.3141833000118,,,1.3930802577155519,0.2,196224.11271725,196224.11271438334,-0.0028666690923273563,,,,,pilot,001,2026-09-16_15h13.58.267,mmn,,2026.2.3,60.26721276801285,2026-09-16 15h13.58.664781 +0800,
197,7,19,standard,1000,,,,,2,0,2,0,19,7,197,6,1164.7160121000197,,,1.0231063255440542,0.2,196225.51195385001,196225.51195531667,0.0014666584320366383,,,,,pilot,001,2026-09-16_15h13.58.267,mmn,,2026.2.3,60.26721276801285,2026-09-16 15h13.58.664781 +0800,
198,8,19,standard,1000,,,,,2,0,2,0,19,8,198,7,1165.7486078999937,,,1.2069036500386578,0.2,196226.54513235,196226.54512954998,-0.002800021320581436,,,,,pilot,001,2026-09-16_15h13.58.267,mmn,,2026.2.3,60.26721276801285,2026-09-16 15h13.58.664781 +0800,
199,9,19,standard,1000,,,,,2,0,2,0,19,9,199,4,1166.964391000016,,,1.414946713088877,0.2,196227.76145095,196227.76144781665,-0.0031333474908024073,,,,,pilot,001,2026-09-16_15h13.58.267,mmn,,2026.2.3,60.26721276801285,2026-09-16 15h13.58.664781 +0800,
,,,,,,,,,,,,,,,,,,,,,,,,,1168.3771973999974,1171.336063900002,1171.3478070000128,1176.3482610000065,pilot,001,2026-09-16_15h13.58.267,mmn,,2026.2.3,60.26721276801285,2026-09-16 15h13.58.664781 +0800,
