timestamp_unix,product_string,usage_page,usage,interface_number,serial_number,report_length,report_hex
1788328385.514442921,EEG Signals,65535,2,1,UD2022081200650D,32,d93b393de182b05cef2d6af8d95fcaa2000d30b3947bb50f541fd4ae71adb56c
1788328385.516391754,EEG Signals,65535,2,1,UD2022081200650D,32,8be7361f61fc3f646d667558068b466a000d30b3947bb50f541fd4ae71adb56c
1788328385.520376682,EEG Signals,65535,2,1,UD2022081200650D,32,c08967590e06be9ac0ea3aaeba798cd7bbe0a011d3dbeba0881ec0f270881ae3
1788328385.524362087,EEG Signals,65535,2,1,UD2022081200650D,32,6175ad6880e443d954f1c54018804ef96b14e168d9c5e70c74a3ff8bb537c5a0
1788328385.528371096,EEG Signals,65535,2,1,UD2022081200650D,32,960596b49b07ccf4811f60d5ef570ca0c780bd07f51c9f8030a00225f3ea859e
1788328385.531391144,EEG Signals,65535,2,1,UD2022081200650D,32,53b9c1fc5b247701185242298100f934bd545654d12461bd2b02d78d1a4cd696
1788328385.535372972,EEG Signals,65535,2,1,UD2022081200650D,32,b2fe2c98ecd401bc7908df14cd11d9654a17850d378152ce3b974760ddfee1bb
1788328385.539368391,EEG Signals,65535,2,1,UD2022081200650D,32,2de9475c27521e9e56126748a2ce949097ca67c01a5bc332ae306685f10c25e6
1788328385.543376207,EEG Signals,65535,2,1,UD2022081200650D,32,5e555c2f49325b22316ea5fd3ac5ec6e6db15b029157d1e9885a4cf9af1d2ee9
1788328385.547381401,EEG Signals,65535,2,1,UD2022081200650D,32,6e089cb9ea22c7f32fffab9d6f120352cca4467276d58eaea7941496aec6bfea
1788328385.551378012,EEG Signals,65535,2,1,UD2022081200650D,32,dcac2779f332bdc5f042863e9cbf4d4c4927ddb122a5aa9a992b10930b2209bf
1788328385.555390835,EEG Signals,65535,2,1,UD2022081200650D,32,cb29386b9375d2400a1d18708c31bddb3b656cc774c99e413cc8bed788988486
1788328385.559359550,EEG Signals,65535,2,1,UD2022081200650D,32,b1fd46864ef4c42fc78d053f797347ee22f6eb689dae66c172a20dfdd02b4ebb
1788328385.564404249,EEG Signals,65535,2,1,UD2022081200650D,32,1162eb58ac882b65b7e42166ddd7801956af7757d42438d7c0b02e23620a7b16
1788328385.567375898,EEG Signals,65535,2,1,UD2022081200650D,32,8b3bce69381c26b60c6f8e0af50e855ec4fc644751a5c3d85b8b34154f20642c
1788328385.570375443,EEG Signals,65535,2,1,UD2022081200650D,32,5e303f8957000722c93ff8494b3efa9b4f53c35e2fee7917fb4792c19033e8e8
1788328385.574374914,EEG Signals,65535,2,1,UD2022081200650D,32,ea77a71b7099cb292333a498bc6cc3982d9eefca26754f68c9f4352b540df28a
1788328385.578367233,EEG Signals,65535,2,1,UD2022081200650D,32,b0e1f9f8826c60a3082592eed6dc3fe3943d1720d0ce2f86a7369cfaef1bfd17
1788328385.583395958,EEG Signals,65535,2,1,UD2022081200650D,32,e3b97433924a6233db8ae4d16f64ce53e87e8b4c6385e5c706abcf7a4990953b
1788328385.586378574,EEG Signals,65535,2,1,UD2022081200650D,32,aedac4f564eff5fe7d791ff1b2d9798063f9fc637b56cc473a89105d45ed966c
1788328385.591376305,EEG Signals,65535,2,1,UD2022081200650D,32,9d1057b9a5f75bba1372726756b99638f6a1eb2c5173ba8381a9e587f18d0c99
1788328385.594373465,EEG Signals,65535,2,1,UD2022081200650D,32,00e669ce3a80fddae4e2d234fa071ad31e5e31b98fa8caabf2fddb1e9697cf31
1788328385.598398685,EEG Signals,65535,2,1,UD2022081200650D,32,5c0ed8ee8a7b40e1eb9cd3312ea09837f36f81f989c3872b0641a4f0cba8c2f4
1788328385.602377176,EEG Signals,65535,2,1,UD2022081200650D,32,9ca40618a21116c65019b1edda64bc9f54099e47a194647409f0ddb6c40a839d
1788328385.606378317,EEG Signals,65535,2,1,UD2022081200650D,32,a5f4a7ba3ec38438b9a4d6b8718d37c2eb18ce0d33911c3872c240a929a7e2aa
1788328385.610368729,EEG Signals,65535,2,1,UD2022081200650D,32,dc077cb050300a45a08c72205fdc5ab798dff0fcacab576ae1ac002dc21f40dc
1788328385.613406897,EEG Signals,65535,2,1,UD2022081200650D,32,f503e58afc1fc49377fd1faf7271b9a008936dd747148ef9e4880e87fc3e08e6
1788328385.617391348,EEG Signals,65535,2,1,UD2022081200650D,32,7de8730ffa7f9a1fc9e50a57b62356d0319a3745e552d622f8e97446c973e656
1788328385.621383429,EEG Signals,65535,2,1,UD2022081200650D,32,f03b28c861ced2850fb907601ec43064e0508ebe0d63aea08c64d1f95dcdf497
1788328385.625398636,EEG Signals,65535,2,1,UD2022081200650D,32,8f81eb7ed2c2bbc23d7528d6abe30fb8b6a8c466916fa7bec56cec6f5870b0b1
1788328385.629385233,EEG Signals,65535,2,1,UD2022081200650D,32,e8e7fe61b9b52d943dc478ad0cc8f134160fc932a450c674bfce2b770edf87b3
1788328385.633391619,EEG Signals,65535,2,1,UD2022081200650D,32,b5a89d483d0f38acf3897d520d885eb07b5671f45636d4e89699d960ad2a763f
1788328385.637383699,EEG Signals,65535,2,1,UD2022081200650D,32,e17d4d506b6145bd90318d6b97de42c0ec43fe02b3712f9f7e4fdd9f4c6df577
1788328385.641405344,EEG Signals,65535,2,1,UD2022081200650D,32,1618679d06f12c14f19f759bd0aeb329af95a0379b892b2a1218c02c55d6913c
1788328385.645383358,EEG Signals,65535,2,1,UD2022081200650D,32,081282fdc3bfd710fb00d5bbb2e682b9f2269a85af8cb7d671516a9b00009973
1788328385.649389505,EEG Signals,65535,2,1,UD2022081200650D,32,35b0f5d50194b7b9adaa9428f9626a04cdc282b020a278c7f03928244c266d3b
1788328385.652375698,EEG Signals,65535,2,1,UD2022081200650D,32,21df907e093791870c6bc126218d1bbbce4de6e6ce798ad66358641759f13d45
1788328385.656387806,EEG Signals,65535,2,1,UD2022081200650D,32,a38fa430ac990e96fac17252be658f92b15931baaae57a88bb72902e90f3a85e
1788328385.660384417,EEG Signals,65535,2,1,UD2022081200650D,32,c67f798ed586d73fc5c2983939960756d4c5c6cc9ae648cc18076ce402eb6cae
1788328385.664383888,EEG Signals,65535,2,1,UD2022081200650D,32,32b61d786ff81327e09043cb0e197a7fe9d4eec0972570514be8733cbce8a097
1788328385.668377876,EEG Signals,65535,2,1,UD2022081200650D,32,640fca463cbfcb7259292c059bc76ad331eeddb86be8ce3e0240b3b219269f97
1788328385.672385931,EEG Signals,65535,2,1,UD2022081200650D,32,20189d58ffa5736fc4533eb035842a4cbed3ffc281d51fbd497cd27853cf297e
1788328385.676374435,EEG Signals,65535,2,1,UD2022081200650D,32,195ddb24d7f09ab620d4fc666b85e7cf1f883d1d5aa5a0d80173baec6b4aee61
1788328385.680392265,EEG Signals,65535,2,1,UD2022081200650D,32,d2fcebd0d8401a570385fa5492d8356c2e9039c3396ebe11ad937d97e3e97dc4
1788328385.684403896,EEG Signals,65535,2,1,UD2022081200650D,32,eb0d9b56331c29d4a4e380b985ec86a0d5d2017932e463739ab01b9c215d9f96
1788328385.688385963,EEG Signals,65535,2,1,UD2022081200650D,32,0decee2d3903334e64d81f4d7d16f7258a8733ca7c6d7612b348c679cd7ec18e
1788328385.691380978,EEG Signals,65535,2,1,UD2022081200650D,32,33979d75fce8e7492b84c8ba618afccb33bb6638e5ac4db875f9e9ad8d30f0d7
1788328385.695405483,EEG Signals,65535,2,1,UD2022081200650D,32,aa5a6af2c38495e4fe7d090e4b5e0513255ca0b6e4e8b869fc2c25962b9cabfc
1788328385.699392557,EEG Signals,65535,2,1,UD2022081200650D,32,8193b089666b9f1b1fc8c69b1c1b0c0f3a78ac397e4f98f2f3d62f3248a0f8db
1788328385.703377247,EEG Signals,65535,2,1,UD2022081200650D,32,c2f576e5ea53a26caf1c3780142e762b5a0081e5b43cd5c45b09a79475f69067
1788328385.707374096,EEG Signals,65535,2,1,UD2022081200650D,32,69643412fefdbffce1948f3b2679a7bd60aa7a402afa324804052e6cc1d0f419
1788328385.711384773,EEG Signals,65535,2,1,UD2022081200650D,32,c045e99468fb98984b3db42c9c1e98c5017f76571a597eac202c0ed63ff8a9d0
1788328385.715370417,EEG Signals,65535,2,1,UD2022081200650D,32,f1edfdc1fd5327fbb18041cfc86fa5d2f90795478d9605d3ee23519772f97eb6
1788328385.719388962,EEG Signals,65535,2,1,UD2022081200650D,32,e84090c18823b0d065a4c4cc06c68b3ab42ad72e341e671790f3a38441d24f20
1788328385.723370790,EEG Signals,65535,2,1,UD2022081200650D,32,0acb592ccc0cbef62fd4a66bc19791aae6eb8a140960c3ddb5ec5387a35b413f
1788328385.727380514,EEG Signals,65535,2,1,UD2022081200650D,32,544dfbf8d8c88f797453b378ac2f0876579b1354fec57fc836cfdfb2ffa4778e
1788328385.731372356,EEG Signals,65535,2,1,UD2022081200650D,32,0e918edcad7ad554d8a8e7b473be0e6196eb7fde9da830ef17a62d1e18763f53
1788328385.735379219,EEG Signals,65535,2,1,UD2022081200650D,32,9d79af03a9fce9fda4bd608e93567a78f7778f309706867d554d0e85d12a2e9d
1788328385.738373518,EEG Signals,65535,2,1,UD2022081200650D,32,c1919d5aa36b10cc7001b5c4ce491ac3200234c0a08cdf8689a05f0260228e25
1788328385.742390871,EEG Signals,65535,2,1,UD2022081200650D,32,867ab83edbed3922f1fc3c4df862ccd11482aea9b6551ea79e0361d60e20cb93
1788328385.746391773,EEG Signals,65535,2,1,UD2022081200650D,32,01bdb217475cbd8cf146a224da6d310177a512f5d1528791e010bc98cb93b903
1788328385.750402927,EEG Signals,65535,2,1,UD2022081200650D,32,5f14d664d2ecd4f0e3eae351e986496947421be71e8f68142dd899287205a83b
1788328385.754382610,EEG Signals,65535,2,1,UD2022081200650D,32,cf9cf126bfe4e5a6b58185ad048a50d46a4fe4e1ae8ffe977b979fd1902a6c7d
1788328385.758384943,EEG Signals,65535,2,1,UD2022081200650D,32,3a0ad18ff86f51b09183b0ef3ee2d30db4019d4599255c6cca2484077f8dd000
1788328385.762405157,EEG Signals,65535,2,1,UD2022081200650D,32,2909b97496874603ef3012a60500bb84d529124446116b19222829064e05eb0f
1788328385.766391039,EEG Signals,65535,2,1,UD2022081200650D,32,1500a742184387d4078fb33aab3e87548ab8cd0a7ef01001a06906cc7e6af566
1788328385.770387173,EEG Signals,65535,2,1,UD2022081200650D,32,5026022d5318ca320eb822ec2468de1777dd07d31735d26ea11f4bdf28c30b3e
1788328385.773384809,EEG Signals,65535,2,1,UD2022081200650D,32,405a1e8dc40ec0e20b410e70e53c08f0938b0d348593d5064b196cb0999767b1
1788328385.777381659,EEG Signals,65535,2,1,UD2022081200650D,32,78889086a1c063e05e20e852edf2d09ecc3755cf2e18de25abbb5663fcc8602f
1788328385.781383753,EEG Signals,65535,2,1,UD2022081200650D,32,2792894808cf79c72a315b7c80b57517dcb707c90329332fd6f1f3bd57694229
1788328385.785392284,EEG Signals,65535,2,1,UD2022081200650D,32,d0455e03cbd877db7c7d0f6dbf1c5d7ce3059157ada092006c6bdfac7c900933
1788328385.789375067,EEG Signals,65535,2,1,UD2022081200650D,32,0d72144f36c90c992e895db513eaaef318adf6038d9fa0770ec30c42ccc1d035
1788328385.793406725,EEG Signals,65535,2,1,UD2022081200650D,32,bd45ed732d894727aeb3d0f17aee71257f20a6b9a553181262f6fbae81bba15d
1788328385.797380686,EEG Signals,65535,2,1,UD2022081200650D,32,2b1e71d40203d796cb64d18e3a9ab3c5f538c091c8ab6b7fa38867ad27cdf95f
1788328385.801373005,EEG Signals,65535,2,1,UD2022081200650D,32,f665d203e0d1f1715fc545a409c21e3e7d8e39cdea12721aed76820892ac7ec9
1788328385.805372953,EEG Signals,65535,2,1,UD2022081200650D,32,e576be4b49a333e502e8d7dbe86b6214db4c2cea82d44f76c053caa516165ddb
1788328385.809382439,EEG Signals,65535,2,1,UD2022081200650D,32,3fcd4ebf750a968b210cfff62cd024390f1ce1b9ee894b866e7e2c7f98cf625d
1788328385.812398672,EEG Signals,65535,2,1,UD2022081200650D,32,d5409d5f988e51dc7ea235027829cb9a724d5fa481e391993c6daae84d772d9f
1788328385.816387177,EEG Signals,65535,2,1,UD2022081200650D,32,384f806e635a4cf9f2db2a7e5fdf7bcccce7bf5f68d40b54fd322c1b4a92fdfc
1788328385.820393324,EEG Signals,65535,2,1,UD2022081200650D,32,0c9ca58c84793a77fed6b16ca80f21a184aec2dad92585a34c9ea00e99e5c504
1788328385.824389696,EEG Signals,65535,2,1,UD2022081200650D,32,030d9d5acbd29c180fe19dd56e17f2929a7d30a08c4270702f7d1f834eee7be6
1788328385.828375816,EEG Signals,65535,2,1,UD2022081200650D,32,454fa3bf095d893c5394d735747d68820fd02b6fd90cdb634c1838ca0529f81d
1788328385.832373857,EEG Signals,65535,2,1,UD2022081200650D,32,45f0e8d91c0cbcfabbea6dd9da233dd3c4930fd6f75f94c7fdd1357ad7ad493c
1788328385.836368322,EEG Signals,65535,2,1,UD2022081200650D,32,aeb90d3f90132c2ddf859bd2f4a2b747e4766174ce81571b75c7d9e2f93d5a55
1788328385.840365648,EEG Signals,65535,2,1,UD2022081200650D,32,da8580eede31c89d8af2e09f6aa961eae9c77ad451518b4ecb84e72c6ab6edcd
1788328385.844382763,EEG Signals,65535,2,1,UD2022081200650D,32,957e39c774eaf92e89c4b0bdf07969fe2f518c7d3caeb3121c7e8d8527213d2b
1788328385.848378897,EEG Signals,65535,2,1,UD2022081200650D,32,fa3d82a57ad996e0bcdecee35e02820e70fd29b40f5b5d647b1d57dee01fe29b
1788328385.852374792,EEG Signals,65535,2,1,UD2022081200650D,32,bfef6315ad29af1b3ab24cec28848a97bd23ee9f1218e0ec573a7ea26e6070f3
1788328385.855360746,EEG Signals,65535,2,1,UD2022081200650D,32,7aecd46f6bbac82f494459b7b3b6817815ad093e1ccffd1dd76ae015916adef2
1788328385.860376835,EEG Signals,65535,2,1,UD2022081200650D,32,f7d9b65bceaa3defedecbc167402c90721946e7f8be556924b22633be21390b2
1788328385.863365173,EEG Signals,65535,2,1,UD2022081200650D,32,309c053b0e2d4812321d5edbeead579d23e8844a691c4a5efe2e243f34cc41b1
1788328385.867378235,EEG Signals,65535,2,1,UD2022081200650D,32,836496f519d7c6532528a3690baf3d15eeb2bde6100f17d1085e33e334b72428
1788328385.871392012,EEG Signals,65535,2,1,UD2022081200650D,32,ca30455d6e9c45c30cba236b355785051a474f44ac867e6c32e06743227529d7
1788328385.875371695,EEG Signals,65535,2,1,UD2022081200650D,32,e280f71eb75b24a48e9a24c291c7cd319c20a7ca615f66dd884778d695fc3e0f
1788328385.879376650,EEG Signals,65535,2,1,UD2022081200650D,32,6afb48a242693443a86993124226f89ca9283274b67e71a7a5854be2a13e2068
1788328385.883394957,EEG Signals,65535,2,1,UD2022081200650D,32,c5c4d89738b1e6f382d580c82bf97babb3d25fde9e7577357f529a35865aa757
1788328385.888385773,EEG Signals,65535,2,1,UD2022081200650D,32,94468d1b319eadb7c8da96dbc16bdd1cf20a0f8a25061eb2bd228493daf3495b
1788328385.891381502,EEG Signals,65535,2,1,UD2022081200650D,32,af85501e6f9187a37aa042d908fbce729deead095b4cee68d100184676618537
1788328385.895392418,EEG Signals,65535,2,1,UD2022081200650D,32,a9d1320f30d05a4dcdebe2e104ab157eb0a83ad62543c37e1921c75293dd7eac
1788328385.898390055,EEG Signals,65535,2,1,UD2022081200650D,32,c45f535d8ba0c82f1b30e61106f792af772a50da2955fcb3d033b92cf09575c6
1788328385.902381659,EEG Signals,65535,2,1,UD2022081200650D,32,0edd7a60f5b092bea6b4e53d88578a613f21e2a82b9c0ac90aa4b1c15f326b96
1788328385.906386137,EEG Signals,65535,2,1,UD2022081200650D,32,a3642911cf372e714c6302ea7343b166843d2ab82aaa06578be3b50ee2012b36
1788328385.910387993,EEG Signals,65535,2,1,UD2022081200650D,32,534ab5a090c8e151b2d47ec75736be5b8deac206ce5526e90748625bca415503
1788328385.914395809,EEG Signals,65535,2,1,UD2022081200650D,32,cde034cfba12ef9e8f89c2b53f1f9d444bd215ae4944f46e3f36146d28297fdb
1788328385.918405294,EEG Signals,65535,2,1,UD2022081200650D,32,7cb8a23bfcaf91349812280bd2ed582d9f7c3b2200a388539e4c4c7e5344c9ee
1788328385.922394514,EEG Signals,65535,2,1,UD2022081200650D,32,51a1c6e4244b0171fcf78343677f15da0e3c29f15f6c345b3e8138a1828c0170
1788328385.926387310,EEG Signals,65535,2,1,UD2022081200650D,32,bea5e2e0aa587ff6cd5bdd6a333a47b5f047ff5d7b10c89e1c216f8567dc44b3
1788328385.930386782,EEG Signals,65535,2,1,UD2022081200650D,32,a9df5dd7fed7bf7868618b908434bd50443dd201bbd2f5897c0b27ae505f96d2
1788328385.934377670,EEG Signals,65535,2,1,UD2022081200650D,32,e9b5d0ed8f17712d72c044fd11927465559537e44f41080341dbed4302e5d1f0
1788328385.937377214,EEG Signals,65535,2,1,UD2022081200650D,32,03001596f5ecce275cb3ba1ce15b7cb94733a0d179c02bf4ae43a432c5cda361
1788328385.941391945,EEG Signals,65535,2,1,UD2022081200650D,32,4eed915ae30e8b392d7f4183e011776386c674d17cc77a1e919aef9e36aa95eb
1788328385.945390940,EEG Signals,65535,2,1,UD2022081200650D,32,edb87cc2fa6c7ff3f7ab436a86ee4209cc3ed3079725e01815fbe21663d95e2b
1788328385.949457884,EEG Signals,65535,2,1,UD2022081200650D,32,93b7bebb2b4f34dbdb9f9dd6bd0b64ecc0571e533ed68c9c03251dc0ded9592c
1788328385.953398466,EEG Signals,65535,2,1,UD2022081200650D,32,7bff8f37525314844ced16e2a5cfbc5b10901665d487ea8bcb800f51036cb5ed
1788328385.957379103,EEG Signals,65535,2,1,UD2022081200650D,32,9b7d0f33a8cf131a6d415c1a0a7bec18ac10b67023f185cee2e2b7d6b487f9d6
1788328385.961380959,EEG Signals,65535,2,1,UD2022081200650D,32,4fdbb6983bb3e97ba0451a7799b1476a85eda786be795633f07a1fb5f5cc5014
1788328385.965388298,EEG Signals,65535,2,1,UD2022081200650D,32,b1d988f97b3abae277f8db046b01a96a10ca791748d629b6dd1a086baa95b47b
1788328385.969387293,EEG Signals,65535,2,1,UD2022081200650D,32,c8354bf5cdf48e2211fc8612d199073b1ce89ae63a95533534a0d697d80fa055
1788328385.973405600,EEG Signals,65535,2,1,UD2022081200650D,32,5f6b0b028216c56e4908060c339da308c45683e89d2407d62b605e26888a39d9
1788328385.976385355,EEG Signals,65535,2,1,UD2022081200650D,32,c57f585d5dcc88a946d652203603ff3afbc4e0b1ea4968b91f264e7d2bc1bb10
1788328385.980378389,EEG Signals,65535,2,1,UD2022081200650D,32,79c0968a3ea9afc63f0af8530670711ecb4218ada4b5900c6d58527fd3cf931e
1788328385.984385729,EEG Signals,65535,2,1,UD2022081200650D,32,055b211e6618e5490f601182f7bd9f5f38060ecdf56ce24a92d34ea8efc3cf93
1788328385.988379478,EEG Signals,65535,2,1,UD2022081200650D,32,52fad2e8e95e7ee7088a9850474250e7cdccadc51c2db3758ff05433a9140785
1788328385.992411375,EEG Signals,65535,2,1,UD2022081200650D,32,5ec6e8905fb56ebd5af4f18ba18a534210e3c5f032715e6584c13ce375da2ec5
1788328385.996390343,EEG Signals,65535,2,1,UD2022081200650D,32,66defc7349d59d105e4b5db6b07b8595e416f635c1c4f75ff90dae83702605f2
1788328386.000389099,EEG Signals,65535,2,1,UD2022081200650D,32,24240927b4cf9f7865a77422e8963ba99708706121766f4c55a1086767f5e3a1
1788328386.004400492,EEG Signals,65535,2,1,UD2022081200650D,32,9f9ec562af9d74a0d8a7ff12e410447730386db50ae540d103615e2d5706959f
1788328386.008389950,EEG Signals,65535,2,1,UD2022081200650D,32,412f9c69f1a12bc1afba5eaf75de3879fcb6a83248330b9d03c32fad95336e82
1788328386.012379169,EEG Signals,65535,2,1,UD2022081200650D,32,9547693592bd64da9655a8a8e8e1a990e1dc32b0e70957b70e45a86f2484ffe5
1788328386.016398668,EEG Signals,65535,2,1,UD2022081200650D,32,138386a5ba640fc0b1a225ddea88f217f77c9f6ae5f2d7bab1ce9fe830c97375
1788328386.019385815,EEG Signals,65535,2,1,UD2022081200650D,32,02595b34830224f38299ed912f8dd3ecdb71b77b64f755d0d56b15aa73535a6d
1788328386.024388075,EEG Signals,65535,2,1,UD2022081200650D,32,df7d93aa85176ad2151fe5d6ab21d33a6ba1f72df652678937111f18839ee5a2
1788328386.027395010,EEG Signals,65535,2,1,UD2022081200650D,32,0622d6cb5e47fe0ebe44b5ae2f67e7ab3fc13c827a8555fd0b4664652e235825
1788328386.032400608,EEG Signals,65535,2,1,UD2022081200650D,32,eea4b34afeeeb9c67bf10e2de6113d9790f89b082547f50ad5be35876c048f09
1788328386.035435438,EEG Signals,65535,2,1,UD2022081200650D,32,97080762a618191743fdcb595afaa4d81005bfd2737266dac0f607421739d8f8
1788328386.039398909,EEG Signals,65535,2,1,UD2022081200650D,32,21b1632c4905bcb160387bc033a21e2d75e747c99790999af4d201ce5cb8720a
1788328386.043391466,EEG Signals,65535,2,1,UD2022081200650D,32,f7601dfd4109a6d67803fcda3935b4eeeb2f6e6c32e7e0886cff6412f26fdf6e
1788328386.047392607,EEG Signals,65535,2,1,UD2022081200650D,32,03b2ef2a94552864bb45d0ea94d6f5ebf2496c8080efcc59be79c91e905c7e83
1788328386.051393270,EEG Signals,65535,2,1,UD2022081200650D,32,c8714a9bc1d792aee5af344a7edae122dc26acf5a355c9f181acba2d6747f4ef
1788328386.055372953,EEG Signals,65535,2,1,UD2022081200650D,32,5cbfcdc0a70a52b972fc0bf2945f67b41f46586382c46e7e8eb310650feaaa9f
1788328386.058388948,EEG Signals,65535,2,1,UD2022081200650D,32,751b6d86a337830c30a07f1c9586c3d38921083075b5dc40029f3ab8fc970215
1788328386.062382936,EEG Signals,65535,2,1,UD2022081200650D,32,6da0b46f130cc138fb5e7b8b0a43aad6a34a2e309871c5f169e7e7a33d214e88
1788328386.066409111,EEG Signals,65535,2,1,UD2022081200650D,32,f11396c67c80625097f4fab3614fd461fde77187353c4ae2809c7b0d347d54b7
1788328386.070399523,EEG Signals,65535,2,1,UD2022081200650D,32,dcc67feaa06cd8e282a9e94e7586251feecd9b4c8ec6950d3a1eafd7da2ae23c
1788328386.074393749,EEG Signals,65535,2,1,UD2022081200650D,32,acdd847a82d82c2e2a081b1fe4b2b9f418222d9f565c10d5b5e23a22f8f80657
1788328386.078387737,EEG Signals,65535,2,1,UD2022081200650D,32,3e73e36ca643ef49adceb96a78a39c9b775c2090af8145ead9c205131453bafc
1788328386.082396269,EEG Signals,65535,2,1,UD2022081200650D,32,e9f74a66bcc3f872accccc4a600c97eb54983a1ddca426c3d602e3de5a4d78ae
1788328386.086390257,EEG Signals,65535,2,1,UD2022081200650D,32,fb03bc6911bf7c3fa0c8ca0a38df0de381a4793d9c3c479e1b4a55840a158bd7
1788328386.090414762,EEG Signals,65535,2,1,UD2022081200650D,32,aa8f76440ee961930987c1d842c704531373379585ce889156334a648a9d7a4f
1788328386.094422102,EEG Signals,65535,2,1,UD2022081200650D,32,72162821e158f19734fcaff79a886d54473592b1831e9ac92449b7c1f668a157
1788328386.098411560,EEG Signals,65535,2,1,UD2022081200650D,32,e76152824c029546fc78c1b72a9b55415d37e85f1242e4ec1abc0c66ade0bc5a
1788328386.101389408,EEG Signals,65535,2,1,UD2022081200650D,32,9f06635f3634e849d3a0b134f63d80d5a28ac99347770ccbb1f677e0af3e263c
1788328386.105399609,EEG Signals,65535,2,1,UD2022081200650D,32,d2edc7bd1fb7f41ad304c684a05705d516331a07026815958db55abff7fdee5a
1788328386.109389305,EEG Signals,65535,2,1,UD2022081200650D,32,123f26c2b8eee508fbecadac6ef1b4f032bcffd2ee86a93413e5e3cc6112bca5
1788328386.113386393,EEG Signals,65535,2,1,UD2022081200650D,32,4335d1b8e1005b29c1e57bc3c20bbf23b9748538aa12dcf2fda9594d6c76591c
1788328386.117390156,EEG Signals,65535,2,1,UD2022081200650D,32,7e3657f231ed708a00b7b85a33a7f7f5e0cbe70351b69151a430efc08ca59794
1788328386.121393681,EEG Signals,65535,2,1,UD2022081200650D,32,3650aa649cc166d5c8daebacd35fbe675eed2bf0a6b3d3087bfb3a2f65a27f90
1788328386.125401020,EEG Signals,65535,2,1,UD2022081200650D,32,323e7679f89f4b83bcce5b01c2f696b1e7becf89aea8a4d45c98a60e4a55979e
1788328386.129393816,EEG Signals,65535,2,1,UD2022081200650D,32,b269823f71c95eac2556ff63fd62b0d1274b9bcb2a3c2a6ba3770208cf507dfb
1788328386.133397818,EEG Signals,65535,2,1,UD2022081200650D,32,601126d384ca06e8a25979d9d81847869968ac2c89d06bd33255b434e8d6d2b0
1788328386.137398481,EEG Signals,65535,2,1,UD2022081200650D,32,11a3639017113f8e4192e5324fd7c8b619dca22dded2f631bc193fb28e0d493a
1788328386.141391277,EEG Signals,65535,2,1,UD2022081200650D,32,a8381b46b65dffc82a940962538783a57006dfb31674f0c20c4c4c3755833839
1788328386.144382954,EEG Signals,65535,2,1,UD2022081200650D,32,ce29c07c0bd4fc4126ac33c93a8cb107daafa275027915f126e2dcd6874eed6f
1788328386.148392200,EEG Signals,65535,2,1,UD2022081200650D,32,e4561e31eb0f0bd1ba9f8aaad8e4eaf7f8fd32d18ef89a51e29ed4a84fa6b181
1788328386.152374029,EEG Signals,65535,2,1,UD2022081200650D,32,28aee831d6065d22c3e99d61377a7bca5ec20ef03b8021effa748bf8cafc5eed
1788328386.156386375,EEG Signals,65535,2,1,UD2022081200650D,32,3220fce1440baf12cfe6497dea095abfa8076f027a01e77a656351e4cffd441e
1788328386.160401106,EEG Signals,65535,2,1,UD2022081200650D,32,5a34d79eb6927970697822066e47978c3bd4208b51788b56ea9fd4582109e133
1788328386.164376974,EEG Signals,65535,2,1,UD2022081200650D,32,84766b96849587c4b743a6145c9125fd62dca34661a081a0269aabca09ab3f4f
1788328386.168423653,EEG Signals,65535,2,1,UD2022081200650D,32,62a53db805d98a039af58acba2b8acf5cf8f6b9f766b0540cd32959b1aaeaf46
1788328386.172381639,EEG Signals,65535,2,1,UD2022081200650D,32,7bd1ced20498733db1efbe09a3bba7c730c0616cf540c207b35dc4e85ee12069
1788328386.176378965,EEG Signals,65535,2,1,UD2022081200650D,32,ac12ce906f79dede1bb3e5ae72928f48f1cfd4f84798271553d2ea8f2c1561a3
1788328386.180377960,EEG Signals,65535,2,1,UD2022081200650D,32,84cbfc07143bc811faf0e0bcb3753189c75baa54857445504264c20d1c2e2070
1788328386.183415651,EEG Signals,65535,2,1,UD2022081200650D,32,c06b1c31d910948025fd39d6a3d6598ff977154dab16ff56426e1dd228330e0e
1788328386.187393188,EEG Signals,65535,2,1,UD2022081200650D,32,c424a65388074dbfd2e552479d0b06313082ec9a85bf7fb0faba473b6b88e5c9
1788328386.191393614,EEG Signals,65535,2,1,UD2022081200650D,32,d1ee86f19f06e82e3a0047b61e29d3569a1a064ec5e6e57ec92cccd2493e9e89
1788328386.195388317,EEG Signals,65535,2,1,UD2022081200650D,32,c230d6cfd562f1b889ce267ce38f2cce19df585c4b82732275d0bc520311af03
1788328386.199393272,EEG Signals,65535,2,1,UD2022081200650D,32,4fa30a60f24722b7277443718dc707d201071cad7cbc2b3a2a8a05009daa3bb8
1788328386.203401327,EEG Signals,65535,2,1,UD2022081200650D,32,0b21845687ee3fe93682b78c0e3e58a87e88a36a9364364cec1fc2e05c6d727d
1788328386.207392454,EEG Signals,65535,2,1,UD2022081200650D,32,6b0f4b8c22e9fddef6e4125c6c4e394c390f56780cb37a9ac641e3587ba1be36
1788328386.211384058,EEG Signals,65535,2,1,UD2022081200650D,32,6c3319caf4cf83ed0602d0d7ac9bd127ee0af30922c595fdbc3d0397b2da9979
1788328386.215386152,EEG Signals,65535,2,1,UD2022081200650D,32,315c0a55a133ddf7cac0f7e39cfbd91487e6c39fdd6bc5f84be27c458802f601
1788328386.219390869,EEG Signals,65535,2,1,UD2022081200650D,32,27845df4027d6d541ce9ca9feea331600cd462c0fa8c3dcb77d1113ad22b1f84
1788328386.222388506,EEG Signals,65535,2,1,UD2022081200650D,32,0e41974aee635a507fb4a6cdfb33083237797c7efcada1aaec306794ce681b0a
1788328386.226392031,EEG Signals,65535,2,1,UD2022081200650D,32,8349cc2578e8d71091a825e9ad67c86042bf410f4dfaafcd0794878adeb35f49
1788328386.230424643,EEG Signals,65535,2,1,UD2022081200650D,32,02cecfe952bade50646fafacc9ec10128dc0eef22ab15499684ae5764ca4082e
1788328386.234396219,EEG Signals,65535,2,1,UD2022081200650D,32,917a6e76169c40d903b1d3dbc9243c29cd4e94b87980778f7a3f03269ef3bec3
1788328386.238381624,EEG Signals,65535,2,1,UD2022081200650D,32,04c6b9362e640368e712f41204c5ab38e2747b8a8cee2884ec5f61873d368ad1
1788328386.242381334,EEG Signals,65535,2,1,UD2022081200650D,32,d7d69499de6a8b08dd8fe06d809150b4452d3b2538031bf96ca1e8bb4606689d
1788328386.246381760,EEG Signals,65535,2,1,UD2022081200650D,32,40b7808785ab6d901a2134aec701fd63fb18f97cdb7afde5379ff0394cd5cc70
1788328386.250390053,EEG Signals,65535,2,1,UD2022081200650D,32,5ff6e2fa1ee662a5355677030ef3853ccb1ad2a459304d682b27610a86573e81
1788328386.254390240,EEG Signals,65535,2,1,UD2022081200650D,32,41ca1f92f463e671983b8f45d734f43614877209e9aa8cd64b24579b4a9bb163
1788328386.258383989,EEG Signals,65535,2,1,UD2022081200650D,32,6337fb086edbec859299246a4c67832d4f275be9f2713c043224ac98f33056b1
1788328386.261380911,EEG Signals,65535,2,1,UD2022081200650D,32,8153598856eb29b931060750527d19aac6f900180df1b5e883ea5057de2a56f3
1788328386.265393972,EEG Signals,65535,2,1,UD2022081200650D,32,8686eae669d17d64885eac981c4031d5296222cae7ab00eb51d1726719af221b
1788328386.269414902,EEG Signals,65535,2,1,UD2022081200650D,32,3dec1252816816d3951f14e278f6663cc8b15b26c50ab9b37f932736c351b0b0
1788328386.273390532,EEG Signals,65535,2,1,UD2022081200650D,32,bdac69d267863659dfbb64d5299e48a6791482166127960528bae3b92dfe3c38
1788328386.277406216,EEG Signals,65535,2,1,UD2022081200650D,32,b3418a98e2ada12d335b85a7a1e08a5606ed7a79bc259fb371c9e5f0be37be39
1788328386.281435251,EEG Signals,65535,2,1,UD2022081200650D,32,3e266f5ebf3afbca957a8529e4f8a905cb43c49fd57fa3599e4d1d8838ba8b72
1788328386.285416126,EEG Signals,65535,2,1,UD2022081200650D,32,3a0c6497aef90dfa6d26b4f28fe3be80037f1d8619b96b28643092444b021dcd
1788328386.289412022,EEG Signals,65535,2,1,UD2022081200650D,32,29139250238e58662ffa2964529ec88631fe673ec630842851c536418b0f26d7
1788328386.293399811,EEG Signals,65535,2,1,UD2022081200650D,32,9837717443695639358b64414f0f92b432fcf4d79b8049fb8b16f9ad57934c36
1788328386.297397614,EEG Signals,65535,2,1,UD2022081200650D,32,7b12b7be21831c31ad521dcb8804155deccaedc2fb12a2adf098b8981a011462
1788328386.301399708,EEG Signals,65535,2,1,UD2022081200650D,32,d9e328f51a7b7e39327be3d68b4bfaf4e029b47089c8431a8dddb89ec9217707
1788328386.304396391,EEG Signals,65535,2,1,UD2022081200650D,32,3eca49a7e5f0286356fc79902efddc515663cd1a0446f822c516e113ed611229
1788328386.308400393,EEG Signals,65535,2,1,UD2022081200650D,32,2a757982f6d850d476da23e0b3d0984bb2a53ff11f0b2d79804331ef7566d3b7
1788328386.312394381,EEG Signals,65535,2,1,UD2022081200650D,32,2d62f8a7f235c20093e3e6f8e1c8c762c58a9051d94ce05d0835c22c15c45a37
1788328386.316392422,EEG Signals,65535,2,1,UD2022081200650D,32,87aa5870876163d037f2fb153a4329f9047a6051fe31628ac68b89e14a0f108b
1788328386.320413589,EEG Signals,65535,2,1,UD2022081200650D,32,f65acc863549942e3e890c35929f15d767e3520b414f267fea795184143c17bb
1788328386.325392962,EEG Signals,65535,2,1,UD2022081200650D,32,dcc82ed6c99d0648d7e053536dc3e3d7e17fe30f002a28673b05be8ffa5b1210
1788328386.328393221,EEG Signals,65535,2,1,UD2022081200650D,32,92370dd494b6d2100d5cd44bb1e63a5f4ba0cddee4cab9b1e284fec95c79c441
1788328386.332397223,EEG Signals,65535,2,1,UD2022081200650D,32,f5e1115fb95be20f73098ee29eef2e5d81748924b97257a5f61bc7b2faf12981
1788328386.336400270,EEG Signals,65535,2,1,UD2022081200650D,32,077b5363de2b44eb9c0f4e17c5dbef1989241dd6d5508cb641458016ff9458e0
1788328386.340391159,EEG Signals,65535,2,1,UD2022081200650D,32,682855d7bd255360f3e7bd9cf3c6f24b79411fba38a0635bbfaed09ca5f00707
1788328386.343389750,EEG Signals,65535,2,1,UD2022081200650D,32,c5e2b6b5ddb0d386ac28614cc2801ba2615366c1cc5d5c7f120b3f96379399f0
1788328386.347407103,EEG Signals,65535,2,1,UD2022081200650D,32,03997ada44345bbc6d68e6d385d1f5c9c906d37a8bcfe6d9759b3e5b7389dd85
1788328386.351399899,EEG Signals,65535,2,1,UD2022081200650D,32,d85ea90b93cd1e08a4fce852b7e47d049445667e2dc592d39bc4ac6d263ec812
1788328386.355397463,EEG Signals,65535,2,1,UD2022081200650D,32,45261daa571b28fdc8b79dbeb4d8a1c6b3aa2ab6b5534f4948ccf4ea31534ea8
1788328386.359402418,EEG Signals,65535,2,1,UD2022081200650D,32,1b3b88530092ab48bad02341c9e1d6dd744208daf7c58febba0ac5cf1d6e296c
1788328386.363390446,EEG Signals,65535,2,1,UD2022081200650D,32,20c88d44203b6e1cf06f8f548c211b4c20916638720df64ce9db7bf69695fc9b
1788328386.367415190,EEG Signals,65535,2,1,UD2022081200650D,32,fd080957f14dbc338d8cdbf7d357d0e3bcf09f56fdfc3246c3c1fabcab7c994d
1788328386.371393681,EEG Signals,65535,2,1,UD2022081200650D,32,2eb4107c244a1c2b53eed8484a110a8ccea11be4a9be8220a5eaaac743ba782b
1788328386.375399113,EEG Signals,65535,2,1,UD2022081200650D,32,d9d3459263948b01f188b296fa12f088835e9f066fcd6a7ddc772f9123f9589f
1788328386.379392624,EEG Signals,65535,2,1,UD2022081200650D,32,fe9d61b1059a9e146360344f348bf96bde1f313111623df3c9b26b5a380b76e0
1788328386.383389235,EEG Signals,65535,2,1,UD2022081200650D,32,817608deeeb35c80c6c2b197b04de18dd46340b39b77ac4a43ec7394c7c8028c
1788328386.386384726,EEG Signals,65535,2,1,UD2022081200650D,32,82f80d8f575bfd3b12f834354bec6d028591967417aff2f74c260d7a5b18bbf7
1788328386.390394211,EEG Signals,65535,2,1,UD2022081200650D,32,5386ea1bdfa4995307b2f142af73c5e2ffd41f3999dd973dac2bc6e2164a763d
1788328386.394401312,EEG Signals,65535,2,1,UD2022081200650D,32,9a85c071bacc0774d0ce403b70679df9576703cca32dcbbbc01446b67acc8c93
1788328386.398391008,EEG Signals,65535,2,1,UD2022081200650D,32,6a420c436e8471582f8d3a286ca8aeebb4325f79cc8255fed985833a62e7f1c7
1788328386.402394056,EEG Signals,65535,2,1,UD2022081200650D,32,73c79cfe8cf153b8b5a611cf8cdd5b78cde5d94120df0e4772cb5bf52d166b5b
1788328386.406396389,EEG Signals,65535,2,1,UD2022081200650D,32,1ec601ff658e7f2e08cbbf33c54826749e69dcb3df335b80125869b96665e5c5
1788328386.410395622,EEG Signals,65535,2,1,UD2022081200650D,32,ecb1bc3bac48d8aa89526e3ffff1570db5fe1399ec26ad2f229503e5983f0545
1788328386.414397001,EEG Signals,65535,2,1,UD2022081200650D,32,b50c2792f9a9e627ac4520bdb997da582ab881c2cc26f705031467ee841c833a
1788328386.418411493,EEG Signals,65535,2,1,UD2022081200650D,32,a22dd5ebf0af8b1acb8f25687bf440bb8df5d97aac0e4b084d24c5a4fe7f3825
1788328386.422401905,EEG Signals,65535,2,1,UD2022081200650D,32,cfc7277d7d1c28d784e26645b63ed7bdb2012288742f76178f6277e690e7e187
1788328386.425405741,EEG Signals,65535,2,1,UD2022081200650D,32,275f56dc4c6725e464c28e7b7acbc53dd54ba84da9e591e48cd0ea0615884926
1788328386.429402351,EEG Signals,65535,2,1,UD2022081200650D,32,5b1cd422731d1cc907fb03eb179cbbb81d5031a369b41bd92d50974af9deaf3f
1788328386.433410645,EEG Signals,65535,2,1,UD2022081200650D,32,a581fb518b545bb94b76072ef0568ae6459688536c85bb2865a3e48362f88482
1788328386.437401533,EEG Signals,65535,2,1,UD2022081200650D,32,fe202914e647302f12ae9c196a6915f93a40df206485857233b45b7ae7f8e792
1788328386.441380978,EEG Signals,65535,2,1,UD2022081200650D,32,cb6b9d5290a7e665cfe9e67b501ee46bdb024137bff4cae1164a02d0d5f6a9f8
1788328386.445388317,EEG Signals,65535,2,1,UD2022081200650D,32,ccb843fa81e469eb1961519cc915f64b7159adeff3e06891ad93250a6a18a66b
1788328386.449405670,EEG Signals,65535,2,1,UD2022081200650D,32,04b750b136146a789987da848f07fc11e6c7490c35ffdc1b86a42c085ab2a18f
1788328386.453381777,EEG Signals,65535,2,1,UD2022081200650D,32,3dd46867caf7817534dd5f96b0b3ccb1e0688ee8a75466cc2c071176ab3dd2f1
1788328386.457406282,EEG Signals,65535,2,1,UD2022081200650D,32,d499bc6292bee48e435d4db90445820bfde399a6ad4677cea5824f68eae1a954
1788328386.461384296,EEG Signals,65535,2,1,UD2022081200650D,32,ba03f76dc111d06d4a9be961f5b94f7a7033c58cb9486593ecdac16bbc2429b7
1788328386.465461969,EEG Signals,65535,2,1,UD2022081200650D,32,a4a184a3fb02da07c5bd3cfcb7e7ac7ce0c1d2b15be1e1779bd00f74a0fdaed6
1788328386.468393326,EEG Signals,65535,2,1,UD2022081200650D,32,2d7e0a10acd2a1c98c2f66c06ddde07f1bc7b046a68dba07f2c79cf840d15845
1788328386.472408772,EEG Signals,65535,2,1,UD2022081200650D,32,335cf2bee760b8db8fb7008ddd510dd78cad156bad9f4fc371aa570cd760f2a1
1788328386.477390051,EEG Signals,65535,2,1,UD2022081200650D,32,170ca8ab6913eb4c6d44c5ff400aa64fa45db9342478b23265e827d464398b71
1788328386.480391026,EEG Signals,65535,2,1,UD2022081200650D,32,b2b63a9d0623044a2ffefb270438add6ce95ce99d40d6ded8651e1c241c94643
1788328386.484399319,EEG Signals,65535,2,1,UD2022081200650D,32,a3c4db65e47b548c570d05e208c96f4c92f9cccc63bfe5b876042171fb7e4df0
1788328386.488404274,EEG Signals,65535,2,1,UD2022081200650D,32,75dc00f65b5663e5b927f5339ce2c17c4eba177af3fe79d0867671de9312fd89
1788328386.492395401,EEG Signals,65535,2,1,UD2022081200650D,32,42bb69938062089297504b596ac0d7ce2233aca9c09e25cb907fe5e8d0af936b
1788328386.496403456,EEG Signals,65535,2,1,UD2022081200650D,32,127595b26adada5f80d1a58bd5511b286c979205cd1a11509a1808c7fa62d3fd
1788328386.500415564,EEG Signals,65535,2,1,UD2022081200650D,32,a47e63693bc40393e43919d22c5ea63f6ec4baa35b28b28861dfb25891cf1a52
1788328386.504410982,EEG Signals,65535,2,1,UD2022081200650D,32,46247b76f645b558d38a623f6793aba387bc41a97a9e11cb793e1ba7a9971c91
1788328386.507389069,EEG Signals,65535,2,1,UD2022081200650D,32,1d3de47049b85bed5cfb5b4b73cf1d44e9bbb5d494421e6af52fc271cfe1ca0d
1788328386.511391401,EEG Signals,65535,2,1,UD2022081200650D,32,f00f72099815b94b8a184302fdcedca099bd8c775a3f234715e0feab981fe2b2
1788328386.515390873,EEG Signals,65535,2,1,UD2022081200650D,32,6d76aedd249fa7c38a767db24f644243a63d3225152b6f15c146ccbc1cea90cc
1788328386.519399643,EEG Signals,65535,2,1,UD2022081200650D,32,d5d460d3a1078d5afcef6638c8f8578158d7e45483d61a91d61c02d1522c661e
1788328386.523406029,EEG Signals,65535,2,1,UD2022081200650D,32,91315b2f002ea240b4ac2ba28a60dfee1bb916d04d5fed56fb4dc594f517e0db
1788328386.527404070,EEG Signals,65535,2,1,UD2022081200650D,32,210851171f67a9134db21498fadcb3378da2420d4c02ba0c2c49fc9084149d49
1788328386.531392574,EEG Signals,65535,2,1,UD2022081200650D,32,913b0b8aa42bf1053ac3d5705ab9350f3c8e36ac8c4de63c633937dbfa917754
1788328386.535413027,EEG Signals,65535,2,1,UD2022081200650D,32,e74981d59c92deab909202aabb498307aa0f1f65a57dd72336931e9d4bfc1bd6
1788328386.539409399,EEG Signals,65535,2,1,UD2022081200650D,32,ae1901c4cbb4daed8f4e088fdd7494e7aa1873dd716cf2c9da67164646a20a5a
1788328386.543399572,EEG Signals,65535,2,1,UD2022081200650D,32,27c4ddce6c242e00fa972527a5bcd8944ac777c77eef00f2d3df7ccf1e9a4bf2
1788328386.546404839,EEG Signals,65535,2,1,UD2022081200650D,32,e5391ab4df6c6456ad33a6d280be806bdc030f7ddaa419ebc1f2de3ab7c52194
1788328386.550409794,EEG Signals,65535,2,1,UD2022081200650D,32,aabfe6b54be0f5490ab0f3ef1ae7f8a7d86060f8d5969b6793f01b8f6c7521bc
1788328386.554434299,EEG Signals,65535,2,1,UD2022081200650D,32,02f54cba54ae06be5a51512e58b72124fed8a21129fe5688893c88251ab38e25
1788328386.558439493,EEG Signals,65535,2,1,UD2022081200650D,32,7e1d82fd812a3aded396afe2cf66ff348d5f74c7e54d82b85286c6351e7a53cf
1788328386.562417507,EEG Signals,65535,2,1,UD2022081200650D,32,99b8d15bb54053d026290aefee256a24d565046e7514b788f9f511654ccd0a7d
1788328386.566418409,EEG Signals,65535,2,1,UD2022081200650D,32,e4a604c5f3fd7ec535384639dacad9b64e3b8dc59bdddb694d5e2c38a94d0027
1788328386.570410252,EEG Signals,65535,2,1,UD2022081200650D,32,3c6e27ce159562b564be1bb54eecb24e2551c5cc3aa76a832922760125a1623b
1788328386.574445963,EEG Signals,65535,2,1,UD2022081200650D,32,998d097ef3682c167b7e8826a8d9c54dfa1a587ed3c2078b6f7566c2a839acb5
1788328386.578399897,EEG Signals,65535,2,1,UD2022081200650D,32,59f115d4a6e4af4b13d7bdbb5480c3b0376362d7a17b776b4b38379eb9b0e14d
1788328386.582424641,EEG Signals,65535,2,1,UD2022081200650D,32,ba67c4649a5eee7c2957604d4a4417f35c39211c9c7e3fba42292046705d12b7
1788328386.585408449,EEG Signals,65535,2,1,UD2022081200650D,32,08dafd37106b3df47f19336b1f907033b54615a6b271405e58b22659f498964f
1788328386.589410067,EEG Signals,65535,2,1,UD2022081200650D,32,e60fd3e7b10e22ac2e285fc70f2f98ae564dbb65419131402aef6458009ce9d3
1788328386.593414307,EEG Signals,65535,2,1,UD2022081200650D,32,bc7bd76dc983db09938c1df1d4e2465ee56575e02f818ca10f5b2fda706abb3b
1788328386.597409010,EEG Signals,65535,2,1,UD2022081200650D,32,cb88dafa0087f73530ad1ee5c8245c8bd15ee79314257f53f15119dbc23a7ff8
1788328386.601405859,EEG Signals,65535,2,1,UD2022081200650D,32,e7446845008fd10a4750e56e7ad84ff9c74f78f088b294501c140106181ba40f
1788328386.605402708,EEG Signals,65535,2,1,UD2022081200650D,32,916677c679686c5389d000cccb6cbddac29d91a628a35de82629a6e9bb02990c
1788328386.609420776,EEG Signals,65535,2,1,UD2022081200650D,32,c03f86adee67f80fd647eba56870b958a01dfd5c08e85854f8ce89eaa5e3a31a
1788328386.613409758,EEG Signals,65535,2,1,UD2022081200650D,32,878bc0da5c5014d926a4e2c1212b5798a0209b6040235494ae1847ae7a79647c
1788328386.618412733,EEG Signals,65535,2,1,UD2022081200650D,32,69a4f8f57d53d547363bbfff97e628447e980af5239c1d084f36d9dd44fbdef0
1788328386.621403217,EEG Signals,65535,2,1,UD2022081200650D,32,bd5b502ff233771b88b77acca8fae8b13e3e2050c2dadadeedef9a0836935703
1788328386.625398874,EEG Signals,65535,2,1,UD2022081200650D,32,023b7d1d7a48959c24c29b6231a4b29f7c80e022c7dc3803eb47aaf27d4b9c88
1788328386.628400803,EEG Signals,65535,2,1,UD2022081200650D,32,4f33f835dbd06c9c91320daf80aea70b2c81a2f735830f6a82e0c51277be4a4c
1788328386.632401943,EEG Signals,65535,2,1,UD2022081200650D,32,4162143642ebe89d136aa47e93cb252658a29a3639d356863dfd4c38e3826ef4
1788328386.636397123,EEG Signals,65535,2,1,UD2022081200650D,32,772a28ff3e0638d180031c929ca641e0ece753f5d7b51ab01d883fec81de655e
1788328386.640408754,EEG Signals,65535,2,1,UD2022081200650D,32,063a7c884e2e1c81bacd3cb51e64ec6407bc08639798f350704f876dece106d3
1788328386.644407034,EEG Signals,65535,2,1,UD2022081200650D,32,113fa0474dfd6674d9867bc0700207711ec53e8719e45385ffaa32c79bf6f0a0
1788328386.648404837,EEG Signals,65535,2,1,UD2022081200650D,32,5fd069f5db7140fdf86ab779108a77ac6982c734915399e47e7f7cfd813511bc
1788328386.652403593,EEG Signals,65535,2,1,UD2022081200650D,32,e6c1356434333a6e9b394e20588d2fb7ddcfe9985a7ed365cab1ea66c5b0a66f
1788328386.656405449,EEG Signals,65535,2,1,UD2022081200650D,32,a3520962e0c396841227a58a1aea583da23e9f25f309880d46c8abb95cc98a47
1788328386.660409927,EEG Signals,65535,2,1,UD2022081200650D,32,0cea8de6fe78a6f9fc679846e18cb2cbfb837bd3974483b8d18beb769a72319b
1788328386.664406300,EEG Signals,65535,2,1,UD2022081200650D,32,6308811427be9fdcbb94d4fd2e02e3648aeb5dff10dc4a12a95f0eebe3849448
1788328386.668427229,EEG Signals,65535,2,1,UD2022081200650D,32,f4816d556c0d586d549605371e1357d8a09bb8e5ed16f12f1bc0889c5dfec5a0
1788328386.671414852,EEG Signals,65535,2,1,UD2022081200650D,32,6cab4fb41d500235063465e0fdefa84c6202937e68efd771973618748649cc9f
1788328386.675401926,EEG Signals,65535,2,1,UD2022081200650D,32,f22b4e9da20e8a4660bbc7a535f3bb056720fab0bb006d15016bed1463d8049b
1788328386.679450989,EEG Signals,65535,2,1,UD2022081200650D,32,b15378e86498037d3872ccdcf01953835da182d6573e5ea4414fe248f2260c3c
1788328386.683403730,EEG Signals,65535,2,1,UD2022081200650D,32,2cf0327905e9b488ee44af315670c74fa6487c47249a8198f931529bd718860c
1788328386.687414885,EEG Signals,65535,2,1,UD2022081200650D,32,fa2a3eef9b34ad08efcfec1ead36a5c5d1a434f02cef9311b068bcfebd52680a
1788328386.691399336,EEG Signals,65535,2,1,UD2022081200650D,32,6c12ea457cb54c87fbdba3d51fc7943f9d5f615d1593514c7321a0f4d190e761
1788328386.696410179,EEG Signals,65535,2,1,UD2022081200650D,32,0f2202e1996720434100b7c46a0e74746ff4a5a0f41ab226ce4664fa550ac2b1
1788328386.701398373,EEG Signals,65535,2,1,UD2022081200650D,32,5c4c83d346208278f5316170c7e660c4eba799742e590f33bc4634f4df08244e
1788328386.704397678,EEG Signals,65535,2,1,UD2022081200650D,32,c9d35bb940a48411afc5ed61534ab14ec73fdd964fc0dacc31f759f88be32d4e
1788328386.707392216,EEG Signals,65535,2,1,UD2022081200650D,32,d4ce523d34bd1205f6f45eada4f9b29ee80ba00a11df396ac261a2542b39b544
1788328386.710395575,EEG Signals,65535,2,1,UD2022081200650D,32,55864ac0792e1b90306f836a652aa744342bb99367f625f2c7f1d2e26a387ca3
1788328386.714410067,EEG Signals,65535,2,1,UD2022081200650D,32,4f37932fd59bf7270b400b5d8b5eeb9b2f00b0268a888f308c68fe1604de59c8
1788328386.718418360,EEG Signals,65535,2,1,UD2022081200650D,32,89c91565c84a070b8fd430b9482d0dbdcca8834d0ac5fe3344cd921983a3d3ab
1788328386.722416162,EEG Signals,65535,2,1,UD2022081200650D,32,04366acccefc957c9d0810895b40aeac5920907dd8b898b49c019c621391cb4f
1788328386.726418495,EEG Signals,65535,2,1,UD2022081200650D,32,1e579d123fed7ed59e20329fee030faab623078975ef034d4839e78e72a1ea8e
1788328386.730420828,EEG Signals,65535,2,1,UD2022081200650D,32,7c6fa948ec1df40803ab08f8d846e595f8f4db5e0bd18d055939114b13dee0fe
1788328386.734420538,EEG Signals,65535,2,1,UD2022081200650D,32,d85e5dee5669acc2bb891a8052535e040cb02d8796c9bd1dfedd42a3838f3ed6
1788328386.738410473,EEG Signals,65535,2,1,UD2022081200650D,32,701bbbee5303b4aad74c877d8491bf8efdb84130b6fa615202add2c8b8a45078
1788328386.742387056,EEG Signals,65535,2,1,UD2022081200650D,32,279cfd3074ab4e2a69ee5b5543249c45a6ab57486993931577e71ce08378fe57
1788328386.746397734,EEG Signals,65535,2,1,UD2022081200650D,32,6aa876b799c14ecb223516531bd45eeae0e7e52ffe7e0b92989da965497c8583
1788328386.750391722,EEG Signals,65535,2,1,UD2022081200650D,32,cf1cc8b97b661749ec4ab4a3451c80e3fff964423370faf394a2cf2359702597
1788328386.753415346,EEG Signals,65535,2,1,UD2022081200650D,32,74e3d58c80656bee2fffd76d8b1a3562324c51e3bafed44ae39ca6ab1b67ef68
1788328386.757406712,EEG Signals,65535,2,1,UD2022081200650D,32,35d0c93a0cb4100db07aed2ca7b26d5de7fc47412c2f1eb045c6da7ea29a6125
1788328386.761396646,EEG Signals,65535,2,1,UD2022081200650D,32,39ec288750191cbb3bbdc6cf367371c90ec3c1c27fa48ed0361ebd5aef21934b
1788328386.765388489,EEG Signals,65535,2,1,UD2022081200650D,32,2f729192143f677481e52d8c5c0d17c59be9892d724e91872373397f0e79f47a
1788328386.769386530,EEG Signals,65535,2,1,UD2022081200650D,32,29f1a7258947d4b803d3f84bea045a3ba70d37c9c12aab6ed5141f1a4efab1c0
1788328386.773382902,EEG Signals,65535,2,1,UD2022081200650D,32,67cdeff632b2357ca57ca2a28294a2844dedb2b694c57deb52dc974af27f875a
1788328386.777408361,EEG Signals,65535,2,1,UD2022081200650D,32,99e4229545297ca5a9f74dbdc58bff5145a8afb1af544786722a56a9e019ad7c
1788328386.781470299,EEG Signals,65535,2,1,UD2022081200650D,32,294b42fdbc10071c80a78e455ed6c687171a2fe3156bceb1e54eec6e5823bbf0
1788328386.785401106,EEG Signals,65535,2,1,UD2022081200650D,32,ba29e8e05ec470b8c36da0a746bf26c23af7d062edbfb0d7362cf8de525d2b14
1788328386.789403200,EEG Signals,65535,2,1,UD2022081200650D,32,4b71eb08aec14a15a40986bc4a99c82e6c826b6d4cdb40b0e8b36f4f89868ce9
1788328386.792403221,EEG Signals,65535,2,1,UD2022081200650D,32,889708b7f51fd9313f208704c898fe0b91b5e6e1e75a15f3f2fdbd65fa1342b6
1788328386.796419382,EEG Signals,65535,2,1,UD2022081200650D,32,7674526edd869e64e0fe08380981b5de2fc62f4ff480dfca6b8eb09286970040
1788328386.800419807,EEG Signals,65535,2,1,UD2022081200650D,32,9571058dab24947095f92b4c606c50d7560e74ac1828b0c772508ceab451669e
1788328386.804417849,EEG Signals,65535,2,1,UD2022081200650D,32,d4ceaeb5d7e70ffcd58d38a02e5f2ac96fff5ca3e48c58f4387873bea485c6ce
1788328386.808411598,EEG Signals,65535,2,1,UD2022081200650D,32,c702c293a466af338be43ac3b0c161c5195eb0e7113ff0c20adfd46ac6bd55a3
1788328386.812418699,EEG Signals,65535,2,1,UD2022081200650D,32,2854f796e981eef77af938a626682d644600a86a801a98d591e2b9e3cef40ca4
1788328386.816414356,EEG Signals,65535,2,1,UD2022081200650D,32,074d1e08ccfe6a40976333d7d50c57ccf0ee82ceab014eb99312058defc3c530
1788328386.820404530,EEG Signals,65535,2,1,UD2022081200650D,32,ade877e415287de47744922ccfabfc258e9fa0bb7c4aa45d0919aab88bc6b4b7
1788328386.824403524,EEG Signals,65535,2,1,UD2022081200650D,32,bd6c2ee5851fd2f656ab37cae05d4b55e30fdf29c1baca99aacf72238d76d03f
1788328386.828413010,EEG Signals,65535,2,1,UD2022081200650D,32,4d697ce7376e74189210f762506bd6b2e817080a8aad845344555a56b8f29933
1788328386.831421375,EEG Signals,65535,2,1,UD2022081200650D,32,3aebc1544b583abda99e4a7c539a021d43723859c87ff44d7804f20598981c60
1788328386.835409880,EEG Signals,65535,2,1,UD2022081200650D,32,c3cdaca9cce28d23fca9ec504d96d91a7936a5535241e7c7d233d8ce41fcc0f8
1788328386.839401722,EEG Signals,65535,2,1,UD2022081200650D,32,8ea1459d0a2e3f1cd7f00077da26274be89d04a39dda852d77e949f3b56035ba
1788328386.843397617,EEG Signals,65535,2,1,UD2022081200650D,32,a870db9fad0292932118894c884e3a5424b0faf3d6516327d94b0c4a59b5332f
1788328386.847406149,EEG Signals,65535,2,1,UD2022081200650D,32,74ba8852a980bf58e97f941245f16ac992dd2372deb43deec7e1c0ebe776d333
1788328386.851414204,EEG Signals,65535,2,1,UD2022081200650D,32,c9ead9eea98159aa79e9f249df4a1d64e5a28f61b5d80bb6fe47387fee24dcda
1788328386.855398893,EEG Signals,65535,2,1,UD2022081200650D,32,5fc402da1be23f1e1df7edc1b70851db2c0e5eced6a8345ade369273ddbfd91f
1788328386.859418869,EEG Signals,65535,2,1,UD2022081200650D,32,033203a5c387a1977fe7f9e4b0a1bcc9765e886a57cbafca38a13f56d8c743fb
1788328386.863413811,EEG Signals,65535,2,1,UD2022081200650D,32,1104b74e57307ce20c99a43776caaaaa10d091c74cd65f51a7d829e39203e24c
1788328386.867411613,EEG Signals,65535,2,1,UD2022081200650D,32,58550f7a67712f0dced8989fe0e09a95403497e5c0fbadd4a42ff13ad257a158
1788328386.871407509,EEG Signals,65535,2,1,UD2022081200650D,32,1a17d43dd7460d145aaa874ab52cfbbf726765dfa8b22db82a394dde94fdaa26
1788328386.874422789,EEG Signals,65535,2,1,UD2022081200650D,32,cd5b04c956acb79be20a460e9ff8106db6ee2dc5e31f0cac1a49aa4abece6a49
1788328386.878433704,EEG Signals,65535,2,1,UD2022081200650D,32,2d5c588df8f54f8ac54e5c00bcea0fd475cba8b6a28a85317f6d207773b422ee
1788328386.882417679,EEG Signals,65535,2,1,UD2022081200650D,32,72e8ff539fa6ba2a474491765c1dc8dce59bf63626a60b6974d20e7d864db46e
1788328386.886429787,EEG Signals,65535,2,1,UD2022081200650D,32,cf5cda5a00317c2bc00701f551cd74186ee7042b478d0cadc2cf8c0f15c4ccec
1788328386.890415430,EEG Signals,65535,2,1,UD2022081200650D,32,3bcfd5fb5f48194bdf821b330d748845cd5e861973bdd129e0a30f2d3eb9e32c
1788328386.894419909,EEG Signals,65535,2,1,UD2022081200650D,32,70885a449b1ae858bb0fc2fc9129799230f9781f8f74a51eeeb70d3897229552
1788328386.898438215,EEG Signals,65535,2,1,UD2022081200650D,32,aff91dde89bad46eeb97d549f5838149ed300cd5046ae6d855b469ac12ec674e
1788328386.902431250,EEG Signals,65535,2,1,UD2022081200650D,32,851412b4ae9aaf8bd990c8387a3775e081ca6d06ca413b662122ec075ac0aea2
1788328386.906412601,EEG Signals,65535,2,1,UD2022081200650D,32,5a74cdb419922436ba3d9274d87b074035be0a69183d6c19388e44478229fb6b
1788328386.910420179,EEG Signals,65535,2,1,UD2022081200650D,32,55da18333b0d907cc9b3cca2a00b4b36de6a4c01acbb235e8204f1a511c64203
1788328386.914423704,EEG Signals,65535,2,1,UD2022081200650D,32,b4daabed3bcff271a5240ef38276c32d50fede0d5e0dc8445ec047921d725557
1788328386.917420864,EEG Signals,65535,2,1,UD2022081200650D,32,d72ac8270bccb96393d508be5202294cb94ca5abaf596774e677e29b493b0a3a
1788328386.922415972,EEG Signals,65535,2,1,UD2022081200650D,32,0f8a0c65c0cd6d102dbc6c0e18aac9d870c59eaf20fa7f9fa3d3799dd5c61e80
1788328386.925417185,EEG Signals,65535,2,1,UD2022081200650D,32,f33543af2d39f843e6d8e0d308d38c1e624390f6d8a7a9b7ad62ac797d040542
1788328386.929414749,EEG Signals,65535,2,1,UD2022081200650D,32,7cc5aae3cb9f41ac844751de6f64738e38d9b43d7f5d6334c9b0490b111e88a6
1788328386.933406115,EEG Signals,65535,2,1,UD2022081200650D,32,a0ef51763afaf1c4b1bb6a20555155ea35b004dc1b759933cc624cbd472cfc5e
1788328386.937423468,EEG Signals,65535,2,1,UD2022081200650D,32,8387b1f9a23294055ff53e66dab9e9bf4610490702641bdabcedcdafa6471ecc
1788328386.941422701,EEG Signals,65535,2,1,UD2022081200650D,32,c1dfd57f41bdf616ee58911667ac76734d94dd4301212940b6b47ec0036c08ed
1788328386.945419788,EEG Signals,65535,2,1,UD2022081200650D,32,40af2fc861bd2deb876ea1e3069c274905b61fb2ece5fc1fdd12ce71d77f9001
1788328386.949409962,EEG Signals,65535,2,1,UD2022081200650D,32,b680b5266d0cfee71920e46fa8d6a8718b1cdf4f2833e5952159f5fbf4f868cd
1788328386.953418255,EEG Signals,65535,2,1,UD2022081200650D,32,923bd606b79f0ab2f1753ea9db797fdd8612ffe68fe65657ab9f81cc5bf5d8bd
1788328386.956407309,EEG Signals,65535,2,1,UD2022081200650D,32,c1891e4bd9cb2b1a54ed11111b61c981d1172ea456513ae735fd53184608cdf7
1788328386.960413694,EEG Signals,65535,2,1,UD2022081200650D,32,1e0fad3ec910012d17feb314b5154c834e6d7a2fc15d8021fa162e6e0b216ce2
1788328386.964407921,EEG Signals,65535,2,1,UD2022081200650D,32,1a23fb8978f747d2007312b43f14be05ee7bbc489822beb0b2916f648ee1a254
1788328386.968414545,EEG Signals,65535,2,1,UD2022081200650D,32,d10da5c75762d60a5c6c3dbc51acdd4f2d3ce9e5e14906cff37ed2a3cdaabb03
1788328386.972393990,EEG Signals,65535,2,1,UD2022081200650D,32,78420d6bdbfa8b35adf0d451d1d6c0c28b7b05b5e3ee1b1d62aa7b1a9f43278b
1788328386.976399422,EEG Signals,65535,2,1,UD2022081200650D,32,0a08496e573b1aa3433387370becb94cda0332a05b9b7cef4990c9f329c9a166
1788328386.980404377,EEG Signals,65535,2,1,UD2022081200650D,32,046496409727cb66a5758113e7affb8fb5798375a0567cf24e4909a071db632d
1788328386.984414577,EEG Signals,65535,2,1,UD2022081200650D,32,7d3e241736ea28c1e3729f67ecb2f4c2596493ce0adab936d86bcf8c71e2be9e
1788328386.988402128,EEG Signals,65535,2,1,UD2022081200650D,32,260f2a3cd00ca30b82cd0026acba63c38b7ec243fd4327cd3f79b8394c12b61c
1788328386.992404222,EEG Signals,65535,2,1,UD2022081200650D,32,284bec7d8890e73908bda39066115522612886397f4bd1904184ca8d877f8af0
1788328386.995420933,EEG Signals,65535,2,1,UD2022081200650D,32,ba3f1bcca1a37dd791f4877e0023e351e9dfcb3560c99230240b9bcc57d689a6
1788328387.000445366,EEG Signals,65535,2,1,UD2022081200650D,32,532e469607404238c24007f23fd7c0e8e51be61d950ad633c158247305351b02
1788328387.003421783,EEG Signals,65535,2,1,UD2022081200650D,32,7b6c96f27283fb612eae963fdcc9766ee10d926a071c89539850609da992eec9
1788328387.007412434,EEG Signals,65535,2,1,UD2022081200650D,32,c83062bedcabe47febff71bf43692eb1caffcf679dee9cf57e64321429c09222
1788328387.011420012,EEG Signals,65535,2,1,UD2022081200650D,32,ed55a1b8cd14ccbeb50ff762a2c8f42fcfa1c25279f85eb9aacd10fa625cb455
1788328387.015424967,EEG Signals,65535,2,1,UD2022081200650D,32,26f859cb8e04142d1fb2af48be84a1f68a2fcdf9697d80266d0f1a0a7ae2cbd3
1788328387.019433975,EEG Signals,65535,2,1,UD2022081200650D,32,8ad0c6016e08fa7f228b22f708c4e762a74b5b3934cc6357d52dbe4af1e3cbf8
1788328387.023400784,EEG Signals,65535,2,1,UD2022081200650D,32,7415fc60beffff639233569f06198fa77bc7d8195ad1a988c47b51ed937d2da7
1788328387.027443409,EEG Signals,65535,2,1,UD2022081200650D,32,e6bd1b903d6eab314f97aecf61447cfeeb447ed756e694dbc75368f04db575e6
1788328387.031429291,EEG Signals,65535,2,1,UD2022081200650D,32,e87d9a3cdb46a110a73dbd6b06221320175aec725be93a35cb452d7e8f8cddac
1788328387.035423994,EEG Signals,65535,2,1,UD2022081200650D,32,fa106975332d8062869753713dd316f4bd6a62d61ed0f26d64042447a68a389d
1788328387.038421392,EEG Signals,65535,2,1,UD2022081200650D,32,7a31e416dc59d82a386d638a2abd03acb7e521dc5b496cdbb4e65777504ab9e3
1788328387.042415142,EEG Signals,65535,2,1,UD2022081200650D,32,52112ae6c61873c64b09b247acd35b16051e5b4ea35f43c61eb193f40c56dd00
1788328387.046407223,EEG Signals,65535,2,1,UD2022081200650D,32,93adf08789079f3453770322bd1351e54b495677570a18440da088001e40abcd
1788328387.050399542,EEG Signals,65535,2,1,UD2022081200650D,32,7e538a4df43d49a9d78c2a341d1507a2f05c5140467ad0d43d61c093b44748eb
1788328387.054402113,EEG Signals,65535,2,1,UD2022081200650D,32,34f60e004d91a63d187be2c93759ed7de373a2fa24d2e662382d9202c0d5e338
1788328387.058409214,EEG Signals,65535,2,1,UD2022081200650D,32,5005aee85779d2f8652b2795d95058cea77d0f388155890922cee3793acc9b36
1788328387.062407732,EEG Signals,65535,2,1,UD2022081200650D,32,abcbeb61e0ac10d4efca15a9df28fe59ff336a25f55f92c8a4e212180b06b537
1788328387.066423655,EEG Signals,65535,2,1,UD2022081200650D,32,e17785120382ce29b13de6923231d2ee57b4421ec274811fc09fe3ae8d955b58
1788328387.070402622,EEG Signals,65535,2,1,UD2022081200650D,32,5d51ef43dbca07ffdec545b9c43f1b25a2e8dacb475e7e24f6c744ad61f8061c
1788328387.074411631,EEG Signals,65535,2,1,UD2022081200650D,32,3fcfd12d518082c7dbbe349ea5e77084db34f8e03d6e4e7897a0a69dcbea2d64
1788328387.078406811,EEG Signals,65535,2,1,UD2022081200650D,32,6c1c60686368fc0446d0242e84fe9e3c5d4c6bda16c03b2070c30f4f2d99a098
1788328387.081400871,EEG Signals,65535,2,1,UD2022081200650D,32,e1392b79de1bbb3da089b554b8fdcdd99118449d5079d449813242aecaf36d13
1788328387.085424900,EEG Signals,65535,2,1,UD2022081200650D,32,bd555b9a7574a2f0264a9709313cc07af26440ce0bfa826242e459d4ef174361
1788328387.089409113,EEG Signals,65535,2,1,UD2022081200650D,32,1dc5ce59594515671e59289a011d22329d504669f0e10ce4f4e9512255cc9dea
1788328387.093417406,EEG Signals,65535,2,1,UD2022081200650D,32,33b23be9fe9369934c04dbe09e462a44377aeac8786f751740ee46daa9ef3397
1788328387.097412586,EEG Signals,65535,2,1,UD2022081200650D,32,e3f9bb3d00588e185c317b30c2ac0a0674b5e03d1b35cdac9bc54690562859de
1788328387.101429224,EEG Signals,65535,2,1,UD2022081200650D,32,9fcdae4145d27674deaaf757f80738486eb739ad0c8181c71624986b65ece214
1788328387.105423927,EEG Signals,65535,2,1,UD2022081200650D,32,4f12b5872cbefd8e75c7bcaca0e700ba1b6f4b42611f2f74355391b2f4c141a4
1788328387.109414339,EEG Signals,65535,2,1,UD2022081200650D,32,04741c49d7eeeb357b4f4fe63566cec122eb12bf804124f192ba5309d2ed9258
1788328387.113415718,EEG Signals,65535,2,1,UD2022081200650D,32,1469ab752d689fd790accaccd5dc126a1ccec86d826af4215cb6c099c8cb5715
1788328387.116429567,EEG Signals,65535,2,1,UD2022081200650D,32,c5ef7c74ae597928dc7aac3bf023aae3ac82633f6f3c212e2e65e2a1e718a1a4
1788328387.120434284,EEG Signals,65535,2,1,UD2022081200650D,32,d3a9706ca09cdd085b69dbd9f50e57a4a5d5a043f239344d9b09a2be005c57ee
1788328387.124430180,EEG Signals,65535,2,1,UD2022081200650D,32,04b0577bde58752485322aefa44d8eb2227a3b33c297cfa8b6663130cfbe288d
1788328387.128425360,EEG Signals,65535,2,1,UD2022081200650D,32,62a0e4bd414885bed3ac77a5a7af66b645c24903b68a07713bab508713bbec96
1788328387.132425308,EEG Signals,65535,2,1,UD2022081200650D,32,d154875a2eece9eff6e83067a2123fb07e6463b5ef274f856c8cbe3516c0287c
1788328387.136414051,EEG Signals,65535,2,1,UD2022081200650D,32,cd8bbf006b06952e035bfdee30613cf7d1f57745a5bf931878bc50afceec2ee1
1788328387.140418768,EEG Signals,65535,2,1,UD2022081200650D,32,ef8da8ddd5a991b7337e0d8e91b55645859ed0a439fc8d4c4757789bebc66827
1788328387.144419432,EEG Signals,65535,2,1,UD2022081200650D,32,582ca126861657f0becdb23dc38dd777cf3332698f8b61a594ecc497310f3dc3
1788328387.148495197,EEG Signals,65535,2,1,UD2022081200650D,32,10b4eccfdb59c8217ff7c7cb1961c62caee68ff0d1e7c1c93a7785a3c4e1454d
1788328387.152412415,EEG Signals,65535,2,1,UD2022081200650D,32,5378c1b96855a0df545f29ee84b58ced55a856737b9a9fa04e18185e31036ac6
1788328387.156416655,EEG Signals,65535,2,1,UD2022081200650D,32,4fc48aba263be9e5f657e5f4efeb73b237489ca1fab34503ac3f094592228af3
1788328387.159412622,EEG Signals,65535,2,1,UD2022081200650D,32,a3bb04ee1a08616e0d2677bd020df1a6dc800426e6a3a2b31dbb8332ddd4f083
1788328387.163414955,EEG Signals,65535,2,1,UD2022081200650D,32,eb0fa0b750cb545baf8a7e5af2cf1513f87d66f649e49308d2232b2081c7eb27
1788328387.167426348,EEG Signals,65535,2,1,UD2022081200650D,32,c54dc2556427f2c1c417b9ca09909dbed8c8a80722871759eb83cf4669b285fc
1788328387.171422243,EEG Signals,65535,2,1,UD2022081200650D,32,ded0f17466986bf5e0c4c7bb04169ba04eee262fbcc34e693afb53bf47100471
1788328387.175420523,EEG Signals,65535,2,1,UD2022081200650D,32,8a4816df7b2f22d377f09ac7557ada1fb77944ea27eec0984476beccc7627be5
1788328387.179429770,EEG Signals,65535,2,1,UD2022081200650D,32,3f7c0af35a0c17c45430440736b6d3c55d1f8b82d6139e1f18ec73d24bdaa25c
1788328387.183438063,EEG Signals,65535,2,1,UD2022081200650D,32,38362a56a4c7908c291f8d2af53e7df9aa15579cef64f409f4b0fa41cdf6ba42
1788328387.187422514,EEG Signals,65535,2,1,UD2022081200650D,32,d3053c449e1fd96f22a8379ce54ba37934ec682cfb9f5e3c739eb1652727807c
1788328387.191409826,EEG Signals,65535,2,1,UD2022081200650D,32,33d502e6d0073b288eed6ea4928c8dd1955b740a9341e160c3a41ba91645f76b
1788328387.195418596,EEG Signals,65535,2,1,UD2022081200650D,32,ba33a1e6769e7947234fd6f36c79d0ff60e0ecc59c73d11c1e6093b66336ef94
1788328387.198407888,EEG Signals,65535,2,1,UD2022081200650D,32,19d3e3a34d19f68a0084d22a276638b0aa79450487e4e29acd746de5fce8e8aa
1788328387.202433586,EEG Signals,65535,2,1,UD2022081200650D,32,3434708a4de85a1c896840d06d37229a65e95b140a0ce36e40c6c18f1fdb7672
1788328387.206465721,EEG Signals,65535,2,1,UD2022081200650D,32,d18eabfff8f7be8313cfc45426c8b18574e7cefc650d4dacfb644770d8d683a1
1788328387.210422993,EEG Signals,65535,2,1,UD2022081200650D,32,c6a4dfb0c3089cc78da19741e38c4e971726532322b6a91ef622b808eed6a5ad
1788328387.215427637,EEG Signals,65535,2,1,UD2022081200650D,32,4d2f06eda17aadfcde9d012ee65a8894e55a0c30b42be7fb57071e0ca23ad1bb
1788328387.218425512,EEG Signals,65535,2,1,UD2022081200650D,32,12c39cf8cd46a12a810bb158c09dbb253d207cfd43b2cb4f1f4c426b991245e0
1788328387.222413778,EEG Signals,65535,2,1,UD2022081200650D,32,f44ab107bae8ca565ff0f0830bb7cc68703714a9d0e304360f3ae21c3f5f1344
1788328387.226415157,EEG Signals,65535,2,1,UD2022081200650D,32,66e11c88e6bfbd2d759c7dba5714844abb061f336d4f8f1b9e9723def36e2943
1788328387.230407715,EEG Signals,65535,2,1,UD2022081200650D,32,6480baacc27356d6fc0b6d441d179df94c7fe90e0e871c69d95dea17bd898d2b
1788328387.234418631,EEG Signals,65535,2,1,UD2022081200650D,32,f976192ea38476ae78d5e349cb0e0e987972dcbedb1e4d1323ca25b4a89a0196
1788328387.238412857,EEG Signals,65535,2,1,UD2022081200650D,32,470b151164fd0c6d82f8d68f1cb2c75b7c5c381e1996b01f5471724da184f572
1788328387.241398096,EEG Signals,65535,2,1,UD2022081200650D,32,f4ca4224ef8adb538bbb45ca6d4138f63595164d35f65664de26b4063bbcce0a
1788328387.245428801,EEG Signals,65535,2,1,UD2022081200650D,32,a7fa6d98b71b13d70a3530de63c11bf63181cb93ac88959a36eb7aaafb80bc4f
1788328387.249473572,EEG Signals,65535,2,1,UD2022081200650D,32,b4848d61a39520dd95e1652e949a2ba9fbc650a33261b67ef2ef89ce94400481
1788328387.253433943,EEG Signals,65535,2,1,UD2022081200650D,32,386c0c8bdacb9f2a5c3e66cdfbe9dba2c45c6d01418a225f914fd93d59baf9ea
1788328387.257425547,EEG Signals,65535,2,1,UD2022081200650D,32,55fc0127e9873fdb121805ffa703dfcf96d1dd9b358006f003f1de8ae29b9eab
1788328387.261425734,EEG Signals,65535,2,1,UD2022081200650D,32,c60dc21a7ac1935cb3814eace3be72190ef0f7d702f9aa1db07ce07f2f1c6b45
1788328387.265438318,EEG Signals,65535,2,1,UD2022081200650D,32,b1e1a3fd2a4a5b307e84f8db3ddbb3e019c17bd758c438592fd170c1a1fb19d3
1788328387.269419670,EEG Signals,65535,2,1,UD2022081200650D,32,55a393a1867189342774784829874e96b0d411ab6556034ff03d1ac5c3f2ccbf
1788328387.273402691,EEG Signals,65535,2,1,UD2022081200650D,32,7d6ffd5382b61664fba0aa225919e2682591da4f908639c461206e656455fc45
1788328387.277412653,EEG Signals,65535,2,1,UD2022081200650D,32,bfe2025263bf74e04d811f105620883ec33bfb071cf60fa09ba0e58d377dcb0b
1788328387.280422926,EEG Signals,65535,2,1,UD2022081200650D,32,d52ba88b8b167111e876e01e026ff4cc34add91424fa89cda08384b1e0b183b0
1788328387.284430504,EEG Signals,65535,2,1,UD2022081200650D,32,56a2758456dc0c4950c6818a748856b6cb0044ea84b7732ced24978ed540c5c1
1788328387.288419724,EEG Signals,65535,2,1,UD2022081200650D,32,207fb39affb54f4b8236db2d7814ea07002967017300d38a598bc9ba2e900386
1788328387.292409420,EEG Signals,65535,2,1,UD2022081200650D,32,5fa520d99500a185417bd146b2284edc05ca5f7e350f5acba2c6174529b6a533
1788328387.296419621,EEG Signals,65535,2,1,UD2022081200650D,32,1c8eacd5803a22829ebdeac9ee45d3cd9f28eaa2cee159afaae754ad67811ea5
1788328387.300419569,EEG Signals,65535,2,1,UD2022081200650D,32,7543454dd29790258847c3c33efae463cc21725a5081c3f2f034e23e09e49728
1788328387.304419041,EEG Signals,65535,2,1,UD2022081200650D,32,cb9f03096ba0a51967c90713856b3ca03c816ae87c6c54ce598097281567a24f
1788328387.308411837,EEG Signals,65535,2,1,UD2022081200650D,32,c07a156d61032ca382ca6d29c3b972f213496bbb28670085d0520866b75644c0
1788328387.312436342,EEG Signals,65535,2,1,UD2022081200650D,32,d47da9cbe5be1de501c621cdae84adbbfcc144bc5727befac55a9bc5e100e583
1788328387.316429377,EEG Signals,65535,2,1,UD2022081200650D,32,96ffd6d4976b89cf2f1f0df5aff04a0454bcbc581ac10c8f9c4fa6bc039e1bfc
1788328387.320418596,EEG Signals,65535,2,1,UD2022081200650D,32,51e5105ffb411d5f3e170cc7849b3ef7293ca1ccd49a3888aa49124189d49b7f
1788328387.323415279,EEG Signals,65535,2,1,UD2022081200650D,32,1a7f3b8ba8f5b680f13f6e6cc4d3c37d474fa76c7ddecd9a4b329fc2cec703c0
1788328387.327432394,EEG Signals,65535,2,1,UD2022081200650D,32,47e20153abaa324061df45f20c5cfee17a305d4b03b6949bc0daa9bb4887b422
1788328387.331444263,EEG Signals,65535,2,1,UD2022081200650D,32,6684d7ace9c2397e9d4bdf194126b65959d3b4f7ad4906ffa3349dfb429669ac
1788328387.335421085,EEG Signals,65535,2,1,UD2022081200650D,32,3db2e98a01c80cef92a51b4650146e3bb80d068a5c9758cbb96d1e942fc827ce
1788328387.339413404,EEG Signals,65535,2,1,UD2022081200650D,32,a45c0a112e48d833ab6fa9f34226fe25f47fb4870339309921eac34e123d3e62
1788328387.343446493,EEG Signals,65535,2,1,UD2022081200650D,32,ad422c61640a2a171ad6601b6ca61b1abcb88de4c8f7216ee71a69b9d21e2d47
1788328387.347433329,EEG Signals,65535,2,1,UD2022081200650D,32,e97bd50fa0519af8928d897460e7a674c08ccebc84611905d6c6396ae9abebe8
1788328387.351410866,EEG Signals,65535,2,1,UD2022081200650D,32,31f53039b49daa02a90bfe04beadf86885114f4c3a6a1d25362a4e2e56802e7a
1788328387.355422258,EEG Signals,65535,2,1,UD2022081200650D,32,06b24ef89c4f6df6f78de8b7fd4d16b7ade0b133395374197f7440ef5b2c9f2a
1788328387.359414577,EEG Signals,65535,2,1,UD2022081200650D,32,0586c535c6c9a551604fde23454c106f07f79d97c82c057d6f71ce3f277526db
1788328387.362398624,EEG Signals,65535,2,1,UD2022081200650D,32,a96a4081c05ff65d5f109db3a98792843706022dce441a35049b1dafd6aa048c
1788328387.366415501,EEG Signals,65535,2,1,UD2022081200650D,32,6bffe8beed392af031734ddda2d7b4472768d47803dcdb8ccef4f8fb2df6c7dc
1788328387.370404005,EEG Signals,65535,2,1,UD2022081200650D,32,a20e450c3d00b01f45c73ff04e80ce6d9bb4a2cddebc04d3657fc49ba3a86d3b
1788328387.374411583,EEG Signals,65535,2,1,UD2022081200650D,32,3009249d50b4ea36ed96be7296b0899026fc9ce496c370738cdceacaf8f7090f
1788328387.378422737,EEG Signals,65535,2,1,UD2022081200650D,32,2e80c5bbff977349ea860b91a263d3b7d102b0acdf282752bbeec753b259aa4b
1788328387.383425236,EEG Signals,65535,2,1,UD2022081200650D,32,c6bbe161825ddbdc9d1a5151406efd0bdc3c6118eb74a57a68f49a2eaebeaad8
1788328387.386413813,EEG Signals,65535,2,1,UD2022081200650D,32,b407558f3ebe6e077bf1ee723be1d93ccb1eb06db46a6df1f3e2ba3e9e39508a
1788328387.390416384,EEG Signals,65535,2,1,UD2022081200650D,32,1e47d6615ff8c4f3a611e49339731c38401aaab948fc290ff321545c7c4ca85b
1788328387.394423723,EEG Signals,65535,2,1,UD2022081200650D,32,0dcc5e3d34c798e7522d8c1dd99fef4de6c96c7ea44c29b35587a338e2339e00
1788328387.398421526,EEG Signals,65535,2,1,UD2022081200650D,32,1274123dcacc63308729d804b813ba2509fa1d1d0834143f67c6b3b53e67be79
1788328387.402434587,EEG Signals,65535,2,1,UD2022081200650D,32,031cda37160a64e39ba914677a0c606428ef7d996c5b72aaad69e3bfe111803e
1788328387.405416250,EEG Signals,65535,2,1,UD2022081200650D,32,c0a8930b88ae3a5164b96079c765df504d9a7793ab99f6b56cabdc6ffc5e875c
1788328387.409411430,EEG Signals,65535,2,1,UD2022081200650D,32,3c0d8184c2d2180d47aee357270e07f655a646bac11902fcd081c57d8537a2bf
1788328387.413419724,EEG Signals,65535,2,1,UD2022081200650D,32,e9fa4d603f3bc7f5cb4c73374f0dc35c12a94538d563ccb52c8d1ad8c107bcca
1788328387.417423964,EEG Signals,65535,2,1,UD2022081200650D,32,0656e202471a0d0b5577983f4e9bacd9309f3eb9e269ca2815d22c832dd0feb2
1788328387.421415567,EEG Signals,65535,2,1,UD2022081200650D,32,bca51ef5b798384165356897d54fa42e9fabc2c94e05d6114c5a6669c9eb75f3
1788328387.425432205,EEG Signals,65535,2,1,UD2022081200650D,32,4b5b0241a26e2c71ebbd0f21c0b7c283a7e1fbd135932ad917ac8976163e27ef
1788328387.429417372,EEG Signals,65535,2,1,UD2022081200650D,32,6c947fc3f287a4b96166750469768e076b426dab59a18463c6fd129b30e7410c
1788328387.433414459,EEG Signals,65535,2,1,UD2022081200650D,32,9ff56df40607a05d8b599e2be3d218792be7a287170ce99aeb01f6d2a666adc5
1788328387.437418461,EEG Signals,65535,2,1,UD2022081200650D,32,534ade0e257096f13843c4a05b07c83ef850510b933c0d68b205511cebd19c88
1788328387.441421032,EEG Signals,65535,2,1,UD2022081200650D,32,f6d56bb4d9a206ebfcc75ddbe31da0702c12c1d22ef531c9940ef136ed7abfd5
1788328387.444415808,EEG Signals,65535,2,1,UD2022081200650D,32,b02e54888f7f49c1085c155636b048983da42da71b329cef6615e2880c2f40a4
1788328387.448435307,EEG Signals,65535,2,1,UD2022081200650D,32,1f790db42185aa3ee3daab717d31dc2d85d462dec9a49193d3c826c94f96f452
1788328387.452435732,EEG Signals,65535,2,1,UD2022081200650D,32,aeb8ee19ae6882f4e593a7b97133d3473e5e45ec0ba4ef392d9c31de661714d1
1788328387.456430912,EEG Signals,65535,2,1,UD2022081200650D,32,3a98970fab9d699c02b4def886696cdf11412db536266e43d14303d82cc2d51e
1788328387.460425615,EEG Signals,65535,2,1,UD2022081200650D,32,18ce73bbaa064b45a5e7eacdea9da595ed51aec5d3cf92a7e1fa4bdc1a4b05d1
1788328387.464433670,EEG Signals,65535,2,1,UD2022081200650D,32,c7bc1b138ac438f66cd6de5babd1262806e8cf4dfa3acd639eee6eec62d8c946
1788328387.468420029,EEG Signals,65535,2,1,UD2022081200650D,32,2465169f952848dcf83073bd51bddab96911e1236504af2b9616c35ef04b457c
1788328387.472424746,EEG Signals,65535,2,1,UD2022081200650D,32,3b687d7c26834f7dc3c98fed4b308a7acd8ccb4a8c51d1a5acdea5f9738a79c1
1788328387.476416826,EEG Signals,65535,2,1,UD2022081200650D,32,9ce6198a3c61b258a0e8fcdc6cc203e911d0c707cb8b2a3720b45e676310f2a4
1788328387.480423450,EEG Signals,65535,2,1,UD2022081200650D,32,903cffba00aca5647bd6296f34358d67b3ec499ee354fb65b7ff336bb3f6f41d
1788328387.483431578,EEG Signals,65535,2,1,UD2022081200650D,32,32ea0f5b06ec91154d5cf092565fd9fd68f8e7cd5cd0ca39276cbfb2d8aed236
1788328387.487408161,EEG Signals,65535,2,1,UD2022081200650D,32,94689ce3315456a47010bd98a92da54799af3e62e507951d9aad11540e53a000
1788328387.491418123,EEG Signals,65535,2,1,UD2022081200650D,32,f074dd4639b0197d6aa4cd99639cc093cb49478d3d25b8f103b4483b78d2d70a
1788328387.495422602,EEG Signals,65535,2,1,UD2022081200650D,32,7cccdd38aab0923f95718e538278b1ed2c208685dd0bf8cb7f4d583c56b96253
1788328387.499420881,EEG Signals,65535,2,1,UD2022081200650D,32,f4d5b333eb1af04affce6d2e636df8e31c7a7027fc94f298c76cbfb9429944fd
1788328387.503447771,EEG Signals,65535,2,1,UD2022081200650D,32,b2202796cf9e90383139fe5424b76066d0683554ad98c120af8aff00b52097aa
1788328387.508414268,EEG Signals,65535,2,1,UD2022081200650D,32,c89d3c886b40ab5027f1f68c870bd4670367415036cb52a3eae5509668425222
1788328387.511421680,EEG Signals,65535,2,1,UD2022081200650D,32,1b6f6bfa4f8791f3bc59405a95e6638cd8ffa120fcdb61bfefd417d7b7b25937
1788328387.515468836,EEG Signals,65535,2,1,UD2022081200650D,32,528a117d982df8d981bfa27e38a180ffda0b881b2fcf04b96cb6d1477421dc5e
1788328387.519450188,EEG Signals,65535,2,1,UD2022081200650D,32,d38a9bbf49310f60802a2fe8ed075028bbc8aa9cfc69c615c245b8cc65eb4e85
1788328387.523432255,EEG Signals,65535,2,1,UD2022081200650D,32,0e504a81ba98eec9364c67004ea823b4b35a9d2981ab02132935c1a6877eef84
1788328387.526419401,EEG Signals,65535,2,1,UD2022081200650D,32,58bc793c61766afe2c7ecb18c2a6e15707b954444b56135a13351f8742b8c20c
1788328387.530439377,EEG Signals,65535,2,1,UD2022081200650D,32,254e8912ecabe35167eb37b186dee1e0ba28a0e16688a501f8f135192e1d626c
1788328387.534430742,EEG Signals,65535,2,1,UD2022081200650D,32,fbb0bb250687562a1fa6b44c1bc87e0c093c435c5f9b1b3a6e58049336d6634b
1788328387.538432837,EEG Signals,65535,2,1,UD2022081200650D,32,88a79f32621afcaf530c7611d35ec84fd96ad104bba00546f5baa24b9490c60b
1788328387.542423725,EEG Signals,65535,2,1,UD2022081200650D,32,5b4ad7bf970eab08765ff0fed56056779b0ee2af17eee72f4f0d2ce182c55481
1788328387.546420574,EEG Signals,65535,2,1,UD2022081200650D,32,b8b37398ad1d93f5cd4fdda52f06d392c0372a2d6b74169053d2709017dd086d
1788328387.550416946,EEG Signals,65535,2,1,UD2022081200650D,32,4b5e01d58170776149278f50b8ad639075964013ef233fdf1e413b0939878e20
1788328387.554425001,EEG Signals,65535,2,1,UD2022081200650D,32,f6c69bcded9cedb664c2282ec991c010ec70162b9150f4668b5ba2082279cd39
1788328387.558414698,EEG Signals,65535,2,1,UD2022081200650D,32,9cbfd89e213d6571d29bcdb662bcae86390e196d1c9bdd2c80c55e0cb29d0856
1788328387.562424183,EEG Signals,65535,2,1,UD2022081200650D,32,6280901cc2dfdb233c0f3003e0398b973f44f1e1bf8cb549df3442ad3fa8f67f
1788328387.565475702,EEG Signals,65535,2,1,UD2022081200650D,32,30c94fd9aaa771ac06cd731549989c4158d6de78ac85fb003153024caa55f5a9
1788328387.569413662,EEG Signals,65535,2,1,UD2022081200650D,32,a153b7454e59fe5bd52b59e6cc0b668e70902628525b63567ff5aab6df7dcb2e
1788328387.573420763,EEG Signals,65535,2,1,UD2022081200650D,32,05897186aa4a4c24ab4f70974dc5926ed6462adb02cf997dbfb4b0d124401710
1788328387.577421427,EEG Signals,65535,2,1,UD2022081200650D,32,38263ab8313f65558f4058e9cfe573ef9ef9a3726b513c99241088ef24e8e799
1788328387.581448078,EEG Signals,65535,2,1,UD2022081200650D,32,f4c9e94c21866d02fdfb99b1fc56b713c85d1e96f08cea5ddddd45fede585105
1788328387.585453749,EEG Signals,65535,2,1,UD2022081200650D,32,0a112b065f09289f82dbda9901942dd8690c696dd4c1087efdacd30a2dfb0623
1788328387.589443684,EEG Signals,65535,2,1,UD2022081200650D,32,6f10265ff5d7f33a269f6b1c83ccf7bcb6559962dcebc967aee6aa1ecc2fbd62
1788328387.593425751,EEG Signals,65535,2,1,UD2022081200650D,32,c63acf0e48045a314cb7bdc4e42dbb792cefd9330cafb9e82a8549d1b892e044
1788328387.597426653,EEG Signals,65535,2,1,UD2022081200650D,32,578c50582bcef16428eeb911dfce38a133700574cba0c98a565a1712e68126b0
1788328387.601445913,EEG Signals,65535,2,1,UD2022081200650D,32,a90944dd58fc7cc36642aa3072dfb9561fee1ccc3de2215644d84ae811b41d3b
1788328387.605425119,EEG Signals,65535,2,1,UD2022081200650D,32,58d730bba9ec2b73b9ee0551c1adf5509ea9b7aaa4b4009089eb7a601cbb1c4e
1788328387.608428478,EEG Signals,65535,2,1,UD2022081200650D,32,4173587a8ce29fbb665d4f38177e400d0b09c3b3b9ba70849a223a71f3027440
1788328387.612446070,EEG Signals,65535,2,1,UD2022081200650D,32,3ed0480cc730a5b8228504bd1b7f5448037f12e6ca47f3fe879ceac4ccb7d3f9
1788328387.616437435,EEG Signals,65535,2,1,UD2022081200650D,32,a26d46ddc69a7e11995cf58c0b64ffb34b19c0dcba191258de63d4c3e02e9b1d
1788328387.620428801,EEG Signals,65535,2,1,UD2022081200650D,32,eb9ed54541a0579ba97f79d35635f5b8f59c874f2763f8375b35d9d5ef5bd419
1788328387.624426842,EEG Signals,65535,2,1,UD2022081200650D,32,6fc968fc817bac42d78c09fe67727e03375e200c2916d135e5b37ff4c6afd0a9
1788328387.628432989,EEG Signals,65535,2,1,UD2022081200650D,32,983ace8b086ed734e844e2db67419b83c85345cb9f262802d39b9cd6fe9978fe
1788328387.632426739,EEG Signals,65535,2,1,UD2022081200650D,32,e81a847835ca0b28c8ac79ee4aadb417b899cef0bbbdb790166f8e7cf36f6f7e
1788328387.636422396,EEG Signals,65535,2,1,UD2022081200650D,32,08d62503b00f9cb6ae9de5eb8b865dc748664e5c353697b42fb6a0666257f70b
1788328387.640420675,EEG Signals,65535,2,1,UD2022081200650D,32,0a3c54d2391bd4f0f12794f815cd259ca9bccdcaba16e635c0c44a39e61d85e4
1788328387.644432545,EEG Signals,65535,2,1,UD2022081200650D,32,805291c286faf36862d2b3bfcd3dc15077dc3f25d891f528f915d4432fe3245e
1788328387.647413492,EEG Signals,65535,2,1,UD2022081200650D,32,baa3d14137a137df6d848bda4589aacaeafb7783b652c22e9ee3c84dbaed6dab
1788328387.651544571,EEG Signals,65535,2,1,UD2022081200650D,32,cba81d1fde179450124fd749e6e1bef2f9ec66fc99749b09b88c9058e60ef297
1788328387.655430794,EEG Signals,65535,2,1,UD2022081200650D,32,ed5d7b5656e248125bcfcbdd069d556c76c82b32efc3a91bdfb44e1eb4515bc6
1788328387.659418821,EEG Signals,65535,2,1,UD2022081200650D,32,c8b8f78075fd8dcaa74b1d1dfa9e6cc80a2194c067f6ea33506d0c237ea95195
1788328387.663438559,EEG Signals,65535,2,1,UD2022081200650D,32,f4c4e8045c46cbd1019a82b73a5fa03ca82fa07b075092728662a712384d8b5f
1788328387.667435169,EEG Signals,65535,2,1,UD2022081200650D,32,8961a4d11616e86ec42760917a85f8154d0dfb2d66f85dd4d00cf0c04448f657
1788328387.671431541,EEG Signals,65535,2,1,UD2022081200650D,32,c73db04f48add66b26efb5e7b983fa6c5dbe2a22ccf1a0db6890c40b4417920a
1788328387.675407648,EEG Signals,65535,2,1,UD2022081200650D,32,9baec5c9b86994813d0a83d51bb671de71adf9a22ff4ff25b2a2e2b88fbb2826
1788328387.679427385,EEG Signals,65535,2,1,UD2022081200650D,32,ab14809c54503922888a339970cc606fd8daf5ae60bae150c8b7573e53293e03
1788328387.683422804,EEG Signals,65535,2,1,UD2022081200650D,32,cb699d7e4c31e6e1e7f5c664d87d13f55ba820032f5f618d6840e73f8d1b5566
1788328387.687445164,EEG Signals,65535,2,1,UD2022081200650D,32,e009bf9cf47f42c1a9d90c59bae74b50ac04f5cf94230c9df87041747f086bed
1788328387.690416336,EEG Signals,65535,2,1,UD2022081200650D,32,bc88ec3a69d765533e89922af24be55e6ef38f174d00d19c3fad20dd904e6a88
1788328387.694424629,EEG Signals,65535,2,1,UD2022081200650D,32,3728054529b3763be6fb3d906facedae9bbc1f347f40888a3271f84a970dee3a
1788328387.698412657,EEG Signals,65535,2,1,UD2022081200650D,32,77c486564537ddd2a04254bafc8321698d2208ac1c2a4dea9e82153a48594916
1788328387.702420473,EEG Signals,65535,2,1,UD2022081200650D,32,ebab7de64f01c26e5d70000944e6c0bfea2f1bf13ad0d18899a3d95d41040721
1788328387.706421614,EEG Signals,65535,2,1,UD2022081200650D,32,f7cfecc4c64edef82b0e455fee8d0d792a56aed60ada1a32de846b375976f26e
1788328387.710433006,EEG Signals,65535,2,1,UD2022081200650D,32,0923d6d923004d093306bde5121e23d4850febd8ae5d457db165e8c9e8b6cb93
1788328387.714427233,EEG Signals,65535,2,1,UD2022081200650D,32,9ed29c783c37223d65a1d1bc5b2f482a379761426d7f508868565c2f494b8155
1788328387.718451262,EEG Signals,65535,2,1,UD2022081200650D,32,60802f4049bbd04c9b3e8935802f99e4287230604918f513844212740e1b10a9
1788328387.722435236,EEG Signals,65535,2,1,UD2022081200650D,32,d8665a9f662508f867940f0436352c385a8e8d110f3d6e96e0766cf630ed4ca2
1788328387.726449013,EEG Signals,65535,2,1,UD2022081200650D,32,ba11ff0d89faa968453093b257e331c840fbdba486cd5458c7a18c16aa676cae
1788328387.729434967,EEG Signals,65535,2,1,UD2022081200650D,32,e2a3be3398208ec7c9970dbfd2f6eacc3209391b6998d5ad1f16c87822dae0ef
1788328387.733431578,EEG Signals,65535,2,1,UD2022081200650D,32,aa0dae45ce3ebef1314c2be2283e02c21d2cf6a1c75b43ca1a6f89e36e2936b8
1788328387.737425804,EEG Signals,65535,2,1,UD2022081200650D,32,bee68736e79595534f92cec4569ee8106665f7bf54866e6f7a95af49b81dff5d
1788328387.742436647,EEG Signals,65535,2,1,UD2022081200650D,32,c59259e587553abce328f698407ab8b03ecfef50ca9c81983ce296a5502f9e9d
1788328387.745449543,EEG Signals,65535,2,1,UD2022081200650D,32,aec9af5ef5ae44161bde295bdeb91f6b0938771a597cc749b5f274ed6b87f203
1788328387.749440908,EEG Signals,65535,2,1,UD2022081200650D,32,01e156936fa6e0c23a36376e03455b390a2867a8d1924f9e8d2f6f704446c7a6
1788328387.753437996,EEG Signals,65535,2,1,UD2022081200650D,32,592d541b8f30748664e02192ef69f6dc0966d425e6d68dea34a5cbcd9563741b
1788328387.757444859,EEG Signals,65535,2,1,UD2022081200650D,32,c4d4e2cffe56d4214f0ddadb4f76ad3bc4de422e8858205985956693a4996b2e
1788328387.761426210,EEG Signals,65535,2,1,UD2022081200650D,32,b072d3eecea5be3da8ced6ec2d7ef1c7364e990b34f7b625f1cbff1298ef12d7
1788328387.765439034,EEG Signals,65535,2,1,UD2022081200650D,32,df9b6face3f9b9bf3c53093ada376d2af0b0c2932d78de2c13b987a312b9ce58
1788328387.768434525,EEG Signals,65535,2,1,UD2022081200650D,32,b6a284324a10bf41494512531435cb2b4c6ae7ae93a6f726bf3ce8fb69ac8780
1788328387.772418022,EEG Signals,65535,2,1,UD2022081200650D,32,f0c24c4190e4083c4305f703afd29204f76cff92d4e64d6d2b6d06faf0410b8b
1788328387.776422501,EEG Signals,65535,2,1,UD2022081200650D,32,ed96de89d287cda90eef8f446ebe83b0ea40c4052a32cf202eb627132fc92736
1788328387.780424595,EEG Signals,65535,2,1,UD2022081200650D,32,1cf5226716e4488cc1e23efbd6a7a4f02127086a7f4fcfdf3b1fb2da391bdfe3
1788328387.784453869,EEG Signals,65535,2,1,UD2022081200650D,32,ec97ca3d92ba63fc0ac0a4a49d3346afbfcd2ef035de354e61cef818834f3fb7
1788328387.788437843,EEG Signals,65535,2,1,UD2022081200650D,32,6861e1a5e1382adf1841831db99a49922ab33fc239c21adbe65b5dd265ae81f6
1788328387.792435169,EEG Signals,65535,2,1,UD2022081200650D,32,bbc42c6191fd5023ee487810f84112c6e32c1befe7479a55fddcda1c03c729a3
1788328387.796452284,EEG Signals,65535,2,1,UD2022081200650D,32,f66f8f35c0937626049b75a6fa45bbaf14f980fc7b6ccd142e9c91c51c45729f
1788328387.801446199,EEG Signals,65535,2,1,UD2022081200650D,32,b2c02931ce433fe41fdc92e9b9f1386a3e79ee751d74c725f4f2793508e8e8ea
1788328387.804433823,EEG Signals,65535,2,1,UD2022081200650D,32,adce14bbd6293c346db01821cd0741e6452b6c19c4388b608250b5c97b2e3abb
1788328387.808429241,EEG Signals,65535,2,1,UD2022081200650D,32,8be66ab569715df4616a9ae5bdcc496e6400f3d2f11e8f42167c343f488c4c89
1788328387.811446667,EEG Signals,65535,2,1,UD2022081200650D,32,d7042e0d7db372f48a876dc36dedcd8f79b56a4aa83f5741516cafaee19f7085
1788328387.815430403,EEG Signals,65535,2,1,UD2022081200650D,32,6e565d2ca7054759d2b60b3762c5588f2413086f15304b2ff7489bb1b351219a
1788328387.819435358,EEG Signals,65535,2,1,UD2022081200650D,32,86273e8c54d7e1afaa44abe7b559a7e5c76e43fe5ed3604f37b1f8927602ebe1
1788328387.823427677,EEG Signals,65535,2,1,UD2022081200650D,32,5a1275fc1f3d28de1b1780a9f89d208a42dfa68cb73231c71f7854f337cab952
1788328387.827433586,EEG Signals,65535,2,1,UD2022081200650D,32,4d398e3b9574aac44cc746df37ce1aa0034e68f2bb906644efb0542118bd470b
1788328387.831421852,EEG Signals,65535,2,1,UD2022081200650D,32,2d03bef062d43bc1f7fea70a240b79dceeaba81524c8c8b4207c7ebd5e0d3a40
1788328387.835426092,EEG Signals,65535,2,1,UD2022081200650D,32,0252ba6a080f6264f537c2de336eecb104a5e9ec6125be723c00fd03364e7849
1788328387.839432716,EEG Signals,65535,2,1,UD2022081200650D,32,2af117584a17c9b67ec928fe07c41f8c211b52466bbd6d564fb49866d0151975
1788328387.843428612,EEG Signals,65535,2,1,UD2022081200650D,32,b7978791e3b50e51b6587a9d7de06037d61bc7537966a71a25df985892635824
1788328387.847427607,EEG Signals,65535,2,1,UD2022081200650D,32,7a6d2e37e75557b0eb621d50757a7b56a936c4e4e504d7c9da86c2312eeaa555
1788328387.850448847,EEG Signals,65535,2,1,UD2022081200650D,32,f0e1e2d8bdd2a94d890bbdba08e7489b6df0eebb0289923903586afe0cc30e8a
1788328387.854443789,EEG Signals,65535,2,1,UD2022081200650D,32,c6ddf40b04e517070b3173916efae223e55174161b6681f2a9aacf5ea8733b81
1788328387.858436584,EEG Signals,65535,2,1,UD2022081200650D,32,0cb6877a5fccdb76e3609a6b0e8b3b7313f95e8133493c0715f4832147ad789a
1788328387.862438917,EEG Signals,65535,2,1,UD2022081200650D,32,e5a5fe88604cb605571680c9a863eaa71c0e3a5aa2176dac20e595f9192ac2f5
1788328387.866435289,EEG Signals,65535,2,1,UD2022081200650D,32,3583286b8497689a4e53a2f53ffeafbe275642ecd193ca817d4919a3e10509a1
1788328387.870440006,EEG Signals,65535,2,1,UD2022081200650D,32,48ca3271c318fa5d069cd6a89c9f7bba0c654e8bf0c224977ed581b5d06a0319
1788328387.874440193,EEG Signals,65535,2,1,UD2022081200650D,32,0b1c5672fa9ebf1601a9d5b660bda1aeeaac399a54d40e4a93502ee33adfb877
1788328387.878440619,EEG Signals,65535,2,1,UD2022081200650D,32,876597fcf725d9c3a2e5ba966d78939bbf2a5369727ef43b25d5569f089c4486
1788328387.882539034,EEG Signals,65535,2,1,UD2022081200650D,32,6df788ea599c41c1b5565ecbd98cc737011f494c13583c8a38e5f7c5a495cc23
1788328387.887456656,EEG Signals,65535,2,1,UD2022081200650D,32,df083c3330eaeeb6f415152f56fd2f598e05bcea46db3dc574e383c88fa3d6ab
1788328387.889438152,EEG Signals,65535,2,1,UD2022081200650D,32,637c68faf38d66a69f098554b7514bb6017aec8a1333e44574af4b0b140e0cef
1788328387.893438101,EEG Signals,65535,2,1,UD2022081200650D,32,44cdc8c4bf3d8533c1ba7e0b8175583c5ef51c80540f3d388932c9b5037d7929
1788328387.897453308,EEG Signals,65535,2,1,UD2022081200650D,32,07dbec5f6e109b3db136c111e4d0fa4d22e613f855bb07f17184acee866ebfc3
1788328387.901447773,EEG Signals,65535,2,1,UD2022081200650D,32,6a5a655b7de669b949b8361a3f83879f8095825d5ff55c50c9a995ba8dab5fa8
1788328387.905449629,EEG Signals,65535,2,1,UD2022081200650D,32,a3eecd33f5f5217bd0349a412fe4b7635e080160b8883b61b2f5850855a81ae3
1788328387.909434319,EEG Signals,65535,2,1,UD2022081200650D,32,5bed14904fa35d601c4e1c964b96b52acc86600f6bbdae7e1fcc4edeccb0ab0c
1788328387.913450003,EEG Signals,65535,2,1,UD2022081200650D,32,9b260ee7157a34c618103447baaa7273592eebf044d80bcde1db835c69758b15
1788328387.917441845,EEG Signals,65535,2,1,UD2022081200650D,32,094d6c5fe0f4cfad59ab9f66182afcaa9d0249906faf0155e189a68512ba4774
1788328387.921448708,EEG Signals,65535,2,1,UD2022081200650D,32,795444c1259b0b502aa9de0a97e9aeb5b725d0ca1818fd73b86b229315f14e22
1788328387.925443172,EEG Signals,65535,2,1,UD2022081200650D,32,4630302ae810f8a10fecc302cf44cbf6eb487ca752563249b04534a8e2c6b1c3
1788328387.929457426,EEG Signals,65535,2,1,UD2022081200650D,32,9331146d566eb7f00c3c1d92f933b30eba8ba13e5792f949c9dbc3bf9842a9d1
1788328387.932520151,EEG Signals,65535,2,1,UD2022081200650D,32,18d4fae176906eb8cf5e1ae4b2a8863222c8d532f028dd76843dbf893cedcc8b
1788328387.936433315,EEG Signals,65535,2,1,UD2022081200650D,32,f59b9931cbbc07a88aebde25707340dad4aa7fb1423e94c2e40036ed07de52ca
1788328387.940451860,EEG Signals,65535,2,1,UD2022081200650D,32,78bed0924e3b5b0635cb29524a7fe5f95739fc97a2502e7e99f93f0890f66cd1
1788328387.945439577,EEG Signals,65535,2,1,UD2022081200650D,32,7e5f65b60b886d32cdfea8862d230ab697d480611ee1230bc3c268fe1e80b95d
1788328387.948436975,EEG Signals,65535,2,1,UD2022081200650D,32,7960291f85b54f69c2ea737e05cd7e29276fd99fc3e31b1c242337f562a792c0
1788328387.953460217,EEG Signals,65535,2,1,UD2022081200650D,32,12194ea46009a09a12ee3d4e23c66e08f4605b38eb487f449ccf6aebd7ffe0cd
1788328387.956431389,EEG Signals,65535,2,1,UD2022081200650D,32,ccc8ed357571fe5702c0caabc81d25537a3a8a0fad71d26e6657cfe5f1f64e11
1788328387.960421801,EEG Signals,65535,2,1,UD2022081200650D,32,6eebad1be0c9765638c93a81c2c6f0b31b60e8db942de1ef08ae998497c9a9da
1788328387.964419127,EEG Signals,65535,2,1,UD2022081200650D,32,3f8add468cd4e9bd91515cab63198ba0ee6a0a209640222f409458e9ec18e4bd
1788328387.968428850,EEG Signals,65535,2,1,UD2022081200650D,32,8be7e7c6e4640b9a96fa4c99d9fa09a15c938e6fc9ed523e3c6f3351eadb2288
1788328387.972453117,EEG Signals,65535,2,1,UD2022081200650D,32,f9f5516a7e2031f891f3a7d503aadb1e3019ceda5b56905d957b805eb0408b06
1788328387.975430250,EEG Signals,65535,2,1,UD2022081200650D,32,bba5139af3461523f447ba97a865e83a3096c4dd099b0909db583c4bd4568635
1788328387.979434252,EEG Signals,65535,2,1,UD2022081200650D,32,9622fc2c0cddfd7ab521e5bce52a00aeb8640031f16f6dce876d41af17706b86
1788328387.983438492,EEG Signals,65535,2,1,UD2022081200650D,32,e157d1e78169def9c18594fbc84075797c079782a345aac0448b639cb962b1f3
1788328387.987432241,EEG Signals,65535,2,1,UD2022081200650D,32,f13c446854bc8ae764757f25c161b07b88eaec86cb7cc3e46f164e750012984f
1788328387.991433620,EEG Signals,65535,2,1,UD2022081200650D,32,a3edd8c4d1a356002c4cd115cf5d5b5d5dc565893018ec3439584a2df16e6826
1788328387.995443106,EEG Signals,65535,2,1,UD2022081200650D,32,e9af914bd21f0f0368839f5535077da0b4cb692e5256ca55b90851154a39a7bf
1788328387.999448061,EEG Signals,65535,2,1,UD2022081200650D,32,612424cd493d441e1b3e5923478c1e8ed5d36f7d0e1aa0286d197f2591485fbe
1788328388.003443480,EEG Signals,65535,2,1,UD2022081200650D,32,ff241c26c3a6b48efb6ecd5f75e1eb77ae8c96c750a2b07f14b40b06857e3492
1788328388.007429123,EEG Signals,65535,2,1,UD2022081200650D,32,7a73b151a63ae10f6f81f9cd2fc9152c5cc6e542165a46036553d7fa97d213df
1788328388.011434793,EEG Signals,65535,2,1,UD2022081200650D,32,a4e2dd4d349080109e7342c8e7b1a8b256bdb5de51aee81b5ddd1b1211ebf225
1788328388.014442682,EEG Signals,65535,2,1,UD2022081200650D,32,c6f86e5a3fb759d83fa3f10deabee77295b560d1f50fe51ccf6aebc7b85d0432
1788328388.018440962,EEG Signals,65535,2,1,UD2022081200650D,32,37e8b3858e38db19c5be9ef83830565826af054be340b003ace70bdf30aa2966
1788328388.022460938,EEG Signals,65535,2,1,UD2022081200650D,32,ca0b8a1962c2f3777674cbe8f4289ca53f485cb08d8b5fe4c40194bdaa3086c0
1788328388.026441097,EEG Signals,65535,2,1,UD2022081200650D,32,ec888ec79bb724fae8cbaffff51fcf6683ce90e8470cfcc0a28cde2f70198639
1788328388.030437231,EEG Signals,65535,2,1,UD2022081200650D,32,6701f97b83ffd0dbb2294174aa730bac9408d690601a3e7f923f27dda326fe84
1788328388.035427570,EEG Signals,65535,2,1,UD2022081200650D,32,3611c62e2464eed7e87e1a06f19249087009190ae0e71d7bbb7418f584f6010b
1788328388.038429022,EEG Signals,65535,2,1,UD2022081200650D,32,108048459c8c74344ddabe742ed5a8aea6d6edd5216405b94932366628fcbc57
1788328388.042429686,EEG Signals,65535,2,1,UD2022081200650D,32,be6c1f92975f394c330eda6bf5fedfab6cb7f87986445580a7ba206119bea9bd
1788328388.046436548,EEG Signals,65535,2,1,UD2022081200650D,32,75d1eb0342685dcd4762a710c8ac86d8107625d9f5a732541a76b1acf63c2cfb
1788328388.050446987,EEG Signals,65535,2,1,UD2022081200650D,32,e88c6bd1c853eae85cc42c05e8d5341ae2cd645eec1a28452722dcc3f9037e1e
1788328388.053455353,EEG Signals,65535,2,1,UD2022081200650D,32,565862f5f69294aa2e3a545d9e8e30ec13cec84738cc770b93cd86920508ed85
1788328388.057440758,EEG Signals,65535,2,1,UD2022081200650D,32,a0f3075d532595296c61caec22691c38860ab1cd4f280588fcf7c0d5818d5f45
1788328388.061434507,EEG Signals,65535,2,1,UD2022081200650D,32,2251425b9cea02c3e0b55c6b123c52b2e9a62557c61e8d2ee80c040d283d5087
1788328388.065450191,EEG Signals,65535,2,1,UD2022081200650D,32,6eb6b77ad539e35126f6384e904b006ca21d5d49291de2a9254f92622e360ea0
1788328388.069437742,EEG Signals,65535,2,1,UD2022081200650D,32,9cbb3d62058599991b626535b460babc355d371e90be46ef34277350057225f4
1788328388.073440790,EEG Signals,65535,2,1,UD2022081200650D,32,2e6a7cb34233a38a7d3b647e5cd6421850c3176a410493e2c674c2da27ebc830
1788328388.077439070,EEG Signals,65535,2,1,UD2022081200650D,32,4838763399a5624b6ef87935fe7525e840b7ee13ff15ad95320ee808b37b6cd7
1788328388.081431627,EEG Signals,65535,2,1,UD2022081200650D,32,b05d1ef5617d68d74f8d60454fd6426b8186214a9bd84ce0022162158bef15b8
1788328388.085444450,EEG Signals,65535,2,1,UD2022081200650D,32,be092acfb00cc1360c8bb08fbabea27c9adcc071707713688817ddd56d0eb379
1788328388.089430571,EEG Signals,65535,2,1,UD2022081200650D,32,2d0efd7f5e1e421e34242f147d9c5e44c6d51ea52e692b947056d72fac93006d
1788328388.093447208,EEG Signals,65535,2,1,UD2022081200650D,32,d278c2bc1354706246c46f09ce066f05898a7a8342d59c7855e12ba6f5ef879e
1788328388.096442699,EEG Signals,65535,2,1,UD2022081200650D,32,eda7590c0545aefca01b69d9291e8601ed0298d09ba6405a17f1714f3ced12bc
1788328388.101439476,EEG Signals,65535,2,1,UD2022081200650D,32,da9bbe508c6abef465bd1a8d4783d699d77f477139db9320a6f19c117b5a89b1
1788328388.104449987,EEG Signals,65535,2,1,UD2022081200650D,32,4afa9fc49ab410b342e9ded75f6ed927e1388702cec8eb5acc8826673e776595
1788328388.108452559,EEG Signals,65535,2,1,UD2022081200650D,32,f5a3c2413644afd6f877777f94f481a5b83acd8192cea111b8131344d29b8d03
1788328388.112445116,EEG Signals,65535,2,1,UD2022081200650D,32,ff2efe4364e618019d468cf0c09b39a5953bc74ab2e479cdcf68a0aa34673ab8
1788328388.116438389,EEG Signals,65535,2,1,UD2022081200650D,32,bc8eee5d5f3c23146b6f1cf795391bf1618e50d539db35434c0f6d28e6b6322d
1788328388.120467663,EEG Signals,65535,2,1,UD2022081200650D,32,24e6283bf1acf1a77b46c575e7218222d71ecdf0cb9951c7e70dd0dccc8a9a52
1788328388.124461412,EEG Signals,65535,2,1,UD2022081200650D,32,b7e059afc3cf82fdf61b926d27afbc981e1631219347487c3b881428a5958f00
1788328388.128445864,EEG Signals,65535,2,1,UD2022081200650D,32,06b6e91611fbae490bf9cc76c573d20fc81267434baf4c3ddf64f8836cefaa1e
1788328388.132448912,EEG Signals,65535,2,1,UD2022081200650D,32,90b9312e83d9c531231a6955ea47d8d091b90eff0e653492be079576c81864e8
1788328388.135445833,EEG Signals,65535,2,1,UD2022081200650D,32,0fb469a56d86f9e3d1f006ebc8756533bacdd5a8a52d52b92d18880fd018a86f
1788328388.139457941,EEG Signals,65535,2,1,UD2022081200650D,32,a1f6cec952eafa46fbaf4d15761013d380f6fcd702782cedd118f1847ec513a1
1788328388.143455267,EEG Signals,65535,2,1,UD2022081200650D,32,f36de9611e103ef57add4482616e63b74a2643aa22877b9ad5276bf7bbc8ef6e
1788328388.147443771,EEG Signals,65535,2,1,UD2022081200650D,32,a93976e962bc2b8673ad65ac6bc3e3ff631c8c191f0ed2454fcf1aba27efd030
1788328388.151437283,EEG Signals,65535,2,1,UD2022081200650D,32,b6d8c8ca5ee2f26efde24a7b86a7538db1639e677f8e133909ffd49fea9540dd
1788328388.155435085,EEG Signals,65535,2,1,UD2022081200650D,32,84a9ee88d5be698c8e10c18e87b2524ae7cfc142228426362ac42cb0ab4d3c8c
1788328388.159446001,EEG Signals,65535,2,1,UD2022081200650D,32,9361ca5928227ad4d5b6f8cca1bb4889e454735117813a7291d5da77dc0ab891
1788328388.163454533,EEG Signals,65535,2,1,UD2022081200650D,32,0c6afb28b1eae8b076ac46c19d526552a08b68f26047cbfdbab31e4023b144fb
1788328388.167469740,EEG Signals,65535,2,1,UD2022081200650D,32,e166bb6e076e9ca972b6d423917284217046f80620de17c367789b8118c62779
1788328388.171460867,EEG Signals,65535,2,1,UD2022081200650D,32,9e3c7c2d071d7a58de81811a8a3803382f74144f1c366412d4b24eac45548e88
1788328388.175434828,EEG Signals,65535,2,1,UD2022081200650D,32,564559c3e86001122dca2871704ec6fdafc8e2a70abb70fd586734b1cb260fea
1788328388.178436041,EEG Signals,65535,2,1,UD2022081200650D,32,9f6332931aaafd8208cb056c71080fdf7449b28b8b8ae2e69e598c5a344beb8a
1788328388.182440758,EEG Signals,65535,2,1,UD2022081200650D,32,bb59464e345ab66917a549997af0683b4f2bcb86986c0f65622f5d8607af06ef
1788328388.186440229,EEG Signals,65535,2,1,UD2022081200650D,32,f29b59414eb94f5ac7088c287b79762309981b8a581e3754be9ad387c8af12c4
1788328388.190443277,EEG Signals,65535,2,1,UD2022081200650D,32,97987d8515153531e7d79b3c17dca7e58a5c84ba756bf684b69d8f1424573f7b
1788328388.194449663,EEG Signals,65535,2,1,UD2022081200650D,32,fc77a7d40c0ab06da147342f77ae56289d62a2409c66b8814b3dd08edc039587
1788328388.198445797,EEG Signals,65535,2,1,UD2022081200650D,32,5edf2c25a8f5fc1e33acf03cd9c2ea385820f6b0ac91b364e6649d57be3c0c17
1788328388.202441931,EEG Signals,65535,2,1,UD2022081200650D,32,2ec82f315aba200b80ea8e8c5181ae31ed3fba38f62bd844a98b9d07845a7adb
1788328388.206443548,EEG Signals,65535,2,1,UD2022081200650D,32,f9009b33c6c87a2c570359db90c6271eac0e1b9e194e0e128e85510d20c824a6
1788328388.210496187,EEG Signals,65535,2,1,UD2022081200650D,32,3c33b7db96e66b239394168e9644a697a93d9eeb5eef395fd7803905504ae1b9
1788328388.214440346,EEG Signals,65535,2,1,UD2022081200650D,32,748f9ed1d35ca4662b1dcae31f17cdbdd75d499057f9003f4a03326eb53dd336
1788328388.217431307,EEG Signals,65535,2,1,UD2022081200650D,32,845af2ee906d127e48f73556dbf0ac1f99f85f34a4be2c392e0210e436c9d1e9
1788328388.221433640,EEG Signals,65535,2,1,UD2022081200650D,32,a2e81e1a703f31ff755b8f4cf284a4266fac42247e13de62efc394a376af33e7
1788328388.225447178,EEG Signals,65535,2,1,UD2022081200650D,32,e80458ef02814bf39de29d8fc2c4c469ef05b70de8de2125eb433822d5e890be
1788328388.229447603,EEG Signals,65535,2,1,UD2022081200650D,32,4a79161d3015ca7c9810f783a4ba4c3596d8480a52435ff07485af0950e58983
1788328388.233431339,EEG Signals,65535,2,1,UD2022081200650D,32,2d50a70624da8fa353871d4187c21c279594a5021d089ad94b48151c825d8cd8
1788328388.237445593,EEG Signals,65535,2,1,UD2022081200650D,32,38f1f0bbfc41a34213e2e353099c9131748b42cea76aa4918aed1c0d688cb703
1788328388.241462946,EEG Signals,65535,2,1,UD2022081200650D,32,c4fda126bee785c89c01e00439c51c328d27f2fc2c9cde7a4b6da727fba05d87
1788328388.246449471,EEG Signals,65535,2,1,UD2022081200650D,32,af73c0d23a7e6950ae28a26102403de37cf9a892b8c52e99066095923c87ca5a
1788328388.249445438,EEG Signals,65535,2,1,UD2022081200650D,32,e83176ddc879133ffaa8c261fb66e5cc6122f5346719ebf7bf15c6b1ddb708aa
1788328388.253453255,EEG Signals,65535,2,1,UD2022081200650D,32,4c0ae658567866aa057af95a99722bcf55858569950e94aca51f6a4e06f02e41
1788328388.256438017,EEG Signals,65535,2,1,UD2022081200650D,32,d60b4de36d5fd3d27b757c5c82197bf4a02b5bfe6e9a69e6cfa6cd199a84ac53
1788328388.260445356,EEG Signals,65535,2,1,UD2022081200650D,32,b3912771818e8c013fc3a60294e442d34c8727db335d9a827fb0f5de05d6a45c
1788328388.264444113,EEG Signals,65535,2,1,UD2022081200650D,32,22b92274f6da15558a5d7ab98eb3fc002fb7cb76c37ee5fd04c09ff8bb5b4881
1788328388.268453360,EEG Signals,65535,2,1,UD2022081200650D,32,291f83ccd691d985b983fbd8058dcd7e5c8b1ba262522312e4255ee1893db0de
1788328388.272438765,EEG Signals,65535,2,1,UD2022081200650D,32,08c9c3a57941478d790002ae9101a5bfd20a1506cf42df8172dd7cbca7799d5d
1788328388.276444435,EEG Signals,65535,2,1,UD2022081200650D,32,bec5b3c47ac2115790b60cc56bb5aae48a930eb4a4b92deff7c5aeb9e1c630cb
1788328388.280436039,EEG Signals,65535,2,1,UD2022081200650D,32,f1474a02cc18cd90511dbbb17e60dcdbf6d7499280f185a35c196ba77e45a0c1
1788328388.284442663,EEG Signals,65535,2,1,UD2022081200650D,32,3e8bfb598ccbf4b4b1c5a209ff3226df09fabc02c1a009537a2f093eb0e02926
1788328388.288428545,EEG Signals,65535,2,1,UD2022081200650D,32,d353035f8c6e680ca45fe3eba2854817d6bf532273ac7f87b6851cae708dad04
1788328388.292428732,EEG Signals,65535,2,1,UD2022081200650D,32,a00ef53e246275ec3740c4fefc00e9ddb50806a031b303e65ac66ba1b4985708
1788328388.296462536,EEG Signals,65535,2,1,UD2022081200650D,32,57c50547bf37fbcf14c1ccd4959b007a57fc26a1da55080b15177b178f160639
1788328388.299483299,EEG Signals,65535,2,1,UD2022081200650D,32,30a0bf6db860be02e26bb0766b3abc19e5697423ad82a2a5fb28a714b2e91b50
1788328388.303462029,EEG Signals,65535,2,1,UD2022081200650D,32,f43839e1700441317b633a44d8c7d5dc0cfa88404ee9afba7aa1696bbc8f7d0e
1788328388.307438612,EEG Signals,65535,2,1,UD2022081200650D,32,46a1097888d9a0372591764a34f5facf7b9fef30878e1b16064c6fc9837ada28
1788328388.311444521,EEG Signals,65535,2,1,UD2022081200650D,32,11f9437366992b8f17763726b7db74d7b910f8da6864313b5567442b89e1562d
1788328388.315451384,EEG Signals,65535,2,1,UD2022081200650D,32,590449fda2601aea9f8115f9714f489bbddac9d80c2a1a1c8ae634be9cc1b932
1788328388.319447994,EEG Signals,65535,2,1,UD2022081200650D,32,ff1944c391d1b287ad280e07adbfb0aa3e83cc526383a0f6663885ccd444ee11
1788328388.323463917,EEG Signals,65535,2,1,UD2022081200650D,32,ce458f90d893535ebf16423b923ec0d013dfaee61541111db64c01b3b38bd3b8
1788328388.327455282,EEG Signals,65535,2,1,UD2022081200650D,32,7860abf439131395b0fc255e6f9a948cb825ea5f52f29471f0267e54b0b38b03
1788328388.331454992,EEG Signals,65535,2,1,UD2022081200650D,32,8e8fbd0e1dd98d7cee18b4296dce91a98b7fa311a0ac092fc87ca12fe47f9f07
1788328388.335448503,EEG Signals,65535,2,1,UD2022081200650D,32,91bac4daf84e72af2b42ef767d84daaf7f85c28af1ec97ecedddd42e48a9c3d2
1788328388.339454651,EEG Signals,65535,2,1,UD2022081200650D,32,9280b8f7d58d1352a0136abe45f64f66e74d4e9978e6e48c75103f05bd8cb7e1
1788328388.342448473,EEG Signals,65535,2,1,UD2022081200650D,32,e6845e6a589e5e29b081b54efd0d3516a65f7533cabaac61d35c66ad86db945b
1788328388.346450806,EEG Signals,65535,2,1,UD2022081200650D,32,4935ba98d2bf7cf18e8fd35b5da823b2ce6a0c48c84ee06f68b8c99ff8fb7570
1788328388.350465059,EEG Signals,65535,2,1,UD2022081200650D,32,d9021e8eb1f4c7e52a3222d5289a091dd0e599cdf574564cadbd0f39964290ed
1788328388.354449511,EEG Signals,65535,2,1,UD2022081200650D,32,8b05e46bf6599eefa61cf4ebc1db36fa1869d0868486978271031be84f905f90
1788328388.358477354,EEG Signals,65535,2,1,UD2022081200650D,32,503712838a6f4f57b000558d6874438d199ad456526720fbb31c91fc3d076d39
1788328388.362457514,EEG Signals,65535,2,1,UD2022081200650D,32,9e88b75da6d904d6a70de6b108fa44e268610c21f65ba2b3539482e666b27a6e
1788328388.366471052,EEG Signals,65535,2,1,UD2022081200650D,32,0b25b5097ef09a5e91ed6c853f40cf889cf5bccdfafe5984038f07eb7a987b24
1788328388.370470047,EEG Signals,65535,2,1,UD2022081200650D,32,d66b5f482b90431e2c9da93d356376e69fe2ee328024de7744046109cfcd0812
1788328388.374468327,EEG Signals,65535,2,1,UD2022081200650D,32,755d2b7ce0690387345bd89e8a544a486c22a07937e60503c3da07b2115b3b8c
1788328388.378476143,EEG Signals,65535,2,1,UD2022081200650D,32,56e9c7f2be31f87f72e207c1e8388244f80d50dd5d1403c5e48dcfa945792c51
1788328388.381470442,EEG Signals,65535,2,1,UD2022081200650D,32,d53c89e6ccc6329e13cc4306d76571d719bb1a5bb0b09978a3e5bb0d8e6e0cb1
1788328388.385507107,EEG Signals,65535,2,1,UD2022081200650D,32,d556bab83b7574aef472c7b9a925c93830a1936c71159c7ea67a9e87f484e6a5
1788328388.390472651,EEG Signals,65535,2,1,UD2022081200650D,32,0b38f1da9674fd8b439aaf7cfc9603ce96c708d0bafd026ceca3dac86d92f05d
1788328388.393451452,EEG Signals,65535,2,1,UD2022081200650D,32,c2f35ac8f89f7274b765211f534971edf2d86b561e72b5807d153ab670c1c1c1
1788328388.398480654,EEG Signals,65535,2,1,UD2022081200650D,32,7cc659698c4c43bb882fb7289f7c70c93bf1678a23c2c3d1ac541f2281baea30
1788328388.401479244,EEG Signals,65535,2,1,UD2022081200650D,32,3374bf240b065f4127b84b113ad311ca35061b63613a4123cf7cd89d5e9060d5
1788328388.405485392,EEG Signals,65535,2,1,UD2022081200650D,32,17b8a5d3645308fe0af1a4068212994965109061e9dd3d6c100991096f370708
1788328388.409480333,EEG Signals,65535,2,1,UD2022081200650D,32,3b86b1421791651fed294f3a35c29e0c36e4335dc8f0007ccb1cf7fc456c8343
1788328388.413466215,EEG Signals,65535,2,1,UD2022081200650D,32,573aa00b56ac1dc5fb166fcdd2b37d43285b64968b3bf5edfd860e96020abe01
1788328388.417446852,EEG Signals,65535,2,1,UD2022081200650D,32,cfc4cd9bc9627c7fddb796421eb2add00daac8b8877e0191f389e2d084c51686
1788328388.420459747,EEG Signals,65535,2,1,UD2022081200650D,32,e7da7b3726c1663fa4ffdb308da42f6488b9525b8c296b00babc283887291974
1788328388.424457073,EEG Signals,65535,2,1,UD2022081200650D,32,c5dabd037f813494dfc5bf77a0b77f41d0b7d309f54c5d67fa3190da97c2bcdd
1788328388.428464413,EEG Signals,65535,2,1,UD2022081200650D,32,0ed74bc3da8741d29deb8c3f3c25ce4072e5c543a837f7f2e1caea7b1be0ee62
1788328388.432458401,EEG Signals,65535,2,1,UD2022081200650D,32,c86e463b17a2a1f0a9799eca61ee2574d0c7d90026c29f79f5af9e0042c14f1b
1788328388.436460495,EEG Signals,65535,2,1,UD2022081200650D,32,3536c5a9cbaceff768a5fefbbc4468274d045bca8288fb9af1a48d00c4b5a538
1788328388.440463543,EEG Signals,65535,2,1,UD2022081200650D,32,1e3c2ab7545a25f06615d053c7983b112a59128327fdac1715ed4748aa26dab5
1788328388.444443464,EEG Signals,65535,2,1,UD2022081200650D,32,be4977c930e3b97cf132556d5f0dd07785fa55e27c5dd7222bf40efdca9950f6
1788328388.448454857,EEG Signals,65535,2,1,UD2022081200650D,32,846e3132c0f729e88d59a05095191166148e7f5bc14d8ec54fe72d771f85e514
1788328388.452445745,EEG Signals,65535,2,1,UD2022081200650D,32,3a6dacc0aefd785b773713e0f4d23b86216db7585fb893740ee5cfc1162130e2
1788328388.456465006,EEG Signals,65535,2,1,UD2022081200650D,32,0225e033c223dcbf1420638a59f270237543afc57c7f76008fc2e762e80db6b8
1788328388.460462093,EEG Signals,65535,2,1,UD2022081200650D,32,adb840c14acd2d4ce5acecf6839d061d01f7c7c0e22b711aba02bb62179d36bc
1788328388.463478804,EEG Signals,65535,2,1,UD2022081200650D,32,3cc6080bf11a8908f4ba5e4821c0a42f00a4c75f12810d93694808658f2ffb46
1788328388.467458725,EEG Signals,65535,2,1,UD2022081200650D,32,b8944a887e16aa07e6dbdb2e96bff323afce310a6e349d57f6ef9960e1072ce0
1788328388.471454144,EEG Signals,65535,2,1,UD2022081200650D,32,1b757123eef98fdbc1ff556caf17caef73424582da6eb809c4714e4368e1898b
1788328388.475446701,EEG Signals,65535,2,1,UD2022081200650D,32,c5d2a306936beb54cb64f68a3fae0f1bf9c11cb2e145a79dba916361786af236
1788328388.479463577,EEG Signals,65535,2,1,UD2022081200650D,32,c4445bc755b14e4d08eb587fccebd9fcd1aeb3518c5c489345454f914de27e24
1788328388.483448982,EEG Signals,65535,2,1,UD2022081200650D,32,e28bea7699682d974fe888a8036566f1657014a5ce68a202e01ca138606a426e
1788328388.487459421,EEG Signals,65535,2,1,UD2022081200650D,32,316a170fd745728b757eb66c154ddc6ed5e87b5e999c7701e0e3e0a112bf0ed4
1788328388.491451025,EEG Signals,65535,2,1,UD2022081200650D,32,8958be140d4f1018f144ca5661bccb0b65fab4d3786dbaaf77053b4ba7316e94
1788328388.495467186,EEG Signals,65535,2,1,UD2022081200650D,32,e5a27f38ad7adf3725153568e16f3029d83a2d49b1c0931d86aa3d47ebe064f1
1788328388.499497175,EEG Signals,65535,2,1,UD2022081200650D,32,78714b2a69cdadf3a685d64693c2ae80b01b5c9a92fbf51f07d1c4c2d9978dce
1788328388.502464294,EEG Signals,65535,2,1,UD2022081200650D,32,798a656b2c23130e85f34c1a6580892a3d407140959a440f35819595169d87c1
1788328388.506443262,EEG Signals,65535,2,1,UD2022081200650D,32,ed12915f4ab400db0c55d069582834064925463a036e3dde6a08dc961af40b51
1788328388.510446310,EEG Signals,65535,2,1,UD2022081200650D,32,c9aa913deca6c6c9d9a6718162f4c8d555b328f6638eba63c32588bc7b496b18
1788328388.514458895,EEG Signals,65535,2,1,UD2022081200650D,32,69c4bbbe094bd107eaf4eff50d53ee5d5e02c436434a68d3da2ea8da55c4cc32
1788328388.518459082,EEG Signals,65535,2,1,UD2022081200650D,32,c62703f1c2c104af0848c172e14517b060bf567d089effaebef5bba6e93885a7
1788328388.522439957,EEG Signals,65535,2,1,UD2022081200650D,32,b33bbd4ead0052266571d32722102d517ea22986524d6db0b0bae1acc4389b3b
1788328388.526438236,EEG Signals,65535,2,1,UD2022081200650D,32,16f61381dbf9ecc7044d14d9c3e18bbbf4ac60575b4b12c0aae540d05cf95bbc
1788328388.530439138,EEG Signals,65535,2,1,UD2022081200650D,32,939f2dbaf4b0d7720bb5fad997b2f4d37a863421aeddd84601b387e549b2151a
1788328388.534448385,EEG Signals,65535,2,1,UD2022081200650D,32,9d95f493841fea084f22a37c0804cf1b7bda34e8e434c79e0b98076ebfee1a57
1788328388.538465500,EEG Signals,65535,2,1,UD2022081200650D,32,a5c20aa7d122b90384e9f4c4d1016b2460d0730b4325ba9e085c06ac818b11ff
1788328388.542458296,EEG Signals,65535,2,1,UD2022081200650D,32,f5ca2a35d44c622cc7e4bf4343cf71ce7f8cdc4c408bc940ff9c2b53e2e45ed5
1788328388.545457602,EEG Signals,65535,2,1,UD2022081200650D,32,efb92d0ac6d4f2d6cdfbbf60b4985f2e0a3427e564ab8473188fa2bb1606e61e
1788328388.549447775,EEG Signals,65535,2,1,UD2022081200650D,32,27a8a6801fa4b09d5dda7e48ceb8baef6d83e51290eaee1219d873e775b367c4
1788328388.553451061,EEG Signals,65535,2,1,UD2022081200650D,32,025194b49d8be21455e0f6bb7fb4c0261081cf5e427a391999e00b4b3676b9cd
1788328388.557455540,EEG Signals,65535,2,1,UD2022081200650D,32,b47b62e8a0c53fcd02cd51bb7263583eaca9ef0134b5a3e24d6e5f6ce70fa4a3
1788328388.561444759,EEG Signals,65535,2,1,UD2022081200650D,32,c8c0670b5d263c2185c4fde15c9075849653e65ddbf26ebfd33b12b3bda26ce4
1788328388.565443993,EEG Signals,65535,2,1,UD2022081200650D,32,a737eb70b58dd657282734f95fd486afb0d341475f9fc55e8e8a5784c4696efb
1788328388.569468975,EEG Signals,65535,2,1,UD2022081200650D,32,7d0e0758d4752d0203037985ab944d0056ce583d1ce75fa3cd364be15cdd972a
1788328388.573437691,EEG Signals,65535,2,1,UD2022081200650D,32,6a8a67fcd21cec7d624f7f51e76d52ee07534cc63802f1fb5bd83ab02a0b0817
1788328388.577449322,EEG Signals,65535,2,1,UD2022081200650D,32,ef2599883d419843654c38c6d710f2ce31d2ae8bf9b536c05ddd090bbb02f671
1788328388.581435204,EEG Signals,65535,2,1,UD2022081200650D,32,c5e29535a0b1d947ce2dafbd8dbb5ef34416b95e4266a4942e2b4688ef9cb0a1
1788328388.584459543,EEG Signals,65535,2,1,UD2022081200650D,32,70bbc8c18035f42a9c44ae3c339671c43cde2e70c0751961e64c96b414febfb0
1788328388.588437796,EEG Signals,65535,2,1,UD2022081200650D,32,a245774a095e993b71ac92e8fc9a6b7e6690661ccf0d65b313f4ecdc5cc8ca19
1788328388.592442989,EEG Signals,65535,2,1,UD2022081200650D,32,c9c7b087b3b9c1da4b766151beff516f4f43986e5bc225cfb294af09ee07d498
1788328388.596437454,EEG Signals,65535,2,1,UD2022081200650D,32,386c7b1cdc1ce5c3c1405733ba9dc39a59c02c23e1c3a924ac32b3cab7b1c926
1788328388.600464821,EEG Signals,65535,2,1,UD2022081200650D,32,f0b40d38e72835e0f368265af02b2b64c6f788a0c53b93889616fd1888574ef2
1788328388.604443073,EEG Signals,65535,2,1,UD2022081200650D,32,eba187a557a42f3f19a8818cfbeb298582d487b7d229718c1b930488e6a4fb01
1788328388.608458281,EEG Signals,65535,2,1,UD2022081200650D,32,4ceebb11655f1da8feefd023a85e238fa029ec56356180c4b83ab46658ee2f08
1788328388.612454414,EEG Signals,65535,2,1,UD2022081200650D,32,485be84167b76833677f38e31d0fd9bbd6905aed42248715d4c3b17d11074fd4
1788328388.616457224,EEG Signals,65535,2,1,UD2022081200650D,32,a95a1ef7f1aba9f4e4e86085ae5415781abb4875fec51c5791f10693b18dd6ca
1788328388.620461226,EEG Signals,65535,2,1,UD2022081200650D,32,066795c576f06a9dc8b29b17175beccef5cf9b1cf5db21655b19a9ed556bcaf8
1788328388.623444796,EEG Signals,65535,2,1,UD2022081200650D,32,647767c3f1c6da7bef01fd52fdc58eb42aecccee7fb62982841184bbb7225ca8
1788328388.627474785,EEG Signals,65535,2,1,UD2022081200650D,32,826a5e04e2a1d1dd0d9d8e128ca87d2da5eae924e373aeafe32c2a1297758483
1788328388.631461143,EEG Signals,65535,2,1,UD2022081200650D,32,4667eb4c1284519566f75eab6244a855d30389dba8de5d81a5647efb274ce816
1788328388.635459185,EEG Signals,65535,2,1,UD2022081200650D,32,5b1f2f53cb1875763fce69d48846f5abffefc0ec3f542f39b1d1e888260d1b2a
1788328388.639445543,EEG Signals,65535,2,1,UD2022081200650D,32,e06783530e3cfe1fdf2f441189fff41f9cd2dda75078150e44d31a8f81dd217d
1788328388.643451452,EEG Signals,65535,2,1,UD2022081200650D,32,66b41c0ea0575a5cf7f4518e33f2e1067270bcf0bb484e8f2baf6e1dbbfb0cdf
1788328388.647454023,EEG Signals,65535,2,1,UD2022081200650D,32,bfb6f969b23853b85d3e436b661f56561ae988fb98cef5136b3dc079ad1fd52c
1788328388.651457787,EEG Signals,65535,2,1,UD2022081200650D,32,870fa2e75850d12078e37a33512f7c9bc273411237847dcadcae7a4f0640f9dc
1788328388.655453682,EEG Signals,65535,2,1,UD2022081200650D,32,a4e230bebdc8b8e59979387e6b96a1c3f7bab5ae02aa95d0530d623ad2977341
1788328388.659441233,EEG Signals,65535,2,1,UD2022081200650D,32,229f23d147ba92b12b462892298977321184eb4cf44abf5317af9caac2c68cba
1788328388.663447380,EEG Signals,65535,2,1,UD2022081200650D,32,f03f7e9292aceec3c4a0b33bc0ae5d9fd722ae95f1e38d807564e46de602844f
1788328388.666433334,EEG Signals,65535,2,1,UD2022081200650D,32,4c1172ac8f0b3e4b8cebaa9820487a6236df8ed3d03f8e1b01dd3283ee15299a
1788328388.670468807,EEG Signals,65535,2,1,UD2022081200650D,32,382934727329acd11ac4fdc456cc0df03f65bc95b1357885e54a21d269282579
1788328388.674448729,EEG Signals,65535,2,1,UD2022081200650D,32,27abc72b0e2916cc3955eac2e7a7597171ae0e4235e8a4e6817645f348abb30a
1788328388.678452969,EEG Signals,65535,2,1,UD2022081200650D,32,21de85d93394c546e8ede10d5a65f78a57a78850bf5bea1698a6206ad0cf50c2
1788328388.682458639,EEG Signals,65535,2,1,UD2022081200650D,32,f6ae233461ee5ae9cc2118786318855549e90c2d6878b98ddc5480156954ae2e
1788328388.687468290,EEG Signals,65535,2,1,UD2022081200650D,32,e1c7f1685e9a6f26440e83df596764823e51bcd5ca83bf19b5b1dbcf00d32771
1788328388.690460920,EEG Signals,65535,2,1,UD2022081200650D,32,5ca6ff29b0b592abccd3be547cb2236183cfbca2c010d9634a2cee3b4984de62
1788328388.695459366,EEG Signals,65535,2,1,UD2022081200650D,32,cd264fc3a8fa3944509929a352e8686d80ee0e53dcd7731dac6d0e80a4d08203
1788328388.698460340,EEG Signals,65535,2,1,UD2022081200650D,32,106a625e066e05d8e5ef03d1c0abe91a49e46ca1e426890f6165b1527691fd89
1788328388.702458382,EEG Signals,65535,2,1,UD2022081200650D,32,d731bde5da8fb2976cf0111c4fcf74d7fc0be9e01cb4adaa9b007aba4532ff77
1788328388.705455542,EEG Signals,65535,2,1,UD2022081200650D,32,e7a6c2c78ac2122a4346bcd20b560c7c4c4ae03490d72e132a33f96aca990ff3
1788328388.709446430,EEG Signals,65535,2,1,UD2022081200650D,32,d219a7b0b44166eed4cc031743ad137de3f414bf20f8406d391033edbff09271
1788328388.713467121,EEG Signals,65535,2,1,UD2022081200650D,32,7678086bb2b6263e8855e042e03f31b0187ca4c95ee1592292904dd71aad3eb9
1788328388.717446327,EEG Signals,65535,2,1,UD2022081200650D,32,80ffc45d7ca41c33e435b7b3e23688963696dd10d2bfda8437bb8361c210dba6
1788328388.721454620,EEG Signals,65535,2,1,UD2022081200650D,32,13487acc5a560acdabf4efb61fbfd363c1468e3b1b7afd995f79542a5ecea9cf
1788328388.725447655,EEG Signals,65535,2,1,UD2022081200650D,32,9a852e2fcbb6e02700aa9759b1edd70a89f4323beedc3409e7ef34087ac681fb
1788328388.729436874,EEG Signals,65535,2,1,UD2022081200650D,32,e35d0754ed34b9f481eb6fefa3a13a91a9567b96cf44e487a5ade2eb23eda98f
1788328388.733450174,EEG Signals,65535,2,1,UD2022081200650D,32,98149b5f98cf3a42770813ec9f0466128b34c5c672d95bf2ec32e6fbecd30959
1788328388.737490177,EEG Signals,65535,2,1,UD2022081200650D,32,01716424b184f1b8030faed073bcb3df5e2756fd130f0cf5b9f37dd569a44c04
1788328388.741451740,EEG Signals,65535,2,1,UD2022081200650D,32,1aa7e681f47f4efd659ee3b290dbe26942a50a23c9d2441da947fc98984c8192
1788328388.745455503,EEG Signals,65535,2,1,UD2022081200650D,32,05a0a1eea716697b345d685d4914dfea5a2d4ec08745f3d55ac8cea8e51ec45b
1788328388.748470306,EEG Signals,65535,2,1,UD2022081200650D,32,9fdb044e8fe7eaba6d1c2258d99733c5fdc9a1218c44263f1a77b6995e12eab2
1788328388.752469063,EEG Signals,65535,2,1,UD2022081200650D,32,2e26778c095e10164bc0c49abd9019946989d8b96123de8914d65e9b658aa7c4
1788328388.756457806,EEG Signals,65535,2,1,UD2022081200650D,32,c0283e683081d6fc2cce77eb0eddd8388cd80e239485cba9691cbfdfc08c6846
1788328388.760460138,EEG Signals,65535,2,1,UD2022081200650D,32,080e171a8b934ed8b395902d56ca8904707024d42388ccc8dc18bd65e0937b93
1788328388.764463663,EEG Signals,65535,2,1,UD2022081200650D,32,a99dfd3de9ae9f58a4a4b879a0fb7e9dda3998a393d5e30e056a2d8f35b36de7
1788328388.768474579,EEG Signals,65535,2,1,UD2022081200650D,32,0519551fd53eabfcfac706503a54656274c9c3347273ff7847aab91b9dc9b267
1788328388.772460938,EEG Signals,65535,2,1,UD2022081200650D,32,089fd6d73a8cc09c075f6a4dfdab261e17b0b7891347f86a7454946641637e1b
1788328388.776460648,EEG Signals,65535,2,1,UD2022081200650D,32,2af71fc909b8ba491c85b62a8d408038ce91a4dbef63ba04ed7e80fef2334139
1788328388.780461311,EEG Signals,65535,2,1,UD2022081200650D,32,5df82bbec9dd1cc6f23467095490d1bcbe675821421c4b91919411c519cdec2e
1788328388.784476757,EEG Signals,65535,2,1,UD2022081200650D,32,50fd7f91d5026f0e240cf4cfbd66ae898e60f2b88f80da0df7e23785756da147
1788328388.787464380,EEG Signals,65535,2,1,UD2022081200650D,32,d0e567f631611a1962933c8d19417ce60b518a3a43d34725aa3cfb841f5f9f0d
1788328388.791454792,EEG Signals,65535,2,1,UD2022081200650D,32,344c59848c5605367ce8b3943937f8316fde1f1735af846086cd6f4f2bd501b5
1788328388.795485735,EEG Signals,65535,2,1,UD2022081200650D,32,c3746c516953e028e231bf491e0e107cad37077c9e635833392f5ade1d896023
1788328388.799461603,EEG Signals,65535,2,1,UD2022081200650D,32,ae08909b76e86d90f3b7dc43ecf31f702ff781d495e01ab68672f76f762f1501
1788328388.803493023,EEG Signals,65535,2,1,UD2022081200650D,32,241f2224f5e5c3422d3055d39f195351cf516ddca8c2c63c8c24ff8f37c28d4c
1788328388.807453156,EEG Signals,65535,2,1,UD2022081200650D,32,f7c76067a19d251aa4c0d821554bb0fac14c3121688e5e6fdbfc430ee6dc1e9e
1788328388.811457872,EEG Signals,65535,2,1,UD2022081200650D,32,fb0e01d4ff85461d44f149b1918038486f9607136ca9d171b2a02f9861101bc0
1788328388.815440178,EEG Signals,65535,2,1,UD2022081200650D,32,b1795b81b8aadf90df63f8d32337a9a4520baa7bff1b137e86392e27eef0c439
1788328388.819485188,EEG Signals,65535,2,1,UD2022081200650D,32,bab1b450aefc5948e67897906ec40970cb5636d4e580bca4524d4c3675c603c9
1788328388.823457956,EEG Signals,65535,2,1,UD2022081200650D,32,f9b76055b515f39dd60bd10c989038e151301b38b9110d0b7ac17ed9b364f357
1788328388.826451540,EEG Signals,65535,2,1,UD2022081200650D,32,bd1201413fc0d74bf5755f241fa5122945258515bc958768dd7b0923a35ffc33
1788328388.830460787,EEG Signals,65535,2,1,UD2022081200650D,32,c00b4ed098512b4596705e3c1a1f911443ccf0fc60d71cbd57c6af33900c097d
1788328388.834455729,EEG Signals,65535,2,1,UD2022081200650D,32,097a911714096b362245ef4e81610c1abd087b6e7109f13cfa6713b6af2a9cbe
1788328388.839453697,EEG Signals,65535,2,1,UD2022081200650D,32,b8e02f33ff6e35cfcb63fa585069ee04b5deb3ed8ccdf3f8aa7573ea8f2f60d8
1788328388.842447281,EEG Signals,65535,2,1,UD2022081200650D,32,740bd55a811aa289b5eb95dbe60c9bef2079081234868333d89ca2c689b97093
1788328388.846448660,EEG Signals,65535,2,1,UD2022081200650D,32,982334e18763d9b32f98a81cbb738409d46987bf4b8accaac1fdc2a33d7a1779
1788328388.850440741,EEG Signals,65535,2,1,UD2022081200650D,32,842403d2c63a5b7e8495efed663bfcd7be8ee134cc7cf027448b0de3eaf132dc
1788328388.854445219,EEG Signals,65535,2,1,UD2022081200650D,32,393ceadc6adc90982a0a2ea8973ada66267872c247a520805eb324738d343da1
1788328388.858447790,EEG Signals,65535,2,1,UD2022081200650D,32,5f7f383e93213deb7a452161fa2447449e49bfc04e2ab4f9214a51838adf29a6
1788328388.862432957,EEG Signals,65535,2,1,UD2022081200650D,32,917af02686f8039f95ca937b27edcc7356086375f0984c861fbf743af63638e8
1788328388.865445137,EEG Signals,65535,2,1,UD2022081200650D,32,454e8417fee198b1a8c409bcda3167219ef5d842c7bca3024d9094214c1c97d6
1788328388.870447636,EEG Signals,65535,2,1,UD2022081200650D,32,b6d3b6bcffe344ab8778d9dcd41e7b5d2ab0278f336ea33b401d7b7d4c3ce925
1788328388.873446703,EEG Signals,65535,2,1,UD2022081200650D,32,491922429aee246656702bc6e27e055ab5bfc76aace66f9bfc51645f62719969
1788328388.877470970,EEG Signals,65535,2,1,UD2022081200650D,32,dd12418f3b8b591a64c9f6b02599daf39c53c30df5cc4a8aaf085273df1f8ddb
1788328388.881454945,EEG Signals,65535,2,1,UD2022081200650D,32,2fe7062b04164e24ca351bb9f467977ce611ab0a71ba9b01e3d406afd469b4db
1788328388.885478973,EEG Signals,65535,2,1,UD2022081200650D,32,ab14cf457723291f766fc1e59e12cac206d1fdd0abbfffda44988f7621e56f93
1788328388.891460657,EEG Signals,65535,2,1,UD2022081200650D,32,1dda5ba98a435ef006d04af94001a5db76118f6eddcfe5803017e4841cd0363e
1788328388.893445730,EEG Signals,65535,2,1,UD2022081200650D,32,9afd7bcf41f7e38414f9bcc9a81bb59b7c79d6c516690d4341917356270b9c08
1788328388.898461103,EEG Signals,65535,2,1,UD2022081200650D,32,278ea73e00ec81f9d4580d2802153ac63c078a017e7fbde20f6ca3cf76488834
1788328388.901456118,EEG Signals,65535,2,1,UD2022081200650D,32,743d9744a9780acb4bf3385c2012081ed22707c77fd58a4108b6b10d2a3adc68
1788328388.905460119,EEG Signals,65535,2,1,UD2022081200650D,32,1efc654be294e8241d8f9356c5e67847ef3e75fa232cef67f770a0b74b27195d
1788328388.908443451,EEG Signals,65535,2,1,UD2022081200650D,32,c13c179cde325f230ceccacbd71f3312e1025c975e3023cc766a06b667aa6650
1788328388.912447214,EEG Signals,65535,2,1,UD2022081200650D,32,5ba19d763bc8fcf5def4598ea48666a54f0bca0fe4011fca8b559b445381a786
1788328388.916453838,EEG Signals,65535,2,1,UD2022081200650D,32,4fe2ea64163ae5fb48554f5bdc55eeb8be85626748096784ceb01f2d44bfb632
1788328388.920457125,EEG Signals,65535,2,1,UD2022081200650D,32,5ab7db2c549e1e64a36a6ee0a753bad00de27325bcdd3114cf6ab9e38336948e
1788328388.924464464,EEG Signals,65535,2,1,UD2022081200650D,32,2a3ea70139fb1d12b5234d7a634a32f5d44c04445132744d96f9ca2ef41c031c
1788328388.928457260,EEG Signals,65535,2,1,UD2022081200650D,32,3fdc51d3fba7a79a637477fd125513aa02e817da682d8f5dc875cd8a3bf7a284
1788328388.933447599,EEG Signals,65535,2,1,UD2022081200650D,32,592a694f5da42fe79fa7f945a725008704cc9b7466421e3c682b054f9aa64d9e
1788328388.936470509,EEG Signals,65535,2,1,UD2022081200650D,32,e6a39233801d68fbf756cbd79cdf631244652e597cbbd83b548469af9316c59a
1788328388.940458298,EEG Signals,65535,2,1,UD2022081200650D,32,776258202524cb4a8988f1e679d2e3abbeeae1c2320ca71bfc408bffd6b6a4d7
1788328388.944467783,EEG Signals,65535,2,1,UD2022081200650D,32,eabfdb5747c9ba7e0dae0335783bef4feadfc8e2139350fd2011f2fcca3f9df0
1788328388.948453426,EEG Signals,65535,2,1,UD2022081200650D,32,90b21d19badb40532491bfaf94b14f398f85b65f2c7be0f3cc0f650ffa02787f
1788328388.951461077,EEG Signals,65535,2,1,UD2022081200650D,32,3ae8d90eedccbfd07876292d32fa749b83876ba4705e03b6f9b89d388a4f3cbe
1788328388.955479383,EEG Signals,65535,2,1,UD2022081200650D,32,54a535ba47c3ef72a6613eb0e31dd369414c66c9949611d913a70ea5b5427bd2
1788328388.959465265,EEG Signals,65535,2,1,UD2022081200650D,32,f75ef13ef3e761740ab80fc017dd4743913d08f8520d3150b58ba37c390f0378
1788328388.963464260,EEG Signals,65535,2,1,UD2022081200650D,32,af143a720a2cb86be98bec33bf6023ac7e876776552da9d3cf15f7f1b92ad02a
1788328388.967464685,EEG Signals,65535,2,1,UD2022081200650D,32,6fe4bb20f92ecfc4d309d3031bce1b6dffded49071d78d3dfce5feb61edd3667
1788328388.972476244,EEG Signals,65535,2,1,UD2022081200650D,32,985ebf13caf254f1f0882f2b4de4240e56406a5ba5aeb4216ba0c89ab2a6923e
1788328388.975459337,EEG Signals,65535,2,1,UD2022081200650D,32,a40f2f2129fb5b71fd4b369f613328f81d09fef3fe34e4d8c884b2f3e956bbe5
1788328388.979468346,EEG Signals,65535,2,1,UD2022081200650D,32,1e0f02955fcef3d0d4856744e38c2fbad2f080ae6c09a084983ca0e7ebfaf03a
1788328388.984472513,EEG Signals,65535,2,1,UD2022081200650D,32,c10a8a6dbe5affbf7575896d3f6a5e22e4a56cabd80e6da3e80b33703144d458
1788328388.987458467,EEG Signals,65535,2,1,UD2022081200650D,32,0054c03a1470cd63aa616e96f373792a8e0ef59948073844047d2d15617f7f17
1788328388.990451097,EEG Signals,65535,2,1,UD2022081200650D,32,46be647879217062f674deefc2e32b9fdd1b4dd441676bb8d3a5a5d051dde721
1788328388.994463682,EEG Signals,65535,2,1,UD2022081200650D,32,0b18e25309e8382e3bf78616724a448cce9845638a5b1747fdb77d541c63db9d
1788328388.999461651,EEG Signals,65535,2,1,UD2022081200650D,32,9a947a49d38b835ee1b4d3002af5417426e2157c6d0d7ae6a065f5684c2c58b2
1788328389.002467394,EEG Signals,65535,2,1,UD2022081200650D,32,0fd88c684595d8a133b2e4d029fcce2687226c06f0241273acb093f5609d8b2a
1788328389.006467581,EEG Signals,65535,2,1,UD2022081200650D,32,0d31274b6d2225cf5db4ddc3bd4e8bb7c2eadcae1b2ba53f55cead1d1ad2a27d
1788328389.012485981,EEG Signals,65535,2,1,UD2022081200650D,32,f2dc5f2f4af5581d61ee457554e3a2a5bc57ef6046aa8c99ce60e0228ea44719
1788328389.014462471,EEG Signals,65535,2,1,UD2022081200650D,32,a9742ec28a4c1ed9530b7949320bf1bf521633034cc55cde295dc8cc37c7e3de
1788328389.018633842,EEG Signals,65535,2,1,UD2022081200650D,32,d4ee14de62618da058527a569d8dc7be4fe63dcd79fb699bae55ee6e9c50f580
1788328389.022473097,EEG Signals,65535,2,1,UD2022081200650D,32,d98dceddfde9ef1aa95131784e4da961d17fddd8e5abdc6d40bcf475dab5806d
1788328389.026457071,EEG Signals,65535,2,1,UD2022081200650D,32,1aa2aa18c20497f4da1f16f8a271684c2dc5a40fe9b77e6e4ee89d5aa47141e6
1788328389.030471087,EEG Signals,65535,2,1,UD2022081200650D,32,538709b9a5d6ef5ecc4041e14e2b8a1aa10767c00cd75f751b557ee66880c37f
1788328389.033446312,EEG Signals,65535,2,1,UD2022081200650D,32,bd540623c38be11907a2f70a139032cd0005ad7f3a6fcea8cadcde9b0054746f
1788328389.038473129,EEG Signals,65535,2,1,UD2022081200650D,32,e612dec982e2ad6b89150aa3009f415105895caf4fdf2dc194e1ed1a9de8faaf
1788328389.041468859,EEG Signals,65535,2,1,UD2022081200650D,32,4f928fe6c400effb04fd09c90bd2bbc70c993cad6460be0788d8d0d88bfc5b18
1788328389.046476364,EEG Signals,65535,2,1,UD2022081200650D,32,fdda489923f822ca76d1032cec8408bcabf72d2617af8b39a91162b9695dca02
1788328389.051460981,EEG Signals,65535,2,1,UD2022081200650D,32,74101b8c9d4405af8aab04a1b6c11c3a9188560eac89524569b345bbff04d3a3
1788328389.053450584,EEG Signals,65535,2,1,UD2022081200650D,32,0c2f212c8cc5ddfd2ee2c8ba9550369776047a46a7843810ec3d712fd3349b2b
1788328389.057448387,EEG Signals,65535,2,1,UD2022081200650D,32,f0cf05acdb5b00d3ca8882a82cd35bd231332eddbe195df2bdfff1aac44cf993
1788328389.061470270,EEG Signals,65535,2,1,UD2022081200650D,32,fdfe4487f5fd177ba48252d1977b6ab56a1342c755761a9c28b986fc67cfb6ea
1788328389.065453291,EEG Signals,65535,2,1,UD2022081200650D,32,6af612da6124d4226e7e07d544d203e780a1b5ff0c26b8dbc3c8e3a70675854c
1788328389.069468021,EEG Signals,65535,2,1,UD2022081200650D,32,e6808e37874342cd1cf70b5cda17b4e05b9d58d2610ad8c72afe86f1e1f71767
1788328389.072463274,EEG Signals,65535,2,1,UD2022081200650D,32,c2880732e568d3e6a42c02a0bda4ac8b07e14444e0312d5ccf592c7e44b40ee7
1788328389.077457428,EEG Signals,65535,2,1,UD2022081200650D,32,5029c2fd197aa5af95556cdd7e2e18d8f0f5583e57ebba9f12a12dd91d8f03d3
1788328389.081470966,EEG Signals,65535,2,1,UD2022081200650D,32,9420c74557f697fad9fb3a686a9016f9c8b92414887a89490c6412821bd9ed1f
1788328389.084468365,EEG Signals,65535,2,1,UD2022081200650D,32,44b448d8b2653b00c0831c79d67056d7765befdb6d7b7c5b89dff6b08e398688
1788328389.088473797,EEG Signals,65535,2,1,UD2022081200650D,32,74eaa91543f1b12d327d753eab4d78e1fec158abf517d1ab4f703c3e30df3747
1788328389.092463970,EEG Signals,65535,2,1,UD2022081200650D,32,9d752920e33299d2d0c957019d8beb9c13c877a3f9f1b595b6052462f25a048c
1788328389.096464872,EEG Signals,65535,2,1,UD2022081200650D,32,057785c2650921e59240bce5b768466ab724c0aa5a11b68aeca1609d071a4577
1788328389.100459814,EEG Signals,65535,2,1,UD2022081200650D,32,29789ab15cc9fee5e65f60e41ec590733e905a5549673897d374ef25bd3dd9ed
1788328389.104488373,EEG Signals,65535,2,1,UD2022081200650D,32,ece3329f7a257a48aadad4ebd15fefbecdbe2781dafe2b87614c55fcbd2bc2be
1788328389.108468294,EEG Signals,65535,2,1,UD2022081200650D,32,d6bdc198c214f6fd9da2c717720bea5472f8cbc6a55c8cf39061493cb13ec84f
1788328389.111474752,EEG Signals,65535,2,1,UD2022081200650D,32,282797df90de254990bea1058f546ba7203e425334f63b6b9c6074e2480343ca
1788328389.116482496,EEG Signals,65535,2,1,UD2022081200650D,32,c693e33ff739c9183bd53d370b0860761fae6d876173a2557ac3cd331ae3cb58
1788328389.119470119,EEG Signals,65535,2,1,UD2022081200650D,32,b313c7a97cadc1983ab7f6579a0884f8ca7cfaa4a4169db5bf57595b3ea745ef
1788328389.123457432,EEG Signals,65535,2,1,UD2022081200650D,32,924498c5339f1b2c8c8b09a37a801532d64ee3db04778590549791f447a9a725
1788328389.127484322,EEG Signals,65535,2,1,UD2022081200650D,32,276870a03db4089e7de3db68d4096d1723e349a021bcf12ca93c558a8a050d4a
1788328389.131466866,EEG Signals,65535,2,1,UD2022081200650D,32,6bb074fa347d11368993c9d0537c788c64aec57b7908bfec3555ae793777ca0e
1788328389.136482000,EEG Signals,65535,2,1,UD2022081200650D,32,375ca0514304172071cf0512ab1cad957e2d8c7bcb7621b33d6334acb0c1b485
1788328389.139471054,EEG Signals,65535,2,1,UD2022081200650D,32,de926c8e848178fb8f23832b4cde3b4827e99b71a5fc700b20d26c37a4f4e3b4
1788328389.143463612,EEG Signals,65535,2,1,UD2022081200650D,32,2c9d00defdc7e5912b70047b74ba6a96b81cc31530f8f98d4d4c1eae7197c573
1788328389.147478819,EEG Signals,65535,2,1,UD2022081200650D,32,71a151229a557c5e535e992f8b0cec9c1ba2a833d8317763ebd2cf0f3dd192e5
1788328389.151472330,EEG Signals,65535,2,1,UD2022081200650D,32,a45d441a31464df42411747a43bfacd97d44df37b0e0220a614d624dd1b419d6
1788328389.155462980,EEG Signals,65535,2,1,UD2022081200650D,32,9451b1be64d72c0188f234e2bd1c283ae2b2e63b2758de263d3ac00f52477cd1
1788328389.158459425,EEG Signals,65535,2,1,UD2022081200650D,32,c308323d636bd1409e9113b40cc368772f6948fbfa542dd6da91b8ecadd2e922
1788328389.162487507,EEG Signals,65535,2,1,UD2022081200650D,32,16e98d9d4d5fbe66f46de3eb8b9d7c15f73785090dc281321605ea7b159767fa
1788328389.166452169,EEG Signals,65535,2,1,UD2022081200650D,32,72ed151aab584e58e612f44d332375393d6158cb772c84d3e200536c444ecca8
1788328389.170478106,EEG Signals,65535,2,1,UD2022081200650D,32,40b07fc25e5216e8fbab699b2b3c70270d51af94713a6a0efdc9889ff68717b1
1788328389.174473286,EEG Signals,65535,2,1,UD2022081200650D,32,5e0f1da651a6270f18ff704bf659eefebf4f57c3cf0e9b1adb091299305613c7
1788328389.178460360,EEG Signals,65535,2,1,UD2022081200650D,32,6d50742bc925560489e6fbffc079d6cb4ff85002039fe305887ba402f5220eb1
1788328389.182494402,EEG Signals,65535,2,1,UD2022081200650D,32,4fa10b7e12dd73b1c99b9aa10ded5a946614e390a8538890445d59cfe03d18e6
1788328389.186458826,EEG Signals,65535,2,1,UD2022081200650D,32,d18dc16608d7a32c612fc6fd1bbf857f027238cf03899dc9341a3eea9f39f486
1788328389.190464497,EEG Signals,65535,2,1,UD2022081200650D,32,ea4aab73386af157e4761a1b76a6fdd5ed2ce21dc5a030ac4e76fc8c41916898
1788328389.195460558,EEG Signals,65535,2,1,UD2022081200650D,32,a007b60b7500549ffdd895ebe4ff0f401e0f2039cd58264843168f42c85fd22e
1788328389.197447538,EEG Signals,65535,2,1,UD2022081200650D,32,78845c5540a8cf7f143079bb3e22a5f352c5a892ac8702463ae719fcf23e3ec3
1788328389.201482058,EEG Signals,65535,2,1,UD2022081200650D,32,75cc75bd7bbda67e00c717b2e653dff2e596a358b2e65c3cce47df78f5352fe9
1788328389.206464529,EEG Signals,65535,2,1,UD2022081200650D,32,0e036f2eb19c40d8cfa86100a6e41a4238a6a3429da69d9c8aaf793953b30b4d
1788328389.209466934,EEG Signals,65535,2,1,UD2022081200650D,32,7d5a86985ad551783fa823dcad09cfd2410e4f1823fa792881d4a8c49b1b7578
1788328389.213466883,EEG Signals,65535,2,1,UD2022081200650D,32,61da2c3a872aa183ed3f15d2a46c6c780e397e0cc870a4e7844db70e01301f06
1788328389.217465401,EEG Signals,65535,2,1,UD2022081200650D,32,e321d85a3909e44e7ad76d0aa6718fc84928af004f32533683d159090a079da2
1788328389.221472740,EEG Signals,65535,2,1,UD2022081200650D,32,d44621c47e4baa626fcdcbe1400731a933c6aa55fdeb16b95d29f966f3a5c3a2
1788328389.225482702,EEG Signals,65535,2,1,UD2022081200650D,32,a884ab84aa9d020c609a545c6cb6899b219777ac2a2c1f8df01f734fb9efd055
1788328389.229477406,EEG Signals,65535,2,1,UD2022081200650D,32,f9a6b3b639fcf0e4f08cecdef1b0ba9b06319abec993a48b5619184ac1112888
1788328389.234496593,EEG Signals,65535,2,1,UD2022081200650D,32,a01a0dd38a4b3739c0369ec2d1d995d4f08aa56c599f8af888fd728fa15e2aee
1788328389.238468409,EEG Signals,65535,2,1,UD2022081200650D,32,50c72068ee195feb5e029c40b0fe7a4bee129a97982910db93c9e79328af63fb
1788328389.240451097,EEG Signals,65535,2,1,UD2022081200650D,32,f7af4b7e18a5bbb8bdcbdb262ddf2c9da8d96f1208475462952f8ac2f4ba1f33
1788328389.244509935,EEG Signals,65535,2,1,UD2022081200650D,32,3c1904ed74c0ce043f4dd5aea57a87dc9e13a5f2ac49965b8396fb23f00541da
1788328389.248475313,EEG Signals,65535,2,1,UD2022081200650D,32,92121b60cb627aaf232a3dc3a38e12240d3f6511a33ab37713d06569f0e8f1d6
1788328389.252465487,EEG Signals,65535,2,1,UD2022081200650D,32,05f093ffe2d2f1b190cadc8d1be1a34a4aaa48d682803d70c9081209018acf42
1788328389.256473541,EEG Signals,65535,2,1,UD2022081200650D,32,b378313b02d4b6603063764cd08f820c49e8259ec1988e719cc7edf59bbf54e0
1788328389.260500193,EEG Signals,65535,2,1,UD2022081200650D,32,c5d580839b13fb943f805963bd40e1c433f0051ea611221ddd2723024307bd18
1788328389.264464855,EEG Signals,65535,2,1,UD2022081200650D,32,1647e1e143ce11aed14eec528ecdf08a502c0dbf730dbc22e920b1efcdab95ba
1788328389.268462420,EEG Signals,65535,2,1,UD2022081200650D,32,5885249c6958502dc76c84c794939683aa5d3c71f48d8aa4c6c1566ce46668e5
1788328389.273477316,EEG Signals,65535,2,1,UD2022081200650D,32,b1c43163bf7dcdc817eb2173b695976e452f247050c8d8c5714edbc56e5ef84e
1788328389.276469231,EEG Signals,65535,2,1,UD2022081200650D,32,9783a78f372e11907fc2986eb2faf527b672f32bb13f390f4a49aacad6511227
1788328389.279464483,EEG Signals,65535,2,1,UD2022081200650D,32,a962610da27c3906351bf07572ad746453e3d52f06b4228a9ae661ce91595aba
1788328389.284565926,EEG Signals,65535,2,1,UD2022081200650D,32,1d4018c6eb8e392886c914e50ac7c0c418dd51d6852307bdad944ed27ab69c47
1788328389.287476063,EEG Signals,65535,2,1,UD2022081200650D,32,2631ab307139b116fdb7d76b294b4f828f7438204ce136005683fdd78a8415b1
1788328389.291462660,EEG Signals,65535,2,1,UD2022081200650D,32,425b2cce71d94e51b93544b47d3838bfb27a4d5b07260b3857a7955e64c35700
1788328389.295486450,EEG Signals,65535,2,1,UD2022081200650D,32,685ded299304249a986726b10bf5d1b07a571b9b93736c7538d64a923fec0598
1788328389.300515652,EEG Signals,65535,2,1,UD2022081200650D,32,8f764f02fafed0c665187f1f8666fa15eb963bf5fe2b888ee55f2d23c6399828
1788328389.303472996,EEG Signals,65535,2,1,UD2022081200650D,32,930304c5f9756d8c94454b2eca566432365e8984421d510d38322adce80bc001
1788328389.308476210,EEG Signals,65535,2,1,UD2022081200650D,32,3c313c8cdf74dbaf4bb3bc0b10e9666ac079e03b06d1c637ad75c4fcbc575fa4
1788328389.312486410,EEG Signals,65535,2,1,UD2022081200650D,32,fbcd6a2deed2d26c452c538bcd37922d4a8e4d9b08d29a9cf5a5a674cb8c71b9
1788328389.315457821,EEG Signals,65535,2,1,UD2022081200650D,32,59163692b9b271a4a2406dc551eccad2bb376a3510ca869ec6801e10441403ca
1788328389.318480968,EEG Signals,65535,2,1,UD2022081200650D,32,fca980eb280045925568660723b011221f2f2054fdd9a4f3f8150670e3a9cc55
1788328389.322462797,EEG Signals,65535,2,1,UD2022081200650D,32,abefb41630db6200d4a12181607d1459083503482f1d15ee4d084f26bae461db
1788328389.326496601,EEG Signals,65535,2,1,UD2022081200650D,32,1899bfef934c07c9f5149cfe12d1b06fa6e83ffce3eb3e057c89ef8ce9bf8266
1788328389.330487013,EEG Signals,65535,2,1,UD2022081200650D,32,85054a3505f16142b49b4dc48313aac819e37baad59c0b4cc01ee2f6a027debd
1788328389.334483385,EEG Signals,65535,2,1,UD2022081200650D,32,4bd65c07febd127f25dd39a1007c86349638b43c5eb7cdd0a241f7dd5b23cfac
1788328389.339489222,EEG Signals,65535,2,1,UD2022081200650D,32,feb26f94b18e7940b4cc6b08046f237bf593a8095a70ec6d3c3793e8bf378f49
1788328389.342469692,EEG Signals,65535,2,1,UD2022081200650D,32,e2835b2d2f74d9b0dd6aa51ff7a612f7987817060e4ced8db5ebbb8f8b5f5d1e
1788328389.346477270,EEG Signals,65535,2,1,UD2022081200650D,32,33c98a5b2546179fe1a8890c461b4ec857c6d8074e651d15cf9b80b8a2797251
1788328389.350506067,EEG Signals,65535,2,1,UD2022081200650D,32,dfbfc9932fd7eb9916dd4cebd7f1948469b996bd7363383665c0e8d55632fb19
1788328389.354495287,EEG Signals,65535,2,1,UD2022081200650D,32,aa54410df38ff44f4d964e8f5fead1880382f97cba6f61d9175e03d3d5284b6d
1788328389.357469082,EEG Signals,65535,2,1,UD2022081200650D,32,97511c6bd4e8e77ebdae4fda61e5ca66be093d59d2123fff94aa936166ef9b7d
1788328389.362471581,EEG Signals,65535,2,1,UD2022081200650D,32,644c6d300c7746b1ffa60e7b5d0948bba728ca091dea5a42ff1aed7849d3c1c4
1788328389.365465641,EEG Signals,65535,2,1,UD2022081200650D,32,e0f7e7eae3e6f72738f89705f90989208c7deeae8074d1a8c7ece097112f4e6e
1788328389.369476318,EEG Signals,65535,2,1,UD2022081200650D,32,e5a48b827b68f7b39100664195d8653d6258ecbaa7a756d8b86e45a38b0f5347
1788328389.373461246,EEG Signals,65535,2,1,UD2022081200650D,32,5d0bb7e26ce66e747ad0e5932256e1805c7c712e28cf585f4e63d87057a79a35
1788328389.378471613,EEG Signals,65535,2,1,UD2022081200650D,32,b49990984a4767c3415081c69ccf9b2a26a69be5c50adc71a898a4e6ae7a0ba7
1788328389.381476164,EEG Signals,65535,2,1,UD2022081200650D,32,3d54905cc483e07bc104a6f73ec0427ca094e6e52ae3449f4da63a2c1db8a96b
1788328389.385470629,EEG Signals,65535,2,1,UD2022081200650D,32,0014a3e674334537916d2bf7a546021adabf36d37b674ad4f0bf139a09c78287
1788328389.389465570,EEG Signals,65535,2,1,UD2022081200650D,32,c34f583729031c88e8c95053545dcc4d81258959ac60a6bedbb0eed1c01e68e7
1788328389.393474579,EEG Signals,65535,2,1,UD2022081200650D,32,29eccfab39a44b4e994fc72f2e06c74b87194e8e982d01f7d3709ee615ce9514
1788328389.396471500,EEG Signals,65535,2,1,UD2022081200650D,32,4dd964e85ed74698a5b39d171421bb79a4915fa5a9ee2960765b2e24b51f9f23
1788328389.400462627,EEG Signals,65535,2,1,UD2022081200650D,32,2679b5282dad9cb0977686bc4fd1bd95532a9a09c1783d436f944d1f68dbc96e
1788328389.404493332,EEG Signals,65535,2,1,UD2022081200650D,32,d8a261a78e64c9ec5eefb0cfdfcdef4d940ff4fc03b57a1cdc93a6e3183ed656
1788328389.408481121,EEG Signals,65535,2,1,UD2022081200650D,32,1487d7c66871d5e9d0dbfe26aa27defda2c14949ee60483e43ea5562e0e428c1
1788328389.412493467,EEG Signals,65535,2,1,UD2022081200650D,32,e7be231a7c8c37a67ed3bdc59ceb9becc17dd70e674824ec7c212eba36ceba75
1788328389.417476892,EEG Signals,65535,2,1,UD2022081200650D,32,9657510a7082b77d6de40bc68141a1078cb5f5e61d2f8eb58cf8b85af65b116f
1788328389.420466661,EEG Signals,65535,2,1,UD2022081200650D,32,222e2b7f3fd5e29feb4e268f558383a1cf6b7d2bc47d2a161a3faea098694541
1788328389.424482584,EEG Signals,65535,2,1,UD2022081200650D,32,e8022d620cd5ff376e4aaeeb5a8877dd91a4bf383032599463685972ac42bddb
1788328389.429480553,EEG Signals,65535,2,1,UD2022081200650D,32,70e5ae55f0a3655a55ac83109000dfa48f1e5c87526bf7934b15a52d02582956
1788328389.432473660,EEG Signals,65535,2,1,UD2022081200650D,32,1d26cb5a69040e345198b61be529abba1d5e2a8ae4360bb02638863f10383a14
1788328389.436483622,EEG Signals,65535,2,1,UD2022081200650D,32,d9915c5b36a329a791634e78afeba3ce869ddd63f536a44e38778caaf282b549
1788328389.439473152,EEG Signals,65535,2,1,UD2022081200650D,32,ab4436861c9f7bfc223d4afea36600f4bd6a94019a549ccad50a14a2b54f4868
1788328389.443481684,EEG Signals,65535,2,1,UD2022081200650D,32,2c6dca343ad542439cb79212ca8a945bc5e417aa5041f4a40a40312255e5ff57
1788328389.447469234,EEG Signals,65535,2,1,UD2022081200650D,32,21660be7e9bdb4502c28923e8a4f881f2936fb3e1d5b8a8973c09efd5892d90b
1788328389.451505661,EEG Signals,65535,2,1,UD2022081200650D,32,5197c3c8cd5e71f3dffbc36fa50e8e10b33ac314129b4dbb9c985fdd0a2c24c1
1788328389.456493855,EEG Signals,65535,2,1,UD2022081200650D,32,4c8ef37f61acb52d8eb40eba03a6747128394bb869a57ecb61d4b68471da16e9
1788328389.459470034,EEG Signals,65535,2,1,UD2022081200650D,32,b5a77338d48d906cf387492c08a666d65274cd32727943d90fe01e161ef62e85
1788328389.463472128,EEG Signals,65535,2,1,UD2022081200650D,32,ec3328b7a1345870bdc0956ae13dc5c46e5620eb10ee96a12efed601c8e2c3d0
1788328389.467481613,EEG Signals,65535,2,1,UD2022081200650D,32,8e00c450c3f645a06b24e769003ab60867d33b1747f55a08aaba6cec88d1df76
1788328389.471501827,EEG Signals,65535,2,1,UD2022081200650D,32,87965ca258757af46788ffc746ddc4d5bc2f102d3f651042bc6ce700da45a598
1788328389.475469828,EEG Signals,65535,2,1,UD2022081200650D,32,12fc33afe7e9ad1d574865e3998457c3aab6c8ee50034a63c57bd5fec2299305
1788328389.479473352,EEG Signals,65535,2,1,UD2022081200650D,32,46f011dbe989c752c0131eb780844b5eee122e89af8d6cc1b344379ae800683d
1788328389.483486414,EEG Signals,65535,2,1,UD2022081200650D,32,ead718fd5c94725c34d26e6bc8471550a9f43f835dca5cbe7659b19338d8d875
1788328389.486483812,EEG Signals,65535,2,1,UD2022081200650D,32,cdc56ff9a8e695c6e91de258278edb262c6916364918ffbc525761ac0937305f
1788328389.490462780,EEG Signals,65535,2,1,UD2022081200650D,32,e6ba6ad800fa9370da63c1e47248a243cb8d281fd8e710423f1e46ab2b3c0ea4
1788328389.495469809,EEG Signals,65535,2,1,UD2022081200650D,32,106c968623692a9ac94bb3033fd5edd1b2ba2862eadfe5ab98165956f54d874f
1788328389.499453068,EEG Signals,65535,2,1,UD2022081200650D,32,4cc141e12596defed524c257792630d1267d90b2d9074ef1cccd70a44f89c205
1788328389.502476215,EEG Signals,65535,2,1,UD2022081200650D,32,537087b7b441fbc2213077fcdeca23c0e2b8e7e855112e887b6947f09e2b77f2
1788328389.506454229,EEG Signals,65535,2,1,UD2022081200650D,32,ca12e8aa5b1c7c77c59d11583ea2b3183419503a664de9293775bc226474b40c
1788328389.510495901,EEG Signals,65535,2,1,UD2022081200650D,32,2690f3d144ce9733cab9689a4619d0d9f97f498a1575f4952fc1c2adb4972052
1788328389.514457941,EEG Signals,65535,2,1,UD2022081200650D,32,cc119dafa044fc226c420c2049e20f43e0c1311bfd34014845c42898b272edaf
1788328389.518465757,EEG Signals,65535,2,1,UD2022081200650D,32,643e0793c8e07ce67da9d38269c335ed16b8b0fc02ab5a5fe6b9d0cc18451ea5
1788328389.522470713,EEG Signals,65535,2,1,UD2022081200650D,32,514e5274e70867af4d08fe595e46ec9934d8e07dc3d6f71d044edcb55d8e2a29
1788328389.525456429,EEG Signals,65535,2,1,UD2022081200650D,32,abe0bf243ca76b1987df966a07977ce4300320d0727553dac8bfe7732ab05c78
1788328389.529487848,EEG Signals,65535,2,1,UD2022081200650D,32,ed067db9d1b65ce0b9446a743b4b7cb27da8512de93bb7f9e105c5b714e4d5eb
1788328389.535478592,EEG Signals,65535,2,1,UD2022081200650D,32,2cb27f8a88bd3384d36750601c0dd234d4127b304d73492e43c3a2958498f8b9
1788328389.537481785,EEG Signals,65535,2,1,UD2022081200650D,32,69b2975e9e62325e51f146c6901f923a91e0e3e85aca88687bbc593714123901
1788328389.541480303,EEG Signals,65535,2,1,UD2022081200650D,32,c5e33ffb55d79bd70640e12fa2d70b86423f27b744500c22d4ffca81d10e7176
1788328389.545476913,EEG Signals,65535,2,1,UD2022081200650D,32,10ec03948489f71578c9b2cc8f400c83c4386eef2add48e30c9561dc14278c29
1788328389.549477100,EEG Signals,65535,2,1,UD2022081200650D,32,e5cfdcfe14492d8d925dd1e2c7ac1f0f73988a2f3d3e09149896c17c383cafe5
1788328389.553481817,EEG Signals,65535,2,1,UD2022081200650D,32,232430f17ee0c51a27ead5a74abb2ed106fac418b8eabd34dcabf1868180d9e1
1788328389.557483673,EEG Signals,65535,2,1,UD2022081200650D,32,d42eed85d8841b6fd13af0f0314db38ada00d79d8b50b933ce58821a47a4c355
1788328389.561471939,EEG Signals,65535,2,1,UD2022081200650D,32,1533d56ffa938786eb1005eb45ed01bb7dc7b729bf2ccbb72a50487d78cc65b1
1788328389.564471722,EEG Signals,65535,2,1,UD2022081200650D,32,f595d345de0bea78f240b8a1caf6ab93ca1042d2269141f38b49383a58725ca6
1788328389.569498301,EEG Signals,65535,2,1,UD2022081200650D,32,de5fc9fe1b1aae36e4581f95a8bd2f4584a772f860941b746f0d8b7fd396d50a
1788328389.574476242,EEG Signals,65535,2,1,UD2022081200650D,32,c54c005b96f38db7b230c4f31c6012893b471a0570480adf3c46b7df967d456b
1788328389.576469421,EEG Signals,65535,2,1,UD2022081200650D,32,daf7e8fc95c42e1683f9ebb8f10bdfe37df4dba48a1026a7dc0aaed3ea35b7e8
1788328389.581471205,EEG Signals,65535,2,1,UD2022081200650D,32,c934f391fab3cb160e58ccc8c55d7e52d6f0b058bef836cfecaf3671cb40b081
1788328389.584459066,EEG Signals,65535,2,1,UD2022081200650D,32,9dcf0a99ee4001f0c73b538e61c9117974ab4509ea3104d24b05d7019eed824d
1788328389.588487387,EEG Signals,65535,2,1,UD2022081200650D,32,5fb96f81798534f079a633bb27013ed7f5b7ab7f8d261ef4e6ed9b68ff89acea
1788328389.592481852,EEG Signals,65535,2,1,UD2022081200650D,32,c8c469347322cf311074b0404003377e49d2f0f477612626d40ea23759c00b6a
1788328389.596485376,EEG Signals,65535,2,1,UD2022081200650D,32,3b9e4fe176dfc9fcbfbf48dc35f1d9752fa43c364c48ab1cccea991e41a35bcf
1788328389.600567341,EEG Signals,65535,2,1,UD2022081200650D,32,398af6687a042ef1e4fa273b69237c72c8dd5943ca7714d7c3b62843038eb412
1788328389.604500532,EEG Signals,65535,2,1,UD2022081200650D,32,bf79868090fae6da9c85fca948f8484aadefd7e632147c1e8cbeb32af72c2a58
1788328389.607475758,EEG Signals,65535,2,1,UD2022081200650D,32,69b27ae5a49dae73117a4e3bdcb275156a975ad44a4e98b408df9a3d2187645c
1788328389.611493111,EEG Signals,65535,2,1,UD2022081200650D,32,9a9cb653063cf462cc7fb6f1e8f40ea591ff8b3d678b3526437a6197f065face
1788328389.615489960,EEG Signals,65535,2,1,UD2022081200650D,32,301cd7c1df5b8bc94974bc57cb3952afe9daaff9c0d646030b48899c903d4296
1788328389.619473457,EEG Signals,65535,2,1,UD2022081200650D,32,aca20dfebc0b110aab4d8bdfd44e9ed0883329bffd5eb794f4abc83a26d1477b
1788328389.623462915,EEG Signals,65535,2,1,UD2022081200650D,32,e8630276352d300c1c717c0c256926554c84c8c1c3a1ed95f2ccb24463831476
1788328389.627478600,EEG Signals,65535,2,1,UD2022081200650D,32,fa0c633cc07d0985c007f1a4dfd0ce0ea0e44e6c9a9df9bb68782999239ac895
1788328389.631483555,EEG Signals,65535,2,1,UD2022081200650D,32,08c69e96980d7854df32803b7e7b867ee34d6667dfd19f34aa8ff48ad909ca14
1788328389.635480642,EEG Signals,65535,2,1,UD2022081200650D,32,33391e5df114526e5c776ebdf0f7eac90a87585092ebb1578eb9d328fb2ceb1d
1788328389.639484644,EEG Signals,65535,2,1,UD2022081200650D,32,2659e2520143b05b4ff3a8b94d20ca6dd1613d789be425f99424f55117d3fb12
1788328389.642482996,EEG Signals,65535,2,1,UD2022081200650D,32,be92672ab03006ed7235324ac129d272f15e2284f2d240855aba2c0b5e03cc4c
1788328389.646468401,EEG Signals,65535,2,1,UD2022081200650D,32,b83ea754764d0d8c406e1368cdf271cef11c30ce64b535b6efce7f8e116a238a
1788328389.650469780,EEG Signals,65535,2,1,UD2022081200650D,32,3b99d5597d4b74fec85413f07dbbbc991fd3ecdd4b52395ca8f9880545c12d57
1788328389.654490709,EEG Signals,65535,2,1,UD2022081200650D,32,0a7a7ba146d4680cdc9319b8979ca0375352cc0ec186763913f91e4382ea9c15
1788328389.658488274,EEG Signals,65535,2,1,UD2022081200650D,32,deea993d45a2de2348df2da0f467f43e2f3c9a7517467f97d5c6274ad34ad8a7
1788328389.662489176,EEG Signals,65535,2,1,UD2022081200650D,32,0aa9f5382d67b0f5d642e0f4dcb609beeefef7e5c55010277b7cc0587a5f42a6
1788328389.666486263,EEG Signals,65535,2,1,UD2022081200650D,32,b510445ba750c91831de709e97e882bf978a8b9ea7463a040a9609a4c466d19a
1788328389.670483112,EEG Signals,65535,2,1,UD2022081200650D,32,2653e1aa34acc5dbd3a363ad03a1fbe7afc2d103d688e460990e42d753102357
1788328389.674487829,EEG Signals,65535,2,1,UD2022081200650D,32,158e8331e6c336792b6407db71ba4ea68642a7476abf1be1842c6e2ffbfb0b45
1788328389.678481102,EEG Signals,65535,2,1,UD2022081200650D,32,3ceac992434404a4cd119044f397f55511c0a49b9aad78521b073b82cbab5ab8
1788328389.682482243,EEG Signals,65535,2,1,UD2022081200650D,32,5c690607c1d61e8c05a42aceb6df6f8083556ca6b5ceca474f12c922dec4ae6c
1788328389.685482979,EEG Signals,65535,2,1,UD2022081200650D,32,922af70d65766fae2a61964bcb6f319c84ab8286edc8682a837bf8453364e695
1788328389.689490795,EEG Signals,65535,2,1,UD2022081200650D,32,a42d264c49d44f6f9a6ffb441bf1a59e7c5d0f2d595be85b23d725ffde49e0e7
1788328389.693478823,EEG Signals,65535,2,1,UD2022081200650D,32,e5615dd41a6f0385023a6693dc8543b4b1ea79a0229e1a6f703b842aadbc1413
1788328389.697480679,EEG Signals,65535,2,1,UD2022081200650D,32,4b33bd7794a280b0a4bc6174ffd4b3553ebb0d7d0ef7a03640a9c0263ea5a8cb
1788328389.701471567,EEG Signals,65535,2,1,UD2022081200650D,32,9cceb11f58acc225c708a8b95280ce197bdd71e86f6fb66a90777fe8be393dcb
1788328389.705476046,EEG Signals,65535,2,1,UD2022081200650D,32,02b1653fc3cfe8d350f132c21839d2b8b2b2c98000c6f846ed44ea4844b85c49
1788328389.709468126,EEG Signals,65535,2,1,UD2022081200650D,32,172f7a63555f7c82581a8644afec260674baf5b6deb48b09e4bb69ec0e0bfabc
1788328389.713485003,EEG Signals,65535,2,1,UD2022081200650D,32,2f1b8d90b74af25948111a76e29419c51f98d408f6a83a05e6a98ca6ea7672c6
1788328389.718481064,EEG Signals,65535,2,1,UD2022081200650D,32,7961fafa3b21fe1dac3e39ecf32538ac3d994c7c5e73af31e9c26a775597e397
1788328389.721487045,EEG Signals,65535,2,1,UD2022081200650D,32,caefa9324857eb11e667cc1925e5d142946ef40835f58876dcd3a8d0815d9a43
1788328389.725486755,EEG Signals,65535,2,1,UD2022081200650D,32,0af2612c1dc0eefeb93c49b69aebf881915c1d53dc22daa900597a70354d32d1
1788328389.728491545,EEG Signals,65535,2,1,UD2022081200650D,32,daf169827ddc4644996596b57d587baedf17c35baeeff76926e16777fd51630c
1788328389.732483149,EEG Signals,65535,2,1,UD2022081200650D,32,aa3cef8a90f2ebb26e574f2d0bf1637ec5d64535ab7350a86463adf5f1e29b97
1788328389.736485958,EEG Signals,65535,2,1,UD2022081200650D,32,7366b2dc12bd7f4dc21e8819d5d0cd73f1b96baf0243c8008f32fc1a17b31f01
1788328389.740485668,EEG Signals,65535,2,1,UD2022081200650D,32,b8d16cfdbf1237729e9a35902f2a02f5d2b420336563c4f221047df5b8821bbb
1788328389.744472265,EEG Signals,65535,2,1,UD2022081200650D,32,94583b02d477299817632980b69a607215c9d09c16b74bcea174ac83d9e39ac0
1788328389.748480797,EEG Signals,65535,2,1,UD2022081200650D,32,824152e0384eb1dcac76ced2973c81b0659ac2191e048fa721aa8b18fe426ced
1788328389.752502203,EEG Signals,65535,2,1,UD2022081200650D,32,89c93720989a8f521e17d7f19b7ec1539e3c55ca4a4fe91de53980d696ccfcad
1788328389.757481575,EEG Signals,65535,2,1,UD2022081200650D,32,3b072e70e35ef52945831725dfdbe6af4e977e35d38b84483202bdad9769f32f
1788328389.761489153,EEG Signals,65535,2,1,UD2022081200650D,32,cf478a50dea357cf09dd3ca70389febf6be84fcd3b9cd1e310a2522ee6d19f93
1788328389.763503551,EEG Signals,65535,2,1,UD2022081200650D,32,637ce19a5ea92482d6fa489d8b94e7ef8c51fe5efb62020d05f7244dd5028957
1788328389.767509699,EEG Signals,65535,2,1,UD2022081200650D,32,b78aa6e604ff3ec446ba7057f922d43858d102a3ab17976a219d587440cff8cb
1788328389.771460056,EEG Signals,65535,2,1,UD2022081200650D,32,90d0164602e6e11f1a5aad975b22b68ef1717195ed0b4c6e56e6a85b66de1fd3
1788328389.775488615,EEG Signals,65535,2,1,UD2022081200650D,32,e39ca773f18e31643f6e7c3393f7b4a352fadd6ce00a65f522c9128e59b9541d
1788328389.779468298,EEG Signals,65535,2,1,UD2022081200650D,32,98ed4a5cff3725d0437adffdd4bfbeca47b3fd2bd527255c332a5efcb0206f2c
1788328389.783484936,EEG Signals,65535,2,1,UD2022081200650D,32,ed544a51bed8fa5499bdc59f4c4c22510297f212cf753c5a965d66935e7d6bf3
1788328389.787487984,EEG Signals,65535,2,1,UD2022081200650D,32,aa87c7c34b8020d4cc4e47cf1c0fda480b220bf4fb3442da6c25cd546abb3aed
1788328389.791484833,EEG Signals,65535,2,1,UD2022081200650D,32,2f25fdcde2b25d99efd6975ebf966de11326bcb3c486998c787d1d9e843baf7f
1788328389.796484709,EEG Signals,65535,2,1,UD2022081200650D,32,31faf2c5cc7d558318acea8803648635d57eaf3483dd10e2f5cd70cb58f56845
1788328389.799471855,EEG Signals,65535,2,1,UD2022081200650D,32,54298918895eda66053b11f47bca8ec15bfefedc0105ddfa326822fc28affb57
1788328389.803468943,EEG Signals,65535,2,1,UD2022081200650D,32,9f40a4ecf3b40cbb74dd4d0d3ab7e0399f07b2cd79986430124ee64bd25627bd
1788328389.807491064,EEG Signals,65535,2,1,UD2022081200650D,32,ecfa308ab111689f35a4b48d171ce7970b98ec3725ea5248bc3f58015b5b70dc
1788328389.810471535,EEG Signals,65535,2,1,UD2022081200650D,32,28713569f9b8fde5a791cef3a644c9b63e64b661452a379ce55e67a1603e508f
1788328389.814473867,EEG Signals,65535,2,1,UD2022081200650D,32,3ebda77eb98dc235e24ceea7fe4b2fabd62c16f070482cd902d6e59f063c23d4
1788328389.818477154,EEG Signals,65535,2,1,UD2022081200650D,32,d4a32f50ea4ff6b8c62f3bfd068ff76239450035320d07bbfa6d171d7d7f7eca
1788328389.822480202,EEG Signals,65535,2,1,UD2022081200650D,32,44fb20babacf7c580f00818efb706be2005a02c969c9633ec078ee898d27bf14
1788328389.826467037,EEG Signals,65535,2,1,UD2022081200650D,32,13661a03abfa842134f888ae2539911e783a15bac9219d990be00efbae702841
1788328389.831478119,EEG Signals,65535,2,1,UD2022081200650D,32,025d5a74ae4139d7541384dddccc6ec43ae43f50e3bad4d342637c1e29ad0dd6
1788328389.835473061,EEG Signals,65535,2,1,UD2022081200650D,32,b97cdb73a755916bc1e84dbc54ddadf687909a13a759bfccdd44d311cc6b7d28
1788328389.838475466,EEG Signals,65535,2,1,UD2022081200650D,32,73efbb51e50195f861a25caac343f010f59b6a2f78b91852d53b2a421dc5f973
1788328389.842462540,EEG Signals,65535,2,1,UD2022081200650D,32,12eb30239e4ea9587c1198a77156b175df0458840cd64227e85af292336cd751
1788328389.845486641,EEG Signals,65535,2,1,UD2022081200650D,32,2497b4a8bd2c29ed555f91cb6900e9df0e2438c61f8400805adf398188499047
1788328389.849475384,EEG Signals,65535,2,1,UD2022081200650D,32,e7eb62a79a1f9bb86bc1c9d4dd6f79fe8e6c0035f56c603ab26fddbc0e851af2
1788328389.853494883,EEG Signals,65535,2,1,UD2022081200650D,32,58e1550406a2b34ab49bad90175a16f7bf4003367fdbda89f2bdf8442de6a153
1788328389.857501268,EEG Signals,65535,2,1,UD2022081200650D,32,96589c2ba15e39f6a3169ecf71e972a462a0e68ef4687e6789fc4f5bf5ad096a
1788328389.862487555,EEG Signals,65535,2,1,UD2022081200650D,32,b742891c7b18886a964d3c9429b36e49747256ab40025312e9941577e722c70f
1788328389.865489006,EEG Signals,65535,2,1,UD2022081200650D,32,f43496063ba21c1e4e30282293f5282c4e60bfa991e4ffb421a7d21403df394f
1788328389.869491100,EEG Signals,65535,2,1,UD2022081200650D,32,df939afca1284812b29a8ef1e745666fba6655158ca91f71b6be3df6410a065c
1788328389.874500513,EEG Signals,65535,2,1,UD2022081200650D,32,3605bd8ea5a627e8fb95557c00acd81c174e494fea062cd25ac08e9bce45f624
1788328389.877501488,EEG Signals,65535,2,1,UD2022081200650D,32,c2a367afcccd3585789f6b7c8ffdb5863ee7909ef19f57838096c5291546ff43
1788328389.881484270,EEG Signals,65535,2,1,UD2022081200650D,32,2e337ddfe718adf3b4701e7a36ebed934fbd9142259a8dfdc72de940b6413522
1788328389.885496855,EEG Signals,65535,2,1,UD2022081200650D,32,6ba75e73bfc89c6f5b9835a4a7c412c20de623223d06c8278fc25ca20a404e88
1788328389.888496399,EEG Signals,65535,2,1,UD2022081200650D,32,c1c33e82ecbd0493d45e62f05d2d7205885cd9fd190d585fed4203c19169be68
1788328389.892511129,EEG Signals,65535,2,1,UD2022081200650D,32,3c64961b5145f11e41db6f5a32e2394666143277aa0166ba0d3029fb653c3113
1788328389.896498680,EEG Signals,65535,2,1,UD2022081200650D,32,fe8ab0ad92ef95111e67ae11a8ff5503bafba25b83ae28ac797d5cf174dcb155
1788328389.901517153,EEG Signals,65535,2,1,UD2022081200650D,32,8803f2c3d4d16a7dca6d17863ee48d05660f3cc824383d65c6c60de2680f179d
1788328389.904487848,EEG Signals,65535,2,1,UD2022081200650D,32,6fd0f435eecb4e60224640e6650c0dd72f34a6792f0c50a6879ab70c441da781
1788328389.908498526,EEG Signals,65535,2,1,UD2022081200650D,32,c1d78b22ba4fb33062810f6f7b3772560c9afbc470ad498a4a7aabc7ea539b56
1788328389.912481308,EEG Signals,65535,2,1,UD2022081200650D,32,6025f67ed47cf62d8016f12dc4f8216329e24982b95a7a201b81096e0b15d9bb
1788328389.916495562,EEG Signals,65535,2,1,UD2022081200650D,32,69378cbcde14cbd9d50c587f22dfcfe131b918915a7ae2e5c4cfdebdaf523bf1
1788328389.920517921,EEG Signals,65535,2,1,UD2022081200650D,32,bfe5784904d24ed000b33889181aa3d5cb4220b47d0b5da95f2934e0c54fff4e
1788328389.924494743,EEG Signals,65535,2,1,UD2022081200650D,32,0e1757c45ed2e6c68130fc3bd70b399e266ce2ee4be16b2a168040d8c6a41d12
1788328389.927486897,EEG Signals,65535,2,1,UD2022081200650D,32,dd275c33647d2cda58f49903ca2bff69a1bcc8a4b2bf467746661f58bbfa0262
1788328389.931484699,EEG Signals,65535,2,1,UD2022081200650D,32,0ec76f4a4403bf4c8d711cce91c69eb23442f6c0e843f4eb4008ed464d2bf4a7
1788328389.935499191,EEG Signals,65535,2,1,UD2022081200650D,32,d4e1363442db9da20c3d21b6ea4324a7fea5959f38b6092e3bfad003fadabe12
1788328389.940488338,EEG Signals,65535,2,1,UD2022081200650D,32,6d6f587023687d3d33b3f457b5ef60c79932db6f2cab597368868ceeb8d05212
1788328389.943494081,EEG Signals,65535,2,1,UD2022081200650D,32,0b66d862cd051eb33a22429081907ee281e5d854da690e4e7cee6368085d644d
1788328389.949491262,EEG Signals,65535,2,1,UD2022081200650D,32,028b63097d1ed4a2eb4f133d2ebf28b573f6b93784ccfdc40daff5ef25d15501
1788328389.951487541,EEG Signals,65535,2,1,UD2022081200650D,32,0d7e85920c25d2eeeee0d4de8ab45f68166c3f2dd249eedfb982cb8b866c8172
1788328389.955494404,EEG Signals,65535,2,1,UD2022081200650D,32,e3298f59acc3034ed9618b752a53e734961f4ef18f2e337781b7627b3f8f6a60
1788328389.959483385,EEG Signals,65535,2,1,UD2022081200650D,32,859e97fd3e9aa2a7965ccd12bebce565def1573a0815bdbdd88e09058ee87764
1788328389.963485003,EEG Signals,65535,2,1,UD2022081200650D,32,ded3651cb934217fbf09d4debad04ae9395d9a194c4248d1a42c9967d623db97
1788328389.966472626,EEG Signals,65535,2,1,UD2022081200650D,32,eab431249a1b17147940d8b0f88e2d2431ea5e19df4ec4feb3a33c3894ba4ffe
1788328389.970490217,EEG Signals,65535,2,1,UD2022081200650D,32,844abc9816fee69086cdf8953558b3984ff90062ece6eba83c8b1e7fa9406aec
1788328389.974479437,EEG Signals,65535,2,1,UD2022081200650D,32,a3c1e485db7f7eb8c0a821c133262e68308bc813d4b95a487de74cc3194c0d15
1788328389.979490519,EEG Signals,65535,2,1,UD2022081200650D,32,d051a5bc60ab69ba098819bca50e9c3e576ef1e52faaa2a06d37508cf69ba601
1788328389.982486963,EEG Signals,65535,2,1,UD2022081200650D,32,515758c1be01e839d68136773e424b2c8faa2419747793ff3327a1939df2a84b
1788328389.986522198,EEG Signals,65535,2,1,UD2022081200650D,32,48b910aad57312d98b482ec74023bdbef9f58d99c2ba5788b2739e6be0152c78
1788328389.990508318,EEG Signals,65535,2,1,UD2022081200650D,32,a96fd4a77ba2b746ec0b6f024c207b999a09f854620e7eb36218b2052f4380f0
1788328389.994496107,EEG Signals,65535,2,1,UD2022081200650D,32,b098549f83ebd1e132ab83d78784b9c6a8efb83c9df934adbb6e2c8a72768cbe
1788328389.998509407,EEG Signals,65535,2,1,UD2022081200650D,32,0971991a01ae99a54d877de8763f31d15f7bd9065171a08c89a88fc08a0098bd
1788328390.002491236,EEG Signals,65535,2,1,UD2022081200650D,32,48c04dc018782c1f2f817e088abc533d6435ac6c867dd2fb8f55ed3e5da5768c
1788328390.006483793,EEG Signals,65535,2,1,UD2022081200650D,32,b996006f3816f2ec09c863b17294acba7d0575fa86f729c3d6c3c2765bf4093c
1788328390.009491205,EEG Signals,65535,2,1,UD2022081200650D,32,022e0dd10934c324dc2f283d32e5514fb1534e6d47074855de03a5d4019d678a
1788328390.013493538,EEG Signals,65535,2,1,UD2022081200650D,32,8999895357e526bd834ee2df85aff2f2b3cd9cec32fdfaddc1636c8d504df473
1788328390.019522667,EEG Signals,65535,2,1,UD2022081200650D,32,a16e660af169c15dbad93f0245fe6181034dad1e1791513cc63906fb06b6e3ec
1788328390.022481203,EEG Signals,65535,2,1,UD2022081200650D,32,09759488621166c6b227506f1883489398759059add001a0e6ebeaf00eb9c0a0
1788328390.026485682,EEG Signals,65535,2,1,UD2022081200650D,32,724e121803654f3b7d031fab1ecd9efad8ac77ea573d7ed02a8ebedd06ff3de1
1788328390.029491901,EEG Signals,65535,2,1,UD2022081200650D,32,3f71c4ce484f46b850b6e93b1573bb075b76aa632c38fc11c1f92eeaf2391494
1788328390.033494234,EEG Signals,65535,2,1,UD2022081200650D,32,3586d44fc48a89e78e2101d62e07de0dba840e997ea3906c7f58329ca195e452
1788328390.037482500,EEG Signals,65535,2,1,UD2022081200650D,32,0e26f065d353857eba2d39240e8b63fb504d8fca69631b71f8d6ef4e0a810904
1788328390.041500330,EEG Signals,65535,2,1,UD2022081200650D,32,40ba3977108189b96f44161763707580136cbfe3646c8aa9d098209d8695cbd7
1788328390.045495510,EEG Signals,65535,2,1,UD2022081200650D,32,37e7bcfc90a688d496c545987038e26b6e99e5c2109abb965bc552debf5ec28c
1788328390.049495220,EEG Signals,65535,2,1,UD2022081200650D,32,63c2126749ed03975e7f1543e7d09e6a58e8e283be622e0673fe1c7516749529
1788328390.052486181,EEG Signals,65535,2,1,UD2022081200650D,32,bc080e5f8ce7a72c0ec3f02813d5b966f8a374d505b81f3b4f70013370b68f5a
1788328390.058500290,EEG Signals,65535,2,1,UD2022081200650D,32,e7f4c869972f01cda64621e1034a1732094903c8f748f5f21a38e0defbd8adc2
1788328390.060487747,EEG Signals,65535,2,1,UD2022081200650D,32,ea0ef4c6ddb061701d37a052c1ff0d010c6a975957a8cfd1ae0857fa57227bca
1788328390.064494133,EEG Signals,65535,2,1,UD2022081200650D,32,6b8eba9f2d348ba681315485fff32a30323f38c504add63a4c692103a82f493b
1788328390.068515062,EEG Signals,65535,2,1,UD2022081200650D,32,d0f4a3f787963b97301136768c2e5ef09aff6728255f2a50e22ecfb85979538b
1788328390.072499514,EEG Signals,65535,2,1,UD2022081200650D,32,72fb247eb5b2a42541e97765e54b0a9e63e27c9a78fbaa85ba5352901bee551f
1788328390.076477766,EEG Signals,65535,2,1,UD2022081200650D,32,80be4389fefe93d443fb5c8b06e8d726bd712933bee235917e2d0555c8e30701
1788328390.080489635,EEG Signals,65535,2,1,UD2022081200650D,32,ec27ea0ee15f87fefa05bf384cfd7c9b2aaf5cfda4fc2adab1f711ceb21beb51
1788328390.084483624,EEG Signals,65535,2,1,UD2022081200650D,32,fcbf7ee8962a6e5c84a540047e3ccd83e122fdc5872f3c9d00591eb548f06005
1788328390.088469982,EEG Signals,65535,2,1,UD2022081200650D,32,8c8eb479e68f10fa76b7d5887612e214a35d32eb9621af791c7cf7fa2bca7505
1788328390.092490435,EEG Signals,65535,2,1,UD2022081200650D,32,525dd3ac11447e8e9c7f92da819529678b6987cc054d5200ae98f2da24184bc2
1788328390.097488403,EEG Signals,65535,2,1,UD2022081200650D,32,046992b536e91147052407d28f08ce46d91ca76205c21e17a270de09de0c966a
1788328390.099471092,EEG Signals,65535,2,1,UD2022081200650D,32,790d691c58f77bf96c68113bb0b52c7f5fb29a7495f9d184abf6e3809845d3b1
1788328390.103492022,EEG Signals,65535,2,1,UD2022081200650D,32,b19c39f7da0177e9bb2eb4ee1f7189da2bbc45ac640962091807a671ea637224
1788328390.107499599,EEG Signals,65535,2,1,UD2022081200650D,32,55e128ea2ec010075fc59460343280edd18e4efec981591aef8231ca4ada87ac
1788328390.111492157,EEG Signals,65535,2,1,UD2022081200650D,32,e19634f75912b80e45bd0f8be66f4f901a5578ff956d15897d25d744a1af6355
1788328390.115503073,EEG Signals,65535,2,1,UD2022081200650D,32,86dfba803b72cb7616fcb48dbc1989f2d194b12a795e46f8bc98582d1a38596d
1788328390.119505405,EEG Signals,65535,2,1,UD2022081200650D,32,00a15cf3a034963dbef00c806be88c9e02a79fc9d20976936da2d4e105961e77
1788328390.123486042,EEG Signals,65535,2,1,UD2022081200650D,32,38f40420018ef02eb0d72dc4dd23288e9f374cf0f9fd44b90e9a34dc2cc0584c
1788328390.127518892,EEG Signals,65535,2,1,UD2022081200650D,32,77534a91b86ab03413537e85c072aa7ddb308d8d1c8fa22239b694cc8a8fe54e
1788328390.130504370,EEG Signals,65535,2,1,UD2022081200650D,32,cc1213190d4ae473624ba06aef1afee161b2f261edc7690f05d4f59cf11f80d7
1788328390.136502743,EEG Signals,65535,2,1,UD2022081200650D,32,ea952baab1e9f3f21aeb0b79d47cc14ca9d64e2b532a95c26967e8f74f29228d
1788328390.138493299,EEG Signals,65535,2,1,UD2022081200650D,32,68c2b63fdf41dfbff4c0b6d5a36dcbcadd20e15b7e04a71feafe23ae3f2ed7fd
1788328390.142492056,EEG Signals,65535,2,1,UD2022081200650D,32,0ce1242d84e8c4865d080b3b5c455d19ba69a264ddbc0f445faee890134018f4
1788328390.146500111,EEG Signals,65535,2,1,UD2022081200650D,32,6c2f7943d8e6184b3fe410a9be5b5670eea23e1619c9de64b5ee2233ae2a5e6c
1788328390.150496960,EEG Signals,65535,2,1,UD2022081200650D,32,71ce62b023c67e9c790d314f96aeb3d0bdd7068578499b990975f7cf949ba48c
1788328390.154506922,EEG Signals,65535,2,1,UD2022081200650D,32,18288270f8d9ee274959636e083a4c21669fd2bdd324b86ee5bd29835f7aacab
1788328390.158493996,EEG Signals,65535,2,1,UD2022081200650D,32,5be5388e03a5cfece942e7e63219b01a1988a968a894fc14679146b5328ca337
1788328390.163496256,EEG Signals,65535,2,1,UD2022081200650D,32,e54fa150c3406962a57c517f62f96cc0a0fd8da020f3c58f1f10837c8fceff32
1788328390.166488647,EEG Signals,65535,2,1,UD2022081200650D,32,10527ac35e9d99f18f05b193c4d81ea896ee28e5c2a2192f809d10b71730eadf
1788328390.170494318,EEG Signals,65535,2,1,UD2022081200650D,32,b18158f257b2580e729a20f6b318ff6acef40958e3c33112b8279be9091b6f8f
1788328390.173489332,EEG Signals,65535,2,1,UD2022081200650D,32,05fea62b2bf5c5d056474bc2073421db571a68407512980a5190e9bb5bffb263
1788328390.177491188,EEG Signals,65535,2,1,UD2022081200650D,32,cb5e70460bcc459e726282e206583ee6694bca3298a0efbe84ba09c7c62adf1d
1788328390.181494713,EEG Signals,65535,2,1,UD2022081200650D,32,aa9ffc145afd9f03919f7a4d585ab4208f9a52ca690122f496402a027de21473
1788328390.185496092,EEG Signals,65535,2,1,UD2022081200650D,32,4f35b9f3290c5ca6adbad22fc3aa3628ec0366b74efeae7d3563e5ea64318022
1788328390.189498186,EEG Signals,65535,2,1,UD2022081200650D,32,1d8f6e9348176ca23bca7f33993e1cb3e49b880ba69f089c2ac0673009d4bc64
1788328390.193498611,EEG Signals,65535,2,1,UD2022081200650D,32,a01f65ba79da805594a281b4c03440ca610562feb20d2d0e0cfabf3048181990
1788328390.197504044,EEG Signals,65535,2,1,UD2022081200650D,32,8691b189d88fc60733a54875bd2dc1264855275c8c9cb32c3eb197ac1d23e34c
1788328390.203503132,EEG Signals,65535,2,1,UD2022081200650D,32,218342b32408902f9a9d780169d4bd1c254a382cb3e990bf1d4837f02ca1070f
1788328390.205510139,EEG Signals,65535,2,1,UD2022081200650D,32,cf39d3b0f9a381d1f5e72c43ed975ff73c5720ba91e9d21fa6a6f1ff2000def5
1788328390.209529400,EEG Signals,65535,2,1,UD2022081200650D,32,64e4d1d961b51e5548e17921ed4b6e8275602f8de5c2fa729137e752cb80a07b
1788328390.212499142,EEG Signals,65535,2,1,UD2022081200650D,32,36267af3a28e0b9403bb6e87a137e73bb144c4fff6da9d57d4b8d89c47eb8c10
1788328390.216492176,EEG Signals,65535,2,1,UD2022081200650D,32,782d30acdb4e2a952f305a0cdc250e87496ae38f7db63cc819ad9ae0de7e0939
1788328390.220509291,EEG Signals,65535,2,1,UD2022081200650D,32,ba0b78e188e066984f3bc44a46f3d6470f83c2937b717cc98baef46c76daeb92
1788328390.224500656,EEG Signals,65535,2,1,UD2022081200650D,32,b0954f451e63fbb8f6b39ff44dc10954f6a81d922858e844197424d9dd580400
1788328390.228517771,EEG Signals,65535,2,1,UD2022081200650D,32,f2915c08e8af7607dc9f0200d4ae61affe42163b65b27d564978c686d709a200
1788328390.232493401,EEG Signals,65535,2,1,UD2022081200650D,32,4a886bd7f170a4dae2278ae62d194f82720e7b9022cb8c22504573e187589cb8
1788328390.236516237,EEG Signals,65535,2,1,UD2022081200650D,32,223569df3b744aea004d222ad1c368a966fcd0a9868f2576edba3b19fe05567b
1788328390.241485119,EEG Signals,65535,2,1,UD2022081200650D,32,c07c3730f2eb450206890796ce0b5a9cec7ca8a3f57836f9ef56564509828b81
1788328390.244494438,EEG Signals,65535,2,1,UD2022081200650D,32,f7ba926cd8de8f964f34dd80bcb3ed30b624a9c64b5d49931ed7ee21ccba3d69
1788328390.248490572,EEG Signals,65535,2,1,UD2022081200650D,32,f20cee369df4e69957225ce1721bc52090da705ff7229205528f420be051860c
1788328390.251496553,EEG Signals,65535,2,1,UD2022081200650D,32,b6153471ff34221b316a20031a17dd0018022fe832a6ce679d2bdf880249ab6c
1788328390.255513668,EEG Signals,65535,2,1,UD2022081200650D,32,40ee6cba53377be30716997279baddec0bd4ae76fc8d349f15a6bb9c2d803919
1788328390.259497404,EEG Signals,65535,2,1,UD2022081200650D,32,a032831c27962c745ca665950173a14edabd8ace8e3b1b4d2b1f0b4cc01c7a8a
1788328390.263501644,EEG Signals,65535,2,1,UD2022081200650D,32,675d8617384c5d26241c998d0a56bd44071ca9b867c37549f7d0d083f3f36b00
1788328390.267499447,EEG Signals,65535,2,1,UD2022081200650D,32,6afd2cf0fd2b66507aa1c72b3fb6f3446218d3419f696851b7386adb0116dc75
1788328390.271508932,EEG Signals,65535,2,1,UD2022081200650D,32,7f4c9013dceed68cfe714016e74f47d697c31c6f94d9f503c5e6c0ac49a062fe
1788328390.275491238,EEG Signals,65535,2,1,UD2022081200650D,32,23631965436a28d75ea5a5d62554eb3af17b72edfa69514eedbce74c60fbc447
1788328390.280500174,EEG Signals,65535,2,1,UD2022081200650D,32,67470cb9d9bb12b47d43adc293ec8f8ece65a2d8b8f7a6dd42dd671453c6aa62
1788328390.284522057,EEG Signals,65535,2,1,UD2022081200650D,32,ad638b25b9c571f2e0654c31281098e4373a6f1aef4a27d969a64bd4eeed107c
1788328390.287493706,EEG Signals,65535,2,1,UD2022081200650D,32,5ac8d0d85cd18b47dfc3acab542c28bc12f4127e11b1b53ced46851bc0ef02b4
1788328390.291486025,EEG Signals,65535,2,1,UD2022081200650D,32,a5ecb03b26b647558c036d53565b8d204e7aecb5fd0d70572bfa771da6367695
1788328390.294495583,EEG Signals,65535,2,1,UD2022081200650D,32,cf7238249a01203faddd0b2ab66b8283f3a37b33c1945d742d52ac0018c2aa14
1788328390.298496485,EEG Signals,65535,2,1,UD2022081200650D,32,92e6f29e4681fc8104635c986f86e086529423958ef064a88a93c74f7f5bdfdd
1788328390.302499294,EEG Signals,65535,2,1,UD2022081200650D,32,cfa32e246312f45835214c201e393d755d29e586cbfb5bf53fefca3dfb2d9ea8
1788328390.306484699,EEG Signals,65535,2,1,UD2022081200650D,32,315ebea354fa7783fdefc9a319891ffb13e624ed89ac5ba9a8a0946f5ba40856
1788328390.310491323,EEG Signals,65535,2,1,UD2022081200650D,32,1ee23bf27a0aac69e8be9f2b958803521d885c88635511d84f48d70f7eca19e5
1788328390.315493345,EEG Signals,65535,2,1,UD2022081200650D,32,f09c74a294666b753c70766d0ecfabd1243ec767fed3a98c443d1b0f4daf3fb8
1788328390.320539474,EEG Signals,65535,2,1,UD2022081200650D,32,e2cfd7c91b9f780fb1fcad1c3e8c01e1c9bc0ac2db6753ee4096b35925e3e719
1788328390.323497057,EEG Signals,65535,2,1,UD2022081200650D,32,62fb1b9964fcbec4f5536598502909c9370d8d4b0fcd3fa6788c443d5365232c
1788328390.326482773,EEG Signals,65535,2,1,UD2022081200650D,32,d2da952d41fdf6bc5bbabfea5e91b8e22cfe76e838e40ee396624eb76884f313
1788328390.330519915,EEG Signals,65535,2,1,UD2022081200650D,32,4faa164260e8d7765a1ecc0641aa70a300057a2a1b7d17142ddc90804817a376
1788328390.333494902,EEG Signals,65535,2,1,UD2022081200650D,32,dc14396344b293fa6af491ee14678988299a076e9140b55f74b2292065bdf6cf
1788328390.337508202,EEG Signals,65535,2,1,UD2022081200650D,32,86c0d0d4681e963bb75bdac9fff04dd329872039f7771f181112e83146de5dce
1788328390.341503143,EEG Signals,65535,2,1,UD2022081200650D,32,f539d168965d0b8b1a21a015bc351ce27e7a12620d00396088c60aaba92412ea
1788328390.345498800,EEG Signals,65535,2,1,UD2022081200650D,32,1765b923d30063a2edafb6b15e1e2fbb1a86dd53fdb092bbb02e09ea3a4db8a2
1788328390.349497318,EEG Signals,65535,2,1,UD2022081200650D,32,d675b7d5a38e5484ed7458a4fd3765188381c24ac843358e49f5eac5da6826c2
1788328390.354501963,EEG Signals,65535,2,1,UD2022081200650D,32,638d1897c122f278bc53505d8a9dded7067274c2b05b74bcc9a6a7c112a6e619
1788328390.358493805,EEG Signals,65535,2,1,UD2022081200650D,32,134996b09cc7512b5e7341b0cbf7512ae84bf3a340d11e054d9478d62d6cce85
1788328390.361496925,EEG Signals,65535,2,1,UD2022081200650D,32,a9a37a759a20be48ee152ffd1e723391be8bb9d7a5173b7371ef1875d63fa8f8
1788328390.365490675,EEG Signals,65535,2,1,UD2022081200650D,32,b50039243594b775faa63c92353fca95988b55a7745574d0ca72931b25ce1e5c
1788328390.369496346,EEG Signals,65535,2,1,UD2022081200650D,32,b1fee3f0a65bfd68f6a3b68f0f8c36113e8772e7dfdb07eb987c600f38f4e6c8
1788328390.373493433,EEG Signals,65535,2,1,UD2022081200650D,32,e76080fc61baa362551ad079a0cbfb2ae5a0e37688aad1cc001dd33277f8a0f2
1788328390.376489401,EEG Signals,65535,2,1,UD2022081200650D,32,21a2a29cfadffc0842b5582a6aada56c5dc240fef0aac1922154e57e441dc7ba
1788328390.381495714,EEG Signals,65535,2,1,UD2022081200650D,32,503df98260e9bf6cea8c35c96e5f7f88e303a46aec79cc640d958f18306670dc
1788328390.385507822,EEG Signals,65535,2,1,UD2022081200650D,32,18186ff752f6b29743b7d1fc716b7d49c841721b52826a2955519a2a2f7df92a
1788328390.388496637,EEG Signals,65535,2,1,UD2022081200650D,32,d4aa56d1038ed8eba0222c62f95d1a45bf2c0d051a4a5beb08f5d6374a865663
1788328390.392485619,EEG Signals,65535,2,1,UD2022081200650D,32,9f517ddfbc49f37b7a8db1f5b513b2d03dd7808cf59c449aa86a18a92f88154f
1788328390.398503780,EEG Signals,65535,2,1,UD2022081200650D,32,b1b5a6aeedf5db5e59efe14cedc39245e61df5f00ff67a11f321e69f35289e8f
1788328390.400486231,EEG Signals,65535,2,1,UD2022081200650D,32,a748ab3c9e2f1aba7ffc14b97568362af3c9aa81b9e4e66b46b86ee58e955d68
1788328390.404510260,EEG Signals,65535,2,1,UD2022081200650D,32,6518f67fe9b7b066a04c08de303c4b2ae04f101b47230504e93b7bd727471847
1788328390.408488989,EEG Signals,65535,2,1,UD2022081200650D,32,8fc9b3bc0711067aea60de108cacb2755aa6c83fc13a1b3193e9800e68e08312
1788328390.412496805,EEG Signals,65535,2,1,UD2022081200650D,32,17715265c28c2703dafae019f1de3457334be1a30d2f96e758816eee5faba1f4
1788328390.415491581,EEG Signals,65535,2,1,UD2022081200650D,32,429869a4bfb734d3853fc234df925b63f125027e283fb6a321ffeb3e35798cc1
1788328390.419509649,EEG Signals,65535,2,1,UD2022081200650D,32,d9a079ec27d5b5d3ce86335bd71175a05b1d0dba1e17ca82d5ca74575384e1f8
1788328390.424494743,EEG Signals,65535,2,1,UD2022081200650D,32,c56c8629964735c35ee4ad73640878e625ca82ed5fd66cf30c420c6a240b4493
1788328390.427491903,EEG Signals,65535,2,1,UD2022081200650D,32,c594add60e0643efea15272148f18ae24eb5b0c9ff0d89f35ae0bbf648fe9019
1788328390.431494236,EEG Signals,65535,2,1,UD2022081200650D,32,3608b35c69df0056d04011c1d6c8b87353367c7f0887ac49fe49d1c5df8d964c
1788328390.435509205,EEG Signals,65535,2,1,UD2022081200650D,32,a33413f85635513110b98ca7722240323cdae4a03ae79cb2a13eb58345fd9128
1788328390.439497709,EEG Signals,65535,2,1,UD2022081200650D,32,e03668654fbfac64cfcc91017c0e8630164d9a2bc807a6ed64178b72d15af0dd
1788328390.443502903,EEG Signals,65535,2,1,UD2022081200650D,32,247bb1b40a1e98adf565be70b1ccd57a3d5d04a5d6dd6f295679eb74b088ea62
1788328390.447506905,EEG Signals,65535,2,1,UD2022081200650D,32,3d9569af9fcc3ebb1501f4063919378c30d3f01fa6df101eddd3dcf2f04473a5
1788328390.451502562,EEG Signals,65535,2,1,UD2022081200650D,32,8cba4a6a0b2bafb43df0b524e5bf356c2f9c2e8962274ab4619ebe41c0021f33
1788328390.455517292,EEG Signals,65535,2,1,UD2022081200650D,32,ef5f224cd7324abca17ca2cd97c4942cb1a56f46b0cf2dd050c44debeafb8930
1788328390.458498955,EEG Signals,65535,2,1,UD2022081200650D,32,878c5e86e0f1cf612a9391ad05e84da683f7611da05cee17fcbd60f14b722474
1788328390.463517666,EEG Signals,65535,2,1,UD2022081200650D,32,30b9057362fa81c591187645312558e96aa4b482f6c4878ea61a26afa737307e
1788328390.466502905,EEG Signals,65535,2,1,UD2022081200650D,32,b38ce6f844ae47786bcdc5ec76d84f57cd534e70a6352642ec9c0b95aebfe32e
1788328390.471501112,EEG Signals,65535,2,1,UD2022081200650D,32,71de329074208e3d8748cd94df3f242c3bab9e0cdecbcf5b1f1afbac15627666
1788328390.474507093,EEG Signals,65535,2,1,UD2022081200650D,32,bf1a9b1eeb636b0be0951b943238a9c4f0dfd124493faefe508f13701b2025b0
1788328390.478507519,EEG Signals,65535,2,1,UD2022081200650D,32,e1ded69ef86f9e02e8fe9708ec29ac4399ae102db4db75011f621048f893a7c4
1788328390.482526302,EEG Signals,65535,2,1,UD2022081200650D,32,c64f43ed8f004bf5b945a37b784002fb423b189ae4a86cfcb9bc680242e45167
1788328390.486495018,EEG Signals,65535,2,1,UD2022081200650D,32,5525f4e3be274d226bde47d0cb2c4def3e754051f5d7e285683996f4ada328e3
1788328390.490512133,EEG Signals,65535,2,1,UD2022081200650D,32,e437a7e945573ae66218bfd1b9296cc0e52fff0d66df1acbcd9605b650590792
1788328390.494490385,EEG Signals,65535,2,1,UD2022081200650D,32,bbdc12fa07c7fd87390f9db3a7a899922131b51d83fbf19b1aaaa127bc6b20e1
1788328390.497508764,EEG Signals,65535,2,1,UD2022081200650D,32,94167d71e2fb84699d222f72310761816e3559be794f27cea80d4cb34f2a062d
1788328390.503576994,EEG Signals,65535,2,1,UD2022081200650D,32,7e1597a096467fab97e57fd891adc7abf6b41e0a201f6376457cf8ba2d86e22e
1788328390.505504847,EEG Signals,65535,2,1,UD2022081200650D,32,dd39e4d996faa94fdd8eb8b9f1c49b3e5ce25018a1e07141102b85b9ed3c6732
1788328390.509514332,EEG Signals,65535,2,1,UD2022081200650D,32,01d3c62dd74e4cf7696d9c571a61fafde167d789202cd9afa19d855c428f0f60
1788328390.513503075,EEG Signals,65535,2,1,UD2022081200650D,32,0bd45fb8f05e6df6703c621007818cf9153ccd81e54ef67a271b9ab6a31d4a6c
1788328390.517513752,EEG Signals,65535,2,1,UD2022081200650D,32,cf839235220cb76b0e7cdc0d68bc15656df69b9b06a75f8df6c8d8fae10e4024
1788328390.521531343,EEG Signals,65535,2,1,UD2022081200650D,32,2c1051d5bbff0a88e4f964afccb5e53dc742ac4e381993161ced7c3896f9c94f
1788328390.525521994,EEG Signals,65535,2,1,UD2022081200650D,32,97700d9e4496f22e6091af526acd30451edda90fba0abf8b2e1ee896819b8666
1788328390.529512167,EEG Signals,65535,2,1,UD2022081200650D,32,ce9a6452977c1438cc5cda4f7942ac9894eb3e5051cc99fbfd47297ee172cf5e
1788328390.533504248,EEG Signals,65535,2,1,UD2022081200650D,32,b3f1d7ec26adf6c29df5ffc38daaad9f73a273d77f81072b093c4a82539768d0
1788328390.536506653,EEG Signals,65535,2,1,UD2022081200650D,32,0f59c782f3dcb751f8614c934459955adcdf9682ef339005a296e98d19a67167
1788328390.542506456,EEG Signals,65535,2,1,UD2022081200650D,32,435ce1804b5201087953ec21ed46a509c9039d94d0fd3580ac6a43d0c5a22494
1788328390.545510054,EEG Signals,65535,2,1,UD2022081200650D,32,be957c964a117443315d9c134af54503ac6a10c1c12dfbae77c36157ef3417f4
1788328390.548498392,EEG Signals,65535,2,1,UD2022081200650D,32,daa068354dbd8ded8fb4e651d791ae6c426eea256780c13548ac5a5e5282d412
1788328390.552506685,EEG Signals,65535,2,1,UD2022081200650D,32,5bbbc824df30cd9a6d999b64d5cee3e90c1db24f60fe693e7e43e89fcba38ed4
1788328390.556521416,EEG Signals,65535,2,1,UD2022081200650D,32,72f7117979b714abef5ae6001926be036b1bce88d6400c6f39c4efb22c00acc3
1788328390.560498476,EEG Signals,65535,2,1,UD2022081200650D,32,088f2fcd0fa3bfdfd2ed9d6543e97fc01ceedbf81bb7694572c297117f62c29a
1788328390.565521955,EEG Signals,65535,2,1,UD2022081200650D,32,011e6638a0323e6489b712d41e3fb5488ee06070f0fb579bfeff0d0fbcdd59ba
1788328390.568535328,EEG Signals,65535,2,1,UD2022081200650D,32,08c6c54e4afac868f46495ee237fac40b8a1cae5350f8251ac69e82942bce419
1788328390.572493076,EEG Signals,65535,2,1,UD2022081200650D,32,3eba9e4a1ed4f1b3665bbb8b6ce7f6f3040bd377d9ea76c3c105263afa8a3a3c
1788328390.576512337,EEG Signals,65535,2,1,UD2022081200650D,32,644d96f1cb1a1dded5e80ad411195843563fee114e29350f931608a258c0824d
1788328390.581504345,EEG Signals,65535,2,1,UD2022081200650D,32,40c09282ff46bef88c40b2d7edb9efef03744307a2c89931f2692a9c9e22740f
1788328390.583502531,EEG Signals,65535,2,1,UD2022081200650D,32,6b6cec569f88c0da2366df259e4e95181c44cfaeb2b969b9ec02254e2ec21cf0
1788328390.587502003,EEG Signals,65535,2,1,UD2022081200650D,32,1163d3b03fe6c89b66f62a8d4555e8cf7f3c09326409578d8ae92ba0a6994c90
1788328390.591504812,EEG Signals,65535,2,1,UD2022081200650D,32,333bba82eecff3bef5a30c821c426b5cc29bde2b4c1e45e9730bc463d67f8775
1788328390.595522881,EEG Signals,65535,2,1,UD2022081200650D,32,15939a14cbacba95137cb45c39e1af4f5249f4d2531c08a73435466813eddc89
1788328390.599503517,EEG Signals,65535,2,1,UD2022081200650D,32,2a6301cb48c11f92699228289656264d9ba2be1e6577af6f168f3b52c9b9b491
1788328390.603508472,EEG Signals,65535,2,1,UD2022081200650D,32,01c249e2be51d053aaf7a21b7e3507806227a820057eca1b47f0e5b3be482ee6
1788328390.607510090,EEG Signals,65535,2,1,UD2022081200650D,32,8ad376f1dc8f3c6b79dff45197b747911e704d31d40a0d094066b2cafcfb63b5
1788328390.611514807,EEG Signals,65535,2,1,UD2022081200650D,32,24f0dc3d1b1e99ad2b2839fc0f266939526829e2a886dcdacf4467b20afe35fb
1788328390.615514040,EEG Signals,65535,2,1,UD2022081200650D,32,65e0b9e1846b2227fcec9d28028f7442b73ee9af868628f62131b6cea5d43ada
1788328390.620510817,EEG Signals,65535,2,1,UD2022081200650D,32,158abeae898d89339553097af2623ca7cec1a1d89ce330913e139d10333f2587
1788328390.622500420,EEG Signals,65535,2,1,UD2022081200650D,32,6d4b27877ab906b15433c378521074ffb95eae2c0012c826681a11ec1278e655
1788328390.626496553,EEG Signals,65535,2,1,UD2022081200650D,32,b85d16be6cc449828da585265308953ceb4c81773f55cde806ccbfabfed8797e
1788328390.630496502,EEG Signals,65535,2,1,UD2022081200650D,32,7ec1c95ccc39a237fd4ede662dfb2ce83d0463bb7c1438894001fb23e00c0186
1788328390.634506226,EEG Signals,65535,2,1,UD2022081200650D,32,d6cb68501247569a29f0fb2f204fc7ce94cd80397cb7015ab9091cf8c5961124
1788328390.638514757,EEG Signals,65535,2,1,UD2022081200650D,32,337ab005372ffd3d10b367e4fa823d0cb486dc62ee6f72e8e6b5b82497bbb9cd
1788328390.642510891,EEG Signals,65535,2,1,UD2022081200650D,32,a4cbd755a30e2cf5f792e1cba6818a6c9d1e21e7533e993d241930677ee9e4b9
1788328390.646506310,EEG Signals,65535,2,1,UD2022081200650D,32,59af8ad1d1669a95be4c00d2b0db365f99486dab3c5c7ba17142de01199f78de
1788328390.650501966,EEG Signals,65535,2,1,UD2022081200650D,32,fbe2f4241d1cd64d2e70815df68a61bccd5f1ecd63b2af471fd3948d807dadb9
1788328390.654497862,EEG Signals,65535,2,1,UD2022081200650D,32,881dafc5d5339a0667e7a91b013f5f990f0f8b3bff422239832b07d8d1dc6abe
1788328390.659512520,EEG Signals,65535,2,1,UD2022081200650D,32,f06de6768e588a6e2beb68572b8aba2f6d24b703e419d27ccb842147016bfe48
1788328390.661498308,EEG Signals,65535,2,1,UD2022081200650D,32,71899c0a7df7ad673b77752e23464bdc3e0f4fb670affb6013e4655a9c678976
1788328390.665502787,EEG Signals,65535,2,1,UD2022081200650D,32,d8ba7a97c76261ea4850b067265c3a1d170a57cd08057d076e053f64e69b246a
1788328390.669506311,EEG Signals,65535,2,1,UD2022081200650D,32,09a9688b6530ba7f827792a8ec22cef3c100fe38587726dc08a39086bbd2755f
1788328390.673514605,EEG Signals,65535,2,1,UD2022081200650D,32,804c04813a152cf5fc027a141890ecf9f59979b5ded3e4330a23868c9a654f21
1788328390.677505732,EEG Signals,65535,2,1,UD2022081200650D,32,ef5b06adc7fc5bd89462d98bf05f21153e4d757b64e2fefecdce72d85607145a
1788328390.681487560,EEG Signals,65535,2,1,UD2022081200650D,32,0d21d03b3d801cb7154d4b1c9a23cd1b5cdd1bf33acf2a1145e1b1abfd45e34b
1788328390.686507940,EEG Signals,65535,2,1,UD2022081200650D,32,e94d3783994601ede60f603f796b12506ff660cc455601a03bd3c33b294f7356
1788328390.689512968,EEG Signals,65535,2,1,UD2022081200650D,32,eaf80a8ea4856e941400362ffa2e4fcbfed2f4b687e496f3415a79cec43cff08
1788328390.694487095,EEG Signals,65535,2,1,UD2022081200650D,32,b97d5c8654ba8cede1c22d934a6870e6c463e482570459a821ff62f29c089c93
1788328390.697496653,EEG Signals,65535,2,1,UD2022081200650D,32,f860abc9ef22de18777cf9855ea4dd62c19dc0b458fc61140ce8b6c40af67597
1788328390.700509548,EEG Signals,65535,2,1,UD2022081200650D,32,e4418728530dfe7cd7e0bf7ed04409863bad11effa66feee32cbb5d1d143b547
1788328390.704509020,EEG Signals,65535,2,1,UD2022081200650D,32,ee08c0bd53c8e3f862a101171bf8f69ce06955b2812a45c7bc3ed9f0669d9b33
1788328390.708488703,EEG Signals,65535,2,1,UD2022081200650D,32,954352403ce39d5836be1e579bfda2893751425c38fd1d59033d143446e0d769
1788328390.712497234,EEG Signals,65535,2,1,UD2022081200650D,32,a4ba262e86c920b1c4d340ee0b707e1b12e2ef71bd7a34c2d3a4884bed46933b
1788328390.716516972,EEG Signals,65535,2,1,UD2022081200650D,32,1c62a4c75e1b158dcd83ff3801b5117581f2154811da7f5cf6ed3e1420ed977f
1788328390.720500469,EEG Signals,65535,2,1,UD2022081200650D,32,ca05fde879eb3fced6db64ef951b7ec6b97df93376f536e463093bf2954e4c99
1788328390.725493670,EEG Signals,65535,2,1,UD2022081200650D,32,a58ec73581867c738ba5d16fed7bf21a8afa08ef7617140f48d0af666dda8bac
1788328390.728502750,EEG Signals,65535,2,1,UD2022081200650D,32,f61c3f0fe84a83e9a6e16314f9a421ceafc61571ec81967c9ad130273ac6cdf3
1788328390.732527733,EEG Signals,65535,2,1,UD2022081200650D,32,d2ff0e726ab8eb7d28b2aa53ad37366b62f8417dd56eae3b22c47786bf33b44a
1788328390.736602783,EEG Signals,65535,2,1,UD2022081200650D,32,4818f68908651048738d2305c59c49278225aba12fff64d614660c9b3601f5e6
1788328390.740516424,EEG Signals,65535,2,1,UD2022081200650D,32,5781fa1bb6aa41242131f590788d8e2c5802f1eb7a5c704c33160426c1804feb
1788328390.743510246,EEG Signals,65535,2,1,UD2022081200650D,32,ecd5ed9b3c604198e84cff2a52e039206560fcbda9910fd8f9a7c974551691ae
1788328390.747516394,EEG Signals,65535,2,1,UD2022081200650D,32,fbe78ec7d26c7f6ceac851d953ef9b1903b2d32cbd78543662ff44b61ef68f4f
1788328390.751611471,EEG Signals,65535,2,1,UD2022081200650D,32,9a686f220fb5ea39f7532e1b8eb8827f706f3fe44713d41fef3d705d8df21b48
1788328390.756501913,EEG Signals,65535,2,1,UD2022081200650D,32,d21a46fb99d7d2ff5a3807208b2c1ec1f84a1a48655c8159afe5769593a7fd5b
1788328390.759503126,EEG Signals,65535,2,1,UD2022081200650D,32,374c12c45091ecb9d054a3dafe737808ed432da87ff7e4d290cf84dcabbd8da3
1788328390.764543772,EEG Signals,65535,2,1,UD2022081200650D,32,08011a51f17ab2dd32124af682b656af37aa6f1f491c626b8afde18682ddea7c
1788328390.767508507,EEG Signals,65535,2,1,UD2022081200650D,32,a8d43de92d25060c81d4d43160f8308f2a54ce41d6941dd09fa9fb0573233266
1788328390.771507263,EEG Signals,65535,2,1,UD2022081200650D,32,679cc79a1ecc425410dbb4436888c7437aa374c3ac969551d1b93950cedd0864
1788328390.775513649,EEG Signals,65535,2,1,UD2022081200650D,32,9b37da2ab5e1693219df444b43c224684a0c987dbae8d8351636ea8f0b03ed50
1788328390.779517174,EEG Signals,65535,2,1,UD2022081200650D,32,55f9021bc670ec0b8761aebed3acc89966fd34be8064ed974d10f0577789bd47
1788328390.782514334,EEG Signals,65535,2,1,UD2022081200650D,32,90a54b7eb757afb4e38c78e2f259e691477bfb7bd9f1ca1cbe1d3366bc74e415
1788328390.786506414,EEG Signals,65535,2,1,UD2022081200650D,32,4f2808f8417ad004673059c66409e1dbff755609861ad9a73c1a3e16d0f4ebc3
1788328390.791508913,EEG Signals,65535,2,1,UD2022081200650D,32,cc27b3ebdcaf520fe973b9d20d05396abfed94c04f5aec0063afce244e40c901
1788328390.794530869,EEG Signals,65535,2,1,UD2022081200650D,32,a27a092b234ae6f601fe38d151b4e9bdd0333dbed288e846e064082f5c75c023
1788328390.798511028,EEG Signals,65535,2,1,UD2022081200650D,32,8492562bdde63321c578f056b816ea4ebf9b308c28318fd9404464c4a65d95a3
1788328390.804518461,EEG Signals,65535,2,1,UD2022081200650D,32,e2cd89fc421988709ba478f9a64ed39d0d779b724ac0f3284e933d0017722440
1788328390.807509184,EEG Signals,65535,2,1,UD2022081200650D,32,e062d5ce9ae7be8e169f7f1afd3ba1667a9820a768b6295424d76e7c02f41778
1788328390.810506344,EEG Signals,65535,2,1,UD2022081200650D,32,e6b7c066e66e7c5d645e921eb2bae08029c1d3a83e09167b17e12aab262378df
1788328390.814521551,EEG Signals,65535,2,1,UD2022081200650D,32,8718296a7f1dd9ef77387afc54f31b1dce08e68ca029fe5dfda100b4bc51cdf7
1788328390.818520308,EEG Signals,65535,2,1,UD2022081200650D,32,42f47488877615c8a5664753c68b932fed44938a7666c64dbd436dcf81d5e960
1788328390.822539330,EEG Signals,65535,2,1,UD2022081200650D,32,6de2fe9aa80b822141d19d9cf4cfd38c5e6bf1e8b66f4e44326c255f85e48313
1788328390.825511932,EEG Signals,65535,2,1,UD2022081200650D,32,a63ae2a7695dc54967b2eefc8d86732033fa931efaf9ef5621c2aae1004e62a6
1788328390.829518080,EEG Signals,65535,2,1,UD2022081200650D,32,b1df10729bac277fb6c108fabc2da696e89228c4f40b37f7962ec5a45b2724ff
1788328390.833503008,EEG Signals,65535,2,1,UD2022081200650D,32,a03e2b3e1302a6cd9bf17452f4f0b47c1985c21046eb18d750fcb7a1ce4d9134
1788328390.837527514,EEG Signals,65535,2,1,UD2022081200650D,32,ae2cb1c5e6c8268c9f1aec0f76f187a6fdf015eba8b57eb94b9fac1863e39c20
1788328390.843518734,EEG Signals,65535,2,1,UD2022081200650D,32,0bab599bf75a06e920092eb538f47c403a13b3717b5767a0b50fd34c890a920a
1788328390.845501661,EEG Signals,65535,2,1,UD2022081200650D,32,6740ebc6316f20c89f08d6e773bdaf8885941380c7707e94385dcd603e5b8752
1788328390.849510431,EEG Signals,65535,2,1,UD2022081200650D,32,0ea7fada815989fc429d4cd9749d12ca023ea76f763adaa071ba08b0871ff523
1788328390.853509188,EEG Signals,65535,2,1,UD2022081200650D,32,e656313f8fbce2ed4c376b25b7f46e4061b5834cee09bdd31c011f138cb663ab
1788328390.857507229,EEG Signals,65535,2,1,UD2022081200650D,32,3d7b4f5cfe4c02855a0d8deab556a6caf2f09e1bf636987f712297abc278e5f2
1788328390.861499310,EEG Signals,65535,2,1,UD2022081200650D,32,78cc4a4d8abd45b4df340a7b972b9aec1c0ec75ba4b7f5d1364ebf19d6b0cb9d
1788328390.864506006,EEG Signals,65535,2,1,UD2022081200650D,32,959257803c2342191717c2a20c2b02153768e4860fa2f22149565398bf98a40b
1788328390.869508982,EEG Signals,65535,2,1,UD2022081200650D,32,cbae1f9f42b37a9f97c1a4e1ae909d63bc53c49acee73bf3366d24775d5f2039
1788328390.872510195,EEG Signals,65535,2,1,UD2022081200650D,32,8a50c3e884187cc836a0083501edf8327c660df866074a71c2e762685a323359
1788328390.877521753,EEG Signals,65535,2,1,UD2022081200650D,32,ba04b8ca1cd7cdf17cd1e9aa69703c56bdd7cd8617552499ad340bfe8c33f721
1788328390.882528067,EEG Signals,65535,2,1,UD2022081200650D,32,1ebef88c165be4d48804cf1d9ab42f4405d6b286fefbb70392ebaf2076df8025
1788328390.884521246,EEG Signals,65535,2,1,UD2022081200650D,32,3403afb0fdec459fd6695f6be0cad9abe3924c21130839e3a8583f15f25c3560
1788328390.888536692,EEG Signals,65535,2,1,UD2022081200650D,32,9f90d78f4b0baabe87052b18191b2343be9994986df957d5b0ab2b5d3a18fefb
1788328390.892524242,EEG Signals,65535,2,1,UD2022081200650D,32,5a6269839585e3becb7a9162de79ca860cd66fe5b3691d5dd7327b729ba28128
1788328390.896511316,EEG Signals,65535,2,1,UD2022081200650D,32,2e45c2dc086ebc8a4bf30be4be6d4540efa408aafa11029c6f1bf1c24ba80a4c
1788328390.900505781,EEG Signals,65535,2,1,UD2022081200650D,32,663301abb44a00a14ba1b563fe527c4f1762e7cf2896574f17af57a00c7cfb12
1788328390.903673172,EEG Signals,65535,2,1,UD2022081200650D,32,ea16eade230a226c79448dd918b6bf079eb74a3b97e43902120f451d02034421
1788328390.908563137,EEG Signals,65535,2,1,UD2022081200650D,32,b2863c132ad5ab1419f6e75a9c48c80f846ebcad9e37468795dc461a749ac457
1788328390.912520647,EEG Signals,65535,2,1,UD2022081200650D,32,98d19864aa2992bbb7fa7b90fbc49e7d235a7f7156824097e6fa2739cecedb87
1788328390.915517092,EEG Signals,65535,2,1,UD2022081200650D,32,32fc37a3f995db5f38c98e5b068ad57f3564e4639d2a2175ca1c708642b83791
1788328390.921521902,EEG Signals,65535,2,1,UD2022081200650D,32,d3bbba013753d8534b604c9831d2eebffb48459957d8758016646331cfb717d5
1788328390.923509598,EEG Signals,65535,2,1,UD2022081200650D,32,cc86a4d7fe463bb08256eee0a0411b66a5edd87f654772d6468effc7686e411d
1788328390.927550793,EEG Signals,65535,2,1,UD2022081200650D,32,13c07bf227b53431e2f4e7c006a9e4dd86f4cffd8dc90257ee6bc27fd2b4a6bc
1788328390.931503057,EEG Signals,65535,2,1,UD2022081200650D,32,b6237736d7327e161c32c17beaf703423878e51cfc37e13709d0467920944f03
1788328390.935507298,EEG Signals,65535,2,1,UD2022081200650D,32,750694d6c94718d6ae80f4977dcac8a436831a286b8410bf394b9553f83b4b3e
1788328390.939509153,EEG Signals,65535,2,1,UD2022081200650D,32,e7ff84724e3249d6f541e8219304f194142a405c10bc1048ecf9553de954aa5a
1788328390.943505526,EEG Signals,65535,2,1,UD2022081200650D,32,5dcf73e20b334b3d0d59cdc886d87d5a701544fb01d801975e741951ede257df
1788328390.947540522,EEG Signals,65535,2,1,UD2022081200650D,32,a8fbc985ee999dc428f1be633417d29fcdd2193b7dd172a45fb4af04d961135d
1788328390.950533152,EEG Signals,65535,2,1,UD2022081200650D,32,0c0448aa523b8b65495b8056db658dfd698fdaa525c375945219ff86de353fe7
1788328390.954509974,EEG Signals,65535,2,1,UD2022081200650D,32,3521a16e64b886d8abb9f78f0b66e2e0c8b765118f0861bcec210104494c06d4
1788328390.958518267,EEG Signals,65535,2,1,UD2022081200650D,32,038d94ef8889e5d8b93f6c1f539e77223b1c029ce5d95c1902e6594c056a52bd
1788328390.962514877,EEG Signals,65535,2,1,UD2022081200650D,32,3898cdcdf67338ca63019be60c27a755f34822d87714f298e5356d7605380104
1788328390.966538191,EEG Signals,65535,2,1,UD2022081200650D,32,00cfc65d6e9be31f6a4787a78a8c9107af5bb1149cdcf05c2310e4507668428f
1788328390.970540285,EEG Signals,65535,2,1,UD2022081200650D,32,e396f36bf244af03a41d459f10c3e6bd3386bc4f9ea25d0703f00decd39a4210
1788328390.974517345,EEG Signals,65535,2,1,UD2022081200650D,32,f2bcae2cb5070545062a3760a53066bf4683824d3608abd6844c054e7f3079f7
1788328390.978527784,EEG Signals,65535,2,1,UD2022081200650D,32,764765e56afbd08a6b1f6d45fbfa746ff1c80b9bd7705ba379810852070a297d
1788328390.982505560,EEG Signals,65535,2,1,UD2022081200650D,32,2f49b0199bdfce218ed75299f18089b5c2a833ece14e9eda22ffc44f5975ff8b
1788328390.986541510,EEG Signals,65535,2,1,UD2022081200650D,32,d057a5e5613573b1ed2f101d041e5df467714f1af075f3a47aaf014bb6190b5b
1788328390.989511013,EEG Signals,65535,2,1,UD2022081200650D,32,1c17876ae8569c80abcd1805ed875a3dff05cf4bf158d7890e5d298ba7ed410d
1788328390.993506908,EEG Signals,65535,2,1,UD2022081200650D,32,a56b14b4d8379d78c81160e052529c213cd2ea679f2d2cfa17e083dd5ba4b792
1788328390.997506857,EEG Signals,65535,2,1,UD2022081200650D,32,4a69617e3efe119551c9283231b7db05008f91cb1c83f1498475492409f69ef7
1788328391.001504421,EEG Signals,65535,2,1,UD2022081200650D,32,49f0753151a90401f8aecdf173943f63882ecf34a7e0f203a3eb62b8f4a18969
1788328391.005516768,EEG Signals,65535,2,1,UD2022081200650D,32,d2eb1455b4defbaab69111ac0f5fb1cb577fef96fbfe2a526295fb4cf4276a15
1788328391.009504080,EEG Signals,65535,2,1,UD2022081200650D,32,4fabd4eb694218108ba7b6da9490bf01c47e0878c7364c5c38faa97822e3e0df
1788328391.013502359,EEG Signals,65535,2,1,UD2022081200650D,32,0a0458165032483733e7f5ddf5a1732402534bb44398833c3df136940be08e31
1788328391.017516375,EEG Signals,65535,2,1,UD2022081200650D,32,a6dccb6c2c567fc07669a266c346ad0fca8639f2a9bf81e4a6c62e50f7445af0
1788328391.021510839,EEG Signals,65535,2,1,UD2022081200650D,32,5bd181e67eeab70a489878d9f62592684e3337c31c8e37ceff0d367153ffa8ad
1788328391.025520325,EEG Signals,65535,2,1,UD2022081200650D,32,f197ad06a1d0ed677fe30a2faa518bc9e5296bcdeaab9e81fdab176c43122783
1788328391.028505802,EEG Signals,65535,2,1,UD2022081200650D,32,29bdf9cb56d62bb991fd79eb4e1bb930d587496f2c7d8cfabce1c1ff468e9717
1788328391.034527063,EEG Signals,65535,2,1,UD2022081200650D,32,d0903c5b4c058e4525be0912284e1f48eeeec0df9a0065403f92b09790b697b1
1788328391.036518812,EEG Signals,65535,2,1,UD2022081200650D,32,565ab1386bf32b4fd69f46e96ecdcdbdc65e0102ead29afbe9cfa2d1a9a32912
1788328391.040530920,EEG Signals,65535,2,1,UD2022081200650D,32,13d4c7b226076f20a5b92ce86d2248d440cb38efaf8bfe1e3c60da9025c4b6a6
1788328391.044528484,EEG Signals,65535,2,1,UD2022081200650D,32,9d01a554ee9c29c7dd8cbc8093bf3f300a433e57043bcf7f774f1295b9ec1c0a
1788328391.048519611,EEG Signals,65535,2,1,UD2022081200650D,32,83e100f4a1a7dcdf8529b27d0291035d3a223b88409b87fa1e0b55a00163e296
1788328391.052507639,EEG Signals,65535,2,1,UD2022081200650D,32,32104cf5fb9dd1ca9ebbc2de827c6f56c3d77d3106971764e9faf913445b4122
1788328391.057521343,EEG Signals,65535,2,1,UD2022081200650D,32,9f325ad4da9228795700f6fdce58a31b032320ac65e58153523725335ddde6ae
1788328391.060501575,EEG Signals,65535,2,1,UD2022081200650D,32,8c15c478d385b3bf5549fb3883b1d69eb1e00b28fbf890f53d304f659ee27bd3
1788328391.065531492,EEG Signals,65535,2,1,UD2022081200650D,32,a299e3f849ee3e28c4b76a87a6b771bf9f5f6e6c5338eff1254b9a20196dd67f
1788328391.068521500,EEG Signals,65535,2,1,UD2022081200650D,32,308bd3fd1d99f50a82c871b68ff0ee9b1bde1fbd067ac623fcbd0d33b88f5ff8
1788328391.071513176,EEG Signals,65535,2,1,UD2022081200650D,32,0a2723bb57a895ec6c8330e664d0bfc317617031f07228972715440fbc4fb7a7
1788328391.075521708,EEG Signals,65535,2,1,UD2022081200650D,32,a4f70cf3111ffe70bcd19d02b04b994a7ec55772b6884c4efa80636f95e6c7ed
1788328391.079532146,EEG Signals,65535,2,1,UD2022081200650D,32,847665e395ea2aba10afd3d46fa0c073b99b0afffd2c2288dedf13754b2b961d
1788328391.083534956,EEG Signals,65535,2,1,UD2022081200650D,32,923a7db6d365708609c2b1a32f9130a0ac9130d3ea0b8cd245b8be49e3554bc2
1788328391.087534666,EEG Signals,65535,2,1,UD2022081200650D,32,972e0b1f1b812c7eba167b1ae4c4e694d4e5b8bcb6991a09b7e1a0d0aafb67bc
1788328391.091532946,EEG Signals,65535,2,1,UD2022081200650D,32,f66a51fe7b1ee4257536a0bc9901d19553d19a68e76fc112a97a744402e7b9f3
1788328391.095532894,EEG Signals,65535,2,1,UD2022081200650D,32,1d1961fdf4874af185bd4463c0782438e32fd6056b20d7fff55a784c4fa9c080
1788328391.099541903,EEG Signals,65535,2,1,UD2022081200650D,32,8c3e6d49191178b49a6f8bbeeda6b6871b355aa39d77cb31ce42ea5502ba236f
1788328391.104541540,EEG Signals,65535,2,1,UD2022081200650D,32,949c958c3aa49dbf22b9d6608e67ba1d9a4da65cd42c008d2f6a2d9ea07e1a27
1788328391.106721878,EEG Signals,65535,2,1,UD2022081200650D,32,6ba7ee18e3af8d82cdd2886e0e19bf410379419173c751c0a33bbdf81365573c
1788328391.110538244,EEG Signals,65535,2,1,UD2022081200650D,32,a3cb0948b02f5758f41c5e1024ea65e039e54f43745d97ce1b92c3ac6728dd45
1788328391.114540339,EEG Signals,65535,2,1,UD2022081200650D,32,10c08a213b489ace43ce76ed5f8a7038a946bb31a125d0bb7b8744112b0d9251
1788328391.118567228,EEG Signals,65535,2,1,UD2022081200650D,32,419811c7bbf651e7329a4051742d46431ad8dc760eee83eba16bbd4e508d5b93
1788328391.122520685,EEG Signals,65535,2,1,UD2022081200650D,32,1c80bc62b5c0bdcee23862627e773485867686537ca979790aa8419611394435
1788328391.126538515,EEG Signals,65535,2,1,UD2022081200650D,32,c9371b91d996f202d10bc83c435b2ae282d3b6b68254be4be217013528c6a5bc
1788328391.130534172,EEG Signals,65535,2,1,UD2022081200650D,32,1efca0358f2cf7b4ee0843511d8a4dbca72cef5c77e018db408c05d7b1a6a2ea
1788328391.134523392,EEG Signals,65535,2,1,UD2022081200650D,32,da7c84985096b3a2dd9edad149eec66acefdf67e3dcb23481801edc5f27d0a73
1788328391.138551712,EEG Signals,65535,2,1,UD2022081200650D,32,dd4ea48f3a259c0f5b21c785e34e6b30df7c585bf7e1e5553702bff21774d486
1788328391.143528700,EEG Signals,65535,2,1,UD2022081200650D,32,f2683f9e4e6c219fe6eeb229362c8f3e76fb2af0ae02927f40a2a64a316f4f8b
1788328391.146521091,EEG Signals,65535,2,1,UD2022081200650D,32,0ca23bb3c0642bccf5701635b4bcca7123295c8bf168f982b62080ceda2ecc0f
1788328391.149519444,EEG Signals,65535,2,1,UD2022081200650D,32,8db935886c043a7c4a6c3b3a30a971190ce8aedf6b9b4e49decc1b9d6d1d617f
1788328391.153534412,EEG Signals,65535,2,1,UD2022081200650D,32,3e512c76f97b24f15da76ea248143a7665ba58c14fc5b23eacc844823af521f8
1788328391.157557964,EEG Signals,65535,2,1,UD2022081200650D,32,c15aef0df56ac7641e4f3a75d5e8058f71dadeb21711bb715cbce60cd485348d
1788328391.161514759,EEG Signals,65535,2,1,UD2022081200650D,32,9b1882f114c4cb8ab8536a0d8dc05d44b77de4b6044f67ddfa2c3d1010a830b6
1788328391.165526867,EEG Signals,65535,2,1,UD2022081200650D,32,81379e3c302ca357c3a87bcd44b17bb5d93f9881cd492978c50f3341b1f5f15d
1788328391.169540405,EEG Signals,65535,2,1,UD2022081200650D,32,3e1fb464e1a549b47d286c4b11d10f40b4d4fc60de9494b76b975691ca67f6ed
1788328391.173542976,EEG Signals,65535,2,1,UD2022081200650D,32,7ca9460c0844f3fe609ab1402f28b99df0d8b2ef0ea85b5ad74dd3fad5f646a5
1788328391.177527905,EEG Signals,65535,2,1,UD2022081200650D,32,bbc886f7634f20586c16bebddbe84d71c06ec30214820ba6777a3fb91b41c2f6
1788328391.182521820,EEG Signals,65535,2,1,UD2022081200650D,32,6ae2a4944d7c2372b9ed83dec387b66bf00fe6bc0fa93b08fa35785eff4b8caf
1788328391.185518503,EEG Signals,65535,2,1,UD2022081200650D,32,0667e2b7498cf1e495df6681258b606d84b5977852baf4bc79f75333f73b2158
1788328391.189713955,EEG Signals,65535,2,1,UD2022081200650D,32,0695e5e05508f140053df2d406e2aba5b0c0983f749d852da29132350532263d
1788328391.192521334,EEG Signals,65535,2,1,UD2022081200650D,32,cdd52fee680beaae8e6871e73e23e570aab1f1ff9c8fa0d6e99ee379781bacce
1788328391.196533918,EEG Signals,65535,2,1,UD2022081200650D,32,e8731e04c8025dc054edfd56adfb0acfc0a597f83638bfaa90456ea0d4b6c7dc
1788328391.201537609,EEG Signals,65535,2,1,UD2022081200650D,32,37b957932dd8e762e599e103be7c238ac8233596ef0b2946ff296d4a3888f2cf
1788328391.204535723,EEG Signals,65535,2,1,UD2022081200650D,32,e993d704ff7ee16eb9d310c99e96a0d9698a9c532e4d64d2a057c0208b5ecc16
1788328391.209542513,EEG Signals,65535,2,1,UD2022081200650D,32,7b4f026de8f30a538cba7107d70f7989f5e8fae831c7be1dc74a49283988a896
1788328391.212522984,EEG Signals,65535,2,1,UD2022081200650D,32,5fad8318f0f9c3885edb2233363d40cee89f1c07eb2fa82501f1eb669255cf75
1788328391.216529131,EEG Signals,65535,2,1,UD2022081200650D,32,6882cb1f4b01ae41de7b0e8e89e6efac7e2038a787a0e8e9cff280deb1049fd1
1788328391.220530987,EEG Signals,65535,2,1,UD2022081200650D,32,262671e813454fcd43fdaf85c566c77556e56613aa695924a3d1e15897d26a1d
1788328391.224518299,EEG Signals,65535,2,1,UD2022081200650D,32,84228b722fe75a9d6b9396e979cb86390de2b678bda93b81c6aa4bc6cea5076f
1788328391.228556633,EEG Signals,65535,2,1,UD2022081200650D,32,fb4e60efc5759be6e4bcfaacf031f57de3c937eafa555b058c9f75246c26b71d
1788328391.231515646,EEG Signals,65535,2,1,UD2022081200650D,32,4d015fc3dd4cacfe1c82336259ce910377629b15d06580d3dcd6d7e6b328c2e7
1788328391.235516071,EEG Signals,65535,2,1,UD2022081200650D,32,d852dec32e763bac83529ac3f1834eae39c6d021a4d050c768b4daaa6421eec0
1788328391.239584208,EEG Signals,65535,2,1,UD2022081200650D,32,3336fbd7efaf8db27bea462c061ab1b8c98687d19463959854a160c2da995cf4
1788328391.243541956,EEG Signals,65535,2,1,UD2022081200650D,32,247d2938af0d64ecb5cd8245183a3d2269d6ce122f33be3e0e3862e879d5bd3f
1788328391.248531818,EEG Signals,65535,2,1,UD2022081200650D,32,edf547e6dd10ac747b6d463e7082e37b41ac646c22da0b01cafcdfb6dff6f34f
1788328391.251514673,EEG Signals,65535,2,1,UD2022081200650D,32,c9a090e7ae8bd0e4c16792b4ead417395daa6deee950c261b006985a2adf110f
1788328391.255590439,EEG Signals,65535,2,1,UD2022081200650D,32,833b874a53f4067b36bedd818c6e5be95dc967daeb4839aeffebf6f248c233a7
1788328391.259558678,EEG Signals,65535,2,1,UD2022081200650D,32,8454ed80e91c01728cd8555a2fa471456fa1c8f2f58e7d5d221fb72c4a842e3b
1788328391.263530731,EEG Signals,65535,2,1,UD2022081200650D,32,d03eaaf568777523d3c26d091c757dc25bbed3245b92c7f35d37dd72db7ce1b7
1788328391.267523050,EEG Signals,65535,2,1,UD2022081200650D,32,6f7e29e0abb5b4272b921ec57d0a8f41f51ac4fb13d7a238118ab6d627601380
1788328391.270528316,EEG Signals,65535,2,1,UD2022081200650D,32,2ba6efcfa398dc00ed46854ebf36bc7018c8de7938dc63658f94b4a58225b481
1788328391.274529696,EEG Signals,65535,2,1,UD2022081200650D,32,5b2e7a28e383953f2c214c80fa00a1d2d6c5bbc2a11aed1d1934b59b2d81e7bf
1788328391.278529167,EEG Signals,65535,2,1,UD2022081200650D,32,8be69a23af628d64a26be7ac91f5bd44aa9371453246d30b019bca29b8db4b15
1788328391.282526255,EEG Signals,65535,2,1,UD2022081200650D,32,42523086a49e2dce020b22ff2575b9168a5d2063d52c97892f5ebef32685adb5
1788328391.287531376,EEG Signals,65535,2,1,UD2022081200650D,32,64f3c52ece840ced5e5a76e7c8a3184a5ace44a161cae3e06bcd3b611528be86
1788328391.290555239,EEG Signals,65535,2,1,UD2022081200650D,32,4a3ab1648fb803bac5644869f0d188ebb6f726185ba066a84c1ee991827a177b
1788328391.295511246,EEG Signals,65535,2,1,UD2022081200650D,32,213a83154fa5fd170862351cd97c222e6fb445bcd74a9f3a99d39b485dd5fed3
1788328391.298538446,EEG Signals,65535,2,1,UD2022081200650D,32,f3bb3beaf1cc7f028f9eff52c3012bfaee9166783256cbf75a8e4699f9451045
1788328391.302532911,EEG Signals,65535,2,1,UD2022081200650D,32,ce2e97de812e9b17410065b076a1b5f4100020e3e786f9534473c882e9c97586
1788328391.306514025,EEG Signals,65535,2,1,UD2022081200650D,32,501405bc4ead5aec66375a166a44d94115022a0e48d969523b7698306a6b8da7
1788328391.310550928,EEG Signals,65535,2,1,UD2022081200650D,32,91c5b32e452fd1e31edf10218c2d8795a62fc3417a63ef29b05e1f42b857088a
1788328391.313511610,EEG Signals,65535,2,1,UD2022081200650D,32,1730696d53cf72cb407b417af20f0f11a52639e169990c67ef92d3b739a21077
1788328391.318527937,EEG Signals,65535,2,1,UD2022081200650D,32,cacff09c21e2f04de0b57dd8c73b0075b8e3bf3dba59fd4b6043f2688eaa54ee
1788328391.321516991,EEG Signals,65535,2,1,UD2022081200650D,32,2ae986548aa1945a9990367d23e0e687988592c42c7d8cef6a5c23a54683c5f3
1788328391.326518297,EEG Signals,65535,2,1,UD2022081200650D,32,e70fefd851095a9f6f0333170ff5a24300a1fd7994357990002d525d1366c273
1788328391.330521345,EEG Signals,65535,2,1,UD2022081200650D,32,516b0d93827cb696bd232a9bd931cdd010bb1195b2d2009f4234dd57171db1a0
1788328391.333521366,EEG Signals,65535,2,1,UD2022081200650D,32,9eb31697bf6b1656c380c621eac6e2180b1e016a7d68dd6452655c5497b203cc
1788328391.337526083,EEG Signals,65535,2,1,UD2022081200650D,32,0e2e933e02893e69913e299ba0c7f1e93c13624963cbbb20976fe68a3ae4101e
1788328391.341528893,EEG Signals,65535,2,1,UD2022081200650D,32,e8cd6773931aa4d6d90e41ab21ee359f68447c002a61de9a076d1f020b7fcd9f
1788328391.345534325,EEG Signals,65535,2,1,UD2022081200650D,32,4413c8f7d3cc1a9e6ebf8e503cbdd158a65c6630a3ed18deb060e8f1b6933438
1788328391.349528551,EEG Signals,65535,2,1,UD2022081200650D,32,7f262799d7930d73358672092b7e24d08378593c0bb9552aa71408a47ebc0541
1788328391.353528500,EEG Signals,65535,2,1,UD2022081200650D,32,7cb529cf631f8f542fba5f78f2b7821781bb1ab844f5c1f815564a8a8bea9b9f
1788328391.356509686,EEG Signals,65535,2,1,UD2022081200650D,32,c9023a46e4ffcf7cd37741de9589d00adb360302525b7de83acd1aefc30eb82f
1788328391.360533714,EEG Signals,65535,2,1,UD2022081200650D,32,6fe6c21c4476602d5571f1fedda64de20e84360d1bf8610ee9e0b7c098326d03
1788328391.366535425,EEG Signals,65535,2,1,UD2022081200650D,32,180c3dc7ce94f42fb45a0a1b9b6d3ca5f3fc14043536648e0949321f0abdef56
1788328391.368525982,EEG Signals,65535,2,1,UD2022081200650D,32,b819d894fa43d318a559c13b6062a3a6dbdd37b31267fa325b0072e5e3409095
1788328391.372544527,EEG Signals,65535,2,1,UD2022081200650D,32,4546c025d1e86357f58b7662aa0c8e0e713fd404a2cd76923a880bb2338752f5
1788328391.376526356,EEG Signals,65535,2,1,UD2022081200650D,32,bb8dc7ffad52fe22986241e5ba3a57e9ccacf56d1d7020e5bf0cd12ddfadce92
1788328391.380522251,EEG Signals,65535,2,1,UD2022081200650D,32,e92748fca5f36a624030bdb54975cd31d2ca3a585aa35933d0ea5aebffe60982
1788328391.384522200,EEG Signals,65535,2,1,UD2022081200650D,32,db6dc9688e5fb50bfcda2c7a58788307eedc2596441a5bf11935a577b5ff7318
1788328391.388583422,EEG Signals,65535,2,1,UD2022081200650D,32,2be202f046dab441015e7cc0245b0f02b6b260bb3c81037690a8f1c33833dbdc
1788328391.392527580,EEG Signals,65535,2,1,UD2022081200650D,32,66b4e4143be0051e95d5d678236dfaf1e9bf94f6e7ef6e1a161300c597fea9de
1788328391.395526886,EEG Signals,65535,2,1,UD2022081200650D,32,b52e27f50a31a258d55573b523e84208081a32fb10684bea09b5b67d84a2ef65
1788328391.400533676,EEG Signals,65535,2,1,UD2022081200650D,32,2f32697eaa467d3282e50e12f470b583cfec07dc8df7530079943bfa833e497c
1788328391.405539751,EEG Signals,65535,2,1,UD2022081200650D,32,2eb13d547ca148a74929f0e89df180bb0cf18af1353a1d79af7b738ea767ab95
1788328391.407516479,EEG Signals,65535,2,1,UD2022081200650D,32,10930fba7b920d92830a9ca4fe83eab97ce09449a29febb8036c8cd23054dae0
1788328391.411520243,EEG Signals,65535,2,1,UD2022081200650D,32,6d0daf4fb201d14202224873c084de1f9c0c133588ed7bb3229949af125b0799
1788328391.415516376,EEG Signals,65535,2,1,UD2022081200650D,32,6bdd976ceb175c4ed179509811ceef8bf0151018abf2c36e9b1aecfd12300ca6
1788328391.419527769,EEG Signals,65535,2,1,UD2022081200650D,32,ae383d0aa1a48a9bd202b8c7bca71684412003beebdaf74da54aa2e357ab10d4
1788328391.423531771,EEG Signals,65535,2,1,UD2022081200650D,32,9e04ed79e9a89860826dd67312fcebd5bacd97c0217bb72b3defd6c1a2da9855
1788328391.427520275,EEG Signals,65535,2,1,UD2022081200650D,32,ebb815df35a3b6bb91c8b5ed49b9b7b95a5107ac56b6eaf2e8156c1ca97cd03c
1788328391.431510448,EEG Signals,65535,2,1,UD2022081200650D,32,9fe97364e4af6268f824987708696a829ff05526305a4e5596a862bffd27c403
1788328391.435525179,EEG Signals,65535,2,1,UD2022081200650D,32,9a6d6838485ea532c587be0b72e70a129562049f1175447d2789c9bb3cfc690c
1788328391.438523054,EEG Signals,65535,2,1,UD2022081200650D,32,87c1d364b2f47ff38f4ded0ba0a3c263c93fb7ff68c401d742e1887b6c17a014
1788328391.444544792,EEG Signals,65535,2,1,UD2022081200650D,32,216982fde538d60c8aac4090b316d0b3171c7d20dd88398714c4fd512e6d2fa8
1788328391.446516275,EEG Signals,65535,2,1,UD2022081200650D,32,a95f47b1aa9291209267d0b5c6b320adacf0781bc60835a6e8f9d5d8a6270b41
1788328391.450538158,EEG Signals,65535,2,1,UD2022081200650D,32,c27936eb58aea93250f4d86bd8e589d374468ae65c3ad63691fc6d2acc50c2a9
1788328391.454599380,EEG Signals,65535,2,1,UD2022081200650D,32,8ee73cceafc90c6ba6f07efc3cf704c196760798f09f3a5eb574a43e67f802c8
1788328391.458528519,EEG Signals,65535,2,1,UD2022081200650D,32,d0743aec00fdb087b800eca6dc479b93a102ff79209b477f8f1e92d572c9bfd1
1788328391.462533951,EEG Signals,65535,2,1,UD2022081200650D,32,09f907875c1df0c9abc78242f677795bd020717d8430421f530134c43ba28f50
1788328391.466548204,EEG Signals,65535,2,1,UD2022081200650D,32,5ae0715f568bf1d22c0d942f5ed02d6d3b2b22af25dd60c6103dc0878703cd98
1788328391.470551729,EEG Signals,65535,2,1,UD2022081200650D,32,229e0387c4353f821ddddfcc45a09e1367b14be8a267fe344c204334231aa51c
1788328391.473556519,EEG Signals,65535,2,1,UD2022081200650D,32,d026528ab20264889139788f9e6aeeb64ef8632992ffb1361f02c862da190d18
1788328391.477528334,EEG Signals,65535,2,1,UD2022081200650D,32,273d0d200c9d8fdd12c05db545456e6fe0a58c8d4081b1a8b08dbd06549a41ae
1788328391.481527328,EEG Signals,65535,2,1,UD2022081200650D,32,c5c0a3c5cbb7fdd0f27d3742da97815eb1bd59e70531abaef7ef1510785a2cad
1788328391.485549450,EEG Signals,65535,2,1,UD2022081200650D,32,146de86847177f7950ed6cbf34ebfe635d6e14b8becdce7001e352bf4f7adb00
1788328391.489528418,EEG Signals,65535,2,1,UD2022081200650D,32,e62862a14cfc566f9383ee45581a7cb01e02a35a555ab134aa1f94c245f9e6f5
1788328391.493521929,EEG Signals,65535,2,1,UD2022081200650D,32,1806403e7d882ee90a29fe8d65519684d71ef4ba0512d99e275f9334531a0e36
1788328391.498528719,EEG Signals,65535,2,1,UD2022081200650D,32,782f432a50e77b3b378caa697c6d50b6d5cc4022be1010792716ac55cde66cb5
1788328391.501521587,EEG Signals,65535,2,1,UD2022081200650D,32,023f6250144ead21bfd4642cfbe0d1060b67b2644eeeec587800f2ae31a9b525
1788328391.506519794,EEG Signals,65535,2,1,UD2022081200650D,32,321047d2e1621c192cc8b5217a7fdd26c6c5464766f3561145e5066f715884d4
1788328391.509539366,EEG Signals,65535,2,1,UD2022081200650D,32,2a643871887022239ca8cc477966551eb2f3802dac5fbc9603e3d754817a1756
1788328391.513546944,EEG Signals,65535,2,1,UD2022081200650D,32,f2dfaa518f401fcfa008c5e11bedfc9b928f3a71054c900ff18808d7fac5f90c
1788328391.516531706,EEG Signals,65535,2,1,UD2022081200650D,32,749d58da067334434164652b482cab8b22ea8ec3d521b7b87c5185786ce3fb4d
1788328391.520546198,EEG Signals,65535,2,1,UD2022081200650D,32,59a3e9682dc334c8293f482d166550d2f23008d3ea2578caecf95f14c512f432
1788328391.524526834,EEG Signals,65535,2,1,UD2022081200650D,32,273f0197b62585a6b4eb5bb1fadae4e2a1ddc597bd66f02d681cafdc922f5260
1788328391.528540373,EEG Signals,65535,2,1,UD2022081200650D,32,96bcef24a5bd90f200cf69800135e329080d42942f3366ee287ee959fc9333b7
1788328391.532540560,EEG Signals,65535,2,1,UD2022081200650D,32,b5ced0d70418d7493070f268633838bb701026c54e63bc14a1a14ea0e292a8fd
1788328391.536532402,EEG Signals,65535,2,1,UD2022081200650D,32,4c030768cd274ffe559b32f38a525783c8c5b66ed88270b76eb583ffa14f622f
1788328391.540534019,EEG Signals,65535,2,1,UD2022081200650D,32,27f30eb7feee3688d9fe0d87c052f8f8a2492902da9c09e7088d1a06d01a1d14
1788328391.544519424,EEG Signals,65535,2,1,UD2022081200650D,32,32fb9689d59c138c878c81c745598416f78981277dfa90d37d2b8b8648f73181
1788328391.549524546,EEG Signals,65535,2,1,UD2022081200650D,32,2de6a028a017c82f24496cf5adb4dfdd287c011e69225396ea4e4681a1e62d05
1788328391.552517891,EEG Signals,65535,2,1,UD2022081200650D,32,e12abc7d92eca717e2b76cfe90129f83f8b047996f5d0d68b9c52b7c5085dd48
1788328391.557515383,EEG Signals,65535,2,1,UD2022081200650D,32,683b575af807b95a8412faed518dab532edda6d79258af33e0249ad7a606fe94
1788328391.559537649,EEG Signals,65535,2,1,UD2022081200650D,32,ee00eb40e97300fb23af89e4f5dce537f4c5da713c56c9d1d88625320e5ae6e0
1788328391.563522339,EEG Signals,65535,2,1,UD2022081200650D,32,872ec231c6c5b8df2eda15d4a2579315a592e88e904304d7954429ff96041b0d
1788328391.567532301,EEG Signals,65535,2,1,UD2022081200650D,32,749e3046ebc23eabcac1391f99717d0f3bd1f4be1ca722e5e2f37838fce4bd62
1788328391.571538210,EEG Signals,65535,2,1,UD2022081200650D,32,033012fc03cf0f9dd8bad100e7e95c7c95f1d8f2c9b55ea47a437ad105d161bb
1788328391.575536013,EEG Signals,65535,2,1,UD2022081200650D,32,c523991347e61e88aad1f831d2d60990994f992a204abfd8f1f00fabfd8a898f
1788328391.579546690,EEG Signals,65535,2,1,UD2022081200650D,32,0c09e96b9565257f0e712bf8c0613083b0d46abd5a311f346b43da3b4a5e0bca
1788328391.583531618,EEG Signals,65535,2,1,UD2022081200650D,32,43772f64b5a6910d202df68f0cae1c02ebbb504263dd4770eb5b74685387697b
1788328391.588543653,EEG Signals,65535,2,1,UD2022081200650D,32,62afc257ecafd501c43e0a97f9443be9db0f47cede1738b37675be09fa3f2796
1788328391.592526436,EEG Signals,65535,2,1,UD2022081200650D,32,f5c807544bc8015c1fa219a4e957eb7f745e700c190e3341ee2f49e8d38cad9c
1788328391.595545530,EEG Signals,65535,2,1,UD2022081200650D,32,cec8c2056aa4a3ec869471ef9148e32bef73ee217676dc994029d6ac27afbe87
1788328391.598556995,EEG Signals,65535,2,1,UD2022081200650D,32,70fee18ff76a1cd5e359b25473fc46d5213f47be8b3fefcdd5165d5c812edc93
1788328391.602521181,EEG Signals,65535,2,1,UD2022081200650D,32,a8ac13dff8445122a00badb20c834473c572c2ba1f7468575e19a12f5df54ba9
1788328391.606519461,EEG Signals,65535,2,1,UD2022081200650D,32,e9585a53b5837d17d0e86eea2afa0420a337164be8d2d5675ff8fab0103e075d
1788328391.610519648,EEG Signals,65535,2,1,UD2022081200650D,32,35815a775fc236092e3cc85d084457b1679dfd917bec27631df72742306d80cd
1788328391.614514589,EEG Signals,65535,2,1,UD2022081200650D,32,950621927b481a56316650af2f36821bdceea890b435be885ceb3c1ee8fc409d
1788328391.618520498,EEG Signals,65535,2,1,UD2022081200650D,32,24e465abb5885e22ab98467fdc76151c0e446c83d1e8f1301c1c1e073e2c6108
1788328391.622523546,EEG Signals,65535,2,1,UD2022081200650D,32,59b08a864004c1f736c0f21916b00b48dbd3b9749da2b20c72d7d87afe32e830
1788328391.627517939,EEG Signals,65535,2,1,UD2022081200650D,32,c53aa1b9a561d36dd86c2c3d61dc75b2b0b967f02682a52836fc69c403e493dd
1788328391.630520821,EEG Signals,65535,2,1,UD2022081200650D,32,4a5e31b26812074e837de8db90148540ea29f5589dae246ba5e3af52f3751b1d
1788328391.634517908,EEG Signals,65535,2,1,UD2022081200650D,32,a469766bdb1a551d329ed60ea478e65fb727fcb292e78eca13b5faf41ccce2e2
1788328391.637693882,EEG Signals,65535,2,1,UD2022081200650D,32,fee1d626a80cbf809e8b8b2e11a69d46c0fcebd6c38fbe22e2613a297b3a3c49
1788328391.641536951,EEG Signals,65535,2,1,UD2022081200650D,32,b950e1a0334b043f9984f410393508fb5c0955ef70a78db526b7fa0686b1f98f
1788328391.646523237,EEG Signals,65535,2,1,UD2022081200650D,32,80fa60dfe76dbdd1a4fdcb0e323fd0472fdac928461e677f96b321413bd3c54c
1788328391.649529696,EEG Signals,65535,2,1,UD2022081200650D,32,623d27cd6deb41ffa5b3c550b00cf05f5ecaf4ac008df5c018fba5ebdb8544ba
1788328391.654547691,EEG Signals,65535,2,1,UD2022081200650D,32,bd5d0c6a10f2eed972d841a22bdbcecf93dd2a6429d652110e277581e2dafe4e
1788328391.657529354,EEG Signals,65535,2,1,UD2022081200650D,32,37fccb1d3f0de8555bdcc9bae5ba1d2acfe07df3bde19e2f0663ca8ec5dff52a
1788328391.662543774,EEG Signals,65535,2,1,UD2022081200650D,32,97a9cb7ccee2e767e9e7c7dce25b8529e85949d221da62cb3c9dcd6c3396918b
1788328391.666529179,EEG Signals,65535,2,1,UD2022081200650D,32,9d1f7059c0894aade1978b614588e6a7a4fa64fbd9dd66cc74d006670be1f11f
1788328391.669531345,EEG Signals,65535,2,1,UD2022081200650D,32,26e8903c8c13b2d9dbff5db79423daebb76fffc881cff446915b92e0f053dd72
1788328391.673533201,EEG Signals,65535,2,1,UD2022081200650D,32,6994ba2eddb3a6f99af3c9b0ba9d173d53deb0e38b478ad5290a12787f4344f0
1788328391.676525116,EEG Signals,65535,2,1,UD2022081200650D,32,fcc5df59d9e8bc27c7d9790a95a965328a8f43622a0bbdba587698a5aeed9a4d
1788328391.680523634,EEG Signals,65535,2,1,UD2022081200650D,32,fd2cd6404588ca58e0dbf14c891016586b3241fc30d58b010f4308da1f112144
1788328391.684529305,EEG Signals,65535,2,1,UD2022081200650D,32,81133041e3d87517cfcbada114e16786de1d74cd4a7b59b5a08682fdbf251881
1788328391.688547611,EEG Signals,65535,2,1,UD2022081200650D,32,9c7398dfee752f8ffc3878d6ee614726c0e836df2e8a627cd1900d181f574771
1788328391.692530870,EEG Signals,65535,2,1,UD2022081200650D,32,a87001ffea0d9848d0d3db46f8aaaac93cafef46aa22902c1404fce318a6cbaa
1788328391.696532965,EEG Signals,65535,2,1,UD2022081200650D,32,2a980773e7b224d67dfc3a4199687d1d10680c169c49864bd93c37d937f53de4
1788328391.700537443,EEG Signals,65535,2,1,UD2022081200650D,32,629481e0c55114c7c4319e7b16149850acc10b48b50d362fa1855e2a5823bca0
1788328391.705559015,EEG Signals,65535,2,1,UD2022081200650D,32,a9286978eda948352efc639f7d6a7fb3a2bf9051cad561c4387bebd494fda705
1788328391.708529949,EEG Signals,65535,2,1,UD2022081200650D,32,20535802521b01705dacffbe5d2389e726948144da28bda038c2e8d0d6de1045
1788328391.712531090,EEG Signals,65535,2,1,UD2022081200650D,32,1f1dc7da42d927f296fd381837bf99d8319c5d1ba1241a1d1f5c8af3c9ec4c51
1788328391.716538906,EEG Signals,65535,2,1,UD2022081200650D,32,f46ea4013bbb1f23647f23e8a2d0fb8526b348b485fa2bf3a9a6bc6466d53f00
1788328391.719526768,EEG Signals,65535,2,1,UD2022081200650D,32,fde2cd392e19dcca08d75c61452894edf80dcea4e924be8ff2e6bf669e8ae308
1788328391.723533630,EEG Signals,65535,2,1,UD2022081200650D,32,e49b682937bae05fdc7a29703e103ecacdf2dc374b113a5ebea4b09f82a3b270
1788328391.727533340,EEG Signals,65535,2,1,UD2022081200650D,32,81c3e1cfa39a9f2823ee170b110225cc75757d0d08d743f9eff6f7abeb4850fd
1788328391.732530594,EEG Signals,65535,2,1,UD2022081200650D,32,256ffbd5f099ca31728e3b7546ca7c684c83c21534b378ee2e3825080c37eb5e
1788328391.735537052,EEG Signals,65535,2,1,UD2022081200650D,32,622c16d5c21b71769f47a047bce13a78f028a06db95c29b72e57b15752ef8aa3
1788328391.739531040,EEG Signals,65535,2,1,UD2022081200650D,32,9b308c53aafb350de52ab8a58e52768afaae3396b40fb7d8de22859d5a6cc337
1788328391.745536327,EEG Signals,65535,2,1,UD2022081200650D,32,38f53422343201933a1f6cb88a177815ab93e8901da6169c8f27597a065e18bd
1788328391.747521639,EEG Signals,65535,2,1,UD2022081200650D,32,74feecddc7c13a081271647e21a06df06b921feae4e135243e0cec2b34203f89
1788328391.751533031,EEG Signals,65535,2,1,UD2022081200650D,32,83ffa354b64e25819b63ca5bef5f8ce56cefd82346f8b90bba1912ce376e2e5d
1788328391.755540133,EEG Signals,65535,2,1,UD2022081200650D,32,0efd2c022e769f6e0369b2974081f30daa7c9c65056ac620c9540b4008b213ef
1788328391.759550095,EEG Signals,65535,2,1,UD2022081200650D,32,0e47891ffa8ac0476323b23f5c832b3c947ded4a1a29f02725a65cdc73bb5916
1788328391.762535334,EEG Signals,65535,2,1,UD2022081200650D,32,f5e514c803b4250c46f9b66c23639c58b5666204cc55e8608c40ef5871fedc26
1788328391.766545296,EEG Signals,65535,2,1,UD2022081200650D,32,f1b80bb9f6533b65552082f7e4e7251cdeb7239a0cae54667923c96018cf11e6
1788328391.771555662,EEG Signals,65535,2,1,UD2022081200650D,32,22506cd7b54edfabeb2ad1bab9b915de6142d484a5fb7776c601857f0402e2c1
1788328391.774530888,EEG Signals,65535,2,1,UD2022081200650D,32,6559c5e27c61be1db42dc7bb5cf3c884ce66c04f6ec1fc274606c721529003f6
1788328391.778544188,EEG Signals,65535,2,1,UD2022081200650D,32,0e59031e78b7b41182f6bc1d6f472dd077fac433c29de180e577d102ef77894c
1788328391.782531500,EEG Signals,65535,2,1,UD2022081200650D,32,9d2c4c1e080e992f3a2d1c490ba6030605c30495ea1f22ceec63a10f4b576ab9
1788328391.786516428,EEG Signals,65535,2,1,UD2022081200650D,32,dd82683ab9b5afccdf8c80a358d68c982f7fe554a9567ccf00680e0a1e169b3a
1788328391.790519714,EEG Signals,65535,2,1,UD2022081200650D,32,0950ffe6859e3a3181e45db9a492d11e4fedb24597c672de1d0ba156b478dea1
1788328391.794527054,EEG Signals,65535,2,1,UD2022081200650D,32,4c64b386419f51cef68206be3804d91fcdf0147a25a6ccfad0c0bcf801ca0065
1788328391.798531532,EEG Signals,65535,2,1,UD2022081200650D,32,ea6ecf927bada2214a710b852f100842b97e036ef0493af3a4a992cc16e33b8a
1788328391.801515818,EEG Signals,65535,2,1,UD2022081200650D,32,dc6fccbf5c32664ce2abfdbe496ef35fe5dac09d6d4280ae461146884f7959e0
1788328391.805540085,EEG Signals,65535,2,1,UD2022081200650D,32,8c995ded20c3d2ef767bc5bd397902f932a133edf4be19ec406ad1d5039edf79
1788328391.810563564,EEG Signals,65535,2,1,UD2022081200650D,32,64f7dd2c493ce9c633e5a04fbbc2d29e103ce290ae524ec1e161bae67cd353f1
1788328391.813546181,EEG Signals,65535,2,1,UD2022081200650D,32,e5d5087a853f5a8010269db65f18df237e4a09fe89183b04e69ed375730b6147
1788328391.818559170,EEG Signals,65535,2,1,UD2022081200650D,32,ecd2ed950fb612288435e2c9d55ba24a65f13de60428723857a071df36ad4847
1788328391.821573973,EEG Signals,65535,2,1,UD2022081200650D,32,adb435d83ac6a304df68902af22a47978e8eaa70fb743a1f0e90c7fe2e8538fb
1788328391.825653553,EEG Signals,65535,2,1,UD2022081200650D,32,b4a3dc1dd62e5d34597ae1a91f5eb544943615d4ad33a8fb580b022a75c5dcf5
1788328391.829552889,EEG Signals,65535,2,1,UD2022081200650D,32,294273013dc94e9f906cb0f8d13f9d50467b180637c04d4a7644066ad6433fbc
1788328391.833549976,EEG Signals,65535,2,1,UD2022081200650D,32,861c991ef96f23dec974de3fbda3b4c2058b5b83bed8b3a8713a482c60eb5044
1788328391.837540388,EEG Signals,65535,2,1,UD2022081200650D,32,2174b8be7af562fa85af9bb72cf18ee3d2cec7c19ad73744241c8098bdea589a
1788328391.840549707,EEG Signals,65535,2,1,UD2022081200650D,32,484db6246c3eee7583b8aeb4d2e03160ec7532d69c18b77459e02149fe901ad6
1788328391.844542503,EEG Signals,65535,2,1,UD2022081200650D,32,402e5421062b3e4d89004f62710732aeb1c93a6a618ab37ab615544e11be3ea6
1788328391.849537849,EEG Signals,65535,2,1,UD2022081200650D,32,0cf642db451f1d3585019c567f6c2c0d61400b907288df052a2ba610b08ccb12
1788328391.853554726,EEG Signals,65535,2,1,UD2022081200650D,32,5f0a0aa381623347ba1902c8654eadef1a3e69f9e19664e681a6f4376bff6d32
1788328391.856531858,EEG Signals,65535,2,1,UD2022081200650D,32,5ed028bcf0ab3bc0b6da1f89fd476f1383fe901d61800ab1b338bede09a9e9e2
1788328391.860521317,EEG Signals,65535,2,1,UD2022081200650D,32,830dbd75e00ba325b1f7682ffcb7135378b99e3ed6036658ea813169105866ee
1788328391.864525080,EEG Signals,65535,2,1,UD2022081200650D,32,a8df4d63cd5941d559c6a9f01d04de0b3e9a0886c2e2d235a4447a003eb00ab8
1788328391.868518829,EEG Signals,65535,2,1,UD2022081200650D,32,1101cb294f989141f5b77c681c782dd99f456352669cf52541032333871a2cc9
1788328391.872533321,EEG Signals,65535,2,1,UD2022081200650D,32,9f95db0c2d8e37a1371346fe52ee89774aaa233b1edca5d36858d6ca43fcb054
1788328391.876543522,EEG Signals,65535,2,1,UD2022081200650D,32,1f5b7cef70e728e2d9f988dd6a70f0847fd54e16e7ac5cf20b8945c654e7c8ed
1788328391.880548716,EEG Signals,65535,2,1,UD2022081200650D,32,006419a944a18828f8a4296d26a53f739025b11738b01c0185bfe529266b48f0
1788328391.883541107,EEG Signals,65535,2,1,UD2022081200650D,32,3efcfd4d15840373a2787270278102c4e5e29eef5e27b4015dae1576d0a3b7de
1788328391.889564514,EEG Signals,65535,2,1,UD2022081200650D,32,e191a575cf021b4a301bcf0ec79066b6d68cf148e17167f6daa736d4ca6a9927
1788328391.891535044,EEG Signals,65535,2,1,UD2022081200650D,32,a14e08d879e21f1e96ce742809faa1d48c9d9c362b56ba710465db6bae35bd3b
1788328391.895540714,EEG Signals,65535,2,1,UD2022081200650D,32,6a3958ca34b54307cb90235a00236fa196d08485782d3a0f4049f5a837b799db
1788328391.899530649,EEG Signals,65535,2,1,UD2022081200650D,32,98f3555c0a2a055a5310a9349dc10ab0b6dd6b6e3c0b6a50363b206f9c89139c
1788328391.903556108,EEG Signals,65535,2,1,UD2022081200650D,32,66e63aef6fc1860351fe35c3d1e232e603b3fd95e618c17383757810ba164b4e
1788328391.907564878,EEG Signals,65535,2,1,UD2022081200650D,32,b013886291e84c705edc5b6a2360970b23f3479f24f7293dea6f003193e65f32
1788328391.911569357,EEG Signals,65535,2,1,UD2022081200650D,32,6521af98d5494faa506eb53fad36de8acdded84ba31564f4c957f0783ed27024
1788328391.915547609,EEG Signals,65535,2,1,UD2022081200650D,32,e1b327197dae06c8c67e403ca2fa2dcad83e9460bda902a5e50efcc2fe02626d
1788328391.919568300,EEG Signals,65535,2,1,UD2022081200650D,32,2dd343cb2b46a3d1ff76ed0eafea04e837cf1a567aab61ed1da504a2f8426580
1788328391.923541546,EEG Signals,65535,2,1,UD2022081200650D,32,dce8ab16ae0e4ec959c176780e4df45d79bd16dcd398d4590648b7d59e161a5e
1788328391.928546190,EEG Signals,65535,2,1,UD2022081200650D,32,36420eb4998bc0ed4ccbb489ba42945ab0052568757d82491b9458d32d832b47
1788328391.930532455,EEG Signals,65535,2,1,UD2022081200650D,32,2e1d3f75a409cd300986108adf51c8596a37d85dafead0921eff03d45c25157f
1788328391.934557438,EEG Signals,65535,2,1,UD2022081200650D,32,69b727c2d096bb1bd033d111a535c869b5be4cc809bca24858c880286e62c505
1788328391.938550234,EEG Signals,65535,2,1,UD2022081200650D,32,f85ed98d074c4d1247936d921d21feb0f08fcbfb14cb28f106add9a44b8a4bc6
1788328391.942542553,EEG Signals,65535,2,1,UD2022081200650D,32,52cc801cf61bb05a934314e8aac096d7d5f3884539add8e9939fadcb83487c0d
1788328391.946552992,EEG Signals,65535,2,1,UD2022081200650D,32,e88b371b91f143c884a6b64055ebc06cfd284982c34824bdc90c57d4ba3f18e2
1788328391.950556517,EEG Signals,65535,2,1,UD2022081200650D,32,614bc4119ccebde50eecc6649eb44d6112782c3f0b33c207f07b851305ac4dd5
1788328391.955545664,EEG Signals,65535,2,1,UD2022081200650D,32,e1a9ca9ee65f974cf92945c0de55412e66f4c9a2cd74b0179d844f90e8ec892f
1788328391.958542585,EEG Signals,65535,2,1,UD2022081200650D,32,f06616fb6ec94868317a9bc0079a1b706cd6f885ef12e8569caee4f029f326b5
1788328391.961536407,EEG Signals,65535,2,1,UD2022081200650D,32,268b455d1ac5d1c8a1e4c0c906450890d4c8702df28562e03bc150d3439c3a40
1788328391.967547894,EEG Signals,65535,2,1,UD2022081200650D,32,66079c257e6b538566648f46c18a01303b700258bd7f750e7d6a8e74ebc3015a
1788328391.969537258,EEG Signals,65535,2,1,UD2022081200650D,32,0c06323d9350b15cafb5b62aa7b588b2e84114d407fdced41adbbdc9971bfd26
1788328391.973555088,EEG Signals,65535,2,1,UD2022081200650D,32,5a651640aab6ea9c8675f6230c7eb1f0ad2bcad2e3e4083618ed8b3953756f57
1788328391.977540016,EEG Signals,65535,2,1,UD2022081200650D,32,951dd3287e6f43d99d21a5c936830659c8bcbc3e2a6aa9afb859f01504873168
1788328391.981547356,EEG Signals,65535,2,1,UD2022081200650D,32,9c713407014ea91c858673c3ae3ffbcbe0371a6e33e486f6bcf425a5222b7e82
1788328391.985565186,EEG Signals,65535,2,1,UD2022081200650D,32,9a99b56d2cc9fb88576a081ddb86dc7a778a031a615f232976feb3e4f239bdaa
1788328391.989568710,EEG Signals,65535,2,1,UD2022081200650D,32,d153e1ca1df2c9b1f7e81ea707832233fdf471f8e2dfa4c8d92dffa409f187b0
1788328391.993555784,EEG Signals,65535,2,1,UD2022081200650D,32,bc00bf373f199ff28b2250ae68e1eb4d8ec4fe44bf2b5c5798b74cd3858d31b2
1788328391.997552872,EEG Signals,65535,2,1,UD2022081200650D,32,f246b724be7b21673bd79be89725cb7b60e5cb4315ca34e2753761639e9cfaf4
1788328392.001539469,EEG Signals,65535,2,1,UD2022081200650D,32,9c3f18e590aa0539687bd54378f071cadf883505427e1c732b5b21007bb5cdcf
1788328392.006569147,EEG Signals,65535,2,1,UD2022081200650D,32,fa6bb9fca3cee79b19ca24f97821d9b1dbf696a20302ddb90fc0796ec72b44fe
1788328392.008531809,EEG Signals,65535,2,1,UD2022081200650D,32,ca4293a21e3cc4a2a423364fa242e6dada404ce1338f56dfc0f7becfdc0a19a6
1788328392.012545824,EEG Signals,65535,2,1,UD2022081200650D,32,9323694a629f84cac564b63cd1df365dc84371d3cc18ee6b7eb6d8d63be37401
1788328392.016546726,EEG Signals,65535,2,1,UD2022081200650D,32,040cb3ee71f5c9bb098f8f1ce7fa5f9b578c90d617556b086cae23622568ead7
1788328392.020554304,EEG Signals,65535,2,1,UD2022081200650D,32,d51a89ca11eec2c6c84709e1fb2270b0e566d81ca6fc417ddc15c531f627a5d8
1788328392.024542570,EEG Signals,65535,2,1,UD2022081200650D,32,7091ce203572e373f5b12ef50694263d67bea106310cd480e6c5ddcfacf909d5
1788328392.028542757,EEG Signals,65535,2,1,UD2022081200650D,32,667ec4117dd789e9c7b49a9707a5cd9cf376459c561078802ea9bc511b463084
1788328392.032550335,EEG Signals,65535,2,1,UD2022081200650D,32,a7f7922275e4c1d8044338350b9f3f1acbb915709cb613d8c408d36fe18aac3e
1788328392.036539316,EEG Signals,65535,2,1,UD2022081200650D,32,5687057a488f5100b548195a45bc0b7dd386d923e4de978a2b87763252feb01c
1788328392.040550232,EEG Signals,65535,2,1,UD2022081200650D,32,2adb742d28f1cc9ad52d071e6e482f5b0a919f9e8f45714726b753fa5a219f7a
1788328392.043533325,EEG Signals,65535,2,1,UD2022081200650D,32,4a049be9f8aa331dda7e5ab66a4e1d081ae8916cbc511c387ba3da51af1371c7
1788328392.047546864,EEG Signals,65535,2,1,UD2022081200650D,32,ea244f59692f5c50735d421918a6781162fe58c1a607e8e6149d2a8b0b9d7c8f
1788328392.051541328,EEG Signals,65535,2,1,UD2022081200650D,32,f2f9b7184caa19c5c65556f3d7a3e039d69650ebfd5a76e8950475c476da265b
1788328392.055589199,EEG Signals,65535,2,1,UD2022081200650D,32,95ce5e93ad8a3346e62b33b1e11d207a56b6cd0ee761d37fd71f238f892b13f0
1788328392.059560776,EEG Signals,65535,2,1,UD2022081200650D,32,467ad975fa99ae12400bf32a7d693f48bd7706af53ae4493e7b0a036475aa533
1788328392.063547850,EEG Signals,65535,2,1,UD2022081200650D,32,94241640c49810358223e9340110269472c69675734b055b8ad9517204bb85c8
1788328392.067560911,EEG Signals,65535,2,1,UD2022081200650D,32,85145d63fa5781e56f859330d916faacdd7f5edd735c617cbf1006fa7877a06d
1788328392.072567463,EEG Signals,65535,2,1,UD2022081200650D,32,fcaa9c16bd70721e9e06468010ebe19cede9a5efcada6277795e59064c3ff933
1788328392.075552464,EEG Signals,65535,2,1,UD2022081200650D,32,a1e28ada7deea5493d0d52a89396924f0a96364695054f01a251a940ab9bf1b8
1788328392.080551624,EEG Signals,65535,2,1,UD2022081200650D,32,7328114299b39cbea2e77aa6d274dba22773820db704b50cd22ddc67ab884d73
1788328392.083541870,EEG Signals,65535,2,1,UD2022081200650D,32,9df89298b85471076e7e482b5f04d2356cb4f85d477cdf882dc9a5d5060f80f6
1788328392.086543560,EEG Signals,65535,2,1,UD2022081200650D,32,ade8a11da888f762dc025665236c111d7c8303ac609cfc958ec5ae025b41759e
1788328392.091568708,EEG Signals,65535,2,1,UD2022081200650D,32,61ef66c2681f20df86574e617dc9216c3eaadd50718e61b1db419bdda038b6b6
1788328392.094555140,EEG Signals,65535,2,1,UD2022081200650D,32,d73c993a87b140a55bcfabeb8e3504f2cf616d6191bb1d37483b9002b55e1111
1788328392.098563671,EEG Signals,65535,2,1,UD2022081200650D,32,0985402dab45f1806cbf3b79b2eef92ada3e4f1fa41928d0ea780e056c5de13b
1788328392.102556467,EEG Signals,65535,2,1,UD2022081200650D,32,c4290d725e3fcf6cdcf6fae570e44272bf5a7a15b73a0a353efd88ee50abc8fc
1788328392.106572866,EEG Signals,65535,2,1,UD2022081200650D,32,36725574f22669ba2ede3c84c3f584c7b88d70171f714b2d878027fe7f7270d8
1788328392.111555815,EEG Signals,65535,2,1,UD2022081200650D,32,dcc15f6027d45d69a4e6219f3b6479956f831e35ade606058333c0307519d246
1788328392.115557909,EEG Signals,65535,2,1,UD2022081200650D,32,c06d4a94616ec378d98445ad5f1cf9705a4391864467832c0eeeba06a6229583
1788328392.118549585,EEG Signals,65535,2,1,UD2022081200650D,32,2b953e7b7689b35897d1515dea308af70d786b2981b839dbbc1c4dc6a946ad2c
1788328392.122558355,EEG Signals,65535,2,1,UD2022081200650D,32,f75843806e47c73209274e15a9240ebac36a2b2952bdd900b2a72eaaa862e5c4
1788328392.125550032,EEG Signals,65535,2,1,UD2022081200650D,32,f2bb8fc7aa2a0310d33341a8731ca4ace303a20aa191abbe35379177f4637a0d
1788328392.129575491,EEG Signals,65535,2,1,UD2022081200650D,32,cfca1c7f80247ad0c4cd39daf0f0f4db37552d1ff90382e175d4634df84646bd
1788328392.133555412,EEG Signals,65535,2,1,UD2022081200650D,32,da0a67d37285bb40bc5044b45a12f2374a3a88a8e2ec34e5f45a7db3dd176913
1788328392.137563467,EEG Signals,65535,2,1,UD2022081200650D,32,ff433659a17aa6e29f236c9c543e14fa967a17cf237f5272910f8ec1c27708e1
1788328392.141552687,EEG Signals,65535,2,1,UD2022081200650D,32,5416764f726aabb34e4577cc353207557f292d482a2995c1c35faf3476b77bf9
1788328392.145557404,EEG Signals,65535,2,1,UD2022081200650D,32,3ac2a03a29db1ad214850daae0125f49976f211e9a61a2e7532d1c87ed062da6
1788328392.150580406,EEG Signals,65535,2,1,UD2022081200650D,32,e138bad3b294833522ca4ebe23f5e9f97d9d1eccc33eb1e1e136e19ac0603067
1788328392.153541088,EEG Signals,65535,2,1,UD2022081200650D,32,e821c988388163979d564e3f458302e03f41f55bd9a1ce9094b4133d570e2e03
1788328392.157577038,EEG Signals,65535,2,1,UD2022081200650D,32,701a49053d618e92717ff74dbd0f358452f3ab19089f9264f6f282f3c0f2d64b
1788328392.161547422,EEG Signals,65535,2,1,UD2022081200650D,32,1bd03481bd9a81f062f7a6ef4a7959186b01aec87cae676ef1b88f4cf5dc3295
1788328392.165562153,EEG Signals,65535,2,1,UD2022081200650D,32,0bf482d7bbf24194345e31fb159a5cd934c0d56a42efc766d61dbd668488897c
1788328392.168548107,EEG Signals,65535,2,1,UD2022081200650D,32,ff2461c62657231024c1890a35990cfc4041a0ba9223d4ec1b5eb6435701b69a
1788328392.172549009,EEG Signals,65535,2,1,UD2022081200650D,32,ebe23d9509e78e28e7519f488d34711777ac684f0f5ee0f83ca11b251a88a018
1788328392.176562786,EEG Signals,65535,2,1,UD2022081200650D,32,76f5573124f97644316f3868d8ca2623adcea9ff82026e0e35d7d98d7cdf5499
1788328392.180576086,EEG Signals,65535,2,1,UD2022081200650D,32,137f6befac6c8c7b2dbff5a015d9dde7f3b9dcb12df1fa2070fdbd037c3cfba4
1788328392.184538603,EEG Signals,65535,2,1,UD2022081200650D,32,267fa0cedb323f8dba45eaa93e7f620e11d07dc7e75ec643127712f5572a9753
1788328392.189563990,EEG Signals,65535,2,1,UD2022081200650D,32,eadb90f8bf612728f4fafa94a5db02b9d5817870a8cc709ec07daca4fe861c4c
1788328392.192552567,EEG Signals,65535,2,1,UD2022081200650D,32,36b71247fd929116610a01e987ea5a501fdd4a181332e96f803cc73553bcac28
1788328392.196563482,EEG Signals,65535,2,1,UD2022081200650D,32,a587b864d689021a2f398417fe4c54009087bb49084cd8a83d3e1d36300378ac
1788328392.200531960,EEG Signals,65535,2,1,UD2022081200650D,32,8569979e197f1417094e7a9fdd735af4645eb29323d746a13d4b81e480d507eb
1788328392.204544067,EEG Signals,65535,2,1,UD2022081200650D,32,b7283f1f39198bf0f318eecc6d9a9cf350d00ea9cd2da1126ba6790cc31f7b1c
1788328392.207533121,EEG Signals,65535,2,1,UD2022081200650D,32,939b6eeab669b6fa56eea306e719ecfd48f8745f6b53527fa4a52a5362e5fadc
1788328392.211534023,EEG Signals,65535,2,1,UD2022081200650D,32,9c04142a528d61827ded7f595c73b00f317b25d22cc16af2e7e1f18e483efa76
1788328392.215539217,EEG Signals,65535,2,1,UD2022081200650D,32,26018d6e682a705df3637d0275ae0d5a0c5f243922913ba5cbcc33c0b0679de1
1788328392.219561100,EEG Signals,65535,2,1,UD2022081200650D,32,06fdafb4b93a90136e07610e4a1c32b47175e19e744a4694dbb798546cea94b1
1788328392.223526716,EEG Signals,65535,2,1,UD2022081200650D,32,59de889b2cc4218663559058091a40ee1b18e3cf1ad7af7715827efb85e34c4b
1788328392.229538679,EEG Signals,65535,2,1,UD2022081200650D,32,30697ed24534e22a1cfe5908890d5b688bfe4861c03ded5dab1bbc61b621e895
1788328392.231540680,EEG Signals,65535,2,1,UD2022081200650D,32,6bdf2993a52222ce0f8a7789ae462c60695831a6a356b71caf24c37f0e65165b
1788328392.236536264,EEG Signals,65535,2,1,UD2022081200650D,32,d76f3aff135a8cc66cc27930addecbf573879fe390f8336c7cbde95c071773cd
1788328392.239546299,EEG Signals,65535,2,1,UD2022081200650D,32,653827d24bcd937b95e8422d4aea65da34a7a7109fed3251980c6f853152b976
1788328392.243535757,EEG Signals,65535,2,1,UD2022081200650D,32,8f338d07bc69dc6a72096029c71de8bcbe5425d10583dfb11fa843cad15c157f
1788328392.246535063,EEG Signals,65535,2,1,UD2022081200650D,32,2bff0bf75ce0702c2132b36cbbeb30be4af04a9cde39b2018f78363b52bd58cd
1788328392.250536203,EEG Signals,65535,2,1,UD2022081200650D,32,357d23f2db63d6687454f02728c65b4be4d250250850f0eae96062ec329019d9
1788328392.255540133,EEG Signals,65535,2,1,UD2022081200650D,32,52f1c0c97db475a9299e72cc680b9bad21ff922d1cc5d31ecb9d86d7d0bab91c
1788328392.258546591,EEG Signals,65535,2,1,UD2022081200650D,32,718da507a35cf7c8ee75519f95cab6a3840cdadd910d8f3d2a470c3582e09705
1788328392.262538433,EEG Signals,65535,2,1,UD2022081200650D,32,7d26356290f90d26018ea92e56c2702e112d879dbc1692f2a2532692ddbd6a33
1788328392.268551826,EEG Signals,65535,2,1,UD2022081200650D,32,fa971c55061cc7d912d51b688811f75a3d4aeeda6567fd929b8c1a5e8d4615d2
1788328392.270535469,EEG Signals,65535,2,1,UD2022081200650D,32,a9574290f97f39d5a60f2e678c1f529fe671357722b8a5a7540bad350310cab5
1788328392.276553869,EEG Signals,65535,2,1,UD2022081200650D,32,33f2f56bc22628ec6451448e4eab4c95535ee077cc96b542942d4bf6df9f070d
1788328392.278556347,EEG Signals,65535,2,1,UD2022081200650D,32,d018ddac5e02651db4e50ec655bbbbc0909b3d902abe7eeb22f329d5fecee146
1788328392.282553434,EEG Signals,65535,2,1,UD2022081200650D,32,b36bfb4c7729f5fe7ccfd8f699d25d74aad4e82451f0778eda37e75503bf33b7
1788328392.286552668,EEG Signals,65535,2,1,UD2022081200650D,32,8f3de9cf9801fa5ba73d70a3e14a53998c1687141d972e5c1158b5d8d65676e2
1788328392.289568186,EEG Signals,65535,2,1,UD2022081200650D,32,34a02ef5c88d66e93d43844a5ce8ee928875a4c18524f170a54640124c8445a0
1788328392.294585943,EEG Signals,65535,2,1,UD2022081200650D,32,4ee300ed0f074fdd1e0f6e9ee803e61fc160141bc2276141f86e992960a154c4
1788328392.297566652,EEG Signals,65535,2,1,UD2022081200650D,32,bb2b3cea4c842669c909a10de05f7c31783ec242d3732b2e5249a289158fa367
1788328392.301541328,EEG Signals,65535,2,1,UD2022081200650D,32,cf51d9af1339da30b85029cba890ea576b5b4fe3df28a7239d6b866151851bd7
1788328392.305558681,EEG Signals,65535,2,1,UD2022081200650D,32,7956f28f794f3de63a34e1c924572db51600079b2afd01a05b7cec99909b859f
1788328392.309546947,EEG Signals,65535,2,1,UD2022081200650D,32,ea214be9032fb9887fef9cd3737cfd6f34970367abede21a4f74642d19de35cd
1788328392.313542604,EEG Signals,65535,2,1,UD2022081200650D,32,7e1e18fd2b2cbe3e0e9709f3a50b6dc0a2e8a72c4eef56c823878ce72cdf66ed
1788328392.317543507,EEG Signals,65535,2,1,UD2022081200650D,32,8083ba3fad7c54ba75a678f22d2a765d9fede0907148180568a1307acbf0fc44
1788328392.321568012,EEG Signals,65535,2,1,UD2022081200650D,32,b62223e784d7f704101c481f22907a6e28eaca1f8a26f3120b5a6c97ea868d3b
1788328392.325550318,EEG Signals,65535,2,1,UD2022081200650D,32,dc849393c1be83354a89b30e72ac4f7d30bc56ece1b3647d54e427f2d0fb75f4
1788328392.328546524,EEG Signals,65535,2,1,UD2022081200650D,32,c951f814fd111b2885c1a0738b2ec012c25640226dd6a7f150e873032093dcb8
1788328392.333555222,EEG Signals,65535,2,1,UD2022081200650D,32,600ca0d9d92ab798e0c1123b4b59443b6e93408ef94947e943d46ae1c2f1c9b3
1788328392.336554289,EEG Signals,65535,2,1,UD2022081200650D,32,5e7bf1907fa02a507781529d25d8397e722b5ba94fee0594b3100cc597703478
1788328392.341570854,EEG Signals,65535,2,1,UD2022081200650D,32,3a614bb88a8d5540fa868a6ee3768aea7724ec4bf91ea8f8ce15ade9c50765bd
1788328392.344590187,EEG Signals,65535,2,1,UD2022081200650D,32,44c8a129e23a50087f7ed6dfd57df52806f8ce8594bbd9d7cba1e44f7dcce0e8
1788328392.348553896,EEG Signals,65535,2,1,UD2022081200650D,32,a8eb0c026bf9b7fbc4ee59ef07291fdc986a9f1aaa4e2011d311559013025116
1788328392.352545023,EEG Signals,65535,2,1,UD2022081200650D,32,3bf1218864ebeb8fa485560e188024cef2f3566d45c10e8d9887c40b01a5fc02
1788328392.356554270,EEG Signals,65535,2,1,UD2022081200650D,32,54441bfc47977b8da487a589716667c43439857b8c7fca9d01096089a8685a20
1788328392.360563755,EEG Signals,65535,2,1,UD2022081200650D,32,4400883274a63ad92baa90c31e30af38087b2e2c7ce8793f11a9f8a8ac65dc48
1788328392.364552736,EEG Signals,65535,2,1,UD2022081200650D,32,f7f9c156a80abe1aea808867269abd74e82e75d73127db38cf0391293f89cf8e
1788328392.368551493,EEG Signals,65535,2,1,UD2022081200650D,32,a4048e89a61158f71f76fcad5f80cfe44662b3638ee06618b9e7a211d1422a8e
1788328392.372561216,EEG Signals,65535,2,1,UD2022081200650D,32,56321c7e065e22d71d4b820cd9aa5a35422c52e0b91cb3b3f4e8ca3128724e7d
1788328392.376565456,EEG Signals,65535,2,1,UD2022081200650D,32,c0ad619cf61d60e18993efd8426eb4b5336fdcc61a06dca3bfc04d81b62c4872
1788328392.379542828,EEG Signals,65535,2,1,UD2022081200650D,32,969b0b1e1bbbd8df8f8be9b42046e8652401e1e88401f6a4645a18beeb8f228c
1788328392.383544207,EEG Signals,65535,2,1,UD2022081200650D,32,51f31d4d4abcb5ef115b5a7336c6a205b002ae00451d23220a660b1fc7108cee
1788328392.388585329,EEG Signals,65535,2,1,UD2022081200650D,32,241cf6c6207b4135c13d5d9c5402ac7ff049c8c4290a412c69fc4404f4cae78a
1788328392.391548634,EEG Signals,65535,2,1,UD2022081200650D,32,79b82593cafdfff28fad843c9be533602b4e4140fb1523a096c558a480dcf751
1788328392.395547152,EEG Signals,65535,2,1,UD2022081200650D,32,c1222736c317380b891d90ed1a8e218cb226318c9ce4d956d5b2c5cca8a5e1de
1788328392.399550200,EEG Signals,65535,2,1,UD2022081200650D,32,a14b7c1453a3cf6a7933b182ce23d3ff9c2d43cca614ca1efb6d2d0984a8e497
1788328392.403535843,EEG Signals,65535,2,1,UD2022081200650D,32,776dd3377bb6282368fe2d0d3a801e1122ac831fff42e1c21d4173297fae60d5
1788328392.407546282,EEG Signals,65535,2,1,UD2022081200650D,32,33e1cb1240edeaa0d49737657f591a6bb0f525b4683f2d7b9ab4f6c79d1903fb
1788328392.412554026,EEG Signals,65535,2,1,UD2022081200650D,32,f56fb72aa0cacb5b81627cf33b0965080d00e86751ed695bed6ed48a39e7fa25
1788328392.414545059,EEG Signals,65535,2,1,UD2022081200650D,32,a9d291c4ac30cd2e62b958571eb872675b528db58c17dc9349f99a929763ae6e
1788328392.418543816,EEG Signals,65535,2,1,UD2022081200650D,32,b69e30765033b9e209253d2d74cfad9c96390b4fecc607c3f508b1b9f1f59239
1788328392.422578335,EEG Signals,65535,2,1,UD2022081200650D,32,050b72530636cf746bdd356c0fc345295156bf9b2a31e95878a8f4701005348b
1788328392.426554680,EEG Signals,65535,2,1,UD2022081200650D,32,15fcfe465944fb9c790508893b769dc8d36de0b336a4140e0b7d987d2f54d24e
1788328392.430561543,EEG Signals,65535,2,1,UD2022081200650D,32,37a6933ad35f0cbb4da118ce637eb4f544b3c2193dffb7fe8a6b405334cabd50
1788328392.434565067,EEG Signals,65535,2,1,UD2022081200650D,32,1ab7914b5ceb3d722ff04dcfd64f84ae627b6054e5c644ed9af5a5ef695d1ecd
1788328392.438542366,EEG Signals,65535,2,1,UD2022081200650D,32,66c88e5e1f915012b6b989e127776081b3afa7f7d9e10b797a50764bf76ca74a
1788328392.442553997,EEG Signals,65535,2,1,UD2022081200650D,32,e3865df780040fecb3a5be65dea4200e93d398b41a2aecee7df077574b5e2119
1788328392.446561337,EEG Signals,65535,2,1,UD2022081200650D,32,d459aa6f0849c2b4cb66263f2d09f152011751ffac1d5bf424d043ea98d50e56
1788328392.451556206,EEG Signals,65535,2,1,UD2022081200650D,32,97cdb470ae1cae823a2cd4e41702d88f5405bb6f4d250a90311acbd6db0e0d80
1788328392.453555107,EEG Signals,65535,2,1,UD2022081200650D,32,8bf3d7d298042a61a6eaf945447f53f94c83f2055d96b2a5a64500f69101dea5
1788328392.457557917,EEG Signals,65535,2,1,UD2022081200650D,32,c067864c8f87423969b4877bee556e88501fa8bff59ec14614e461f5841dc090
1788328392.461568832,EEG Signals,65535,2,1,UD2022081200650D,32,6496fbabc80889d4dce03cd18631f22904366ecfeff0abcce7296b631c1eb9fa
1788328392.465547562,EEG Signals,65535,2,1,UD2022081200650D,32,9f5cfc637334d4ecd083c86064b2466a17475d922a7160237e802775a013107f
1788328392.469568968,EEG Signals,65535,2,1,UD2022081200650D,32,93e9327acc2cdcb2477e4bf91e4a83e81b198fcd266e195cbab243ce52f9c6b3
1788328392.473568916,EEG Signals,65535,2,1,UD2022081200650D,32,c09ca258f56d8fd4667743b5f5d4aff26617dc4f8d2eb92dd9caee1ef3e40a77
1788328392.477576733,EEG Signals,65535,2,1,UD2022081200650D,32,504076513f803f127a441b7e6b7a7335042350c8f3e0b89f6e2ec6e0cc6c4365
1788328392.481561184,EEG Signals,65535,2,1,UD2022081200650D,32,d0447626708c1bca7484d23088a9f14b4043a76110e38436ef283f20528a3c46
1788328392.485560656,EEG Signals,65535,2,1,UD2022081200650D,32,599eabc931e242273747f7d3f59e0312e681c9f337cd452e7f049eebbb23d45f
1788328392.490559816,EEG Signals,65535,2,1,UD2022081200650D,32,c7e399cd0ac8e85f8da63bca493b73c501bbfeefdd2259a89a5f11ee9cf8ad4f
1788328392.492578983,EEG Signals,65535,2,1,UD2022081200650D,32,ec8d540b441ec714cb986f8ca819b4a8ac29a4972f0944bdfb7605fa35adc590
1788328392.496540308,EEG Signals,65535,2,1,UD2022081200650D,32,e4c0fa63e7f55a472e921074f065ac635060e79af6ebae3b70c340dd9df2d613
1788328392.500551224,EEG Signals,65535,2,1,UD2022081200650D,32,2cbe7860ed17dc8bb58e44027bfcac80eef0bb3b85d18aae0f4531b68b726262
1788328392.504600048,EEG Signals,65535,2,1,UD2022081200650D,32,48b3b4b2038f8733bfa5c5148eab7e96e42a874b1a8975e68c6cbfb584dcfe4b
1788328392.508540630,EEG Signals,65535,2,1,UD2022081200650D,32,0714fc983d1bc8b05073505657fa2bae6df36b17940b637e1d4aae8cc1304cf1
1788328392.512557030,EEG Signals,65535,2,1,UD2022081200650D,32,f40b3c73e47de44413d20ceaaa38dcad74ca78c3600f99e2b961919f0fab333d
1788328392.516546011,EEG Signals,65535,2,1,UD2022081200650D,32,9a67af48849ade458ca76339cec1f8572c3162b3c258769d9cf4abf792b8b583
1788328392.520561934,EEG Signals,65535,2,1,UD2022081200650D,32,5dbe039211267d8b3ac48820d89bbe9522e26188bb7f28b50b88cc43ed0cc26c
1788328392.524554253,EEG Signals,65535,2,1,UD2022081200650D,32,1e02bbdc4e77810dd8fdbf951f04b8754141ce57aaef5bc4f60fcad538e9239f
1788328392.529564381,EEG Signals,65535,2,1,UD2022081200650D,32,fcc6fbd51edb95b2e8bbe629506046a0c7f565e77b4c4eba77a46dac614911cf
1788328392.532555819,EEG Signals,65535,2,1,UD2022081200650D,32,71ea5bde107a738771b4acc5f45c4618589b0a7e94e49ab12635ce756883be1f
1788328392.536561489,EEG Signals,65535,2,1,UD2022081200650D,32,33c4f5167ebecb7dfed43802f35534ad16037881bb54e49abaf1f4ce45747ab9
1788328392.540608406,EEG Signals,65535,2,1,UD2022081200650D,32,93b824a6e8008f56081e1bf79b2b1a2c4d9d699055b3334f71c63134eca9e29e
1788328392.543559313,EEG Signals,65535,2,1,UD2022081200650D,32,2df231e09d63f0afaff3c99e06bed1ea010658a689e3cf41dad2e1b6d4dca543
1788328392.547556162,EEG Signals,65535,2,1,UD2022081200650D,32,b3927c0a0d33b0c3e1de128ce3a45bd7f1f6202fa79c66d681088568a0c5ab1f
1788328392.551574469,EEG Signals,65535,2,1,UD2022081200650D,32,811b4fefab26537bd9e72ef43ea2e5e1deea0b8ad8ac214fded202167e45698f
1788328392.555572033,EEG Signals,65535,2,1,UD2022081200650D,32,c149fc1c5327da658d5c0e5348ea8796c554311e866bb246401414e4d9cae891
1788328392.559561491,EEG Signals,65535,2,1,UD2022081200650D,32,63df3c93cd54fd3d0c4fb27f417f2f9f24946290f10f3dfddfbffb179220eeaf
1788328392.563603401,EEG Signals,65535,2,1,UD2022081200650D,32,3b2c96ef043d375d542e00137886d45becd398ec72b32f09ccfc8c02c37da586
1788328392.567577124,EEG Signals,65535,2,1,UD2022081200650D,32,8e58fbb0a914b1a14d2ae5bb759b68082e2606015f5ee4d3794fbce4e385e32e
1788328392.571619511,EEG Signals,65535,2,1,UD2022081200650D,32,566d2dfd5070a2e66ba065960449b2fb04cc51dc96b5541b2d7ea431d6ad0127
1788328392.574544668,EEG Signals,65535,2,1,UD2022081200650D,32,5de2932af2d48ab4141f41add1b3ceb9417b3a8050f5c371b6c590dd9747d9ef
1788328392.578560829,EEG Signals,65535,2,1,UD2022081200650D,32,a10457f824477eae599160a3888a4efe0c44047a133cce962a056af43f4e07d2
1788328392.582562923,EEG Signals,65535,2,1,UD2022081200650D,32,89919f6058764d2571d1cfd1842d66d8973c1d1e8fe9a8f53d49ed69ee64b98b
1788328392.586651325,EEG Signals,65535,2,1,UD2022081200650D,32,5e321dad2a871046de2353d5c9fdc9fb92f00b53cf13a667de6201924f391907
1788328392.590561867,EEG Signals,65535,2,1,UD2022081200650D,32,9c01ba89f7373bae269f82ecc7d0e8c64aa493ea9ab4f384e7c2f5a1dfba0588
1788328392.595558882,EEG Signals,65535,2,1,UD2022081200650D,32,053ebb4594eb8ef8840eed44ab242039d872dac3ae52925afe508e06d31e1897
1788328392.598558426,EEG Signals,65535,2,1,UD2022081200650D,32,7e829a3a58434b7528d2a203e7cb5cb2855602e17c99559a9eb58499038fad4f
1788328392.603560686,EEG Signals,65535,2,1,UD2022081200650D,32,af3c59917626aaa2111f7a52d12230616ab2e81570dbe87cd838131280867758
1788328392.606655836,EEG Signals,65535,2,1,UD2022081200650D,32,be60e36271a72a3dfde379c28b5d1416f21e5259eb62064ff1652628874c1fe6
1788328392.610577106,EEG Signals,65535,2,1,UD2022081200650D,32,276c2e39a58ef2e06d065fee4a911e7e24d6eed6042b593b3ec062255674e54e
1788328392.613557339,EEG Signals,65535,2,1,UD2022081200650D,32,c485e200e231790694c8ba5717598784010f59a4eddfa459d4bac3062b07fc8b
1788328392.617552280,EEG Signals,65535,2,1,UD2022081200650D,32,36fdfc55cf98d9d7a68e5c7e66df4ba162544b28375f1da642c4d18f8bc3c5e2
1788328392.621563673,EEG Signals,65535,2,1,UD2022081200650D,32,38e6bee44f48157b9dd0bcbc1bbf70d47bd094e728d4918a0cdffb3bae80fa59
1788328392.625550032,EEG Signals,65535,2,1,UD2022081200650D,32,513c15c9b2ce5a0a48918c07e33a130c152ad663465223c79a4176d2f900f35a
1788328392.629556417,EEG Signals,65535,2,1,UD2022081200650D,32,4208961e8d214e44fb7dbebdd6913bee155c143e495e7c43a13ab94bb6c9d27c
1788328392.634567738,EEG Signals,65535,2,1,UD2022081200650D,32,b3ecc8b929802212322a89b8caef70096d6dcf9c7b3e4c8cee83ee8e95e062c9
1788328392.638631344,EEG Signals,65535,2,1,UD2022081200650D,32,0c19182e011fb28c49d0d9562cee0f5dbb09eb440dc6773821a4d099bf929659
1788328392.641557455,EEG Signals,65535,2,1,UD2022081200650D,32,7a9491dfddb5140462d79d61b5e8c359513f0a3e9c6dd389af38251ad5b85169
1788328392.645565987,EEG Signals,65535,2,1,UD2022081200650D,32,986f78db911a7c2f5e1540dd5bad14e0530be8fb073928fe12eeb927591f7cfb
1788328392.649558306,EEG Signals,65535,2,1,UD2022081200650D,32,ce3431713c02c92c6fad6ae86ca8738ea388460f5e9481cfc63ef17dc3190975
1788328392.653571129,EEG Signals,65535,2,1,UD2022081200650D,32,f49ce3825169635cb208a1f52aec82f814ee36abe832cb0538cd4b60d0e3ac34
1788328392.656572580,EEG Signals,65535,2,1,UD2022081200650D,32,9bba79e67fecb2ab30fa70b85ab50e5e15ee034d6a7a012ba4cf98eb9d9c3ce4
1788328392.660552263,EEG Signals,65535,2,1,UD2022081200650D,32,1c625e342ec9c553630d58fdddd1472b347194beb4670701a6ef975dd3e08e14
1788328392.664547682,EEG Signals,65535,2,1,UD2022081200650D,32,3b9dd3e5323d0e05d7febd977b2698927a59ba3886e4767efc4661f93cfc0835
1788328392.668550968,EEG Signals,65535,2,1,UD2022081200650D,32,8a38ee2cd5159d29528bc35754a128903b06e1647b15c4cb88c2c9c355aa2638
1788328392.673567057,EEG Signals,65535,2,1,UD2022081200650D,32,546c4a6a898fe11e1e932a1fe2badf97d394b1429d8d4803cd73d1397e5a2c44
1788328392.676543951,EEG Signals,65535,2,1,UD2022081200650D,32,691c733473faa8f878f2b5b9b5e83327e3038fcff937c34f16aee0ed606b0623
1788328392.681566000,EEG Signals,65535,2,1,UD2022081200650D,32,0ac130d986e393fe8d8fefc36b94418b6258babe114bb9b1a039b6f39e51bec0
1788328392.684549570,EEG Signals,65535,2,1,UD2022081200650D,32,f94a4c76f68b5580a907b6aff683c9d8223f751e5b59ab492080ac2318992125
1788328392.689563274,EEG Signals,65535,2,1,UD2022081200650D,32,3368f9bffce2337c444a7149d1e3e6dd56ee2bf9ecaefb64366d2806025be9dd
1788328392.692575932,EEG Signals,65535,2,1,UD2022081200650D,32,2eaabe80ce6c48715e1f3091788837fb96bfc741d061a488ddbc8417fe35102e
1788328392.695555687,EEG Signals,65535,2,1,UD2022081200650D,32,d6535afbb3ffde487b5a3f79deb6a93fcc2bb68d29c220d08f0395bccddde507
1788328392.699552774,EEG Signals,65535,2,1,UD2022081200650D,32,c190159a302b7b394218000803bc8fe6742d62bc3bd04966746d6fa63e1bbcf0
1788328392.703556061,EEG Signals,65535,2,1,UD2022081200650D,32,a2674032cd6be25c2891a85d617d92ae43c5b5812a2aa6cdddef33c3f0d14f34
1788328392.707556725,EEG Signals,65535,2,1,UD2022081200650D,32,1de59735c17492f386b98c65e345450981769dc51bdbd07a4c7dd22ad3e5f640
1788328392.712571859,EEG Signals,65535,2,1,UD2022081200650D,32,6104cb35fbd870a77b93141f7933ed54123475117a91ee412c18826e9fe5b7f5
1788328392.715562344,EEG Signals,65535,2,1,UD2022081200650D,32,2e61e73fba06756950c6055b7b439382b71e8d1a2cf0ab7ede600fa9e6293afe
1788328392.719564199,EEG Signals,65535,2,1,UD2022081200650D,32,67d9b2f458341416300069d2027c16510640af367c6378a78e89e1a3ab9f57ca
1788328392.723558664,EEG Signals,65535,2,1,UD2022081200650D,32,ab695aee7fa2e973f61fc109858380cb85fe9431f16ff271f49f43f4e589f783
1788328392.727548599,EEG Signals,65535,2,1,UD2022081200650D,32,5ae8c279baca79fe653f14bce4d91230d8a651fc9837cb3e629249a2abc38d04
1788328392.731566668,EEG Signals,65535,2,1,UD2022081200650D,32,f527dd40d37bc9d08efd8b30496405250bb0fbe442e265875f9a8c90b5a3827a
1788328392.735553741,EEG Signals,65535,2,1,UD2022081200650D,32,8a88342b3873a081d824b48a8248bef696fde7558f05da400e013bab5c8f5093
1788328392.739564180,EEG Signals,65535,2,1,UD2022081200650D,32,9e5011833509641796ad923251030a47b7c11ea6d3a31ddf43bd702e2de31d56
1788328392.742551565,EEG Signals,65535,2,1,UD2022081200650D,32,80babd46dc886e30be0ce9450174174639607ff49765a91892c466f54a8bb9a6
1788328392.746568203,EEG Signals,65535,2,1,UD2022081200650D,32,2a933bda4d55a8eb9ad68b8332ed03af40f7ea9149d270c433319986b320fc11
1788328392.752562523,EEG Signals,65535,2,1,UD2022081200650D,32,95f6b6fc93701e762de626c165fce90284ed6b23c18eadfd36d2d1433dae9a2e
1788328392.754563570,EEG Signals,65535,2,1,UD2022081200650D,32,583ab53c483afe15938077429e4d40d496b7b98e0f5ff5f528f7a08bd8f31fc7
1788328392.758572578,EEG Signals,65535,2,1,UD2022081200650D,32,e4f2a90fcfdf3d6ffa70676d58e10c46c2ce1f30fad4dd241fa5abc95d9f9548
1788328392.762572050,EEG Signals,65535,2,1,UD2022081200650D,32,9ee3747e1dec2ef5bc828eb2cfbf57af02219e3020836180b768d50b62e82728
1788328392.766546965,EEG Signals,65535,2,1,UD2022081200650D,32,76d1271f545506f48a6403d032c4d13dc9fb0cf19459097e2264a49ff55ed441
1788328392.770564795,EEG Signals,65535,2,1,UD2022081200650D,32,b54f6c9d3aba66f230a3e1cf55f3fb2e47c461c684bba55cc6e866677497f56f
1788328392.774571180,EEG Signals,65535,2,1,UD2022081200650D,32,713d5b3b6778171c8efe16fb8f1c41b4cab8d99ede547821ab4e8d446e4d2f7d
1788328392.778578758,EEG Signals,65535,2,1,UD2022081200650D,32,a15b9cc8c6bb878419f6b89548204075217966fc254130ac3602c244682bb1a3
1788328392.781555414,EEG Signals,65535,2,1,UD2022081200650D,32,cc85e31e6f55e8b843f6c7f1caef2de7c9d99482745d0089fa7b375c7f59f612
1788328392.785555601,EEG Signals,65535,2,1,UD2022081200650D,32,b784cbba96939dc476273203d42093add6e06349873d57e430fd900c655076f2
1788328392.791587591,EEG Signals,65535,2,1,UD2022081200650D,32,acc3ea0554d0c43b80ae1c7d73923536348aa835b7c2e8bb5483abde7e28e07a
1788328392.793560743,EEG Signals,65535,2,1,UD2022081200650D,32,dda3c8d8ad995c8f21b03c8c17f72961cc30b61a84c56d05af364a4eaa23bde0
1788328392.797553301,EEG Signals,65535,2,1,UD2022081200650D,32,b6e98790f160d11a4fd01eafc9d8f0999132335bf2020fdc3910a628d462dc8f
1788328392.801558256,EEG Signals,65535,2,1,UD2022081200650D,32,7955622e7eb8a09a968300809c5ae249cee861eca549062475c4de55a906f9cd
1788328392.805546522,EEG Signals,65535,2,1,UD2022081200650D,32,8b416a0df383dc5da7e95e50eddf3f70335b6de2aa7eb64b6919e6d2b57a660c
1788328392.809550762,EEG Signals,65535,2,1,UD2022081200650D,32,7eab0180452598750bbaacbb4c62c5be4da812ff4cacdec2a0e703025b294ecc
1788328392.813548088,EEG Signals,65535,2,1,UD2022081200650D,32,a7c2100a3bb9bdf7aeffde89d659d50da4bdf3944eab9d2cd9d2c95c858578d9
1788328392.817558050,EEG Signals,65535,2,1,UD2022081200650D,32,a614572629768b99672f19aac197ac4544b6013626e49267bc1a0b3a5236eae7
1788328392.820565701,EEG Signals,65535,2,1,UD2022081200650D,32,37bd376ec573bcff3d3f4926235791132f5ed6b0b407ecd06dce49160bfdee58
1788328392.824546814,EEG Signals,65535,2,1,UD2022081200650D,32,cd7d0d01ebc978809d690efeb088619a4d00432cd78159f4c8e6b6fd32d3855e
1788328392.830567360,EEG Signals,65535,2,1,UD2022081200650D,32,0bde9020013294892979da829f13cf183f395da8965f3ce899793de6ecc6a20f
1788328392.833535910,EEG Signals,65535,2,1,UD2022081200650D,32,b592990ea4dfa8fd1d4b63830b280ede74902500fbdb0f7d4f64a86094bec72d
1788328392.836541891,EEG Signals,65535,2,1,UD2022081200650D,32,b473b23afa43bd5e9ca85a6e44ccd5c6037a68f6574153de6cf1dfb08e6a038a
1788328392.840562582,EEG Signals,65535,2,1,UD2022081200650D,32,ca1ea612401242ba337b2e2cc051ecefdd64e6f4acbe2368235adeacfacea299
1788328392.845565557,EEG Signals,65535,2,1,UD2022081200650D,32,9ab8f1708c6760e2d6d61057370fb2147609857cbc4e2fae4d52d437b7b9914d
1788328392.848541021,EEG Signals,65535,2,1,UD2022081200650D,32,f67d3ac02b67f5715649f969f56f1e97fb157b8accb9a074dc6dd33e45af1f89
1788328392.852567196,EEG Signals,65535,2,1,UD2022081200650D,32,222a9684ecace942a4f0dea2f217b15a870038a5d880e0e4296df7f22a752bb5
1788328392.856558323,EEG Signals,65535,2,1,UD2022081200650D,32,80f4589c5ff1941933868e68e54c0ab1ee887a91ff483e0eac9ae16003d5707c
1788328392.859552145,EEG Signals,65535,2,1,UD2022081200650D,32,c73bd2b57e167490c2c799536d194ab2751e5a0e5fa39412766aa8c10932bb30
1788328392.865578890,EEG Signals,65535,2,1,UD2022081200650D,32,0d7b2234bb2372b61d8b5b7c78221926a5d9f50d9bfdf0476d7dde963205e8aa
1788328392.867552280,EEG Signals,65535,2,1,UD2022081200650D,32,c5ceca613349287ead52daad30ae7f74258bb73e361f32dcc2845c8959dcdc96
1788328392.871583939,EEG Signals,65535,2,1,UD2022081200650D,32,8b301df77b9aac898bcaa128e15bae31a41b56d25b3695959774220e1ceb3899
1788328392.875569582,EEG Signals,65535,2,1,UD2022081200650D,32,eba1e623ebcac6d82d9d2a31e6923e003cb0e3d1364c37c7ceeb21724a6678bd
1788328392.879571199,EEG Signals,65535,2,1,UD2022081200650D,32,dd92ff2ad9e1b1b47b840e770ad021c0cf39ea99d8b26587bec8cb9def4366fe
1788328392.883559704,EEG Signals,65535,2,1,UD2022081200650D,32,acd3f8bb94f57173b4eb59f2f3333405fe888a2aa6a4218ab9464e60b485bf1d
1788328392.887585878,EEG Signals,65535,2,1,UD2022081200650D,32,eacf5e805d5f7d2f9e1e33dbdc0ffdf9d0d05c5ff680a089245f403c35896e20
1788328392.891558409,EEG Signals,65535,2,1,UD2022081200650D,32,7c936d841718ef53fecb70365d38389ac77e3cef8912b100364cfb497f24b5b3
1788328392.895563841,EEG Signals,65535,2,1,UD2022081200650D,32,56bbd4f618699cdca5b646bfa0860f7745921e01b259f0fd5c24ed999acac4ae
1788328392.899554729,EEG Signals,65535,2,1,UD2022081200650D,32,6702314c13ba5b5984b42f555dbfbf25691442ac7affa3bef224f63f3e8af7d8
1788328392.902571678,EEG Signals,65535,2,1,UD2022081200650D,32,9b392e2a05692af6b338fedbd2786adaa256938ebfb5da7b0d84bdedb85f8e28
1788328392.906570196,EEG Signals,65535,2,1,UD2022081200650D,32,21bd82453cb3dfcb5dd3173a0b3091f9f530deedfa93344a8a950ead47d8ba1f
1788328392.910550356,EEG Signals,65535,2,1,UD2022081200650D,32,babe1285715aadacb4c7769cbc302db1707113b8535ebf1387789d5eda307161
1788328392.914561749,EEG Signals,65535,2,1,UD2022081200650D,32,df786f60db89afcea6b6060eca751f42d2fc2d7a8100c5eb61e2ff0d4f5ea634
1788328392.918554068,EEG Signals,65535,2,1,UD2022081200650D,32,b309cca61f429759bc62ccae2f27b8aa25dba6ed06770add495ce50f1ba91ba4
1788328392.923585176,EEG Signals,65535,2,1,UD2022081200650D,32,45a604effdaf5aedac95708e856a3c0758ec3cc3b1a21666bdbf62bea2b3bdf4
1788328392.926566839,EEG Signals,65535,2,1,UD2022081200650D,32,1a312241465d0243d719426ba5b12b3fc6cff98e76424904b9f4356f11ba1847
1788328392.930558920,EEG Signals,65535,2,1,UD2022081200650D,32,ba5c69b1868c1a164c82659dafb53a3e75cf9a6bcd1612c0c4002de634dd36af
1788328392.935553074,EEG Signals,65535,2,1,UD2022081200650D,32,bd29383bcb1f53d26e7cb461789eaeba398e4b9761960d631d86c1721aba516d
1788328392.938569307,EEG Signals,65535,2,1,UD2022081200650D,32,564c54efd03a46ce1792e1d25a9f2b70a94c3848eab21415b806e25bcfa95297
1788328392.941556931,EEG Signals,65535,2,1,UD2022081200650D,32,3161da80265e57d48a9204b302d649ca4af65d6d973688ab310532af51063b9d
1788328392.945555449,EEG Signals,65535,2,1,UD2022081200650D,32,a872debc6e0f70b219275f10f80d7aba913d92360a0a3a3bb94a2a9e67ee164c
1788328392.949555635,EEG Signals,65535,2,1,UD2022081200650D,32,9e1c1bbc5e21e2141be0aed8372fa878342ba70af1add969e52112b16d78af74
1788328392.953564882,EEG Signals,65535,2,1,UD2022081200650D,32,c2e94185b1d8b94593c4114568ad7dd4d12c62f81ca3054b3394ff7c53fc5ebf
1788328392.957555771,EEG Signals,65535,2,1,UD2022081200650D,32,6e193c35dff7fdcffabf8410e58d2a68ec802f3fe35ab47f3b41d04778ca2b3e
1788328392.961562634,EEG Signals,65535,2,1,UD2022081200650D,32,1852e87366799c26cdb0ea17b6c1f32c9ea7b65e7cf0ffb3f6dc96919c9c959f
1788328392.965563536,EEG Signals,65535,2,1,UD2022081200650D,32,fc4b08672d7cfcaeb3b6bd5b79c4d61758bc3a3812c70f8d756f3cf663b72182
1788328392.969554186,EEG Signals,65535,2,1,UD2022081200650D,32,38f719b640053005d18a52d3d71980bd9c8623ca620f48dd95260f0258d50a34
1788328392.974575043,EEG Signals,65535,2,1,UD2022081200650D,32,1fe341b8f91adc5579b689350c0a2347de038a3f3793f3477247e86e8ccaa98e
1788328392.977549553,EEG Signals,65535,2,1,UD2022081200650D,32,2aa79413eda7a3435674dacd824a2d35dfe1859b5fcd8a87fa42ca3396fd2b58
1788328392.980568171,EEG Signals,65535,2,1,UD2022081200650D,32,c54d775296ada7e47e9bd4b0c5c280447f23d80a875a4367f32c913af84c693b
1788328392.985556364,EEG Signals,65535,2,1,UD2022081200650D,32,e2f755d5f547c71613c98e14d464cac5d942d1b914098931bdf3471589ea15d4
1788328392.988559961,EEG Signals,65535,2,1,UD2022081200650D,32,fee07d438bb1afd504838831b2e117919ab4bb919bb49f10be5d410091951863
1788328392.992602587,EEG Signals,65535,2,1,UD2022081200650D,32,e33d9c067624ead080abbcec51b49a988e3ced41adf7851d6fb0933ae120c03d
1788328392.996557236,EEG Signals,65535,2,1,UD2022081200650D,32,d29be863d10336744b37e027fd5eaa55b8a309f0359c477087cf3b7614923b2f
1788328393.000565052,EEG Signals,65535,2,1,UD2022081200650D,32,735ddb6d71ac64d79ac3fe508d200dab0eaa2bdd8e3fe7dd193d6753304ac090
1788328393.004595041,EEG Signals,65535,2,1,UD2022081200650D,32,c14c7d431a4e71ac510e37ed3aaae1a2a7802c732e58cac1a76dd822fe33ab0d
1788328393.008570194,EEG Signals,65535,2,1,UD2022081200650D,32,b388ac4c559cb3daf99cfcf70798f3d107f29039bc6687a9a3f3aec1a187abed
1788328393.013586283,EEG Signals,65535,2,1,UD2022081200650D,32,f0ef0cbb2855f9317b8ca8d4c873a0a871302885ccc39d5af9086a2702a61191
1788328393.016558170,EEG Signals,65535,2,1,UD2022081200650D,32,85d8e496513583397c7025bcd99a44de283156bacbfdc3b7634f99a817847a91
1788328393.020558357,EEG Signals,65535,2,1,UD2022081200650D,32,d83597b804b81947f4393e0ffa6fb3fa094cc5b1dadd4055dd9136934fec4cfa
1788328393.023566008,EEG Signals,65535,2,1,UD2022081200650D,32,8aed4199e0c75be2b11f32f24fe86780a922e36e4807a161121d658607ec8ba2
1788328393.027560234,EEG Signals,65535,2,1,UD2022081200650D,32,ab51874386008af2d2cca00ffb1488d82a296f311400ef95e9c46635f36491a1
1788328393.031564951,EEG Signals,65535,2,1,UD2022081200650D,32,a27897bc3f30503ee50b1ec5afdc2658f045afca469c2c900f740f3e7dabf442
1788328393.035559654,EEG Signals,65535,2,1,UD2022081200650D,32,da441f8fc23bd5f082f47d66a89f5b52e146369a5499099fd2467b86ec3f6e22
1788328393.039566755,EEG Signals,65535,2,1,UD2022081200650D,32,6c10bf54ead6fa4c9644e8c60c6f3a8cb5c7b865594f59e182a74ff5e8fd7cce
1788328393.043570995,EEG Signals,65535,2,1,UD2022081200650D,32,e8bddd94748776d1b4bd4fbd5ef27b10cff088c8de8718b70cb81b0a45c198c9
1788328393.047593117,EEG Signals,65535,2,1,UD2022081200650D,32,65b2f5041a539b3af278d9d83eb232edb1062b93745162e6000c56aedd0c01a9
1788328393.052556992,EEG Signals,65535,2,1,UD2022081200650D,32,6d69300b20d1be42ca1eedda6c78bb48a9ed22b16202c9aa88f0b0664f3fa4e0
1788328393.055577517,EEG Signals,65535,2,1,UD2022081200650D,32,d29f8f4b995deca29ffe180c1ee5f1a9ffd0c9f39deef91e6f2edd889736002c
1788328393.059559345,EEG Signals,65535,2,1,UD2022081200650D,32,c59a5d069931d420b8d1850f0590a2dce046ddc3b1d5531cb58ae7f485243014
1788328393.062567472,EEG Signals,65535,2,1,UD2022081200650D,32,e02897e7ae0c6abbf8698ac7d67c8c9a8e88892a5b093f794d34b9b255f90c5f
1788328393.066550255,EEG Signals,65535,2,1,UD2022081200650D,32,b4ec52524b2a1800a9dd264f2db6e845a810065427c3b0d50d0ff66debc00468
1788328393.070567608,EEG Signals,65535,2,1,UD2022081200650D,32,c4bdb269a27051166297d86b9858a58e9c4b8a7f41855c802b119fb9773a45d1
1788328393.074557066,EEG Signals,65535,2,1,UD2022081200650D,32,cbbcab65ef7834c8310fdc61b36e519369d810fae5a8e019cf40891b9bf2ce94
1788328393.079581261,EEG Signals,65535,2,1,UD2022081200650D,32,fae174b4df9460f5fce9c89e97d9b3d1dd29fe54e94442c03f52bce240f95975
1788328393.082554102,EEG Signals,65535,2,1,UD2022081200650D,32,e59dae78821eae5032a09d3767a53d593eea5f38f72c186d9962420ceb0bee5f
1788328393.086566925,EEG Signals,65535,2,1,UD2022081200650D,32,9e93b574db396140d3305b2879ec869a969bd1a8150ccfbdf26d2b0ef2888414
1788328393.092572212,EEG Signals,65535,2,1,UD2022081200650D,32,dda467831287d4c152fdc475ee854cce379736cfedb99eaaf81f1301cb55e990
1788328393.094572783,EEG Signals,65535,2,1,UD2022081200650D,32,fe2546352f6636b7d7f3b69ff9d379f7319e571961b57927aa1d824539bec493
1788328393.098565340,EEG Signals,65535,2,1,UD2022081200650D,32,22d3d4397f8cfeeab73f9fed1cadeed5dc1874276042de20313ebc572eb631f8
1788328393.102562904,EEG Signals,65535,2,1,UD2022081200650D,32,621e2e318c49312578d0371591a8a930e7d86933dbe8ce9651cf386543cbdefa
1788328393.105561495,EEG Signals,65535,2,1,UD2022081200650D,32,c18089f17def26055226beffca7cb6b50b35d525c0d8a6199638eba7e432088f
1788328393.109570026,EEG Signals,65535,2,1,UD2022081200650D,32,bb8105614c863d80b51d9435bd2feb43a10bd5a6ba77f0296df7f9b15059aea5
1788328393.113559008,EEG Signals,65535,2,1,UD2022081200650D,32,aded46f337e4e7a083d5801cb1a3dbaca19253984a7858d91430d64a8cd9cd29
1788328393.118560314,EEG Signals,65535,2,1,UD2022081200650D,32,7f42eb885f9acff8cf1dea0cb5647058b0ec17cb440435d759f6be6891e0c9b6
1788328393.122590303,EEG Signals,65535,2,1,UD2022081200650D,32,88b1d51350877bbf07529dc02f1f2eb43a9464c95150c84efec75826000c85a5
1788328393.126567364,EEG Signals,65535,2,1,UD2022081200650D,32,04f6c3f58d05625fe5e4dcfe0ccf6d3efcc6eadce02652bb3cef2a29d9c7e255
1788328393.129570246,EEG Signals,65535,2,1,UD2022081200650D,32,941556ae226c3f767a8f871dbf78d8eefc6de6147d8731ef6993c75848365414
1788328393.133563995,EEG Signals,65535,2,1,UD2022081200650D,32,788b337009e81f7f7e43d1a8992dfd3cb852461aecde8abb7f4fb51c7120462e
1788328393.137576342,EEG Signals,65535,2,1,UD2022081200650D,32,9f6d4496ae271b08d9aaf11b8818933d2e06cd559222f4625f79a538884f37a4
1788328393.141547680,EEG Signals,65535,2,1,UD2022081200650D,32,f8248789c785049a0a6ab49f2a589a002b3586b745de3e65c11f2ab33963ac27
1788328393.144549847,EEG Signals,65535,2,1,UD2022081200650D,32,a88e8ccaeffd06b1150560ec8372dc737f295aeaeb3974c837d073f59ad653a5
1788328393.148569107,EEG Signals,65535,2,1,UD2022081200650D,32,8cc4cfceada8bfea1732c31832a6ce19bbda6db291cf6fcba2f9c965c4589399
1788328393.152576685,EEG Signals,65535,2,1,UD2022081200650D,32,024d96fe393b28bffe9bb3376942d172d7df02a606bd4963d78e84927a87a010
1788328393.157552958,EEG Signals,65535,2,1,UD2022081200650D,32,748c00a7eb74d44ce5de69e282eac76222592be1fbf050f32f0a9b070fc1ac7c
1788328393.161552429,EEG Signals,65535,2,1,UD2022081200650D,32,7cab990e1a951ede2ee9fc7d2836254c19eed043dbd6b427d42bf5ae64363698
1788328393.164561033,EEG Signals,65535,2,1,UD2022081200650D,32,7f74696ca39e0b3510b3b92906b9e6144364bcce3c8cbd3941df9ec8080f9112
1788328393.168558598,EEG Signals,65535,2,1,UD2022081200650D,32,afa6f148a7973e5e8b26f498acb05c37944bd320e1111c96ef61ba76224cbdbe
1788328393.172564030,EEG Signals,65535,2,1,UD2022081200650D,32,ce939ceebd634c78186fea440b6d3bc2e18f887dc78180c2c8de9fb812bcc0e2
1788328393.176561117,EEG Signals,65535,2,1,UD2022081200650D,32,6544a39b80909a5ceb05e9aed73f2b6db67f23e1afacbf3ed35b028646ce87e6
1788328393.180572987,EEG Signals,65535,2,1,UD2022081200650D,32,f96c945210207caa1c93921cddf8f8ec5d7c558b482974f4d024489ce9fd9090
1788328393.183559179,EEG Signals,65535,2,1,UD2022081200650D,32,7401678ff85b8776e1b4c262a41bffb9b3c68e65a715c168bfbc91771a553f5c
1788328393.187591791,EEG Signals,65535,2,1,UD2022081200650D,32,c3e58f5a844df0d5268047da227548040a7798d001c068e4e7f0ff22468ef2af
1788328393.191569567,EEG Signals,65535,2,1,UD2022081200650D,32,94d6565adca5e20a9a22d7efed8ddfe5c52a9c3bb9f5a27527922c9a196f4083
1788328393.196591377,EEG Signals,65535,2,1,UD2022081200650D,32,81e7ddee77faa549c6eb9ce482d858a8093a4304baf68ae169dd041fcf3002c6
1788328393.199578047,EEG Signals,65535,2,1,UD2022081200650D,32,19bb0610ebe52ec8ca105b4b46f80c7f0503540eb8263835e6ce988f94bdf9ee
1788328393.203678370,EEG Signals,65535,2,1,UD2022081200650D,32,cd8388bf8918370cedce6e82e31ea43c243a8d0ead5822e58f72c31de07f2414
1788328393.207573414,EEG Signals,65535,2,1,UD2022081200650D,32,f050d3fde2f33e836d7200fbd9ca59e9c0bb86ea47011a931c58ce51b00e9b63
1788328393.211582422,EEG Signals,65535,2,1,UD2022081200650D,32,7a3e27c686151819365084b414e381e459b06b3ca038473b4844be5103157fa7
1788328393.215584755,EEG Signals,65535,2,1,UD2022081200650D,32,5f77c8024e65424d62a14bc5486d94479f554a03f185985283817a7de13d2966
1788328393.219573498,EEG Signals,65535,2,1,UD2022081200650D,32,549876db323c85504600da3f3e6721e052c3400b5c3b51d95c0e30944c152535
1788328393.223575830,EEG Signals,65535,2,1,UD2022081200650D,32,39ba8917fe066a0f001ebd96a9d3d185a47a1019a5c0f836c4192b1107351920
1788328393.226584673,EEG Signals,65535,2,1,UD2022081200650D,32,eb8eee1543976f5dc0527e2425350cf86f2cea388cf56c10b72d7809b76edd7b
1788328393.230572939,EEG Signals,65535,2,1,UD2022081200650D,32,b46da78293fffd3194cf232cf6eeb0446ae3a7308b3afc6bcc7e5d9babdfe48f
1788328393.236586571,EEG Signals,65535,2,1,UD2022081200650D,32,4336d19ba0f0b65ca59d5fb2c07954a060557495c623a6f9783a33c0efcc4abe
1788328393.238561869,EEG Signals,65535,2,1,UD2022081200650D,32,5b868a0b5775272626801ad0b2ddf5c73891facf94863956a88c055b9f60884c
1788328393.242564917,EEG Signals,65535,2,1,UD2022081200650D,32,efe96d2653c86cf9837eb02d52ab056931459ffb7e59859e7a085a45eb0ff3cc
1788328393.246559381,EEG Signals,65535,2,1,UD2022081200650D,32,04b20ec357be0190f55b6bc2022d12beaa30056b76f7a00796d27681038a409e
1788328393.250574589,EEG Signals,65535,2,1,UD2022081200650D,32,472d05a1e2dda37d4024c778e24ffc4054987960ba1cc29aaf313e3e90926455
1788328393.254603863,EEG Signals,65535,2,1,UD2022081200650D,32,50005f325ff600dc7b181345fc323c60fd6feaee8bf53ad0a51325257e4c1542
1788328393.258572340,EEG Signals,65535,2,1,UD2022081200650D,32,674f78f97516ab8bd75dceb9541d06faccd5a0095520004520d73bf901455100
1788328393.262573242,EEG Signals,65535,2,1,UD2022081200650D,32,bbab082ffc62fb137f3421a689379e8f3eacd403c626ea59aef65c92aea99412
1788328393.265570879,EEG Signals,65535,2,1,UD2022081200650D,32,c3163998c8fbdad5ff313e97af358c2aee8956ca7b33884e5b7cff276da71f52
1788328393.270599365,EEG Signals,65535,2,1,UD2022081200650D,32,b3a35ccc70ae659afe00478bd3efad0e5d8a8c6c9e7a831a044c80d2a5cce680
1788328393.275581837,EEG Signals,65535,2,1,UD2022081200650D,32,13cd6c7448cb7ee7bad65b71677075f491dba3206b6252da6d0eebf853633768
1788328393.278576374,EEG Signals,65535,2,1,UD2022081200650D,32,e0e58c943eff6fd0706cc1eda126652171dd133d9f6e7fe97baeb57a153a7e03
1788328393.281561613,EEG Signals,65535,2,1,UD2022081200650D,32,e4064685165e91c127dcf51c6361af90ae21580980e787b9307221fe63303178
1788328393.285564899,EEG Signals,65535,2,1,UD2022081200650D,32,78f94ac818305da7145e74c52e6ccb2d0f330135fd256b4a12763ac36b94112a
1788328393.289576769,EEG Signals,65535,2,1,UD2022081200650D,32,f73f40336ed7474166bf83eefaaf0fc24a7cbc633e0edefdb578f23bd68ea795
1788328393.293575764,EEG Signals,65535,2,1,UD2022081200650D,32,49489753713c495bceb9dd7a40242ecfa989b35589399abd120bf7616e0be09e
1788328393.297569752,EEG Signals,65535,2,1,UD2022081200650D,32,054ab889639540b2990ce9f60e3925f3884e5cec0d50e7cb6819fe79e6ff6d37
1788328393.301557541,EEG Signals,65535,2,1,UD2022081200650D,32,465897c2bed25879e6571a947c3c20373c6ced8d44e36053c3b4bcfe5cec7e52
1788328393.305563688,EEG Signals,65535,2,1,UD2022081200650D,32,5b616975e3eacdfdfcd4bed2ad6c30a42eee3075430425aa5cd248c05b96345d
1788328393.308595657,EEG Signals,65535,2,1,UD2022081200650D,32,fc3edb462a2b0a7188c484a994b33ab5a413fe6dd36cd0e272a132706e2c404b
1788328393.314574003,EEG Signals,65535,2,1,UD2022081200650D,32,436054275d3edce7cef40ff482ac9e11c13f1b325543ae46fed1f0cfd31e7a41
1788328393.316560268,EEG Signals,65535,2,1,UD2022081200650D,32,fc8a0f4d7f66b96f10d4c18362e192d34d6e011f38d343095f790ea9cbe65be2
1788328393.320567846,EEG Signals,65535,2,1,UD2022081200650D,32,10c18a4ecae6ea467ec71c5ed54dd61847376d36024dfac7a3546e8f469ff208
1788328393.324572086,EEG Signals,65535,2,1,UD2022081200650D,32,3303b9a320de2fd2557425cd30a49234cb683329663493046d3a416f5efdbedd
1788328393.328587055,EEG Signals,65535,2,1,UD2022081200650D,32,88933c4be79714e2fde3372a628bc7cc1ebc6d7437a1bdfed23fffabeb394aa0
1788328393.332587242,EEG Signals,65535,2,1,UD2022081200650D,32,254639bf8cea33dd4a9c809350568cedce527fbed13f1ef28b9e292883d0a30f
1788328393.336576939,EEG Signals,65535,2,1,UD2022081200650D,32,df62d71297171967495eefd6aa8d0f5e4c7edaaa5afdc652b71ca8c06854b222
1788328393.340568781,EEG Signals,65535,2,1,UD2022081200650D,32,b7081ebca3a482c5f927564caa6d35edcb84b8ad9673dea873c1b4dc54360bd2
1788328393.344592810,EEG Signals,65535,2,1,UD2022081200650D,32,0e8404598d0ba8e1df66af507c66010c3ec8f17f7d814934bdcf30a0a1d987bb
1788328393.347569704,EEG Signals,65535,2,1,UD2022081200650D,32,9b28a6770a41cf5996d9db6c6b4b1806300b344f8215b9ea8f65c96210c0e7a7
1788328393.353566170,EEG Signals,65535,2,1,UD2022081200650D,32,fe13142b527e24d835f27fe467542bfdb747515bb84b2ca2bc3da7ac343bb9b2
1788328393.355566502,EEG Signals,65535,2,1,UD2022081200650D,32,d04dbc48de3a1c41a7170d2ca6eb3d78e85ce9e2a97cc6db90fb9948acb56e46
1788328393.359604836,EEG Signals,65535,2,1,UD2022081200650D,32,70a06a334e4c37d2e3c8799b8d5b984ab182794a9e9cf4fe0f2c2aa9b606fb7f
1788328393.363584042,EEG Signals,65535,2,1,UD2022081200650D,32,b6f3dc9f0a2782d0299ce6aeefbd0d7f18c0e90775d1e1c2bd76e8364c4fb92e
1788328393.367563725,EEG Signals,65535,2,1,UD2022081200650D,32,0db5e9fd9ff6dc1d02cc045de1f5a19afae9f6d986a2814168491612b54aa5a5
1788328393.371572018,EEG Signals,65535,2,1,UD2022081200650D,32,145b0eb4af6e72cf7afd33131c725ecf0eb700c7b645154af4acbf01017354d3
1788328393.375577688,EEG Signals,65535,2,1,UD2022081200650D,32,5465acadce7d7dfde285d8f91151e9f4c16d109cf43727dc4099ed7d55d632eb
1788328393.379566193,EEG Signals,65535,2,1,UD2022081200650D,32,e44a94b30be88daf3ba76393b6dbe8b4dc22d57d5e424b69e2b8051829f15ac9
1788328393.383558989,EEG Signals,65535,2,1,UD2022081200650D,32,b4ba269817cb36e31d0385e48d97cac84fbe8c49a87abbb210059830ff289b8a
1788328393.387559891,EEG Signals,65535,2,1,UD2022081200650D,32,7e0cea831bf401464bcca88f5d95eab3b3c3115b21731d2a7a36e3d83c9dd400
1788328393.390573025,EEG Signals,65535,2,1,UD2022081200650D,32,28f8a5d8c8b66a916cc2bd2d84c5e88ebcdadd23a33700b718c3a04f8365ae5b
1788328393.394578218,EEG Signals,65535,2,1,UD2022081200650D,32,549da87b1a77661e7510e7772f0ac8dc1a79863d44990db1cf86548d19c1325e
1788328393.398562193,EEG Signals,65535,2,1,UD2022081200650D,32,b0f80a61810944b402378a4ad1c0fd34031eab8327e42735ea4483dc6271ebd0
1788328393.402587175,EEG Signals,65535,2,1,UD2022081200650D,32,e667d464b4db64dff0f7b6dd7da97b9592acbea01bffbe080189a789c04e4480
1788328393.406568050,EEG Signals,65535,2,1,UD2022081200650D,32,58fd7753967f4155dd36609c1fbacc3ff5b05d9d1d424d6de82b9ded985ad211
1788328393.410566330,EEG Signals,65535,2,1,UD2022081200650D,32,a93e37e37b835ae21c7984d6fdd1356548d840eab901a91c2c4790bc69d7dc84
1788328393.414574862,EEG Signals,65535,2,1,UD2022081200650D,32,302a7a5127bbb597632f9079f0186c29d6582bfd1bcf4ef9d38aa2ca3f65a0c7
1788328393.419596910,EEG Signals,65535,2,1,UD2022081200650D,32,580e665954cd9331e8854b1c6fcfc58ed5ccfcdc67fa79272d9e59723e2de604
1788328393.423565865,EEG Signals,65535,2,1,UD2022081200650D,32,508ddc3108718695e459b12e53b93c2b839a867210bb15da7065c7d31aa67c23
1788328393.426561117,EEG Signals,65535,2,1,UD2022081200650D,32,362161ec8c65fcca4c9277610d8ba1535bd411d13e239ba123969aab09056de9
1788328393.429579496,EEG Signals,65535,2,1,UD2022081200650D,32,4fe184fa00b4a3eb0ee28665db31167349518e63e029adc50404afbf99d1ad16
1788328393.433588982,EEG Signals,65535,2,1,UD2022081200650D,32,088406154a78580250e01e5de3e7f585a20cbda11ba87264bb988eebe376616a
1788328393.437595367,EEG Signals,65535,2,1,UD2022081200650D,32,9cfe1c41f32efb581afa0794f2996c64c6951b2d2e5a860650946b5d7a76c2b0
1788328393.441586256,EEG Signals,65535,2,1,UD2022081200650D,32,1bad6a42307fa0ddadba8657e61bea8fff37cb13ce254e9508d40de4d1a865f6
1788328393.445569038,EEG Signals,65535,2,1,UD2022081200650D,32,19c13deb65b3f06562ba0a1224ccdb38354c6a0ca3d3f63307f15144bed91596
1788328393.450563431,EEG Signals,65535,2,1,UD2022081200650D,32,c09538ad74488f3ec213f9137912453c4ab0c25fde2774c538df9043a5495bec
1788328393.453551292,EEG Signals,65535,2,1,UD2022081200650D,32,7c25e9b0b5c9920ccba69fd1a7fe3aef3aceddd43e4ffdc264864009b31b7d25
1788328393.458568335,EEG Signals,65535,2,1,UD2022081200650D,32,a0e43913e4055e98f540004ce48ad60fa66a1bec0aafaed582db8282f20ae1a6
1788328393.461559296,EEG Signals,65535,2,1,UD2022081200650D,32,edeb7698a209cc85975624d5662d1b608a9fb4b95aa5045ebf59e17be0ebf9bf
1788328393.465590239,EEG Signals,65535,2,1,UD2022081200650D,32,c8edf57aea805c39b7ac9cbbca6d4f3f9ffcc441f962601a6cfcf0bac19f9ead
1788328393.468583345,EEG Signals,65535,2,1,UD2022081200650D,32,0440297acb752ccf67fca80f08111ec5dd63a5b67c3b877299ae94e8e666ca7e
1788328393.472584486,EEG Signals,65535,2,1,UD2022081200650D,32,82a19348dd0a6af2949ed291c68ff177b117ea63121a7062e206b38e0857a5f4
1788328393.476569891,EEG Signals,65535,2,1,UD2022081200650D,32,8cb7c4767e26c2b8ee0025bd8a9f28c5e304fdef1e38c9a877c235465cf9df4f
1788328393.480580568,EEG Signals,65535,2,1,UD2022081200650D,32,4b9c1155edf7669890a21fbe8b0789ef25bb7b7f91d63ba725ae7ef294e0ae47
1788328393.484570980,EEG Signals,65535,2,1,UD2022081200650D,32,a57d1077ae645e3f67962fe0873d3e759eb51a3fefd617df9dc32d0e81bd3535
1788328393.488594532,EEG Signals,65535,2,1,UD2022081200650D,32,9bec32e39b87ad24e7a3b2106c3e1db05fe2beaff9dbd86bbabbf69ea3baf6de
1788328393.492575645,EEG Signals,65535,2,1,UD2022081200650D,32,c143c7f4aa9f99770cf1751e74132f262502d2e658352a8b611778ffc3981705
1788328393.497580290,EEG Signals,65535,2,1,UD2022081200650D,32,548473af959032562111ba2ce03b3b8662c05fd4c8b16d69b1ab881dcd257c8a
1788328393.500566483,EEG Signals,65535,2,1,UD2022081200650D,32,3e3523eec8e6354c8879d80cb17cc46c033a9adeb64d742d4ab25d801d90f966
1788328393.504577398,EEG Signals,65535,2,1,UD2022081200650D,32,a6594a6276013efb4edbddc997d20e948d0c55132143b6f7d456b8802742d3d4
1788328393.508572340,EEG Signals,65535,2,1,UD2022081200650D,32,b20d42b7f95dc7b4e9992d60be3c57a6a21c152d810324a148f14e915f266528
1788328393.511566639,EEG Signals,65535,2,1,UD2022081200650D,32,31af1ca0f4569827fe73d591285bd0ff6966940d6903cb99859739e63d8318a1
1788328393.515568733,EEG Signals,65535,2,1,UD2022081200650D,32,5039420b7b664a1fb892cfcea618e061c279c1ebe1cca55cbf2476016677e8d7
1788328393.519572735,EEG Signals,65535,2,1,UD2022081200650D,32,9f65911ea0ab98a4ea98dca861c4a45a07828f83f2d348ed0f80522bf8774c80
1788328393.523577690,EEG Signals,65535,2,1,UD2022081200650D,32,589512f6494414c14a82ebee63e9a884bdd02bc6ea823b730358836e5c9c12a0
1788328393.527601719,EEG Signals,65535,2,1,UD2022081200650D,32,cfbf51f004c24c3728d165781e070b51eba9f6182cbd499d397fc4fee4c2a465
1788328393.531575918,EEG Signals,65535,2,1,UD2022081200650D,32,2b9b8bf2aae5bab9322f673d2f417a0a4d3b981e013ef90340e7eb9409362cc9
1788328393.536608219,EEG Signals,65535,2,1,UD2022081200650D,32,98aebc8c33c3ed197771c33fe5a03c60e99e61fdd8f71f8211f528c859e2960e
1788328393.539604902,EEG Signals,65535,2,1,UD2022081200650D,32,b994c8e1ddf445903502d2b5b2900e5930df44d54242e586740e9c5959685df5
1788328393.543601036,EEG Signals,65535,2,1,UD2022081200650D,32,9aa0bda5fa45afed6370aef5a9361e6dbdc4e21f04e324e1a24cce45ef9cce69
1788328393.547589779,EEG Signals,65535,2,1,UD2022081200650D,32,5478da89bc9b65df3f5b0f6f9c5f7f8f6ea778e0145e79dc0c7d381d6e27c9db
1788328393.550579786,EEG Signals,65535,2,1,UD2022081200650D,32,0d1d743e906975fd9ebcffec72ee9a94cc1de3db599af1b913da838c2beeba82
1788328393.554572582,EEG Signals,65535,2,1,UD2022081200650D,32,40c02db09657cf5eae5432a787eaebf788b7d9f6f24d4a55a5ac315c3c0756fe
1788328393.558592081,EEG Signals,65535,2,1,UD2022081200650D,32,c4e94592d7e2f25c35d020a1484390c84b0c0d9af319d81843dfdf60a417f6c9
1788328393.563585043,EEG Signals,65535,2,1,UD2022081200650D,32,223961d997ea22dcc70a690e66a7d0ad72b572daef77b982fde999564161c07a
1788328393.566571712,EEG Signals,65535,2,1,UD2022081200650D,32,60e8b52938ada93b0127cf8155f4a80f6fdbae0aa9aced6601b5df837d07b9a7
1788328393.571569443,EEG Signals,65535,2,1,UD2022081200650D,32,debfb4e1f75e7de3930cb43bd8158323cc22501f78fd26adb57528f364237a7b
1788328393.575573444,EEG Signals,65535,2,1,UD2022081200650D,32,680ad136d5e748271ab54878a974967f3691b251522f1b7b7c5ea491f75732d2
1788328393.578579664,EEG Signals,65535,2,1,UD2022081200650D,32,7441f42ff5a703cb7339d48c22661256414f8b75920861d265cae9b8317f7b5b
1788328393.582575321,EEG Signals,65535,2,1,UD2022081200650D,32,5c8a88839f77751d07499e181da79de9d950023602065e175305663baf54bb56
1788328393.586575031,EEG Signals,65535,2,1,UD2022081200650D,32,d629d150a507bfacb49914dd57f4431bac68870baaa2802ac9f6f7bd8ef2f2e3
1788328393.590594769,EEG Signals,65535,2,1,UD2022081200650D,32,c5fd5434cf0d9abb585b0db1089d6a59dc3356687b321c5f1c6f8604814d389f
1788328393.593586445,EEG Signals,65535,2,1,UD2022081200650D,32,7a8d0f2e1b07c62145b6d5c75974a626a4423a32d777fe602a85eb31ec0d5589
1788328393.597599506,EEG Signals,65535,2,1,UD2022081200650D,32,537518a9462b3b2a62c12cea86c4013ba58a304d099313365e44b5731e2c8ef1
1788328393.602593899,EEG Signals,65535,2,1,UD2022081200650D,32,79923457fde524930cda511b478d1cc84ceba85e8e5630041983f6c31367bc56
1788328393.605593443,EEG Signals,65535,2,1,UD2022081200650D,32,7e3280ea6adeba9eb29434aa35ac9cdb7d90ead301e680a97c3e01ad9a977ffe
1788328393.609572172,EEG Signals,65535,2,1,UD2022081200650D,32,476c396c659076ba425d13f629e919316ce802656283e6a4926bff586b64c242
1788328393.615596771,EEG Signals,65535,2,1,UD2022081200650D,32,0083711f2aa71a65ebb1462193fcca78fded29f0d80c2da8379e205998986b1a
1788328393.617583275,EEG Signals,65535,2,1,UD2022081200650D,32,339914168b5170ea025c86142915ea497525de985bf343dba03ea362853d6d89
1788328393.621591330,EEG Signals,65535,2,1,UD2022081200650D,32,15fdfac174f64cd8277cb69fef29cb88dd3ac4d6dd2373eb3195cf8832c3d238
1788328393.625582218,EEG Signals,65535,2,1,UD2022081200650D,32,63a2b63aced032acf96e298c663992f8e13371d9794cde4041613ca366886ed7
1788328393.629585743,EEG Signals,65535,2,1,UD2022081200650D,32,e367f15713753a5cc88706495a97ca085b13f993b93b5181cddba6cd7a8235d9
1788328393.632575035,EEG Signals,65535,2,1,UD2022081200650D,32,c255ed2cc0b15afecc1008db2a84a2ee91accd6964a136948687628f41f4f318
1788328393.637599230,EEG Signals,65535,2,1,UD2022081200650D,32,d5fff376246cbd91fc98adcf05de91819ac42120ab5e8c7990f4b48b48b0e2f4
1788328393.641594648,EEG Signals,65535,2,1,UD2022081200650D,32,00b7e3690c3825fc77a5ad6d945962b5e670f5a94b07a82e5a1c9fff5d053fbb
1788328393.644569397,EEG Signals,65535,2,1,UD2022081200650D,32,6ce105502f26d7f6a77afe3f37b1a0f06bee34b401a98206fa7649515f340417
1788328393.649583340,EEG Signals,65535,2,1,UD2022081200650D,32,37d2f3470c11062b1599ef8a9422aa34544beb92ec9132b6ba24882376094b8c
1788328393.652591944,EEG Signals,65535,2,1,UD2022081200650D,32,1c9ae40168c022583daf07e24ba24738671520a32827b3f5b06eebb7c4031c68
1788328393.656581879,EEG Signals,65535,2,1,UD2022081200650D,32,11f0c8e2c70b27b518ac12f9bc53419b56138eaa6af4f6964d5f3aa08b8ad0fe
1788328393.660577774,EEG Signals,65535,2,1,UD2022081200650D,32,54c2fd4c1a7927397296227b1a1faec029737ecbb361f413315babceb84e5f77
1788328393.664583445,EEG Signals,65535,2,1,UD2022081200650D,32,dad842090ea6746f789bc2a2cbe95935b6def0e7d50aa02189705b26bd3fbeac
1788328393.668570042,EEG Signals,65535,2,1,UD2022081200650D,32,0d89b98e3ef4b1186d7fbc24d47df097ff527f750418aa4ae13805d3204b392e
1788328393.672577620,EEG Signals,65535,2,1,UD2022081200650D,32,23e43a093d1cb966072b13cdb3f4439ab54389819c7de5686ac1d06c9446c1f4
1788328393.675584316,EEG Signals,65535,2,1,UD2022081200650D,32,3abdb1d222624567d6085edf3a5884b35bf5e968a2b47874a9c4224f5fb0b13e
1788328393.680590153,EEG Signals,65535,2,1,UD2022081200650D,32,16b144b408948a361dc29e8bf7fbc26d51ce81d9db0bc92cfea35a5023c20849
1788328393.684584618,EEG Signals,65535,2,1,UD2022081200650D,32,ac947a33b7cd6a02d86954208e75042ced3837fd5347ca4697f55e758eac50fd
1788328393.687576294,EEG Signals,65535,2,1,UD2022081200650D,32,d11b04323de9d20936b926cdeb516821e54c43fa1874d4699b1dfed48db5596d
1788328393.691583395,EEG Signals,65535,2,1,UD2022081200650D,32,3c1e2e18505e5804e8a0216cb681a613080d1442ce49a57f826fb60cb1fe1671
1788328393.695576906,EEG Signals,65535,2,1,UD2022081200650D,32,4a3b5ad387a481429fedaf8df31e46248e731f6ee1439a65a03bff30f2ff0c27
1788328393.699577808,EEG Signals,65535,2,1,UD2022081200650D,32,04de24a99df9b04d2e8cf7e7c683d4f6ba1b106ae8a908fd5c9763207af9ea7b
1788328393.703576565,EEG Signals,65535,2,1,UD2022081200650D,32,124eda90f0e649d309a3e9578a6a8f9068652c42c5e22df302b08e82c6e36717
1788328393.707598925,EEG Signals,65535,2,1,UD2022081200650D,32,156599d86572ece6a13691830cdb3f8bde2cd825b19b3e55ccff5e02a3695f25
1788328393.711582661,EEG Signals,65535,2,1,UD2022081200650D,32,a80e72e7ba828476fbbdebe8127961120315166e44f54a4b97abf5a80db76c45
1788328393.715610743,EEG Signals,65535,2,1,UD2022081200650D,32,72cb53c79fcd53652f39475a4e92d88c46a96b720cb5bcb2394b2de32bd51089
1788328393.720590830,EEG Signals,65535,2,1,UD2022081200650D,32,daf114f88f688ec8b112e7ad94e0da714926966730fbcd7b8da1c541201a9ca7
1788328393.722588301,EEG Signals,65535,2,1,UD2022081200650D,32,cbfdd55ac3795825461bfde920f9a257d8896b37d99c608fce268a4d54f6b198
1788328393.726564646,EEG Signals,65535,2,1,UD2022081200650D,32,8ad9507914fbb230b186d6f054178a8ced3a0c4f19cc6729ad3d28a857ebd712
1788328393.730595827,EEG Signals,65535,2,1,UD2022081200650D,32,f02d24a5096161526fd3795c7eacf227ce0439cad9c42f793a7c434c7dd14ff3
1788328393.734573603,EEG Signals,65535,2,1,UD2022081200650D,32,707112fcfee190699f90942d246ccbb246a6d069a5d1a519693af15319ddd190
1788328393.738587856,EEG Signals,65535,2,1,UD2022081200650D,32,8ea402c326ba194b320d6e096c8ed4fbb1d3806e12f9f563c8384053e870f206
1788328393.742571831,EEG Signals,65535,2,1,UD2022081200650D,32,235d9420bd20e431e33b18131b141effe5c3f9f324c7961242ff28a4df9aac0b
1788328393.746573925,EEG Signals,65535,2,1,UD2022081200650D,32,6b53f04f5adccb6234acce56fca7de4e7f06587e021eac9bbd3debbc5a29981d
1788328393.750574350,EEG Signals,65535,2,1,UD2022081200650D,32,b5b74091c9beebe4e5aad4ff82e5d8b8c424476301fdcd851d8d3c0e7f7ffc91
1788328393.754576921,EEG Signals,65535,2,1,UD2022081200650D,32,e008f611baf7a77ce5fd0df4f524909a3310a5e74625b57ccc1742f927e73338
1788328393.759573460,EEG Signals,65535,2,1,UD2022081200650D,32,710b002845984db9687b1948bf25b30accea68f506a1ceb705197c10220c36a0
1788328393.761573076,EEG Signals,65535,2,1,UD2022081200650D,32,1f3f8f7bf8199b0deb306187c035a1de9bfe3e004c7e085c182ebad4c2310b23
1788328393.765576124,EEG Signals,65535,2,1,UD2022081200650D,32,8cd188a5905e839e4b3519c9317f585af162a83cdc6b3b18e0b75d8ad03e171c
1788328393.769585848,EEG Signals,65535,2,1,UD2022081200650D,32,1c3a400e8849fd65dbacab2ad00f57475035b6ed19a49708b791685c3388de06
1788328393.773598909,EEG Signals,65535,2,1,UD2022081200650D,32,612fea6a162952850d8a19a852f517a8ddbb1bf09dca71242a88262283614b4d
1788328393.777577400,EEG Signals,65535,2,1,UD2022081200650D,32,c8612cd69f9581dbec4ce45c6fc6e0f793888cebdad9b2ef4ef40c9a74c149a6
1788328393.781590223,EEG Signals,65535,2,1,UD2022081200650D,32,83eae7384b71410eeff1b468e9c6087bb33cd63f9530dac64f0c33e8eb0c2903
1788328393.785577059,EEG Signals,65535,2,1,UD2022081200650D,32,b7e70889076577d0133ba2a7364a0ee4a610bd1ad3b4f29795d92bb2fc08c8c5
1788328393.789584637,EEG Signals,65535,2,1,UD2022081200650D,32,08adcdd87c5eddc407feda2df3cde27268e8df33c86d6aecebda55cf2464b273
1788328393.793583632,EEG Signals,65535,2,1,UD2022081200650D,32,ab9a0c32e477fc22ea523860c389e3fc15e88705dd9ced78fccc043c6d90e11c
1788328393.798593283,EEG Signals,65535,2,1,UD2022081200650D,32,f9c55d5da18252fecbf0ab0cebbb72e1f244b84a8c0cbfb4ee8b7d2afd95676f
1788328393.800568342,EEG Signals,65535,2,1,UD2022081200650D,32,2c012f0600e081b01ada768fe88db649feffc6069041e23e63f0b43b69515ddc
1788328393.804612875,EEG Signals,65535,2,1,UD2022081200650D,32,47f66503db01ef328f9ea4e2c41504311ddfbad88aca401d0be3a596157ed15c
1788328393.808576345,EEG Signals,65535,2,1,UD2022081200650D,32,748d5540b143b32f9f93f28b8c9966ecedd265da0a80c5ada0271c08d45111f2
1788328393.812586069,EEG Signals,65535,2,1,UD2022081200650D,32,b1533d29dfd2531462c4cc44977859550604e2b9ee2ebce9ccb309f0946f3669
1788328393.816569567,EEG Signals,65535,2,1,UD2022081200650D,32,74e3d1996dfa66afaea5f31f50707a3550dcceba1cb1c1d3be7734a524ff7ca8
1788328393.820583820,EEG Signals,65535,2,1,UD2022081200650D,32,15a4bc2d59585a05276a8f134686a509b1381248e7a3b6f1667a5b43ee9933a3
1788328393.824592113,EEG Signals,65535,2,1,UD2022081200650D,32,8bebddee8bc823bd79b2d99ae6947376ccdaa2edb4886747cf2052ff055949ae
1788328393.828588009,EEG Signals,65535,2,1,UD2022081200650D,32,93b6242424fb34435118a2364873f6fce58518e2549c0bcd1ef0eb261984f65d
1788328393.832584858,EEG Signals,65535,2,1,UD2022081200650D,32,0b6f22483131f7c4a3aff79ad1662d2329f9ff90027a704adfcde0944c9e1b3a
1788328393.837580442,EEG Signals,65535,2,1,UD2022081200650D,32,549cf50d06ee6687ed841fe6a875968d4538ba0272dde018f9475681508debe6
1788328393.839579582,EEG Signals,65535,2,1,UD2022081200650D,32,39c1d7f0e6449032a015b7f2fb2e08350b802eb9bb0ca80475d177a87c7c5deb
1788328393.843587160,EEG Signals,65535,2,1,UD2022081200650D,32,8c1be77aa08447b1aa0d3f2fcf06ecb46f016a90858897912b34d6d920fd5ca1
1788328393.847592115,EEG Signals,65535,2,1,UD2022081200650D,32,d5df9ffa6b8a0c5d3eb1ac39cfe790e0352cd6f04114ab392e9d021b27946bad
1788328393.851581812,EEG Signals,65535,2,1,UD2022081200650D,32,c79c59a59d4136aa2ce1aa7290d1da75e68eab74eee77d3e4f656152073e9bef
1788328393.855587721,EEG Signals,65535,2,1,UD2022081200650D,32,66620cc0857b816f5e5efcb6616689669455f1088285c05f090532375de75a11
1788328393.859597683,EEG Signals,65535,2,1,UD2022081200650D,32,7bf6a1fa04b1cc096710686637b332d85d2922e7bef0e8b3056e756a3b024bab
1788328393.863588572,EEG Signals,65535,2,1,UD2022081200650D,32,d9b9eb5affc5e9cd746421601fadb2faabf534340f13d65e42175d9a427d4cd7
1788328393.868589640,EEG Signals,65535,2,1,UD2022081200650D,32,059b120ea85e29d0c5dc19db0db00978162044e123afc3dce6cbc07c43a9d462
1788328393.871571302,EEG Signals,65535,2,1,UD2022081200650D,32,46b7574004b9f77c47cd54bbc9e7f64dffb35aca3212d32f928d8edabceb0a82
1788328393.876569748,EEG Signals,65535,2,1,UD2022081200650D,32,59eaea2feac4387412af6af13ef199274c2e6449085714b66521c72f052fab89
1788328393.878593206,EEG Signals,65535,2,1,UD2022081200650D,32,fe7ec5ec8f5ce010fefa86316cb9cfb28a3a175f94ad25cc5db84910f349dda8
1788328393.882585049,EEG Signals,65535,2,1,UD2022081200650D,32,b2e402565c06cff450cee37802b508b1c009f9213d595cc544e507301feb1283
1788328393.886579752,EEG Signals,65535,2,1,UD2022081200650D,32,59c95b49156b86c6c2b65ffa9aa2e95ca13d4496a5257247092fd899ace82cd2
1788328393.890590906,EEG Signals,65535,2,1,UD2022081200650D,32,9ec7a97e1a5a9aa4873d92fa87578141dc832c912a0109d93cb59e6b42031506
1788328393.894579172,EEG Signals,65535,2,1,UD2022081200650D,32,d59d7bfb673abc3216fa0cd937fafab15e296bb1a100f58196652c34a788c133
1788328393.898597002,EEG Signals,65535,2,1,UD2022081200650D,32,67ef0527847c026fd7bf12f34379720581d9a7ce4b225cfd0b953fca4dfd8d8c
1788328393.902586222,EEG Signals,65535,2,1,UD2022081200650D,32,db9dc0700923afbb0758b97dd27ca688c83df61dfebb9f7de80876c6b16bf19b
1788328393.906580925,EEG Signals,65535,2,1,UD2022081200650D,32,4a0083099a9d6a2eddfe61dbe0900543e076e360aafa31334a8589aafede22b7
1788328393.911617994,EEG Signals,65535,2,1,UD2022081200650D,32,a3b019b18b72fb0efa43b4a0e083cd688a15b625e45d00826f78d22173f239c8
1788328393.914584637,EEG Signals,65535,2,1,UD2022081200650D,32,6b41dcd6b106ee1f96be1a37d150c5d48895e75a599137ae63b5bc0e4245e913
1788328393.917577505,EEG Signals,65535,2,1,UD2022081200650D,32,a1b279fa1920c0552d105f8765621d47f307c334a4ea775e5e057708a60295bd
1788328393.921581745,EEG Signals,65535,2,1,UD2022081200650D,32,6a27f747a0387a861f7ad1a89de7543393f460f95d087f407ddd503b709643d3
1788328393.925590038,EEG Signals,65535,2,1,UD2022081200650D,32,8f7e7dd5fb98b4d3d63ff21dc480e0183cf5004d1950b7a95d3a6a0af9e3548a
1788328393.929586887,EEG Signals,65535,2,1,UD2022081200650D,32,8185107abfcff6c198bca2ec61362c769eaf7a4dda2c9075e9bf02da6ffd3f41
1788328393.933584452,EEG Signals,65535,2,1,UD2022081200650D,32,fe36a8e3b8bdaf4b55fa56d19a485a6d2395bd8caf5d560e1556714cd98cec10
1788328393.937630653,EEG Signals,65535,2,1,UD2022081200650D,32,4e629ec0a0497c6cb8bb578cfe41b6acd35b1af54e956862c168213e46f781f4
1788328393.942588568,EEG Signals,65535,2,1,UD2022081200650D,32,c6895d4f91610ff2b0a0c8b07b1ca3c524264dbef89abd4abadd6ea97b856d4b
1788328393.946596384,EEG Signals,65535,2,1,UD2022081200650D,32,8b0fb27f8b0dc5c58b7dd61b976a31adf49598a32d2f064d5d9ae198ec9f6e85
1788328393.949578047,EEG Signals,65535,2,1,UD2022081200650D,32,dad498058d658891cfd8545594ac6a2b5642e5fa3c143bc017a54a881126de52
1788328393.953571320,EEG Signals,65535,2,1,UD2022081200650D,32,e4fd94c1f57d6ec596cb04ac978390b41468d77d540c545398ea1b077870f1ae
1788328393.956731796,EEG Signals,65535,2,1,UD2022081200650D,32,9fc66e53565dc1e379b9088697971a94b5d593ee5e2987094f8eca9f48b80b84
1788328393.960603237,EEG Signals,65535,2,1,UD2022081200650D,32,e82eca23f90c6950038e0c4e4956f17b3886de313b42a38510c40d9b36b122c9
1788328393.964580536,EEG Signals,65535,2,1,UD2022081200650D,32,8fc543ac50d0badec3037197924171364bf4dc304bc91f7526bdd7668c1e9930
1788328393.968586445,EEG Signals,65535,2,1,UD2022081200650D,32,77de0fe7b5aa2af3a2aafa08095e5da3c660feaf905aa9442b9125e81f07276d
1788328393.972595692,EEG Signals,65535,2,1,UD2022081200650D,32,ea4d4fea24afc14a1db66c95b71a049b4784b1f564a8f88d773fa52304638562
1788328393.976590633,EEG Signals,65535,2,1,UD2022081200650D,32,fa3e2911825bebc266a91cf68c10b37a4e02df36c4a0d19f581b5c98e70b063e
1788328393.981607437,EEG Signals,65535,2,1,UD2022081200650D,32,1168e80d8c0ab9b2c0397075bc1f6c0418a188648bb09ebb19959c0c0dd77c70
1788328393.984578609,EEG Signals,65535,2,1,UD2022081200650D,32,a57b0c5a731af1e9d688515f0a3ea19c9ea7baf8206f95151d5c5020b33554d9
1788328393.988581657,EEG Signals,65535,2,1,UD2022081200650D,32,ff53ae3b1e5b60f81090d499f47322c54315bec6cb7006b1bd57ee1e3b944cbf
1788328393.992595673,EEG Signals,65535,2,1,UD2022081200650D,32,d201fed9f26dbdd2bfd9ad4dd4877062434647269fa7d9674e90577b1d2b5ff8
1788328393.996574163,EEG Signals,65535,2,1,UD2022081200650D,32,bd1567ca750160dd34fa7ed23336251579d7066e9b25ca8f4d625ab118cfa52c
1788328393.999577999,EEG Signals,65535,2,1,UD2022081200650D,32,cc8433cfc39f4528f01c617bda2d51cd92b8023cede9e2ab9ffd186afe4a76c8
1788328394.003585577,EEG Signals,65535,2,1,UD2022081200650D,32,d84ee3125d1755f36899a15ff9b6a2e1221983fe3c01a2c987bc6ab2974cbebf
1788328394.007591486,EEG Signals,65535,2,1,UD2022081200650D,32,3c67da917a72ef25874d22489bad829d1763d0b7ab9f635a9dbb16fbe03a43f7
1788328394.012586594,EEG Signals,65535,2,1,UD2022081200650D,32,e0fb18be32ccd4910f6f36384d9f0648abefe1cb7b8967495384e4d8c7cd4377
1788328394.015598059,EEG Signals,65535,2,1,UD2022081200650D,32,068cd3fe0750e8a597a8364009a3929697096fc5765f82c3a8be699b5302b142
1788328394.020600080,EEG Signals,65535,2,1,UD2022081200650D,32,fb4742aa05d62fbb00d22f8f1398f8af617648b96b1c0e2a888c590ee50a52be
1788328394.023600101,EEG Signals,65535,2,1,UD2022081200650D,32,45ad2a6a4d334ec91cc31675021190f99b865bd843db49697493587a7103a8ad
1788328394.027585268,EEG Signals,65535,2,1,UD2022081200650D,32,4c2d5d2a3fe0af904d0e995705363ed1f9fd5abe61583e0d5e769380df45b015
1788328394.031586409,EEG Signals,65535,2,1,UD2022081200650D,32,2a29d6db304d471188b634ce4a48251b63dcad921f38747de1ee2cd128ed31a5
1788328394.035570145,EEG Signals,65535,2,1,UD2022081200650D,32,b2868ff699e0fc87d7f9f08db71dc979f7d2df276a2d0b63491eeb0cd0c7363c
1788328394.039578199,EEG Signals,65535,2,1,UD2022081200650D,32,c9b1732f4219a7b9c5b032be2d38804ec30bf9c746e9f12a25974ab5ee1113c3
1788328394.042590618,EEG Signals,65535,2,1,UD2022081200650D,32,84409cf5492795147ce5244c79443ffa6b589f305527ada5b25eab9d7fa4d1e3
1788328394.046575785,EEG Signals,65535,2,1,UD2022081200650D,32,836945a32227e27ca0800166bd575ce4388f7b6e6561ad65b8449b8a609dbd32
1788328394.050578594,EEG Signals,65535,2,1,UD2022081200650D,32,ed277fa802a4fdd3afd364137e9b7a5710d864771096dd88ed28ab9351e3d248
1788328394.054584503,EEG Signals,65535,2,1,UD2022081200650D,32,bc26a2d4805ed08600699677e9cae3d75389746d4ea456c77029a1949174304b
1788328394.060583115,EEG Signals,65535,2,1,UD2022081200650D,32,5d7eafce674a85a254d8a9a7465040938492d17b41cf4b47c2e91e076b5a98c8
1788328394.062577009,EEG Signals,65535,2,1,UD2022081200650D,32,5cf2ddb54649570bc1d935b40f816e9936d8364fd43eb448072cc8e55317e9b4
1788328394.066580296,EEG Signals,65535,2,1,UD2022081200650D,32,49f1cc5331bab2afbdc6f9c67e9ec6205cccc044dfd14d31c869ec6df6254511
1788328394.070574045,EEG Signals,65535,2,1,UD2022081200650D,32,864b10b16ce6e9054921b891a913a23df0ab97a181710783a5544b1c36c59277
1788328394.074607611,EEG Signals,65535,2,1,UD2022081200650D,32,5a73c397551fba98484457b6eee39fa9c2a07a1e843c9eebe5c5cd05f04a3eb6
1788328394.078612804,EEG Signals,65535,2,1,UD2022081200650D,32,98c56c2c407dc1408f05db0ac910264b4bc3f2910310e6cbfd8299913b0192a2
1788328394.081602335,EEG Signals,65535,2,1,UD2022081200650D,32,08e44c8f96fa083733540cf8a9401cf496387b3cfac70ae967ac5d7d82dc8f8e
1788328394.086576223,EEG Signals,65535,2,1,UD2022081200650D,32,9e26d5e3ffa587d12b0122b9f0fa21fd7665a943beed6ef2bee4f72a7c9b87c5
1788328394.089597225,EEG Signals,65535,2,1,UD2022081200650D,32,56d4e3660ede542f689bfc8f3a407c86a298698901932adfa71f14b47aa87c32
1788328394.093610287,EEG Signals,65535,2,1,UD2022081200650D,32,f99ab907ae4df581415641287192d559ce0e34fb48093f46ca70018b3aeedf3b
1788328394.098603964,EEG Signals,65535,2,1,UD2022081200650D,32,c1eb0439258668330ae564498f1fcefb9f3157cd7f5f1cf14403dddc485e79b9
1788328394.101593971,EEG Signals,65535,2,1,UD2022081200650D,32,9123f792023bfbeabaede9e4ed3366ef7908a9550e9c3ad39c0211814848a7f4
1788328394.105626345,EEG Signals,65535,2,1,UD2022081200650D,32,c744097a415f3c0f26194ea987c1cbd7dfd9091c606e42fc6891afdeb675acd2
1788328394.109603882,EEG Signals,65535,2,1,UD2022081200650D,32,8e4a86978a6cdc4e5c1566a61392b16a7dd63095fe052f0cc83a6e1c45d340bd
1788328394.113606691,EEG Signals,65535,2,1,UD2022081200650D,32,c74c23babf4a958431c843f74c45a9f7211aa3aab94c6086f13d65f11b49ca5d
1788328394.117585421,EEG Signals,65535,2,1,UD2022081200650D,32,96c933e5523e2542ec8b9b5a8dced5c604bb101735ccbd091db03b2e4e267786
1788328394.120592594,EEG Signals,65535,2,1,UD2022081200650D,32,0ad41840c35c2b0c92afd9a51215190f094cb07241f45d6da457946564b73a51
1788328394.125599384,EEG Signals,65535,2,1,UD2022081200650D,32,dc9998fb3361582df583930293387cda6c509305a7597fc2e1f01d4f17c17bee
1788328394.128618479,EEG Signals,65535,2,1,UD2022081200650D,32,495df42ae2cc3521456a98caeabcd76196dc7900be4a32658af7e1278f81633e
1788328394.132594585,EEG Signals,65535,2,1,UD2022081200650D,32,796fcb3dd9c7f82b3b686ee0ca7f06f2105392700711e31fbdc2a6ac207ebb6b
1788328394.138624191,EEG Signals,65535,2,1,UD2022081200650D,32,12478cb870317a64de37d6246da792b57b71daa471dc350146b440d8ef5c3937
1788328394.140608311,EEG Signals,65535,2,1,UD2022081200650D,32,22afc100f77c7a41f3f27ebf93ca675ad059ab0b69da4cf140462e4b62400b14
1788328394.144621849,EEG Signals,65535,2,1,UD2022081200650D,32,ae50290a50d10de6af4ea4795fabbda01962bfb50fa52c503b9bb86a3cc8eef9
1788328394.148591518,EEG Signals,65535,2,1,UD2022081200650D,32,0fdabba25fe8bd23291e461de2553cf883681193aea10bdfac75a281e1b06407
1788328394.152604580,EEG Signals,65535,2,1,UD2022081200650D,32,807f16f2b7cd4f9f7a211a4719206fad547621210a6a578014f28fab67fa5c3f
1788328394.156615973,EEG Signals,65535,2,1,UD2022081200650D,32,b4d1290d855a89ef8c03f4849484fda0a195ae06b1ab24c50f3c747568f4b162
1788328394.160593510,EEG Signals,65535,2,1,UD2022081200650D,32,4da746af07f190b94ffd3fc324aaa43d74c81f505a1b92dcc97d4c0748b19d0b
1788328394.164585829,EEG Signals,65535,2,1,UD2022081200650D,32,bfc18a1295e1f50352f033b7afdf37876d95f2af5b5712af77beb76335db4468
1788328394.168617964,EEG Signals,65535,2,1,UD2022081200650D,32,4721ed82086c00d34625bf8c376d5bc1e45ed35f8ed2a6b7c262f96d43a090fe
1788328394.172615767,EEG Signals,65535,2,1,UD2022081200650D,32,0c35c7a03626423f33f09480df4a7ce21e503324df05c646047bbe9d4362a99a
1788328394.175588369,EEG Signals,65535,2,1,UD2022081200650D,32,9969e161fa7feeafedfc5d4af3d8342dfde2b06bcfd93891acebd084c64b62c1
1788328394.179594994,EEG Signals,65535,2,1,UD2022081200650D,32,f84696bdcd850f1e21dade17bd873f55d36eefd6388b359b171d9fa96d858cf5
1788328394.183638334,EEG Signals,65535,2,1,UD2022081200650D,32,f236a4f34b0eab7c5169486930d104f61b02568929b9b5173c338b3e67fd7c2c
1788328394.187586069,EEG Signals,65535,2,1,UD2022081200650D,32,614a8940545c6fe0114fedbf69cf8632bad3502804f7adc9a913968291da59d0
1788328394.191582680,EEG Signals,65535,2,1,UD2022081200650D,32,a8238642b0b01bb66573854b5834f537aac368c674b3a986d32563f6365839e7
1788328394.195598841,EEG Signals,65535,2,1,UD2022081200650D,32,a540b84c82319115656477749017362afb54bfd4468be9b895ac720daf480922
1788328394.199592352,EEG Signals,65535,2,1,UD2022081200650D,32,3fa27b85d10bd981b9a6d434498645d1fe56b565c87d2db276ef123adc5f21eb
1788328394.203601837,EEG Signals,65535,2,1,UD2022081200650D,32,31bfa57d284acf4d84d6f5420c5421650e7d70d1ccad76d7f31623659ea54451
1788328394.207590818,EEG Signals,65535,2,1,UD2022081200650D,32,2b2172922c5ed236e4b01eefe71de6e1768c3fbd6edf0a4f87dd29b834fbc3c3
1788328394.210648775,EEG Signals,65535,2,1,UD2022081200650D,32,d444e9aa1af238e730f7de241c2e34c3ee9e452cdec92ae0877d618262840c8e
1788328394.214606762,EEG Signals,65535,2,1,UD2022081200650D,32,44a3e4c1c649fc5307c14ce645f62d74b6f1fef95e2188a5450184e5eb4a4f2e
1788328394.218586922,EEG Signals,65535,2,1,UD2022081200650D,32,04f43e52662e768f9cc506488dfa798a4a6ceca9091aa1d50c861c2ffe303037
1788328394.222590446,EEG Signals,65535,2,1,UD2022081200650D,32,488e5e8f6c06313b96642cdee67f7285b0cf04a26bf7dc88332cb1294d5df11d
1788328394.226593494,EEG Signals,65535,2,1,UD2022081200650D,32,c7557c397707a395f9f153d2d572de9daa6dcbf09355ca8097f2d30fae081f13
1788328394.230588198,EEG Signals,65535,2,1,UD2022081200650D,32,58c615d9cd9da00c4ed04eaaf07854598f1aca78a0f98c9871494c3de75e0d73
1788328394.234607697,EEG Signals,65535,2,1,UD2022081200650D,32,4abf983245c83ab11fd31559c433ca7a8ebf88366d6db3c0a1cba96222d8e1ac
1788328394.238603830,EEG Signals,65535,2,1,UD2022081200650D,32,880c3eca87a7c707aa7fdb8af9f38915d5450c900266e391ad15d85e21ecf8d4
1788328394.243592978,EEG Signals,65535,2,1,UD2022081200650D,32,76b18600854ef6d8a9619f5d7e2b9b3e5ec18f9368e4e4475529839b4652d758
1788328394.245579481,EEG Signals,65535,2,1,UD2022081200650D,32,4d45d770546ebb9d2da2efe2a99cbe2c0a81df43fc2e71dfc1e2efe92a5f6de4
1788328394.249599457,EEG Signals,65535,2,1,UD2022081200650D,32,95708477ac10fa1e905eceeb069000c9a8f69c6676c9e0da3d9ec1af3e87562e
1788328394.253594398,EEG Signals,65535,2,1,UD2022081200650D,32,6c64bf83ee4e6eef235ca433a36d2faf897adb8576085862d598c4cf54b00aeb
1788328394.257598400,EEG Signals,65535,2,1,UD2022081200650D,32,7722620b3326a54398e0d61de2e6fa787e2ad48d802ac9f252effa42ce8d6b93
1788328394.261595964,EEG Signals,65535,2,1,UD2022081200650D,32,4e75e44080283686b8817b965f4c87220f8d9d7faba74b6dd48b0a965940bd56
1788328394.265592098,EEG Signals,65535,2,1,UD2022081200650D,32,b27874c4cb2da50e76a16752d451176b7e5972de8595964c6eced66b37c8ecd6
1788328394.269598484,EEG Signals,65535,2,1,UD2022081200650D,32,f70aa72480de54936e7718a38087901ba3bd050ba6ca0d8fd8093937b23152ed
1788328394.273595810,EEG Signals,65535,2,1,UD2022081200650D,32,ac0da5553f42714cecca0d48164f825f7388f625ccc0f9d735b2afdb2dbc1c01
1788328394.277604580,EEG Signals,65535,2,1,UD2022081200650D,32,5922cd1c72e1caf8057ca4df646fbb15de2bab3e5f7c964d0975aaff21e19556
1788328394.282593966,EEG Signals,65535,2,1,UD2022081200650D,32,9338b1cb23fff1e30c70aee7f581b0b1ee2dc484a8de0779b32ff328bd22d7f8
1788328394.284588337,EEG Signals,65535,2,1,UD2022081200650D,32,a0771f4002aa2c53086c656f55a7dbfea77e4cc42e0efb6c0d5752179ec995cc
1788328394.288593054,EEG Signals,65535,2,1,UD2022081200650D,32,57e70089b72da2d0d7b777acaf8d30f24a43980f280b51e7fd466990c6ae7346
1788328394.292612076,EEG Signals,65535,2,1,UD2022081200650D,32,7297111a3fc733efd88ca4995926c6489bd530a449754c1be2c9e514438be441
1788328394.296589851,EEG Signals,65535,2,1,UD2022081200650D,32,a7c88a91042b6f00ceac1c415712bbb01b42c99f85e6b5132a53a26ab0c93349
1788328394.300606489,EEG Signals,65535,2,1,UD2022081200650D,32,26b9a13594644b9b135b33aca3a30beaa699b0b5cfb4fb6ffd5145d84bf3c6a2
1788328394.305616856,EEG Signals,65535,2,1,UD2022081200650D,32,3b65f9b1f71a4decdb16c61767da76723b7b69ebed0855651d39ff231c114684
1788328394.308607578,EEG Signals,65535,2,1,UD2022081200650D,32,d6cb08f12ed43c10c5cdaf4234e9d445abf79444ae54dc6f450650274cced32f
1788328394.313598871,EEG Signals,65535,2,1,UD2022081200650D,32,b9281834ae9586eb5cf65bc4529edaa2f0fab3b3cf98aba2f7a335b2c33911f7
1788328394.316599369,EEG Signals,65535,2,1,UD2022081200650D,32,9d1f2403a22308cf5861a59c2d87a380b740406f8efd4554742a5bccd5eddad9
1788328394.321594000,EEG Signals,65535,2,1,UD2022081200650D,32,6c42b9faeb672482d3de6b531b3bf1d8f7c8b60a287d9b517771a3cf37911492
1788328394.323589563,EEG Signals,65535,2,1,UD2022081200650D,32,dc8600ea0bcb0494c3434bb8ecad52db0e8862c46d3f3df05bc12ec0e6f0fbb0
1788328394.327609539,EEG Signals,65535,2,1,UD2022081200650D,32,fb8d630bd0d2781451857d27840958d1bc78d167226211322ed2bc44fdfd1de3
1788328394.332587957,EEG Signals,65535,2,1,UD2022081200650D,32,2a3684de9b152edde0eefe58c7ea9a62b83aea9509ba6d3877f39b05cf095924
1788328394.335601807,EEG Signals,65535,2,1,UD2022081200650D,32,76fca0cb019ff50eea56f70de8a7ccee2799d0fdd120c5a597fd3689a06e5f64
1788328394.339609623,EEG Signals,65535,2,1,UD2022081200650D,32,e8a16b099d239774881b02427bff1642291998eee5f6661c00b1d47822bbfad7
1788328394.343604803,EEG Signals,65535,2,1,UD2022081200650D,32,cb09b67c44b171b6654633093f5d714558d8270407c9faf7f5cf817c287bea48
1788328394.347590446,EEG Signals,65535,2,1,UD2022081200650D,32,a1b96b4d3400b835087dbdddfc2dff1baf40c8211362405c12373d074f8ac8e4
1788328394.351595879,EEG Signals,65535,2,1,UD2022081200650D,32,cd6f135c28b50182a7a38f8eb339c7004752a37fde4424a53f1aa84af100aa9d
1788328394.355600357,EEG Signals,65535,2,1,UD2022081200650D,32,6aed760c3eeb23672cd03050815df4934cc36705dd3764e0aba19050fdbae416
1788328394.362592697,EEG Signals,65535,2,1,UD2022081200650D,32,000167b148997ac193030569d53ebcbf1b7115a7294af94bbe08051821fc7376
1788328394.363586664,EEG Signals,65535,2,1,UD2022081200650D,32,4b4e1add21097bf0f4bab2bea8ad43810fda732268b98325a6955c6e3aaa6d1c
1788328394.367591381,EEG Signals,65535,2,1,UD2022081200650D,32,f7376fdb538829a8ba8ca7e02323d9ee1f6e8e9cbbbf4eec3d6bf84ae295011a
1788328394.370579958,EEG Signals,65535,2,1,UD2022081200650D,32,130575d45660beabd3199d4c1152303fba74714a7e69bae8b19bd4ff6ef67fe6
1788328394.374604702,EEG Signals,65535,2,1,UD2022081200650D,32,d2bb192303f951b5afceb0954f66f08a142ce6c5a898767d6bf7f2b9320dee72
1788328394.378604174,EEG Signals,65535,2,1,UD2022081200650D,32,6daefe7c7a9bce7e21995f0b327bb1c076dc9eb078147f2127553d3d09f55e8e
1788328394.382612705,EEG Signals,65535,2,1,UD2022081200650D,32,479c5e4f3cb6e2b127cf7b7dfe361fa509c6782b825408a14677c58468628cb4
1788328394.386604786,EEG Signals,65535,2,1,UD2022081200650D,32,ec9f4b6111ecc47b86047bf9265e877b11f7081a7da35b382312625cfa0c920a
1788328394.390673399,EEG Signals,65535,2,1,UD2022081200650D,32,66768cab7474e9caa5e1409aa314558aabddc95691df1f3f33a727cfd643d8cc
1788328394.394629002,EEG Signals,65535,2,1,UD2022081200650D,32,1e873e52509ce26265b746ff331d1366a2535d61964640977ec2f2f4d49c53d8
1788328394.400616646,EEG Signals,65535,2,1,UD2022081200650D,32,a70909d4df8cdc73c87cac192e849ea94c65cd834ce0289a5bf9b7d78b57a96e
1788328394.402605772,EEG Signals,65535,2,1,UD2022081200650D,32,9b171d89198214426c6bba3e52c9390ca485f35fa1a365b57cc20deb81e0c319
1788328394.405601025,EEG Signals,65535,2,1,UD2022081200650D,32,4df958ccf1d567bc7b8e978e8c9e0a4436627450847e2158e464584e69a2c732
1788328394.409614086,EEG Signals,65535,2,1,UD2022081200650D,32,50312c58584d65e97c3531cc58f8ebf5cf45d33f305e0b5e15a346de7e434ab4
1788328394.413600683,EEG Signals,65535,2,1,UD2022081200650D,32,690feff70abf5f82aa1212104c388c972f36a4926567d786522e959099398c59
1788328394.417601347,EEG Signals,65535,2,1,UD2022081200650D,32,5e99cc7ae057b770f4e20f5010531900de532c874d536504965b4a914ccc2b34
1788328394.421596527,EEG Signals,65535,2,1,UD2022081200650D,32,26059c7631f705776b7cb3a993e0a890e8dbec444c8b840bb4e366fa6cccba3f
1788328394.425599575,EEG Signals,65535,2,1,UD2022081200650D,32,3fccc3a59934e956d580352f7e3df0df86f4c5ec004d78de2764a2222c80891b
1788328394.429600954,EEG Signals,65535,2,1,UD2022081200650D,32,87d29924614bd120ceb25eaa2ab65b7412a1291528cb54368abd27059bb263de
1788328394.434593678,EEG Signals,65535,2,1,UD2022081200650D,32,f97ad95f2b53a09a35375d7827893c53c9f019f33ddb3d68b527752ba30e60ca
1788328394.439599514,EEG Signals,65535,2,1,UD2022081200650D,32,0d68574eb4065cdd476a88d1e3c67780a0abd3b55f6fd22f4b348777f37c7e29
1788328394.441595316,EEG Signals,65535,2,1,UD2022081200650D,32,e1964e7ad471f5628b65103ac16725293a6d9aff6eed69ad5cbb2958aebeb32a
1788328394.445603132,EEG Signals,65535,2,1,UD2022081200650D,32,800bcc0e1bfda0a066a1485fb29ea01f6486da6e026f413b4df9c01ad21bc092
1788328394.448600531,EEG Signals,65535,2,1,UD2022081200650D,32,3d537d5e95819ce69b1e381e5a9257ddb557784863fca62e5a0d30e5dd7798fc
1788328394.452607393,EEG Signals,65535,2,1,UD2022081200650D,32,b58e7c47e328d6edaec2b6f94507658a90d110f60fecdccf0c53aa622f046320
1788328394.456624031,EEG Signals,65535,2,1,UD2022081200650D,32,e9278e15a6c9f1cf1c49f1efa722c1e25d9cef1ec6aa5066f15a8215e82d8f91
1788328394.461604595,EEG Signals,65535,2,1,UD2022081200650D,32,a44a839d94d08a99652dc4cd2d1e72e353fbee198f76f5cf29c82b1cfbf27fa4
1788328394.465604067,EEG Signals,65535,2,1,UD2022081200650D,32,ecedb4be80fc2d77dfbeb28edce396ab3308d42ebe08550eaa721bf3b818e244
1788328394.469616890,EEG Signals,65535,2,1,UD2022081200650D,32,60ae915c8ecdebcc22f4c6c6a909fbd552c6307cad6a8e541644435c981336e3
1788328394.472618818,EEG Signals,65535,2,1,UD2022081200650D,32,21907e308db192bec795404e3989d87d64b7f05acb934b5b2930ba5d1ecd8462
1788328394.476592064,EEG Signals,65535,2,1,UD2022081200650D,32,1ae957ec5eee7d8ab932b98f40327b8915ca3163bf39192dafa77f6fd4d60187
1788328394.480628490,EEG Signals,65535,2,1,UD2022081200650D,32,cc364dec61eac83d804087d264636d9ebb98adf863807237996bfc140d347429
1788328394.484617233,EEG Signals,65535,2,1,UD2022081200650D,32,9115792aa098daffeb31fd2eb84582d4549118c8fb617370024674ea10fa2f65
1788328394.487598181,EEG Signals,65535,2,1,UD2022081200650D,32,6260de66bbeceb23342ebec1ba6333c19fab438f2eccb129d107d1a3996419c9
1788328394.491612434,EEG Signals,65535,2,1,UD2022081200650D,32,567140a69c7f1bdfb551bb0bd2624c81b42cfc84b523d4b6ae83dad4dc66bba8
1788328394.495608330,EEG Signals,65535,2,1,UD2022081200650D,32,1dbac8b09335b5ef64e518972b8e74f37b6ad170b1f2062373ea86ff48e8408e
1788328394.499608755,EEG Signals,65535,2,1,UD2022081200650D,32,2cadf89eb45b3b5ce041a13e77a0d5934e6ca03d4bdf2a6f99f5b8423023ec93
1788328394.504604340,EEG Signals,65535,2,1,UD2022081200650D,32,d4a959dca978cfe01e2e0d69f956df6097db4c5a5925d2e16832d755ced7f6f8
1788328394.507639885,EEG Signals,65535,2,1,UD2022081200650D,32,15db354bade2f54f37df1f725cba059da53bbd25373329b1ce3c76b1a942c9d7
1788328394.511617422,EEG Signals,65535,2,1,UD2022081200650D,32,e0d0109ad4c35ebacd969822c03d39f921d91c823415142f7fb6e58ae618090b
1788328394.515605211,EEG Signals,65535,2,1,UD2022081200650D,32,251bdc1e0dd4e2c1a424ecb41776ffb0cc83f2555e1b5f48061f51fad68f6263
1788328394.519598246,EEG Signals,65535,2,1,UD2022081200650D,32,beb8c2a57623aa9ff7f42b8233b2fd836a7dda80907ea405fd7ef8382872fa01
1788328394.523620367,EEG Signals,65535,2,1,UD2022081200650D,32,a6aab51e923b6a21fea20c763133d5fc8a4499a7b6ac6d456559e46c63b3c664
1788328394.527602434,EEG Signals,65535,2,1,UD2022081200650D,32,17a6b63db76e8c96812db5a799ce50d4fdf9483be286b1bc9f9dd4d929a1a0e5
1788328394.530614614,EEG Signals,65535,2,1,UD2022081200650D,32,4b185cdc4a98ba927bd4b9dbefeeefe5974e71d70dc8f5203d197a8735360029
1788328394.534601927,EEG Signals,65535,2,1,UD2022081200650D,32,1e64c9a7a505c339825bb5cc2dd5ba632eb3be5c9578119988d13346328c579e
1788328394.538604498,EEG Signals,65535,2,1,UD2022081200650D,32,0ccaaabf726135c979644d58d19128a96a5109c12c9badee708537b34592444d
1788328394.543618202,EEG Signals,65535,2,1,UD2022081200650D,32,87bdca6291bd616eb3d90aaabfaef53e7bc16ffa30049e44e051d7d3e8c169aa
1788328394.546611309,EEG Signals,65535,2,1,UD2022081200650D,32,4b098a6914aef624922837f8802f1888113c684c7b6e82468e596078ed96e195
1788328394.550608873,EEG Signals,65535,2,1,UD2022081200650D,32,abf0ddb2fdcda6094e2e7903e5ddb2615ae1e128f0f6f21c9568fa8aa0e3f419
1788328394.554611444,EEG Signals,65535,2,1,UD2022081200650D,32,265d074b2eaa624eca02b6e33026ea07b20e685354a10a8798f612ac29538ff2
1788328394.558611631,EEG Signals,65535,2,1,UD2022081200650D,32,83878405942be73fa07ba1820a4850eaef6bbfb1ce991410eac179c8b6e5c3e0
1788328394.562612772,EEG Signals,65535,2,1,UD2022081200650D,32,413b6300f058629d6a0924348a29c593e6cf96fc08b81e3d6c03df25c235153c
1788328394.566864491,EEG Signals,65535,2,1,UD2022081200650D,32,9750218eb4b18fbc97fc887bc4638e895b999bd42b874784deef90ec8cd91982
1788328394.569614887,EEG Signals,65535,2,1,UD2022081200650D,32,c09a50bb4c99779be2806248a7e4861a119ae0d3eeed111020e8296f4b766cbd
1788328394.573614597,EEG Signals,65535,2,1,UD2022081200650D,32,dcff99bea94c035f17a171354af9a37acef0d635d6d0de52a341df7513f7ec2f
1788328394.577613831,EEG Signals,65535,2,1,UD2022081200650D,32,e027ac4551682e0374a09407f6b694ee7956f1b0e4543eb7b1dd372d41d124f8
1788328394.582594156,EEG Signals,65535,2,1,UD2022081200650D,32,c0a2b3e7a60c0ba20425ddde51f9bffc8179dcc720307be188f0c9870b220236
1788328394.585598946,EEG Signals,65535,2,1,UD2022081200650D,32,701ee527afa0bd758ea7469d7ad598eac2a2884efc17a4bff420c012fc8afe8a
1788328394.589632273,EEG Signals,65535,2,1,UD2022081200650D,32,89bb20d91f822eb77b7f68485ac9119f390eb75e108a43080879028cb1c455e4
1788328394.593611240,EEG Signals,65535,2,1,UD2022081200650D,32,c5641ba1d585f3a27403b6de04df9d2da91eda45f0a3611a88d5790b3d5e9fcb
1788328394.597605944,EEG Signals,65535,2,1,UD2022081200650D,32,7ffdc978f3fee15d71f5803a9ee2143ead2746601deb16d0a3a2c3b2f64cb30a
1788328394.601603985,EEG Signals,65535,2,1,UD2022081200650D,32,98ae58be5a264644f1872dddce17a71835d890e15628b691fba478b69f0335eb
1788328394.606813669,EEG Signals,65535,2,1,UD2022081200650D,32,09bf4cbeacdcbd64909712747078bbd10c75ddfbba945558066a73bdb5265f02
1788328394.609604359,EEG Signals,65535,2,1,UD2022081200650D,32,fa0b122c1e0807bbe49a14dcb16b94e41789eaed2a770edb7cfd4f16a14cda40
1788328394.612607479,EEG Signals,65535,2,1,UD2022081200650D,32,7c61734b27ccdd18ca02b7265ba3d1f8fdf353c496ce323c5edef897186ac88d
1788328394.616599798,EEG Signals,65535,2,1,UD2022081200650D,32,b613b3c8c9733c9ab8bb72611ccf26a1719ad4fa60b1a5e0980165a3fe7d97ff
1788328394.622611284,EEG Signals,65535,2,1,UD2022081200650D,32,bd6b6801b209d06ceedcb4b428969be454a38a6baa9de3ccb96f3d42d5799f69
1788328394.624611855,EEG Signals,65535,2,1,UD2022081200650D,32,949894da8e51fee88018cc4d1e9dc0da4cfad73f40636ac41bc3c2ff6ee35967
1788328394.628601551,EEG Signals,65535,2,1,UD2022081200650D,32,b4c4392f3c6a7e64fcb553568236374fce4e6d5db3e3e600144738583149e6c9
1788328394.632595778,EEG Signals,65535,2,1,UD2022081200650D,32,5a98abdcd6f6cddc359e8d7f92224e6f6461b79bc6355235d7e6fd08083d1355
1788328394.636605263,EEG Signals,65535,2,1,UD2022081200650D,32,34f5539c5f39f1dd8f44f7592b00bbb8f5bd851b85b20c3193de747e1a257c0a
1788328394.640643597,EEG Signals,65535,2,1,UD2022081200650D,32,7e97994f06f866e3ef5be919f6dc9733b66dcddea1b70c61754876086b2fb474
1788328394.644612789,EEG Signals,65535,2,1,UD2022081200650D,32,1e78d95c291a9468d8fffb89d0adcf1cbaacdbdfb24a56447c76695f8a950b07
1788328394.648591042,EEG Signals,65535,2,1,UD2022081200650D,32,40728c4367ae0abc372bf5242dc342caf1ade41f96d4d36e8949993043fd0748
1788328394.651606560,EEG Signals,65535,2,1,UD2022081200650D,32,daa5ece49bba52b8c8882c3f50ba998b053c80c05229f74eba4ba253d262035a
1788328394.655620575,EEG Signals,65535,2,1,UD2022081200650D,32,f43412b78dd3c560ee40cb7afbde93c2e49ce1474541aaf46d61254be23e920c
1788328394.661611795,EEG Signals,65535,2,1,UD2022081200650D,32,11ffc4e45e123388db85812d6c2b08c817e7d991c9ca6628bddf63eb194b2a52
1788328394.663613796,EEG Signals,65535,2,1,UD2022081200650D,32,5e6c57e75473290aacee5c3614e83644adab47f6881a6295573b24b79e9f8e6c
1788328394.667594910,EEG Signals,65535,2,1,UD2022081200650D,32,7d5ae84307ac899eb93c349cb278efabcef98016aa1d688cd5650b1f02144495
1788328394.671631575,EEG Signals,65535,2,1,UD2022081200650D,32,4a55df3434dc1a7bcb57ac126d122aaec84136323c5acaa48c90a2e84fcfd4df
1788328394.675594330,EEG Signals,65535,2,1,UD2022081200650D,32,05604758bb37fca5072a842a71470a01c28f9ff5b1168b07afad24876f07db87
1788328394.679622412,EEG Signals,65535,2,1,UD2022081200650D,32,995efcaa0795cb8adbff9878ed5d66df0ddad09e297cc1728c5902d4bd52b939
1788328394.683615208,EEG Signals,65535,2,1,UD2022081200650D,32,85d72e07971c4c836adc6eb404191455e2953a6bc6115c020f57fa6345698341
1788328394.687609673,EEG Signals,65535,2,1,UD2022081200650D,32,4011470dc88d17a5952deff12030fa9022913f635b6fa13918ac2f2f79f46d29
1788328394.690612555,EEG Signals,65535,2,1,UD2022081200650D,32,e33321fd5521ca0b30b0cda45499f78585e77a3852372f24fc5d4a7c6c6a5e42
1788328394.695633650,EEG Signals,65535,2,1,UD2022081200650D,32,72057301787cf23db1854ba13d32b7e06db4946f2271a400bde1b96218e4cfc5
1788328394.700603962,EEG Signals,65535,2,1,UD2022081200650D,32,ceedef0b4c5e667a3479f8d9e339e81749adea8b90b5c843c584043ca82f6bda
1788328394.702597857,EEG Signals,65535,2,1,UD2022081200650D,32,54099e59818575d11b40c9c4334e072cacea6f3f1226d54e756fbc987cecebcd
1788328394.706776381,EEG Signals,65535,2,1,UD2022081200650D,32,a37ce1229a16aa507115076f562748830b37cf9d4c0a4577780f015f9f0d3f15
1788328394.710638523,EEG Signals,65535,2,1,UD2022081200650D,32,1383dca3e33062f4a7790dc2d879a514914f518e9b31469e16ae9991aa63d8ad
1788328394.714606762,EEG Signals,65535,2,1,UD2022081200650D,32,cc1169ea181ad77b93131a4e537aabde16d1b2e5254d5572d18d543eddf0c4f8
1788328394.718608618,EEG Signals,65535,2,1,UD2022081200650D,32,7a800483366f7f5db4e68f589c1d2ade6a5ae584f380168cdfc100e30f83990d
1788328394.722617388,EEG Signals,65535,2,1,UD2022081200650D,32,3693d1717a32a14a7b44c72a91a79055f9f0ed230086dbdabde088170b40a515
1788328394.726615191,EEG Signals,65535,2,1,UD2022081200650D,32,1a009b1be8220f350fb3a83fe21e888a7576128132f119caca6cf66ece3c4b08
1788328394.730609417,EEG Signals,65535,2,1,UD2022081200650D,32,1e64b95ac595e40dcedc1b331a252ba83bf17819026e8267eed10f1ceeab7497
1788328394.733606339,EEG Signals,65535,2,1,UD2022081200650D,32,c3e5c11dfc4d5e80ea0144c247182f2c65b49e93bd1a696fe8b3a5ab45cebc93
1788328394.737611771,EEG Signals,65535,2,1,UD2022081200650D,32,ba2309a00015eda7e5f12d7f10e135c8bc7568c194d8d49496044090ea02cc4c
1788328394.741617203,EEG Signals,65535,2,1,UD2022081200650D,32,9df0ab5c0225563bbb5c1b6c0c83d8b9a870fe6ca2176054a506439e89da3da1
1788328394.745638371,EEG Signals,65535,2,1,UD2022081200650D,32,ec4101ef0974ddc9b03f94b646a6799dbef274274500477441f974ead5c2b12c
1788328394.750618935,EEG Signals,65535,2,1,UD2022081200650D,32,17d714faa49cfbd5a4eebb502d97a9bf8b9bf07d69fae281eeb6890d2178ac0d
1788328394.753735781,EEG Signals,65535,2,1,UD2022081200650D,32,2c03d1ec848e97a8d526dbeaf989bda59f4e0fe1b4b0ac048025a49ff965b565
1788328394.758632421,EEG Signals,65535,2,1,UD2022081200650D,32,4bbe15d3aa3929d5be110b05895bc89b36d311e05205f67e4d47c89bf76e0ed2
1788328394.761617422,EEG Signals,65535,2,1,UD2022081200650D,32,579042f524d81e75c7139d4e3b0f932aaaf4e8c366bd9a31a0cddce1723dd1be
1788328394.766608715,EEG Signals,65535,2,1,UD2022081200650D,32,a2b8617788b8cd6e8c0c8a54c35b9f46797cb95aac38cd8a7ffb5d88fbf63520
1788328394.769603014,EEG Signals,65535,2,1,UD2022081200650D,32,528fc4329de141fce55106b5e2b888a75297afa47f1354d93b3569f54d25a4bd
1788328394.772633076,EEG Signals,65535,2,1,UD2022081200650D,32,d5d9a9b64b8c60817b233aa23dda08670edd8f5c51d8d3cc33584e746e48b99a
1788328394.776613474,EEG Signals,65535,2,1,UD2022081200650D,32,97765616aac32ac94e9e935f03afe2c2f6abf8be54f16a9f9c1965582eb9be72
1788328394.780634642,EEG Signals,65535,2,1,UD2022081200650D,32,86b1719b437d39379cc2695a05d88405d99dcf1cbd97af6c467919946a920fea
1788328394.784626722,EEG Signals,65535,2,1,UD2022081200650D,32,958577bea1847ea363a604d8025166af5aad3f89fb2adffc76c218fa7fda4ae0
1788328394.788647652,EEG Signals,65535,2,1,UD2022081200650D,32,24ff95692ac6d3b1a4536d0f2da2ab7a4979bc9e7fe3beb0ebb54e0db86c0128
1788328394.792756081,EEG Signals,65535,2,1,UD2022081200650D,32,6957ad2c06388d42fa4a913773e810c28621b66e4c58145a99d768b0c5a4913e
1788328394.796667337,EEG Signals,65535,2,1,UD2022081200650D,32,73ec106d2dfc5af23f7b046942480ecff22977e214711a12885f2d737274eef1
1788328394.800774097,EEG Signals,65535,2,1,UD2022081200650D,32,01b5f35bfa451a8de17914a5d40557c1efc9e86fc04f22faacea934f43a34ebd
1788328394.805640221,EEG Signals,65535,2,1,UD2022081200650D,32,b20ea81f8d1c04fc3a3b8fd952e68c8e3f2c72ca7e2c9516dfc16892718e99a2
1788328394.808639526,EEG Signals,65535,2,1,UD2022081200650D,32,b297c1da0c654ffcebcbe1d4f3ca3bab50743a764aee562fb205196d940c095d
1788328394.812615633,EEG Signals,65535,2,1,UD2022081200650D,32,8b2bdb232da75f27185948643dec57039c3bbfd13d813ca7f98778ef6d9db648
1788328394.815615177,EEG Signals,65535,2,1,UD2022081200650D,32,66f7359cb2b6c5bc7004278a35e0e36401608aebbd6a7995dc48fc684058b768
1788328394.819608212,EEG Signals,65535,2,1,UD2022081200650D,32,9d45a3e6dc9a4922288bd31aae65109593e4fba80674e014cce74cf60593670a
1788328394.823630571,EEG Signals,65535,2,1,UD2022081200650D,32,50511a6d1994d200e30954286a935fd342f56abd23f161156777dbc975a9047a
1788328394.827621222,EEG Signals,65535,2,1,UD2022081200650D,32,938acbb5b7239231ae8247ebec17a3d34378b2ea9cc67872ea9591673d19d709
1788328394.831634998,EEG Signals,65535,2,1,UD2022081200650D,32,2c268e46bbc527807f1cfbf5dbf8f5eb5a731758d2c2157ea6a4582864bd9c42
1788328394.835613251,EEG Signals,65535,2,1,UD2022081200650D,32,215488ae9a190bc79ccb34e74f8fce91e9ea7a5b79e9b274dee93fade07008ba
1788328394.839631081,EEG Signals,65535,2,1,UD2022081200650D,32,119706ce0f5517f775a67b37fafbf29f573def43c13784bf417006bc9ec682d4
1788328394.844629765,EEG Signals,65535,2,1,UD2022081200650D,32,911b6255257f214667f77286b2df056f37595a2f3929e0b024b3645d854a4472
1788328394.847609997,EEG Signals,65535,2,1,UD2022081200650D,32,e31a216a5ebfb8bb1176f773ff5cec30aecc4927f18fa1fff6001f77bfb34439
1788328394.851620436,EEG Signals,65535,2,1,UD2022081200650D,32,4fba539dd0ba883a4c311b80c348bd5e48b7db35b52fe7bcb1975b08171c263c
1788328394.854604721,EEG Signals,65535,2,1,UD2022081200650D,32,79bf57b51a482535740c10182f5fab4b033b085e16abc0e8beebd61c27e6d451
1788328394.858627796,EEG Signals,65535,2,1,UD2022081200650D,32,2aa3a888b69aafcef969c851f33cfe932ce4955727fa7a5e0b7788cc7b15873c
1788328394.862614870,EEG Signals,65535,2,1,UD2022081200650D,32,8ae88b0fa5309792c95d4f07458878246f972c1e0716e23b115c9453082a9458
1788328394.866648674,EEG Signals,65535,2,1,UD2022081200650D,32,bccb11563537c8bf06b844d8314caa93328aad234c51b8a2484d712cde650989
1788328394.870610714,EEG Signals,65535,2,1,UD2022081200650D,32,a7f212b06e1a66f673f1d2f40e7be8052bdbd6f2129dded4b6ad9f3c86b34d82
1788328394.874646187,EEG Signals,65535,2,1,UD2022081200650D,32,341bf2e13ce27fa7cdf1e9906e9988a397648901bc01e22954110ec181266882
1788328394.878636360,EEG Signals,65535,2,1,UD2022081200650D,32,2b1b59edf95a0c43ae237894ae86012b16ec23caab191e67a2e185470ceb6b01
1788328394.883633852,EEG Signals,65535,2,1,UD2022081200650D,32,459c19a7b632b915f7d8cb7943f20aed1a31794fdc17e58a3d2b90e1db5d1325
1788328394.887620926,EEG Signals,65535,2,1,UD2022081200650D,32,c3116b803b3b9d67aa6ba87a0f9c2582db4f127419c5e57e18ed860101b0f552
1788328394.890622377,EEG Signals,65535,2,1,UD2022081200650D,32,cd4e874fe376c7265a8c03165ff4af474fb41f7591288060effc2efb706b60b8
1788328394.893645048,EEG Signals,65535,2,1,UD2022081200650D,32,ca72072217b15be53a4b71df184424cecd3ccf157f3dc78bb8057cded73e1874
1788328394.897624731,EEG Signals,65535,2,1,UD2022081200650D,32,dd54c69e24a53eadbef89f2cee431f619b12636f991654daefafd42f9f4b4f58
1788328394.902636290,EEG Signals,65535,2,1,UD2022081200650D,32,4e35ae8b2c12a9cb72995e639bbe181e04f8de6d5501b22b6b6376e0003b210f
1788328394.905625105,EEG Signals,65535,2,1,UD2022081200650D,32,52362f7c6ecc19c7f3c85baf45a13b5580234f492dc4120fb83907096f4fbd2b
1788328394.910707951,EEG Signals,65535,2,1,UD2022081200650D,32,823cb46f364a8c20c90cd5a8ffb514aeb3fbbd5ba1b02936d667a2cd76eb52aa
1788328394.913645267,EEG Signals,65535,2,1,UD2022081200650D,32,339a67791e06bc39382dd91d30942e3ed85a2f96ff4d11683ae728f47bf9f695
1788328394.917607784,EEG Signals,65535,2,1,UD2022081200650D,32,d489217a4a1b39b363dc07b7bfdaeac0ad019e7af7bcbe5340f707f28d2a5583
1788328394.923646927,EEG Signals,65535,2,1,UD2022081200650D,32,b0d39ea25273c8c266576c56c1ecc73ec23e169abd96554da537557ddd1e9174
1788328394.925654411,EEG Signals,65535,2,1,UD2022081200650D,32,ab28bfd7410899694623bbc3b245a1f78c8acf0b10c24b74a9ecc85e72fa6330
1788328394.929615259,EEG Signals,65535,2,1,UD2022081200650D,32,577f83fd9bfb59bdad72648d2948af9952411eae0ea7845fd403dff1d89cbcbf
1788328394.933605433,EEG Signals,65535,2,1,UD2022081200650D,32,54b8acbc6ae9bdd7da354e96ea3552d9d62f5c3a9e7eef02d10198df1b709194
1788328394.936600208,EEG Signals,65535,2,1,UD2022081200650D,32,490f6878008ac41a72a54cf1e77f4058886ab979c24df032fa64c44ed877c364
1788328394.941617012,EEG Signals,65535,2,1,UD2022081200650D,32,f33c4ac130eb895916048ae769f16de43da0442931dafdf8d4df55f5c782699e
1788328394.944604635,EEG Signals,65535,2,1,UD2022081200650D,32,75336361575a9e82cc667cb1ed6c2ab45d5d8034ca569062eb9b2b35d733b6d8
1788328394.949600697,EEG Signals,65535,2,1,UD2022081200650D,32,a9a5b08931b4658165c6f8de6fd5c506b9bc61c906d6e4205fa755c9bd3d8ce4
1788328394.952595234,EEG Signals,65535,2,1,UD2022081200650D,32,ed692e7052c02fbf3ca3c1d0e070f844d49014a9b924fd218e1e4f893f06f19c
1788328394.957632065,EEG Signals,65535,2,1,UD2022081200650D,32,8ece297eab2e533f186f9fda983b433d60fc212a052d499d850577af714782f7
1788328394.962611675,EEG Signals,65535,2,1,UD2022081200650D,32,0903fa7bd02c60915869978dbf263d4e694a84472ec1a6abe4442d1fa3ae0450
1788328394.964601278,EEG Signals,65535,2,1,UD2022081200650D,32,9b429721821de688eba331df94dfb16eb86e25e10e2f174e1d3275cb36a0902a
1788328394.968596935,EEG Signals,65535,2,1,UD2022081200650D,32,87c74daf2d6d1c1786c45598bd09ec5dc2548ac3601f182065fb32b5e33c30a6
1788328394.972676039,EEG Signals,65535,2,1,UD2022081200650D,32,666ab7b8ddae2a6310a4ce28910b788f5696de5e17361fc35d193847b883ada8
1788328394.975600481,EEG Signals,65535,2,1,UD2022081200650D,32,aebfa4445308ad6e81915beed65c043d8879b8c49bcc4d679ce8b949c73df3bc
1788328394.979600430,EEG Signals,65535,2,1,UD2022081200650D,32,f71bd2d10914298944b7f52d169c7a6dd5a51cd68f66e1c184592413df951e2b
1788328394.983616829,EEG Signals,65535,2,1,UD2022081200650D,32,5499823565155bbe66f817787cd29153014e2f64dfe6451ed0180e6006c9318c
1788328394.988642931,EEG Signals,65535,2,1,UD2022081200650D,32,3417dc6a96e2e9a73abad65ffac049b941cb7e70a68eef4cb5895658218ac40b
1788328394.992623329,EEG Signals,65535,2,1,UD2022081200650D,32,1d836e74a045582843d13a58f78a6aa034192ee1c462a75128283b3514a121d2
1788328394.995619059,EEG Signals,65535,2,1,UD2022081200650D,32,9efad624ee1ddc55f4e763925b151d16cc0371dd1b7daa8f3f5a3caefa855879
1788328394.999610186,EEG Signals,65535,2,1,UD2022081200650D,32,6d13f848b633ffdd1e6ffb562e16fd1080dea57d58f0e2e8b27a6cc7690d8b7f
1788328395.003626347,EEG Signals,65535,2,1,UD2022081200650D,32,570e0c30d94747847433bb1bd6824afff28e8e2ece4fea8f84494395539acc82
1788328395.007623672,EEG Signals,65535,2,1,UD2022081200650D,32,5b213f9e43faefa2d818deb8fce5662a0e4ef770d3b704dd483de039dc7ad1bc
1788328395.011620045,EEG Signals,65535,2,1,UD2022081200650D,32,859794d9fb430449f6d0e1383793c55bf926563cdb7c3aeec3828ad80ecbc22a
1788328395.015605688,EEG Signals,65535,2,1,UD2022081200650D,32,eed54bf8a8eb2f6fa07c269a2b4f7829ab7693a488ba5b463af9792561a9fab6
1788328395.018608332,EEG Signals,65535,2,1,UD2022081200650D,32,b330b20c80271c674686719825d0cfa77a035ecde472651d32128a1373236a31
1788328395.022669077,EEG Signals,65535,2,1,UD2022081200650D,32,e1c81af4173e41057b80220ab5c6f71e77f179c6e3be0cde71153ebdbb46d01a
1788328395.027626514,EEG Signals,65535,2,1,UD2022081200650D,32,feea9f52d49a1feae09fa37a34ba033b4e9b973d54794cee1d137e70ea36fc2b
1788328395.030625820,EEG Signals,65535,2,1,UD2022081200650D,32,c263d106ff038646123ddd1d82d3db06dac4d4f987686fe9ea05e46ea37d78bc
1788328395.034615278,EEG Signals,65535,2,1,UD2022081200650D,32,2e2ff65bc3cb63dd5566e2d2f616e241024ff6220784abf5710ebca117633fd4
1788328395.038626671,EEG Signals,65535,2,1,UD2022081200650D,32,a585a76896ff0c20b618ef6bbe4e7b10fbd12384a2a72943f486e3a8241758c6
1788328395.042642117,EEG Signals,65535,2,1,UD2022081200650D,32,40bb96637de50d4fffcf04ff2f44af20d3faabcf85a06eaef48375581764962f
1788328395.046639442,EEG Signals,65535,2,1,UD2022081200650D,32,8eaafb9e5664f470b304e8b3c61de3554a2772531de755f404d3966267af3240
1788328395.051627874,EEG Signals,65535,2,1,UD2022081200650D,32,105c415c8ea1313074805b45ec6292d67d400727dd2c87e8346cf19e8e8392b2
1788328395.054635525,EEG Signals,65535,2,1,UD2022081200650D,32,abed194c19c29acd4b793c0dda3ffa17f5a8663908b5678a40d45028c60b9f2e
1788328395.057646990,EEG Signals,65535,2,1,UD2022081200650D,32,e0c463527146e6a7142aabe134a044d8b23eb151f0413ffd29c495b705879225
1788328395.061633110,EEG Signals,65535,2,1,UD2022081200650D,32,8d5dcb554df74cf22fd511a506765f8f2e3f1c33ab43bf874c7f7cf9172cbe1a
1788328395.066632032,EEG Signals,65535,2,1,UD2022081200650D,32,86475efee8bd5f99fbf34eedfe70373405e1794aad75a18190b9b1832a8170bd
1788328395.069621801,EEG Signals,65535,2,1,UD2022081200650D,32,967a4498bc17bb58bae2fa73c98b0d122e387a792a1558396d542f76aeb8dc19
1788328395.073618412,EEG Signals,65535,2,1,UD2022081200650D,32,15b8065dc2d20b4bf8dd0c58cc75d46295201425a9e5f2b9bfb068291d6d9e37
1788328395.077669859,EEG Signals,65535,2,1,UD2022081200650D,32,856ecba5f87c2e626370081702d4e90e60e8b21e94474ab8edd848e8f100d658
1788328395.081618786,EEG Signals,65535,2,1,UD2022081200650D,32,cbdda6e2be36803fd99da9ee762d1b3da47848300e6d50c3ce015f8210c571d0
1788328395.085623503,EEG Signals,65535,2,1,UD2022081200650D,32,87314c3572750caf3592c8a7bac33fcae8c629d574b555c0b800c070138a9ded
1788328395.089621782,EEG Signals,65535,2,1,UD2022081200650D,32,d9fdc813a9b1791d719b866d182b1b2a34dc541cbf2290fc5370655ef0a4ca48
1788328395.093615055,EEG Signals,65535,2,1,UD2022081200650D,32,066b4bc5b7967c459e04f71bfeced79161562ea7f8637b8461d6104ddb07d163
1788328395.096621275,EEG Signals,65535,2,1,UD2022081200650D,32,230c79829728ffa8f15feb3c08f6f653f88f7e507c0ae702133e53fa2e272484
1788328395.100623608,EEG Signals,65535,2,1,UD2022081200650D,32,1facbefa6fa686d1e24842cd0b8cd0f9f84f1fe889f7208fc5659e9798b6425a
1788328395.105626345,EEG Signals,65535,2,1,UD2022081200650D,32,c7b8a48192f035f63893918bc92fa09495e0931556310582df4317c693ce422d
1788328395.108662367,EEG Signals,65535,2,1,UD2022081200650D,32,a9f4e44e77448c4d193d292179f92ab330e8a9bd06a48f32b0af9681d59d3746
1788328395.112632751,EEG Signals,65535,2,1,UD2022081200650D,32,d0d6fe6dc3f585e3a78d1b44aa5e4e0a9d812e6c4f710ed7a08e15099e65d1c3
1788328395.116624117,EEG Signals,65535,2,1,UD2022081200650D,32,6e362dad260a4795de4f280803db58b30643ce99eafebe33918d168f8547eb95
1788328395.120641232,EEG Signals,65535,2,1,UD2022081200650D,32,42edf21206bc21c9f30b5740f4a23e0ddb12c1baa6cb2f71f1db414c4f618159
1788328395.124636650,EEG Signals,65535,2,1,UD2022081200650D,32,5346ca84cb51a3453832cbc6d68ee276bd1a530ebbb764ce6e57706930fe9613
1788328395.128652811,EEG Signals,65535,2,1,UD2022081200650D,32,99c0bb7293124b0e76a8fb5df85bfb3a60377a487a7c3a34a0b9619ba11be202
1788328395.132658005,EEG Signals,65535,2,1,UD2022081200650D,32,2505a47c31e07f8f266197a0b10fb8abef18f4ad00150f9b84f06c7012878b13
1788328395.136633635,EEG Signals,65535,2,1,UD2022081200650D,32,820f9f04991739a7bb55190b46f2e1467bca5c28163c8eacdd9072d1adda0fc2
1788328395.139650822,EEG Signals,65535,2,1,UD2022081200650D,32,fc62a7871ab95d6fe0e96c79ff288c5508ecf1437f04a21b50200bd7825e282b
1788328395.145627499,EEG Signals,65535,2,1,UD2022081200650D,32,b95ab7673d5634a1f36753ba9d026816669df05cdc8ae11bfc8a92b01a8bb9bc
1788328395.149625540,EEG Signals,65535,2,1,UD2022081200650D,32,7008de0b45089d554a834d555b089be74b5f8cff6fbfdcb9cf6395d5daaa9c9c
1788328395.151623249,EEG Signals,65535,2,1,UD2022081200650D,32,982948154007485f175aad957b3e0e3dccef5c9e0029bf2eed1358dcc82fc44b
1788328395.155608654,EEG Signals,65535,2,1,UD2022081200650D,32,2219fc85f34818882af4a78df7db519afc2c7dd0124c2c7816c5297b0ae78e69
1788328395.159624100,EEG Signals,65535,2,1,UD2022081200650D,32,dee7ad0a5da73ee2999d3064bac9fc411bcba2d0d5675dd654a729ddae03cee1
1788328395.163625956,EEG Signals,65535,2,1,UD2022081200650D,32,524e6a7fedd9ae5fa12e86887fce253284b458cc7ae25f984d064cfb5371ab66
1788328395.167608261,EEG Signals,65535,2,1,UD2022081200650D,32,bd5147210e2923172686df5a80e071dfe2479da57058e9942d0902125d8619c9
1788328395.171617031,EEG Signals,65535,2,1,UD2022081200650D,32,8fc3465124390fd9f8bc49084a00aad2c0bb16113f3fd04c11d91a9504995d98
1788328395.175625801,EEG Signals,65535,2,1,UD2022081200650D,32,2959fcd2a6d7f3a5d3b81146917b8d7ea8b22d047f4d421a83788144fa69f2a5
1788328395.178619862,EEG Signals,65535,2,1,UD2022081200650D,32,7aec036982df06b65de9ae63dd98c8792e7e1191408fbc11592179bcc1def4b9
1788328395.184624434,EEG Signals,65535,2,1,UD2022081200650D,32,07a256d5dec12dd3e07e5b49581a0d315977506db8da04539d49f7c1157d8289
1788328395.186614275,EEG Signals,65535,2,1,UD2022081200650D,32,6fc477548c57e473ac996e4c3061775859e93660ac5929e3fbc5beb0bcfcef46
1788328395.190623522,EEG Signals,65535,2,1,UD2022081200650D,32,986400b4a0f62c81bfee3303e93b8554070497c2447da93d73616122d6a0b78c
1788328395.195622921,EEG Signals,65535,2,1,UD2022081200650D,32,0b926096da3e2fc0289f85a8ef077d26d9753fd8881e19e1d1ee70a7f35f56b2
1788328395.198639870,EEG Signals,65535,2,1,UD2022081200650D,32,1852fc226ee64b0962d90e0b7375f7de49ad990ef6b560311a7a948ef369a2f8
1788328395.203637600,EEG Signals,65535,2,1,UD2022081200650D,32,e9cc9f62e629d1588c7bd637daba3c06d6c51eaadc7ddf8de48419e5461b357f
1788328395.206624031,EEG Signals,65535,2,1,UD2022081200650D,32,b0a4870d9dc918894a7b291681c530069cc859c124fe86bee551bc84148e1664
1788328395.211628199,EEG Signals,65535,2,1,UD2022081200650D,32,cdf523c2c0306953f168b512730a6a5ef351674c7b2ff6bd37b4b28a60933f1a
1788328395.214626312,EEG Signals,65535,2,1,UD2022081200650D,32,72c989fcd7d45bb14b309055c8ce24432d45b94cbb93f0cff745a3b7c01a594d
1788328395.218629122,EEG Signals,65535,2,1,UD2022081200650D,32,deee7c9ff8ab7e2edadc454f860dcc590f593cf948162c4f9c355080ef761d5e
1788328395.223640680,EEG Signals,65535,2,1,UD2022081200650D,32,1b9051b119df31106edc933eb68c95ce4f3cfec436bf94ebebf2b6d0e3be7cab
1788328395.225626707,EEG Signals,65535,2,1,UD2022081200650D,32,ef80952690cf371dc76c9b99ef4316815b2763d8169f5126c27ccf03a7a0eb64
1788328395.229621410,EEG Signals,65535,2,1,UD2022081200650D,32,6233df5506294e93dc740dd23928fd90c651640d161e2da74619a284feff93f9
1788328395.233615875,EEG Signals,65535,2,1,UD2022081200650D,32,1df758b48920377c2bd28c42e48565cbb4c764ecf0e70b7241edff33b2677c77
1788328395.237615108,EEG Signals,65535,2,1,UD2022081200650D,32,3ce4a76b46bba2499edb62a0a863a490a1dffb3a6e9ab7309280b5e66599908c
1788328395.241607428,EEG Signals,65535,2,1,UD2022081200650D,32,93787bc985878093ac2217f3b92264fb29406f3d7ccb671a87a291a2105cee45
1788328395.245635748,EEG Signals,65535,2,1,UD2022081200650D,32,b186aea2b09eac8d4e16a53b9b36452b4d653ac99b3f9981142962b4e65756d4
1788328395.249607325,EEG Signals,65535,2,1,UD2022081200650D,32,dd1917be9167634ccefad01f0ae682fdbada3b69606da9163616572669108bf4
1788328395.253602266,EEG Signals,65535,2,1,UD2022081200650D,32,0eaba7ce6f7649124c20ee84f388eb22c1aec504f3cf9614e7f31455d2b7df93
1788328395.257619381,EEG Signals,65535,2,1,UD2022081200650D,32,1dd8e88bbc8c157a469e41c96750d856ec29bb1aaf475cb75291ab8f8551db0d
1788328395.260709286,EEG Signals,65535,2,1,UD2022081200650D,32,f00bdfd9c87ec14dd4378f1dcede71ebf9d9142c3c2da72ebf3fec8ecfdb1b38
1788328395.264612913,EEG Signals,65535,2,1,UD2022081200650D,32,c8638af8d8ebdcbc0b5094dee048404c869a20d605554c016d6f4153440b2973
1788328395.269598484,EEG Signals,65535,2,1,UD2022081200650D,32,ffaea7c8d39b1c67cf57c04eb21923e6ec21ab612900c27c006bfc46154f7980
1788328395.272604704,EEG Signals,65535,2,1,UD2022081200650D,32,2facd6c215068f5bffb2363046319b250ed03526a12b9aacf03b4a73780d3fd2
1788328395.276619673,EEG Signals,65535,2,1,UD2022081200650D,32,ec0c75df84c242bfdf9bc479df24d93459af19a8b944c4d54483f3dfdb424857
1788328395.280629873,EEG Signals,65535,2,1,UD2022081200650D,32,0143980f1dacd8cfdf303e1eeee0de7ed47de8775925cbf7d447dbf63ce99956
1788328395.284617662,EEG Signals,65535,2,1,UD2022081200650D,32,bf2d03df96e06e1122b9e5164d48417cf0bfdc37b42fc57dd84a2c285cf2f7b0
1788328395.289675236,EEG Signals,65535,2,1,UD2022081200650D,32,453eb45522acec96d7056dcca22f5d7b5021fe1c7e3ae9ed3f37875ac6fcc8a6
1788328395.292670250,EEG Signals,65535,2,1,UD2022081200650D,32,370b3de740d29fc5fa0f31d90f807b2a67a913a0955e4dffa4be32c2687c1a28
1788328395.296613693,EEG Signals,65535,2,1,UD2022081200650D,32,564fbcc172f0e69afaf05b4ab281b0bb3dad16cc43a95cf224d2b0058e635e30
1788328395.300611734,EEG Signals,65535,2,1,UD2022081200650D,32,83bd0abe5a04e4e21f35df9c5f912394938991a9672345f1cd65714efdb532d5
1788328395.304607153,EEG Signals,65535,2,1,UD2022081200650D,32,e5241ca6c131b8e202caf02be9320a08558a56e48e5dd4c4095507b16c40ae5b
1788328395.307675123,EEG Signals,65535,2,1,UD2022081200650D,32,2da868ac869b3826be6272d4805545c6fd10b5cf9e9e8249f744d4bb435bed0d
1788328395.311617136,EEG Signals,65535,2,1,UD2022081200650D,32,a522890c7c3f269808f74b3eb7d849f4d18ef1d81dcb23140037f65cb871d6c9
1788328395.315618515,EEG Signals,65535,2,1,UD2022081200650D,32,6175bce458bdd107c3cd41ea2007051591927aaf7ee77499b32eeb3ee7609d78
1788328395.319607973,EEG Signals,65535,2,1,UD2022081200650D,32,2f13bfacbd64c8d957a42444cb8bfbc685f889a7c1dc1ce6029f7f2b04007b5a
1788328395.323625326,EEG Signals,65535,2,1,UD2022081200650D,32,a3231cd193ab0d2a9f0d75d4a834346006db1d72b80424179ef295c60e85a1e9
1788328395.328628302,EEG Signals,65535,2,1,UD2022081200650D,32,dc921893051a2b12ba2b1480113ee95b2672c3213526f1683cc68006d859c9bd
1788328395.331626892,EEG Signals,65535,2,1,UD2022081200650D,32,db8a1f83b17f21001a1d091287e36de6dcd173e50e429dcdae4616a12f5e8137
1788328395.335640430,EEG Signals,65535,2,1,UD2022081200650D,32,4ee75b3686187ff4b5879d64fb2ed4f2ce6e3264a3cbda4671d388da5a85156d
1788328395.339660883,EEG Signals,65535,2,1,UD2022081200650D,32,4423645831d90df190d72303e9fea90a4128502480b448d89cadad125dbde61b
1788328395.343625784,EEG Signals,65535,2,1,UD2022081200650D,32,0cad0964bfd9aafd9f59668ffaa7934efc852cf8dfb75607358f6d63d3422c0c
1788328395.346623182,EEG Signals,65535,2,1,UD2022081200650D,32,ef1e31b619b94e532fc7ea5e13a788a2990c73894af9956e6d951faa9200e0c9
1788328395.351608992,EEG Signals,65535,2,1,UD2022081200650D,32,42f060fa16f675d69e84c2b3656605bf65b8de8e43a338fe1921a44956a0d29c
1788328395.354610205,EEG Signals,65535,2,1,UD2022081200650D,32,bf61daa04928c189dc25382765ce1b667113c143db99f2cb6e8d8b6264ba1875
1788328395.358620644,EEG Signals,65535,2,1,UD2022081200650D,32,3f083c610e6952ad0973ecb42fdfb33572dad71820c1e8b6b5189e98d4cfe3e1
1788328395.362616539,EEG Signals,65535,2,1,UD2022081200650D,32,0536d5bb943872d689b37f39b1600511946d34d9c3b73a99daaa8f886ad7f9a5
1788328395.367644787,EEG Signals,65535,2,1,UD2022081200650D,32,812568b95591c0c115ddd8d3b25334af6a266c27232a47038d631227fb731761
1788328395.370637894,EEG Signals,65535,2,1,UD2022081200650D,32,2361fc152f2741d77a36cd157711712f76ad70c43646166ae05eb1022614e0fb
1788328395.374636173,EEG Signals,65535,2,1,UD2022081200650D,32,b94507e54cd49df1531b80aad3ed1e1ad49a48ab736ddcdf631073e98ac35ad3
1788328395.378637791,EEG Signals,65535,2,1,UD2022081200650D,32,6e4b711565429142ad031f5c2580de341572c95df08d03e66b85b0bf60bed3e1
1788328395.382623672,EEG Signals,65535,2,1,UD2022081200650D,32,df855b2b4554bb01ed3a87e3c01c82f3d2006a61c7d5acb694d1550d835d49c7
1788328395.385636330,EEG Signals,65535,2,1,UD2022081200650D,32,78240b2d8cedd1779471814efa87391a43cc2628affd76e32379e5016d9be6d6
1788328395.389647007,EEG Signals,65535,2,1,UD2022081200650D,32,0382d89210bec72b434abfde8006afced5e0292ba68ec189f790043c82557df4
1788328395.393941641,EEG Signals,65535,2,1,UD2022081200650D,32,7a3fa3965fafdd6c63d4d5077869e580f26e5dd90791dd88eca3958e50a6fc7d
1788328395.397647142,EEG Signals,65535,2,1,UD2022081200650D,32,724e00d3b429786aff572af4f24e012fdab3e022de0833dc870ba652fc756e5d
1788328395.401637077,EEG Signals,65535,2,1,UD2022081200650D,32,34174c1ad7b819dfadfcf4388e2a21d78e37b480efb6e12fe23784640ad33d10
1788328395.406624317,EEG Signals,65535,2,1,UD2022081200650D,32,a9f7033288a9cb26ab8480804dd4e3c5c1427cce52a4332c816397b07a3c0357
1788328395.410633326,EEG Signals,65535,2,1,UD2022081200650D,32,f6dc9560198c1bd69b297248cd3ec4e8dcd87182c0214bbf54992d97a31e4f7d
1788328395.413630962,EEG Signals,65535,2,1,UD2022081200650D,32,48dc898362a874c6803dd0a8442e48bac90687c283b269107812f9a9df50bb7a
1788328395.417632580,EEG Signals,65535,2,1,UD2022081200650D,32,c443cd373541b3e2f0733d9e1d0de533e9566aaf5d66de9d2a397ca5ec89b86d
1788328395.421622753,EEG Signals,65535,2,1,UD2022081200650D,32,d7013072bae146d709e1198be9547bdcc6914bb9b6cbca644cb6943a53ba0aa6
1788328395.424641609,EEG Signals,65535,2,1,UD2022081200650D,32,20ca3782c636c2bfcbb97464499dfc140249426a55de809b502617d1c5a22a31
1788328395.428629875,EEG Signals,65535,2,1,UD2022081200650D,32,15ea39999149f1dd6ac75ab4b26ff44060bf444d00e84ea408c2fa62a9ca0e9e
1788328395.432624340,EEG Signals,65535,2,1,UD2022081200650D,32,4be24dfbfa234b1311284a1b3899d197825a0019bd31eab50b4d9d1cf39a9716
1788328395.436650991,EEG Signals,65535,2,1,UD2022081200650D,32,035a66b7ce4be5865047a20aad0bd554a3c7eba71cd9eb4aee8058a98922dea6
1788328395.440630674,EEG Signals,65535,2,1,UD2022081200650D,32,aa65949c1863cc36c1df408e4feec97ab3f6201509acd78e7dabffaf6c2a4d54
1788328395.446697474,EEG Signals,65535,2,1,UD2022081200650D,32,a9d77cf854a518429de5e6450d941ae93c4a935f0ef80f01098053dfbd7b7236
1788328395.448649883,EEG Signals,65535,2,1,UD2022081200650D,32,c1670a8219bc8ab48d807c343c1f791d023f1a6073955bdb3cc0f6aa23c2ead9
1788328395.452645779,EEG Signals,65535,2,1,UD2022081200650D,32,0623fa531cfc5e3f52be81042534ed4b48bcad64ba8aa4d874630f18c519a921
1788328395.456618786,EEG Signals,65535,2,1,UD2022081200650D,32,c181107255f856d92fcbea7f10b784c3787838771d18b3bc9e8adc1d5b2fc6e3
1788328395.460635424,EEG Signals,65535,2,1,UD2022081200650D,32,5c5833705c506a185f7e05533203920e8274396ec3b1a88a54c3c24b82a12f16
1788328395.463632822,EEG Signals,65535,2,1,UD2022081200650D,32,970fecd013ff76cc9190d05a2391c7d19a05308c2bef7ce2a27cdaa0de077247
1788328395.467627048,EEG Signals,65535,2,1,UD2022081200650D,32,74dd217151e190201a0768b37e4c1e5c21d31bcbb3d7cc8d9d3ffa73408e7860
1788328395.472663403,EEG Signals,65535,2,1,UD2022081200650D,32,005ff2e82466d6fce45c470741de770cf52f6b6a0a5947ae2c8bcfa4ce2831e2
1788328395.475725412,EEG Signals,65535,2,1,UD2022081200650D,32,e810fdb0d4a0f4fe591e8bfc6ffeaa2c2741a5914e35e2e6b174fadbc9e6f9e3
1788328395.480641127,EEG Signals,65535,2,1,UD2022081200650D,32,3a1f93ca5cb4bd715835efbda1b44e80dc6d8a30d02e5ac07ca98b5fb6071dcb
1788328395.485634089,EEG Signals,65535,2,1,UD2022081200650D,32,4ccdb73667ebeb71edb4ba482a205fd1556d89e708db85d83c6f364b222f98b8
1788328395.487617731,EEG Signals,65535,2,1,UD2022081200650D,32,e4f88a2aaf40a6795e6cf4d33cea1a11c6ec33024303b1f2cbf2f1801fbf47da
1788328395.491621017,EEG Signals,65535,2,1,UD2022081200650D,32,723926562275dbd8426e6b2dc32ce2430db5fbf9c8dfbc5af4cacaac54c8cd6c
1788328395.496634960,EEG Signals,65535,2,1,UD2022081200650D,32,861cfe4a502af05607fb4ce2026319b185de4c5c560f847fe680017ce1966f42
1788328395.499623060,EEG Signals,65535,2,1,UD2022081200650D,32,0cbc04e08ab5978220fae6e8d7da2efae116eacb3b919cda31102c88e17f49ef
1788328395.503628254,EEG Signals,65535,2,1,UD2022081200650D,32,c267d96972d8fb168fc3dc164f981a90eea8faa5dda93be19b4ecdf2ea8a2c38
1788328395.506634235,EEG Signals,65535,2,1,UD2022081200650D,32,d254a9a6937d84b3f2f70aafef2ab0f0c8db401210222739d75800ab17f2f944
1788328395.512645483,EEG Signals,65535,2,1,UD2022081200650D,32,fff05128bdcc812a74743cab45811e465f57fc774f8d6a1b5395da3895186893
1788328395.515634537,EEG Signals,65535,2,1,UD2022081200650D,32,14395f8f82cd82b839d50443b8fd757f7b59dfd8d99c06a4c5924da3cbffb0db
1788328395.518638849,EEG Signals,65535,2,1,UD2022081200650D,32,abc0c176fdac35fadb016fac0af258550fd9e9b12644d549ac0f6a7bfd387c59
1788328395.522634268,EEG Signals,65535,2,1,UD2022081200650D,32,88d04505690719b4ded50df7114e0ee49b62775749ee5d0a524b2b0e564d7b01
1788328395.526623964,EEG Signals,65535,2,1,UD2022081200650D,32,aa32c194e3493155b6d46047eb690adcfc845c00093917bcaf954d6dc46ff6d8
1788328395.530640125,EEG Signals,65535,2,1,UD2022081200650D,32,5cf8a5bfb485e52abda1d9a0d9c0fed06dc6748f06bb5e2a46febd0ec37e7544
1788328395.534646034,EEG Signals,65535,2,1,UD2022081200650D,32,9ff4dd9bfcd4555b19604e1a452f10fb22527dcad940fe43a330c972ceffd7b7
1788328395.538629293,EEG Signals,65535,2,1,UD2022081200650D,32,549378dd7c0995a77f67987aa123e05ea9b38dd6c56fb8daa7efab979459f9f2
1788328395.542646885,EEG Signals,65535,2,1,UD2022081200650D,32,d5dbf5856dcf77f284da0e9fab2e62e69e8d665be8407a81da534244afcec06e
1788328395.545630455,EEG Signals,65535,2,1,UD2022081200650D,32,7a1ea21b95df28abf7dff7fb70a15d389892ae717843b4c641b07d160b1f8a8a
1788328395.550619125,EEG Signals,65535,2,1,UD2022081200650D,32,0a90ac2d8b608f87adbf2d1e8683a8ddf29ed53e99de1c90e6a7ec26d2d34bc2
1788328395.553631783,EEG Signals,65535,2,1,UD2022081200650D,32,3a1f3b3260abc89e681224e46ffefd127f18667fb807bd1f831b9f089d515c11
1788328395.557629585,EEG Signals,65535,2,1,UD2022081200650D,32,cc5b19f21432966dc1b5b8260143a9c12d64ec4547b2b044f62b8cc4f9466239
1788328395.561625719,EEG Signals,65535,2,1,UD2022081200650D,32,816e87634159ea3814ccd2729ee0fce80f3861c0a3a9b51a3ecd733f71550da1
1788328395.565631390,EEG Signals,65535,2,1,UD2022081200650D,32,7afffcf2b012ebd722422d89b6c13f784bb032961a07b30d76e5fabebeb917a1
1788328395.569618702,EEG Signals,65535,2,1,UD2022081200650D,32,dd91c5cb665966c2aa1d4e6a1bf5a9ab7675ae6ede2578a412e4e99f88cb78e0
1788328395.573631287,EEG Signals,65535,2,1,UD2022081200650D,32,900930c7fc9e816c6399046489fbb88d20da80430390cf080df51f1d3679522f
1788328395.577654839,EEG Signals,65535,2,1,UD2022081200650D,32,0e50eba349d73d042e92585385fe98b25a506cb1ce2e106c541cb22381ab40c8
1788328395.581640005,EEG Signals,65535,2,1,UD2022081200650D,32,cc38bd02a8c349fdbb7459cc32858be3387bcbcff5217bed608b67a4b2c71863
1788328395.585613966,EEG Signals,65535,2,1,UD2022081200650D,32,56b5467d587c5e60aed3667306af52fdbedd83729e79cb7fc3f6359d98b8b00a
1788328395.589618921,EEG Signals,65535,2,1,UD2022081200650D,32,ecdfa69a972f0cf7fcfa5a09f5c3b72c69ad48c2af8c1db5a8bbed2897f7bc0c
1788328395.592619658,EEG Signals,65535,2,1,UD2022081200650D,32,3272b200ea2bc5523a73c8c129ccb735b77c45ed388dd8880b83672343663c23
1788328395.596633911,EEG Signals,65535,2,1,UD2022081200650D,32,ad6f291ba8ff08eb76c5118ca48925b7c042cd9de13778ac8f42d36783055ab3
1788328395.600632429,EEG Signals,65535,2,1,UD2022081200650D,32,4cb33ea4b6c76e980117321fc679aa518c166135ece0b30e62f1b79b456af6b3
1788328395.604623079,EEG Signals,65535,2,1,UD2022081200650D,32,886babae18a78ac8d343c429a3b720d82083223a3af1095bae09fa52ae6b223b
1788328395.608645916,EEG Signals,65535,2,1,UD2022081200650D,32,7cbe627697b874f8b9b742a9b4e467a399d3a20c649cfebc4815e46a89b53db2
1788328395.612636566,EEG Signals,65535,2,1,UD2022081200650D,32,c122fb8e0faa400db2cfb0425c5331fff61b68f976a44a2ff1c569d8bcda1f30
1788328395.616628885,EEG Signals,65535,2,1,UD2022081200650D,32,1f151ffd50f9703d8bc34346aff361e496c9aff40e33e71e017cbecd956d6935
1788328395.620630026,EEG Signals,65535,2,1,UD2022081200650D,32,4a0cf1e9b26cc0aa4399a6e79d7f79ee21bff590811d7bfdc8cce8bd84988097
1788328395.624650955,EEG Signals,65535,2,1,UD2022081200650D,32,9d4f51c4de129164cc5c2b9f9678f9d649a4018834353310a3c7f087b410f831
1788328395.629639864,EEG Signals,65535,2,1,UD2022081200650D,32,8aa8a89d51884a3a1dc5e82fe2690b2ed012b1e920a4db041c09446afb1bd5bc
1788328395.631625414,EEG Signals,65535,2,1,UD2022081200650D,32,b89d68efb1b4af5a5ef2792d7112b44c95b8bff76346efe73449acc222156c74
1788328395.635621071,EEG Signals,65535,2,1,UD2022081200650D,32,eef61ef548e6ea853470785f311f72397aeaa3d6de760b5d3bba6f96a6857939
1788328395.640641689,EEG Signals,65535,2,1,UD2022081200650D,32,fe8403adfd93221b4c8438b39a2109dd1972a090343c65f04a14187e47f72864
1788328395.643642902,EEG Signals,65535,2,1,UD2022081200650D,32,5d1e3644428254772b413c324bcf8fbafd506967bb56a1819878b949db930f6e
1788328395.648629427,EEG Signals,65535,2,1,UD2022081200650D,32,0b93060002a583e6ba41e337d7917bb1bf5d3258a75adc4ac0be0e73fcb5628a
1788328395.651635647,EEG Signals,65535,2,1,UD2022081200650D,32,a0ebf3f4c0b464988ee33151b9b484323461296a889c86d6296c1a40587bde37
1788328395.655715942,EEG Signals,65535,2,1,UD2022081200650D,32,9c7f414bd1ea2605769b646e4376b3eac43af54aca442de5ca6b1877cacc3c9f
1788328395.659629107,EEG Signals,65535,2,1,UD2022081200650D,32,8fd6e4a010d14ad6b2f482d6aa12288a46cb9ad2d67d6ce224c9adf2a966803c
1788328395.663640022,EEG Signals,65535,2,1,UD2022081200650D,32,1cb191e2b28c2a8a9ea1121a3669731212b7f36ea68a49d58d669fde0d8218cc
1788328395.668636322,EEG Signals,65535,2,1,UD2022081200650D,32,64db55e59d5300ea1f9c4768147331ddf90f36812b2d38287db786631c9530b1
1788328395.672625303,EEG Signals,65535,2,1,UD2022081200650D,32,b7ac33bda01a5b83ab2576e01772ec04ab4303ef6807ce76645f119990b208ec
1788328395.674628019,EEG Signals,65535,2,1,UD2022081200650D,32,e4c64f8033f11375cc1f492e7d0eb6e48161a54eb7618a4e30e53421a08eb68f
1788328395.678632021,EEG Signals,65535,2,1,UD2022081200650D,32,765b8f6aa404a4746d6d738a63045d1f1d9f90e81707a89c75c274e277a3e126
1788328395.682626486,EEG Signals,65535,2,1,UD2022081200650D,32,abcbbe793ed6f19ff9e10cdef7b87130fa561b6311df9850d44407ae83a51109
1788328395.686628342,EEG Signals,65535,2,1,UD2022081200650D,32,be3ed396951b0957e431beea25796215349f1b357890ded82eff3a8e0220ae0d
1788328395.690634489,EEG Signals,65535,2,1,UD2022081200650D,32,bef2dc5264e461fd82b4ce19ec5da266524c291f92a2c33f186edfb5c1caf56c
1788328395.694640398,EEG Signals,65535,2,1,UD2022081200650D,32,5457dd843e51df9d049ffe68341af5a9871977dcd0a8ef0f1db66711f7ca6488
1788328395.698637724,EEG Signals,65535,2,1,UD2022081200650D,32,45987668e93895cd42c026610f528241d9e03aa07c8e018a7dfbac24fac64f1d
1788328395.702648640,EEG Signals,65535,2,1,UD2022081200650D,32,6ecf3264d74aa8d4fac1365c35605359409de9803387286b96d2ef45d8bf6bdc
1788328395.707656622,EEG Signals,65535,2,1,UD2022081200650D,32,3d2474782778c5a0e2f4e99ffb94a16abbb7adfe6939a8066f1dec3a51114825
1788328395.709644318,EEG Signals,65535,2,1,UD2022081200650D,32,ccc477f702f7c4cee72ed1e8720ba61b6b282058b6d7d7c8e99f1446bd275367
1788328395.713643789,EEG Signals,65535,2,1,UD2022081200650D,32,155607f7015481d059370f50f45f0b92c08bb325e5d7d9d52a22847a1113956e
1788328395.717635632,EEG Signals,65535,2,1,UD2022081200650D,32,d827378babb94e60655d6dd6910fe18b5a616f311b1113933eb9223d13d1d48e
1788328395.721619606,EEG Signals,65535,2,1,UD2022081200650D,32,dd7f6b0b857b7ee2956c5bd74f4f2f98cb583be8cc020620e6f73882b717d470
1788328395.725642920,EEG Signals,65535,2,1,UD2022081200650D,32,47813ade2120fa100c74244e00ab3e5d728183e05cbfb2e4b647a27c735b6e48
1788328395.729668617,EEG Signals,65535,2,1,UD2022081200650D,32,24b3c15fba91bc942ea156b0a2101575af7c94050ad5707d2d58215ddb31ca52
1788328395.733624220,EEG Signals,65535,2,1,UD2022081200650D,32,667347e0787c3304e0dbf7565c1302dbd0b1b7c76426c3340ced70abe121726f
1788328395.737626076,EEG Signals,65535,2,1,UD2022081200650D,32,6a3ca1f9c15638bb8ff902fd104c465b52a0d2b2ee7664cbfb0130dc2277bc90
1788328395.741637945,EEG Signals,65535,2,1,UD2022081200650D,32,1e67ac4fe9ad29f7104124cfb31aeb04df66e978291bdcc5d075fc8e359fe8bd
1788328395.746636868,EEG Signals,65535,2,1,UD2022081200650D,32,58ca408e84b1a181d4d0ac674e2dc07a6d6dbf6589cd9d90abe0ddbe7ccdcd40
1788328395.749628305,EEG Signals,65535,2,1,UD2022081200650D,32,8931f5bfbbe1f8002979fa409e770c4b0ad0482ecf76cca5014ffb2ed1b01924
1788328395.752622604,EEG Signals,65535,2,1,UD2022081200650D,32,aab633a8be81aa46bffe745c2d2f18cbd704ccbb5f9b6e72fb838569d3946295
1788328395.756645918,EEG Signals,65535,2,1,UD2022081200650D,32,c72dc5ca6defd1503bd6375eddcbb95c434807cfd91391bd6b7389bf54e417cd
1788328395.760720968,EEG Signals,65535,2,1,UD2022081200650D,32,15bff4fe8f38ca6c2b6d24d5b8136cfdd113992f003d2b188f284986eccdb385
1788328395.764650822,EEG Signals,65535,2,1,UD2022081200650D,32,3db806c07ac009f905e22b692df7c4ad672dd7dfe172fef81fe8feeb43701c07
1788328395.768641710,EEG Signals,65535,2,1,UD2022081200650D,32,edbb9848c393e15cc95893c43c36c30aba4a83cc9c1cb3da25a1a56d35733b4d
1788328395.772640467,EEG Signals,65535,2,1,UD2022081200650D,32,1149d3f903cf05b993fbdf0ac1813f7b16c01aa86d8b6fcde8e2f86e32970f67
1788328395.776633263,EEG Signals,65535,2,1,UD2022081200650D,32,285c85c8b98a98ad0b44a831c69d185adbba2306ef3bea050a9a7114bb50c47b
1788328395.780642271,EEG Signals,65535,2,1,UD2022081200650D,32,b35fd0c551578a6d3e87456b907aeb64e6d097e326f30a146c34df5d947ff54b
1788328395.785642862,EEG Signals,65535,2,1,UD2022081200650D,32,2df8bd6a2374d149d45cfc2c2ba083dba8f405260664b2cfe1adc8530ed84086
1788328395.788639545,EEG Signals,65535,2,1,UD2022081200650D,32,85ec2d698df5bde7fa4a01931c89ce3a7dfcfa0bd377abf1603e1f97d5d2c77a
1788328395.792661190,EEG Signals,65535,2,1,UD2022081200650D,32,7042fdc60a6c86145738a02651460265b5fc5e27509741f9d068664133c39467
1788328395.795648575,EEG Signals,65535,2,1,UD2022081200650D,32,fa79a28b056fda96143af585aa6175d27015f493b1e593705201c730673f98bc
1788328395.799637318,EEG Signals,65535,2,1,UD2022081200650D,32,c4f2c7ac7fc2474a18eea37aec6549be95f4b79b84bcfa828dafa4ed68890512
1788328395.803630829,EEG Signals,65535,2,1,UD2022081200650D,32,bd6b5ba84050ec0a9102653dccd8da639a7e9ff1a02ddea32d03fe3f9effe58a
1788328395.807670355,EEG Signals,65535,2,1,UD2022081200650D,32,7476049c9dc92a3079c99413cd45a74730d509654f787df5c64e1b3e5a3d06f3
1788328395.812647581,EEG Signals,65535,2,1,UD2022081200650D,32,b8e37247888f7f77d05d3313134e885c2de5cb2e3942a9270e0935ce5814fe19
1788328395.815641403,EEG Signals,65535,2,1,UD2022081200650D,32,0600b9d36b201524871576d67de4e2c5f2dbb37f7dcb87a5081c649d29daa22d
1788328395.819645166,EEG Signals,65535,2,1,UD2022081200650D,32,e7a1bbefb71c5013ecb0f2b2acbc200c3ae569f0eb6f220d1b7a7353fbd645a9
1788328395.823646307,EEG Signals,65535,2,1,UD2022081200650D,32,38c115db602fcc48bf138c69e83dde8b572fb91f1dba4ec919996f182a7a0587
1788328395.827663183,EEG Signals,65535,2,1,UD2022081200650D,32,438c82a0b334add7ed1e6a2bca43baa34c2752281ca20cb38af3b7fbdbb6605a
1788328395.830632210,EEG Signals,65535,2,1,UD2022081200650D,32,f48531ed44a0ad839580ec785ce6440408c95dd7065d99121247d32cf4894a18
1788328395.834650517,EEG Signals,65535,2,1,UD2022081200650D,32,92a951f1fcdd6d79ea94c69dde9f957c2bcd214dbd93c08b0827f1be31fa4bfb
1788328395.838644743,EEG Signals,65535,2,1,UD2022081200650D,32,07ecdcb1f4bfe2239b4bf0cc09da6f97850c328651ea190f466f4d5a04046f0a
1788328395.842639208,EEG Signals,65535,2,1,UD2022081200650D,32,d58cec0c5bb854db9498d625157f5e80de26f432168991302c9e3cce624e7ab0
1788328395.846644402,EEG Signals,65535,2,1,UD2022081200650D,32,9c3006d83ab0b954e216d32b47d07d6e84afcd4c0478920e2e1ea7f1d79efde7
1788328395.851632357,EEG Signals,65535,2,1,UD2022081200650D,32,b65fe44070deaafcab76074e58f755f627829437a3f71ffd22c3e4a22f5fc8d4
1788328395.854628801,EEG Signals,65535,2,1,UD2022081200650D,32,9c434de410b3e08e50470e59352812ffdfef7bb0290fd3c6971811d73842a3c9
1788328395.858632088,EEG Signals,65535,2,1,UD2022081200650D,32,16ca0524fee5d06bd3e15ee626e1dc8d72f6b2f6477c5ce52c915710b8130cbb
1788328395.862620354,EEG Signals,65535,2,1,UD2022081200650D,32,37b09dfa87c250a91d5ab1c4b426badbebf80b953aa94ae22a002168963131dc
1788328395.866626740,EEG Signals,65535,2,1,UD2022081200650D,32,0eef8de27e48df0d23e13e6881c07362ebcc36069acbab0c1ed3c1897586a570
1788328395.870623350,EEG Signals,65535,2,1,UD2022081200650D,32,ea543162c9c8dfb68fbf43db1e98acba941de024cce142d7942dccf7e49b9038
1788328395.873627663,EEG Signals,65535,2,1,UD2022081200650D,32,a24a8aef8eb28da4e5a81742dbef9b4fa5028cf08b0993e3e6f0c9992e3b1696
1788328395.877634287,EEG Signals,65535,2,1,UD2022081200650D,32,4d2d8b761bbe53706ee05008e4500f7ab199f4d43a2e37d5e150c49926d3e334
1788328395.881625652,EEG Signals,65535,2,1,UD2022081200650D,32,31e448c502660a89cd177e9537f91cd28f38366ad44e5c5874eec04949fd1cc5
1788328395.885638952,EEG Signals,65535,2,1,UD2022081200650D,32,1485ce64dec73fc4d4ef1b08e78c9bd07fd5db07f27b6a979e049897f2d09d1a
1788328395.890650272,EEG Signals,65535,2,1,UD2022081200650D,32,5f7ef2b10c307ae65fef3bc3bcda401381187ddb932452db556fe1d5e285f7dd
1788328395.893630266,EEG Signals,65535,2,1,UD2022081200650D,32,27c52957c04bab28daa97f13b913114fbd9a28a984b19b3fac9b06f7c842efee
1788328395.897629261,EEG Signals,65535,2,1,UD2022081200650D,32,55bb04c15c3d85d502ff8bf8595ba6f9c5589376c3f1fc6a54d1f4b7bebbfd18
1788328395.901625633,EEG Signals,65535,2,1,UD2022081200650D,32,ea9abed6f77e7cdb14697b503fecc11c6688a7b158f945408176d78fcc9962d9
1788328395.905624628,EEG Signals,65535,2,1,UD2022081200650D,32,73bdb741c0399f5a4e041a6a5c1a363c55a87f26f091717dc3cf7060641eb139
1788328395.909644842,EEG Signals,65535,2,1,UD2022081200650D,32,87058eb702c0ab8332083aabc68001bef380f026a23ed87a129a4fc7e5a049ac
1788328395.912641764,EEG Signals,65535,2,1,UD2022081200650D,32,2a26a09b5a071a40df8e0eeb0932a32efa02de14005dede0b28666252d97fe34
1788328395.917627811,EEG Signals,65535,2,1,UD2022081200650D,32,2457230148a0bcad503b37a8223aaedfcd32ea13f581874d8f4989353eca61bc
1788328395.920629501,EEG Signals,65535,2,1,UD2022081200650D,32,943aa3f63123bb0f8b9bd8e7aa222171ebffb7f4935923824c7ef442167b7611
1788328395.924653053,EEG Signals,65535,2,1,UD2022081200650D,32,ff8d2dea61541b8602e701ba186c710939a4862e7cb60608972058ded532171f
1788328395.929638147,EEG Signals,65535,2,1,UD2022081200650D,32,108858732f42f8c0460d99bdc584f284dffa5e15946dae85b8c51e0db550eab1
1788328395.933634996,EEG Signals,65535,2,1,UD2022081200650D,32,c9e873f4013b9901146914a17cc3cd65993d52f0ce04e9ebefcd782c87a9cfd0
1788328395.936627626,EEG Signals,65535,2,1,UD2022081200650D,32,c4707f5e472baf88af5b006b1c7a3241c5c4517b46173fcf04f94fc541d51bd1
1788328395.941711664,EEG Signals,65535,2,1,UD2022081200650D,32,7870a04003c10a4268e2af40078e95905ef6cec3eee03b42d84283fa4f1f9e02
1788328395.944625378,EEG Signals,65535,2,1,UD2022081200650D,32,33a7f3a7345cb482a179bf5cb35db06b27a41968ec76ac751d3a3d1095ef1313
1788328395.948639631,EEG Signals,65535,2,1,UD2022081200650D,32,6ab65d85752ecc5953f66209c2018b4bc3dfe35762b0c32ec505e6cf25aea434
1788328395.952659130,EEG Signals,65535,2,1,UD2022081200650D,32,3d0c3b656ee63c7336ce4a1c4da4d02292e138edd49f98c057fba90518ffe9b9
1788328395.955634832,EEG Signals,65535,2,1,UD2022081200650D,32,8f1f52ba5eaf72ecab124727f469a6526defbb47c2a4e1bc9f2802ca01f10bd8
1788328395.959645748,EEG Signals,65535,2,1,UD2022081200650D,32,faab1bf30e00820bf4c229c1e07869b6f388c32348de60935a70453ebeb17760
1788328395.963645458,EEG Signals,65535,2,1,UD2022081200650D,32,8a23eaa8a66f8a6bc41e27b0f58ecf2b8dc403059c6e64ef66aaec58f85d5d44
1788328395.969638824,EEG Signals,65535,2,1,UD2022081200650D,32,f98832343c314b8277d920d253281a525b7a980faed757d231e6dcb4a75e996b
1788328395.971627712,EEG Signals,65535,2,1,UD2022081200650D,32,16fd16069083506d73542f1dc064eea4e5d31659af3c0088e35fb334869ad1dc
1788328395.975646019,EEG Signals,65535,2,1,UD2022081200650D,32,432ebe24f3172246c5d1cee37fecba7d22fa0bf218a3a1a6fa287eadef46dbbd
1788328395.979650736,EEG Signals,65535,2,1,UD2022081200650D,32,c675b5a7adb773446d80d63c249c205516257e426ffbabcbc8accf0691762155
1788328395.983650923,EEG Signals,65535,2,1,UD2022081200650D,32,4af0efbfdc75f38b42c39ad51d63f130845a24b5f22acfe8e248b42f09eff47c
1788328395.987656116,EEG Signals,65535,2,1,UD2022081200650D,32,cf3cb37d695211f00d7713ea4da4f091ed5b4369d3be8e72ae4e49f0cecee132
1788328395.991630554,EEG Signals,65535,2,1,UD2022081200650D,32,a91a256b6c9432f0e841ee12b4cf9ccd518d30ea8b0ad7ca2be0111105940597
1788328395.995630026,EEG Signals,65535,2,1,UD2022081200650D,32,8bd6139a8818543b06412196af853c9dd2ded6599f6f5f3908a9fa4623e1b0c7
1788328395.998627663,EEG Signals,65535,2,1,UD2022081200650D,32,b104aa33175d6820c91cacdaf734d6a2ee6215701369e7ec056608640ee5e9d3
1788328396.003635168,EEG Signals,65535,2,1,UD2022081200650D,32,8b234c9e2c19c0102d4999acf2ba7a1d3a3705fa705d63d4e2573f5d325841d9
1788328396.008656979,EEG Signals,65535,2,1,UD2022081200650D,32,d99cdd7271dc8bcff1687d07862bf7046c5f2b538057a4e22030db449ad37cfe
1788328396.010675430,EEG Signals,65535,2,1,UD2022081200650D,32,9de6d8bdece60112fa7a5617337486fe930fd9090206c05f8b7481b7d7bae355
1788328396.014653206,EEG Signals,65535,2,1,UD2022081200650D,32,1db94b0f4cd19a34484742e0059937e619876046f8c31a63512dbc9e073cac1d
1788328396.018648624,EEG Signals,65535,2,1,UD2022081200650D,32,4c1c7c8b29b091815c524b26f3dae1fe5dd87b64c90dfff7cd9319cbb2b110ba
1788328396.022776365,EEG Signals,65535,2,1,UD2022081200650D,32,deff3bef5887695f9acefc25fc43ddfb8a6f2c5e91e92fa8283b2b8d2ff5c7d6
1788328396.026660204,EEG Signals,65535,2,1,UD2022081200650D,32,50edf7041cf3eda4f384972c228337fa737bef55c412877406f4d941956a71bd
1788328396.030637741,EEG Signals,65535,2,1,UD2022081200650D,32,666dfac61a4ba767048e240182b63943636dd70efd0c4c026884cab777ae9088
1788328396.034661293,EEG Signals,65535,2,1,UD2022081200650D,32,6c3cdb89179a4755e0376d6aef32427a6d7e5923731b0d219b1f68bb05a99d13
1788328396.038629293,EEG Signals,65535,2,1,UD2022081200650D,32,9da7791c203c8ae797b6800338263c3174b647df44d512edab19db4766d5161a
1788328396.041647911,EEG Signals,65535,2,1,UD2022081200650D,32,f6111014cb266e352e15e02368229a51b3346d21a418ddebad5820207367c9ab
1788328396.047657013,EEG Signals,65535,2,1,UD2022081200650D,32,6c6df2b112d1fb6bef1b418372535bd863cfd1d0c86535b43e9149fca98222c1
1788328396.049635649,EEG Signals,65535,2,1,UD2022081200650D,32,3313d2d51810a220f40d6bc83112e18322d3663cc490c46ec99d7d8d7652423e
1788328396.053628445,EEG Signals,65535,2,1,UD2022081200650D,32,15d057790a93bf917254c1efa83b5905a01f7f19892cf3aca9e31795a69be73e
1788328396.057640076,EEG Signals,65535,2,1,UD2022081200650D,32,970257a28ec9daddb4f2c88670995ea00154063338c1865bd6af6c05a1b62f04
1788328396.061639786,EEG Signals,65535,2,1,UD2022081200650D,32,ac0ca683254bd732bf2bf2f6703ed1b2dcf3dc876eaaded4bd4412e5ca030e4a
1788328396.065643787,EEG Signals,65535,2,1,UD2022081200650D,32,dde8fdb168c1167932ac3c050448a57f0fce5ceffdb9d050b5246f07a0078fe5
1788328396.069637299,EEG Signals,65535,2,1,UD2022081200650D,32,f987762d5b521dacde0b709e2c721dc702f2bafbf83fb483c2a40940cfd07e64
1788328396.073649645,EEG Signals,65535,2,1,UD2022081200650D,32,fd04c3378deeca828db9b6f4ec5782c3c00ce20725a3ff4e89f5ad380961fce1
1788328396.076637745,EEG Signals,65535,2,1,UD2022081200650D,32,5361de3c052ffb34e93ba4fc7e3fa026b274d3ce299d6af3e02bcceaff1897b4
1788328396.080655813,EEG Signals,65535,2,1,UD2022081200650D,32,d73027f364331c86f05d52c52a36233e162aefa3120499d2424236f84ee67dc1
1788328396.085641146,EEG Signals,65535,2,1,UD2022081200650D,32,f79bd8b7e1c01948ec310e75ec67f2e089d0907b034c6277b16bff6f483e187c
1788328396.088651180,EEG Signals,65535,2,1,UD2022081200650D,32,9c928b7da520c383ad0ac5ab689425de25a2be0a37fd703dcbd8bb0f1628240a
1788328396.092790127,EEG Signals,65535,2,1,UD2022081200650D,32,6939fcbfd127293859884840c742bd4f52a3bdaf2f80ee2e8cfb86bbce21fc93
1788328396.096643686,EEG Signals,65535,2,1,UD2022081200650D,32,e15d49efc3b442d324b4e4251375e1ebf91769ecaa4a7d732e71ef5ecdcabfc7
1788328396.100660563,EEG Signals,65535,2,1,UD2022081200650D,32,07d201c49e1b6da8944510e0ae0c45525ccaa54f21269f9f675d5057b195a04a
1788328396.104635715,EEG Signals,65535,2,1,UD2022081200650D,32,4830cb6184c0a75fcd250c3a746b321cc0f5454b2601b4db5b6a0a85b591328c
1788328396.108649015,EEG Signals,65535,2,1,UD2022081200650D,32,9fa6aa6c048091d54e4dd9752ea4227fb4c29e0fd0638a2d2691deaaa616520a
1788328396.112660170,EEG Signals,65535,2,1,UD2022081200650D,32,426fd40dc6b76b8299865b5ee6ac101e4e8bb5cc1363dc65cdc13ae393ac43e1
1788328396.116650581,EEG Signals,65535,2,1,UD2022081200650D,32,30603091068f8bbadc395849ec864a046f023b845af7d254fbb9e7a103dfec54
1788328396.119644642,EEG Signals,65535,2,1,UD2022081200650D,32,682e519917ffc190f8b085f38937c0e4d55a831ff29b49d2b5114916dad106f3
1788328396.123650789,EEG Signals,65535,2,1,UD2022081200650D,32,e04b2b98a00dbcdca57edf0cc03fafc3a09fae50989c1c253f5465ddc8c446a7
1788328396.127646923,EEG Signals,65535,2,1,UD2022081200650D,32,76cb0fc0e2271998dded6cb3b3619fc5a1352aea493217c6d1423358a22ccdd9
1788328396.131637335,EEG Signals,65535,2,1,UD2022081200650D,32,321dd52ffda229ebe3f7aca989ee39212524a56ea0afce268f524f563fb5575e
1788328396.135646105,EEG Signals,65535,2,1,UD2022081200650D,32,480f8b516dec9022215d1991af1e0632d1a2dc0c511d40b60e0d3fc697be546c
1788328396.139666796,EEG Signals,65535,2,1,UD2022081200650D,32,baf7edc5f1bb43ccb3d1f081b94bbe3af5d3887c8a9480a06000f34c22df573f
1788328396.143687487,EEG Signals,65535,2,1,UD2022081200650D,32,e42e3345a523fc0508a09aefc3aa59dacbd4bd5cff7760bcf3f4d9376a8b02c4
1788328396.147661209,EEG Signals,65535,2,1,UD2022081200650D,32,b1b659fb8710408a05b6df2f022be95c9fa3609ce06ab6a44716e158265d38a2
1788328396.152642727,EEG Signals,65535,2,1,UD2022081200650D,32,01daeb7bb7d28ad3c3fe321743e16d02865b846c0dc844de82ef758a5c403024
1788328396.155643940,EEG Signals,65535,2,1,UD2022081200650D,32,d39cb2d64c6b1140a3f1159b7a9ba5539bb182c93e4519927313d9bd824991ee
1788328396.159636736,EEG Signals,65535,2,1,UD2022081200650D,32,a0b1f4cfb5c568e00c7c66aa6836fe6b4e726bc2ca5f79977d2b4bbf0c0e30d6
1788328396.162642241,EEG Signals,65535,2,1,UD2022081200650D,32,09c37e0d0a82efe0112a0c8d6b03e31faf2fe8b11689d4224935c31dbf13921a
1788328396.166642904,EEG Signals,65535,2,1,UD2022081200650D,32,92e91eccb0e841d205edda9a830342107edce09fe3d50d0ecdfb119bc6e09070
1788328396.170648575,EEG Signals,65535,2,1,UD2022081200650D,32,8f5da074dbda5f87132259333d1ced647242c2ecaa9c5e11db35a5797ac7363e
1788328396.174646616,EEG Signals,65535,2,1,UD2022081200650D,32,7285e182dc52c0e6333ee02a4c4ba632b6c08a1ee5fcad3a57dbac282ed8d4c9
1788328396.178654909,EEG Signals,65535,2,1,UD2022081200650D,32,d27cc1792713c4f278038bc1c8d75924c5d62c73b1a92bf7a9eca61245e1a7ee
1788328396.182650566,EEG Signals,65535,2,1,UD2022081200650D,32,c96ba5f90043a21df570ed531cd19218ae9912bba253203959bdcaa13bc69417
1788328396.186648607,EEG Signals,65535,2,1,UD2022081200650D,32,1ffa5809db5e39ce9a3a4adb8fcd16f44984e91167ed3d449ea336f5daa6aea5
1788328396.191643476,EEG Signals,65535,2,1,UD2022081200650D,32,3e1d413db69b4a66be560cdb7e0a91608b0249e2912f0ae15aaa600d86c96951
1788328396.195644140,EEG Signals,65535,2,1,UD2022081200650D,32,3386410e71d8882f73eea5d365fa33dc57772eaed63f7c8f3d34e104a3770018
1788328396.197671175,EEG Signals,65535,2,1,UD2022081200650D,32,1c8ee10b402124487e3cbeeb9fcd1db3bbf5c86eb91644f4b2768b54e6437dfa
1788328396.201638460,EEG Signals,65535,2,1,UD2022081200650D,32,4598c4ec21158f43a4811453fa6a97c857dc8023ced6bd2cc096259ce269899d
1788328396.205645323,EEG Signals,65535,2,1,UD2022081200650D,32,aef417a70c5c894329d67fa472808b868686b8e6c59712c3d81ca4a6df2e9843
1788328396.209654808,EEG Signals,65535,2,1,UD2022081200650D,32,70e4ce38f925812cf1c99546e82313c4f7486a133a1c7a50f292a0c5815c357a
1788328396.213671446,EEG Signals,65535,2,1,UD2022081200650D,32,a6ed4a4608f25f525ba93784fa40e1f70dbe074a61df5e19de108b46d21b2de8
1788328396.217637777,EEG Signals,65535,2,1,UD2022081200650D,32,2572e634b2ee6f419fbfd2d46561218e79f62dcc2bd435a1bd0b3f5e7992a575
1788328396.221650839,EEG Signals,65535,2,1,UD2022081200650D,32,e8a4b155ec7495961d77da4a6d6a13d0155abaf6d52d5365bb7aaf6191d7809e
1788328396.225680828,EEG Signals,65535,2,1,UD2022081200650D,32,14c8d2fdd23e11716e6c64b43a96d37feb58621a6711b755dbf75433b232d20c
1788328396.230659723,EEG Signals,65535,2,1,UD2022081200650D,32,e0d53a0c085254c3b52177904fd7e97c0ef255242a33ce400b2aed7fe4c1c26b
1788328396.234648466,EEG Signals,65535,2,1,UD2022081200650D,32,3154031af68977e5ebbb6e143de23f59d3bd5a9c9b81197cbf8db8f0d7ece4e9
1788328396.237654686,EEG Signals,65535,2,1,UD2022081200650D,32,e0ff6484a2bedccf74c72fc2ee030654de69b16131e0c4860980cb10509dcd8a
1788328396.240649700,EEG Signals,65535,2,1,UD2022081200650D,32,53feb2ae8c6902bb468c7d2f258dcf2586646b57fe22aecd0e5dbf4bf5aba713
1788328396.244657516,EEG Signals,65535,2,1,UD2022081200650D,32,42d8019cfccf18ef3f7b0a9c5e75cfd6d2b5f4f9812553f9343b49501999253f
1788328396.248650551,EEG Signals,65535,2,1,UD2022081200650D,32,5a2d9bcb46c279019c30d7a59e8c55b5ec58dc48f6a2d32e23796c5fd7b3fc8f
1788328396.252652407,EEG Signals,65535,2,1,UD2022081200650D,32,fd9672c610ff380600595e3d61abf0a2d19c9fbc7280adee88450ae377f5b3f8
1788328396.256644249,EEG Signals,65535,2,1,UD2022081200650D,32,cb73b6442f97de89f13e8952cf2f9a08faeb68f9a31d4f88270482968503aaf2
1788328396.260648727,EEG Signals,65535,2,1,UD2022081200650D,32,5bb06bb0c79c5c6d54b61b0ea827e57a92380292f6d3e924808aec0dde23bf71
1788328396.265650988,EEG Signals,65535,2,1,UD2022081200650D,32,aeb0bb2b0849e0b22a0e132f4f27f6a520a3d427758f7099c58ae3e889638c72
1788328396.269657373,EEG Signals,65535,2,1,UD2022081200650D,32,c2bd41cde0a9726f5ba79c70603026f6b21c08d86bf0187f047d6d3d2d2a6067
1788328396.272640228,EEG Signals,65535,2,1,UD2022081200650D,32,dde2a51c7007b8ef000c29aa022a4d0f5be84124c02b61bf5255b3eddbb10440
1788328396.276651859,EEG Signals,65535,2,1,UD2022081200650D,32,df663b38f615ce20a862366c65371c9d488f628a8d091a1e1643b394b95a4175
1788328396.279652596,EEG Signals,65535,2,1,UD2022081200650D,32,50e6e3b350fa4606f4325e3c697859ee9b15d69ffe246e88c763d27a3a16b16f
1788328396.283664703,EEG Signals,65535,2,1,UD2022081200650D,32,a643486ce91ba3093694e6fcc0d34070c26649433e439c3992494053a85c6c44
1788328396.287644148,EEG Signals,65535,2,1,UD2022081200650D,32,9a6f60dca4b5a8838e81e3f6e73f36755f666be17584c43a0fdb26e66210f2ef
1788328396.291805506,EEG Signals,65535,2,1,UD2022081200650D,32,a75a7d3f4df3586de7962f0e438b2b193fdf56363db19bb557f32e1505988fff
1788328396.296649694,EEG Signals,65535,2,1,UD2022081200650D,32,598e5a6487875dabb72bd8b042fa933de837ec4fa3d7aee5420be84628d56630
1788328396.299659014,EEG Signals,65535,2,1,UD2022081200650D,32,2d23e37d06495ab869d10d265694bace457084833d0308a478814cd4eda8ca48
1788328396.303636074,EEG Signals,65535,2,1,UD2022081200650D,32,aadea955928bef85a4424319639543bf745fec5b69640591da6e031383577d61
1788328396.309702158,EEG Signals,65535,2,1,UD2022081200650D,32,db77aaaee1a76b56b0cf21dfc45368cd37011155d22541300ec1f0830a0d267c
1788328396.311656713,EEG Signals,65535,2,1,UD2022081200650D,32,7d244c98da80457e885a6ded9a4a6b7d20ea1fc9754fdaa34669328861b21e7a
1788328396.315652609,EEG Signals,65535,2,1,UD2022081200650D,32,1a8dd003e7bbd31192921ab3c312385a469820fc90d69bbdf8ca3dd3991ae81d
1788328396.319647789,EEG Signals,65535,2,1,UD2022081200650D,32,ad26e1115e8b062e82ce24a78464cff7d10b850f9a4c7ede262b7f36f2458259
1788328396.322638512,EEG Signals,65535,2,1,UD2022081200650D,32,e2d5c17753f31593efb642998131dad5684ec8909b71a98701847a2c5dd1979f
1788328396.326666594,EEG Signals,65535,2,1,UD2022081200650D,32,12a58c6a474f5ceb03e67a834f3178ac0d156e037168c52468620725ec73f8f9
1788328396.330662727,EEG Signals,65535,2,1,UD2022081200650D,32,66f8382d1fffc414a813bc666e9fd2f69b9a0a097c568f04bffc2091ec2b1f85
1788328396.335647821,EEG Signals,65535,2,1,UD2022081200650D,32,b436b3f4fbc408a12a95c869ac1dca28f2ec45e99f716c6a5da6c1f472304aef
1788328396.338648796,EEG Signals,65535,2,1,UD2022081200650D,32,d1a60fc626b422c0fe589ddc4882efd736b9c6ac4f3d18ff50a9ae74ca9eb9f5
1788328396.342671394,EEG Signals,65535,2,1,UD2022081200650D,32,8be6fb776108b0d80b1a9019e6a15c8a28f38341b972ee9fe54099f3fb59a53b
1788328396.346657038,EEG Signals,65535,2,1,UD2022081200650D,32,88e9e31f66dc287705d86885e3504cdf35c58b906a033243873e982ccadc384f
1788328396.350678205,EEG Signals,65535,2,1,UD2022081200650D,32,1342e095de277c87e3106f30a5cc8e0df5e1ac07db942f75a7fde1a272b4d88f
1788328396.354641199,EEG Signals,65535,2,1,UD2022081200650D,32,bd7128d41d5758c80a0b898c55fb23861e605b0a45a4a8aeea995c9c87100688
1788328396.358644485,EEG Signals,65535,2,1,UD2022081200650D,32,40dd8c415560f1084a1ad797904a4ba13a65fffc4e9d5cd6d6327f669eae1108
1788328396.361647129,EEG Signals,65535,2,1,UD2022081200650D,32,c4618910b8de4561456dc7682708f7ba91e066f2d86f81cb62749a1b0e3acbfd
1788328396.365643501,EEG Signals,65535,2,1,UD2022081200650D,32,e84e51dc491022f0e21416c2fd74bb8559aa1d3d8af74d69955a1a056a72ba1c
1788328396.369643927,EEG Signals,65535,2,1,UD2022081200650D,32,de087912365b8cb5eb18b8cb9f0513ebdfa2bfe5ec509611bf141be156575a14
1788328396.374647379,EEG Signals,65535,2,1,UD2022081200650D,32,5394c07a9426b744895c969d33386272f4a70cff1663bc39f3279cd6d3a99c8b
1788328396.378652096,EEG Signals,65535,2,1,UD2022081200650D,32,76562331bd440929ca2ff99487691ae36f192bb1df40092d4f99d6a362c60066
1788328396.381639481,EEG Signals,65535,2,1,UD2022081200650D,32,8e493c723915e61a6570cc300817cb6aec519846b9b72e30b295459275b73f6e
1788328396.386644363,EEG Signals,65535,2,1,UD2022081200650D,32,863d9ee95970fe3be92e7f93db96209ed25b003e22b464e2c636eb7e5e9f5f5d
1788328396.389735699,EEG Signals,65535,2,1,UD2022081200650D,32,b0fc06d62eec52ea34bd1a2d063e4e505aa22f158491d479e318256fdfabbfdc
1788328396.393654108,EEG Signals,65535,2,1,UD2022081200650D,32,8fbcdb68761e982406f318c5999afc02c1243cd02fa39c46a98dd46af66ff44f
1788328396.397667646,EEG Signals,65535,2,1,UD2022081200650D,32,a6876344bbd3f253466eb8ffbe8de0b46c4323807bc3a5efcb72f9f0788bf5e0
1788328396.400646448,EEG Signals,65535,2,1,UD2022081200650D,32,f8eac9de9512f6ef86009100722f52a594e63bf2f82f8747135b17dba7f31968
1788328396.404660463,EEG Signals,65535,2,1,UD2022081200650D,32,3f2ebbd20a53b1d6dc2c22c090045530c24af0092337042970ff22a435fd0bab
1788328396.408651114,EEG Signals,65535,2,1,UD2022081200650D,32,c6e7190210846830b09e271348b3ecc06f84c740501fd426dc3e8cbb6e85ec91
1788328396.413665295,EEG Signals,65535,2,1,UD2022081200650D,32,41b9e4bc11cf9412606ef0d7764f6b5636ef2ab7e43a55f28edc4c1dab3e3b3f
1788328396.416650057,EEG Signals,65535,2,1,UD2022081200650D,32,b17bed394c1454e81423b62e0c96158e00497ae09025f21a0e59648186922a1d
1788328396.420642853,EEG Signals,65535,2,1,UD2022081200650D,32,a41d172923e55fc430bf436bab39a43a538b8e77538ace0118b61b0894d295cf
1788328396.424647570,EEG Signals,65535,2,1,UD2022081200650D,32,6933cc3688fdf4ac83b0f898307991b9bae137790c93b98737f65f5f1802d496
1788328396.428646088,EEG Signals,65535,2,1,UD2022081200650D,32,fc0695e3fbdd5b23ee277cd86871ba9a13d99b94adceb8a7679002f89a39f6e6
1788328396.432645321,EEG Signals,65535,2,1,UD2022081200650D,32,6e03d87d8bb595358953011ef7bc2c2f50481eb0b7d981c897bfda66d168332e
1788328396.436631918,EEG Signals,65535,2,1,UD2022081200650D,32,53128c79a1d6951ed0267af01c6fdb0ef158191e64ae24a8f000422d3cd59259
1788328396.439786673,EEG Signals,65535,2,1,UD2022081200650D,32,3b3e5b3f741530e1943bf6bd6aa78f6b019d13874d52030e224846cb81401fe5
1788328396.443671227,EEG Signals,65535,2,1,UD2022081200650D,32,4c3726eb19a2e585fc4cc50f099d88051c35fc58930ba72093c4b7bba100a29a
1788328396.447659016,EEG Signals,65535,2,1,UD2022081200650D,32,f38bf1c505209f58a447003be9bb749299420f71c3e9ae5843fca7f6704440f2
1788328396.453639269,EEG Signals,65535,2,1,UD2022081200650D,32,90fd13659167cd7595c769b0c0a4352752c0a3e782cec1105742aeda678035a5
1788328396.456669807,EEG Signals,65535,2,1,UD2022081200650D,32,4dca68af91ce3aef39ef5917e4ac79235c1717db6976d0ea4e5e6d907c283650
1788328396.459626913,EEG Signals,65535,2,1,UD2022081200650D,32,1347685977619e4106c0892debff1daf2d8ac4392d4a1a87780f59ec72547bf3
1788328396.463655710,EEG Signals,65535,2,1,UD2022081200650D,32,57553bf77f38a9e737d0efc4393569ac5fabae924292eb7538893d33f477f7f8
1788328396.467646837,EEG Signals,65535,2,1,UD2022081200650D,32,a53cf8f2cdc60a026e587ec33ffc38ca4ce8b2fca77b6a89bb3c57256b64d417
1788328396.471647024,EEG Signals,65535,2,1,UD2022081200650D,32,5d75ae2c4eb226630c0a80608f871efff8d0c4d9eca6990600dc3bdd0ea956be
1788328396.475645781,EEG Signals,65535,2,1,UD2022081200650D,32,9451b4e8f06a7f012d186cb000ab92030991988bac20f4b2cf8ec063ea2e19a5
1788328396.479670286,EEG Signals,65535,2,1,UD2022081200650D,32,e5c673c114c79c58ada7bf4100d81030e4643af256fff4ce5bb706b8e2ba7fa9
1788328396.483631849,EEG Signals,65535,2,1,UD2022081200650D,32,0f616dd648c6093c2d9dfb099d85e5cb65608f85ea1d61054d77be558cf09406
1788328396.486626387,EEG Signals,65535,2,1,UD2022081200650D,32,9836329da218ff9b101a3b3e626bb8287cbb76a454b79ddd455b99b310e44d2d
1788328396.492627621,EEG Signals,65535,2,1,UD2022081200650D,32,2052a87620e5b8ff307d9d0248113e501ef651e2c44a627ccc9dfb30d82a2d30
1788328396.494637966,EEG Signals,65535,2,1,UD2022081200650D,32,9a21c78512d6889070290e10edce652c3bd316b69c0894e12a58cd344e964a42
1788328396.498633146,EEG Signals,65535,2,1,UD2022081200650D,32,651edd6712420ccace1e28b76aa174e2f2f9e368ad56c7207569bb92f3db0d9d
1788328396.502651453,EEG Signals,65535,2,1,UD2022081200650D,32,a5b14a12c9646d038b60f60096a9dc52671143c2c3d4eaf19a7af7ad406b814b
1788328396.506658077,EEG Signals,65535,2,1,UD2022081200650D,32,321e59e13f44045a77b34b706aa568fbd2f68088a4870d16a115e584945f5cc6
1788328396.510680676,EEG Signals,65535,2,1,UD2022081200650D,32,fe55c40a2f10fb8c93816e01a9bd868d7bf3c04161930c9453d9204e46826407
1788328396.514663696,EEG Signals,65535,2,1,UD2022081200650D,32,ac15dadf3c04efe4a40e0e9c296a0b5cca602646e543b64111101f09ecf8858c
1788328396.518650293,EEG Signals,65535,2,1,UD2022081200650D,32,3f990ef3a904a9fccae9128b872aed3f3f23edae5abf5a9bba3fc58366cb5fe1
1788328396.522644520,EEG Signals,65535,2,1,UD2022081200650D,32,929f4807c0a33d04155c7124e4929eca03f057d1a7c2a905e790bb363fdede56
1788328396.526658297,EEG Signals,65535,2,1,UD2022081200650D,32,106e1c6d1635251a04fc13b6b556b015ebf036eeb412791723119eb939f74cc0
1788328396.531661034,EEG Signals,65535,2,1,UD2022081200650D,32,2082e3732f6d59b02f42c5ac6be985f5f5c3732d08a8dbe099e55b55e02d6be6
1788328396.533650875,EEG Signals,65535,2,1,UD2022081200650D,32,fc930eec5c64fb7d0db3d23b4d7bf0f60cedb94225f92444176b06fa088e842f
1788328396.537649632,EEG Signals,65535,2,1,UD2022081200650D,32,5dc13d7795598cac3b9c2efd672c68927df15b5892498ae8aac1178218b4229b
1788328396.541642904,EEG Signals,65535,2,1,UD2022081200650D,32,9615473e1aa4fffa82d78cb30c4f817b680f6442ac729ab4520eaec349d54f34
1788328396.545662642,EEG Signals,65535,2,1,UD2022081200650D,32,a2427a4d65d5aeba9f297177eebacfe921fffdd25c6210e65967e378ab8fc1e2
1788328396.549655437,EEG Signals,65535,2,1,UD2022081200650D,32,fee9f3f8f872e487f1ba7e7d9a53d05cb8abd9c7cd85510e6e8181bc3e4da5aa
1788328396.553651094,EEG Signals,65535,2,1,UD2022081200650D,32,a468b7ac6197a3fdbffd29cdca4926e95564cf6c85ac45e74e8c60c314e27b50
1788328396.557658911,EEG Signals,65535,2,1,UD2022081200650D,32,7ede5c1c948edc03a76c75246eb05398bda167e9253731d8f2c5e149b322c1b7
1788328396.561641932,EEG Signals,65535,2,1,UD2022081200650D,32,f0c350fa3762d82affc4d78af217a3e96b048b68aec1e0d1fd057dfc4cb5c2e0
1788328396.564641237,EEG Signals,65535,2,1,UD2022081200650D,32,6b75d93b43ab44837be3c47f5cba1eca5b5489a6b2e0ef20aca69c7551a30947
1788328396.570651293,EEG Signals,65535,2,1,UD2022081200650D,32,035ff5d031cc04530c390c2f3fba2528d699a608e4e56c3ee06a47b0695d93a1
1788328396.572642803,EEG Signals,65535,2,1,UD2022081200650D,32,df4a67c369a7b0cac29765a81469af82e0504613260c7931b90f2b7cfd497612
1788328396.576649666,EEG Signals,65535,2,1,UD2022081200650D,32,3d3116cbf061a0c2938992612788d5ebf292ea28a6f8199787ee82a3f97277eb
1788328396.580657959,EEG Signals,65535,2,1,UD2022081200650D,32,f7d3b5314b2692ecf408ebb8c7be16e29247e871f21a0ccb2c1a397c25dbd250
1788328396.584660292,EEG Signals,65535,2,1,UD2022081200650D,32,abcdd30a727c8f63056218c5450181d106411f62621407967e43ddd868fa5d6a
1788328396.588664055,EEG Signals,65535,2,1,UD2022081200650D,32,afa6b3db288fbbf299114f35726abff986e6001ac9845848b533f9ff7985f0f5
1788328396.592655182,EEG Signals,65535,2,1,UD2022081200650D,32,2cc443a6f6f3cafc7a6a59d44f7ce8ec82351ff1338cf8e8c6f40e289dc048d6
1788328396.596653938,EEG Signals,65535,2,1,UD2022081200650D,32,f155b0ff6749f5514f8ea9a5cc24ef37841ca3e5dc2df9d814e51a87b3963f61
1788328396.600661039,EEG Signals,65535,2,1,UD2022081200650D,32,3bb471586842434de78282a7d1149d4946dba865fcd7b1a9573d9df3e506ad0f
1788328396.603651047,EEG Signals,65535,2,1,UD2022081200650D,32,ace7714a37db49358c56d3c462dde2763e10f45790a19587b6e3bb1e3301c742
1788328396.607650757,EEG Signals,65535,2,1,UD2022081200650D,32,9bad12704435405fe13185cfd28578c3e2e7ceb1dbca4acad9a915e753f76abf
1788328396.611653805,EEG Signals,65535,2,1,UD2022081200650D,32,4c7b7f44d30c60ae1efd8182e4791ed3cf39508422f8eace47d2a92874d78bad
1788328396.615661860,EEG Signals,65535,2,1,UD2022081200650D,32,b1be1314a5ee3be67f11fd433b53061f50440ea1c2d7ba47aacb67f8ce4c955d
1788328396.619648218,EEG Signals,65535,2,1,UD2022081200650D,32,a18dbe2430c365d4d91db28bcddb84ffe0b8fdf4bd27c7e874fa63f6113a96e0
1788328396.623640537,EEG Signals,65535,2,1,UD2022081200650D,32,97314b53761574f02d90770bc076be893ff617057ea32da0b4e76eb3d95e68d9
1788328396.627655745,EEG Signals,65535,2,1,UD2022081200650D,32,d7122e2cf6b69f773ad3aab468adfb248f9d380876aae3f08c67f5e8ab8613fe
1788328396.631651878,EEG Signals,65535,2,1,UD2022081200650D,32,be51ad443662500cf94fdd574b7626e223b64a0fdff372b10471b2ab159582e4
1788328396.636639595,EEG Signals,65535,2,1,UD2022081200650D,32,6ef7224521d6776ce0fa9592049b4a9fff24c9de5ecd4df5f041e50d32b73bb8
1788328396.639657497,EEG Signals,65535,2,1,UD2022081200650D,32,b012e0ba0d91592e83159358daf441ee13970de2787544147ba6b3cafd2ce0f3
1788328396.643661022,EEG Signals,65535,2,1,UD2022081200650D,32,63c3343fec27dbefb7527763ac53f6f72b5d7aa49d4a5ec072f21a5adcb83cd3
1788328396.646668434,EEG Signals,65535,2,1,UD2022081200650D,32,b3aa5e11e0b5d1de0c141fa910e363676370717fc3aeb0695dd36973411e2ec4
1788328396.650651693,EEG Signals,65535,2,1,UD2022081200650D,32,b25c503a50738b4163776f26976015ab6377d2098b8ec3c4b28fa62a3d6ce548
1788328396.654658794,EEG Signals,65535,2,1,UD2022081200650D,32,48c09812216374f938720419f296366013bad16ef09f7e0cc39ce245826172ec
1788328396.658653975,EEG Signals,65535,2,1,UD2022081200650D,32,405e954d28b954575f401116dd5c32ea75cb3fd7f3d61f0634a0433e3c544164
1788328396.662661076,EEG Signals,65535,2,1,UD2022081200650D,32,838c6983f6d4744db261445907af42ad72ef3f108dc302963b9cc1f94fb9de7f
1788328396.666651487,EEG Signals,65535,2,1,UD2022081200650D,32,9af9376f8ada28c66131739871753d670fd41a822cf487eca92d92e5f742e2d2
1788328396.670655489,EEG Signals,65535,2,1,UD2022081200650D,32,b556b00f1d0c8747ad945526a0320a6087e75bd8084aa6c66ea61e74c9ead317
1788328396.675658941,EEG Signals,65535,2,1,UD2022081200650D,32,b8748858e0ff5e301698fdfe02e757436c12c761a0d4798397ba414a3c76ab3c
1788328396.678660154,EEG Signals,65535,2,1,UD2022081200650D,32,dd420e4f15bbb1831a7c01413cd245daf541df57772e8a125c756e549d02b67e
1788328396.682649612,EEG Signals,65535,2,1,UD2022081200650D,32,e6c1037ad1171a2f8f1361f92f8e7f2652a03f586b60173277720f4f71093177
1788328396.685651541,EEG Signals,65535,2,1,UD2022081200650D,32,bd752444c59e524b4d22a9fc7abb06ff6ce0ea8120869e7dc5781a8b993fb427
1788328396.689664602,EEG Signals,65535,2,1,UD2022081200650D,32,6fac968a6ea99caac1a07bb032e9d08b2ef12085bc1f2514ddd8b6013f077f06
1788328396.693649769,EEG Signals,65535,2,1,UD2022081200650D,32,339bb4fb2b9edf1e791d1792ba29b9debc048e118e2122a4885890e387a6fd51
1788328396.697642088,EEG Signals,65535,2,1,UD2022081200650D,32,9424938189a8fa657d5c89dc16a1a0af633876e7adf880ca28932be45db9e7bc
1788328396.701649427,EEG Signals,65535,2,1,UD2022081200650D,32,747794555b204cb2b273d04f43a2fdb4f76daa7b92906c60d9f7ecaf61798f83
1788328396.705642700,EEG Signals,65535,2,1,UD2022081200650D,32,4e43b73975a23461e34891d1b5e497e97869e1acabfcc9fe4efc2089b05dfd5d
1788328396.709647655,EEG Signals,65535,2,1,UD2022081200650D,32,db0394b53539b18bb6de439b1512389adff737756939efcc03d28ca7a075c977
1788328396.714647293,EEG Signals,65535,2,1,UD2022081200650D,32,b69f6d619e2167b23cb9348b661959638c881d42b849c74e964140072089fc0b
1788328396.718649864,EEG Signals,65535,2,1,UD2022081200650D,32,8725c12fda9927f7553be09f5b1a1742c216c674e478f5f8dce66bf82db21e9d
1788328396.721652508,EEG Signals,65535,2,1,UD2022081200650D,32,8b861a1633b38285b6e75f83599e35ef5f3c5ec90a3a5d7a2f96a0445c1abad6
1788328396.725671768,EEG Signals,65535,2,1,UD2022081200650D,32,f89efc3a5d08ba8d78108c3ee6e76c5c295b1f088ec70c4a6707dd34b2faebc4
1788328396.728672266,EEG Signals,65535,2,1,UD2022081200650D,32,5447f30615d143b796f6cd2c61cd4c2268a08d9d4fee346c0c4d6c00c2dd94e0
1788328396.732681036,EEG Signals,65535,2,1,UD2022081200650D,32,ce24ae90a68ec8da33111759362a8b49b341f4c4da69ec7c597c8168962e87fa
1788328396.736664772,EEG Signals,65535,2,1,UD2022081200650D,32,9f479809bc11ef26b7565ff5a0495a06f87824be7a1544cc8805db1583b07bfb
1788328396.740653276,EEG Signals,65535,2,1,UD2022081200650D,32,9f87b72d207aefc0d6421e219d394d1dec7350974d78fbda638e5521d86e1fb4
1788328396.744662762,EEG Signals,65535,2,1,UD2022081200650D,32,780ae16daa7f8b670957ced6f9170fbf3702d3447ca41503bef30e7025745076
1788328396.748656988,EEG Signals,65535,2,1,UD2022081200650D,32,8cb91db04485becace22eddfb58c6300edbfd5de218f9ebbc3bc16d346972c9f
1788328396.753667355,EEG Signals,65535,2,1,UD2022081200650D,32,fb0b340fc8aba2aad910e8848b285823507f0123214791ec246a7030821905b9
1788328396.756722450,EEG Signals,65535,2,1,UD2022081200650D,32,ba0d4018d78147c06b7e73901c04c0ca25ac71aa79ea63a99d83a3bd1eadcce3
1788328396.760664225,EEG Signals,65535,2,1,UD2022081200650D,32,0a990f2382431b57c032b5ab2d2f9e40af3bb116aa4811337e8b4316c5917f35
1788328396.764667511,EEG Signals,65535,2,1,UD2022081200650D,32,5b52cd34321fdc2b815f8a0ac76c29a7850af2d283e0f4c65b2346c1501a72ce
1788328396.768663406,EEG Signals,65535,2,1,UD2022081200650D,32,66d817531a5bc00ccb86ca0cdac7cac7ebf68b81840e8c9180f35d9ab5382f33
1788328396.771652699,EEG Signals,65535,2,1,UD2022081200650D,32,d6cbec1d218b9f8734b9745b8280879dd517bfec1ec59a4c2a9eaefdab73166f
1788328396.775664806,EEG Signals,65535,2,1,UD2022081200650D,32,a9ac80b3a9dd33ef6674d41912bd168d0534082d4a5716053f4c7e2a12efb049
1788328396.779651403,EEG Signals,65535,2,1,UD2022081200650D,32,e1479bf9e4e2f15afb1df1fd647daf9d81fef02579d5cece265c3fa61efba394
1788328396.783663511,EEG Signals,65535,2,1,UD2022081200650D,32,7b27f681d447982a5abb1c2aa9bbc7a73ff0ad17b0394e13a8ac951ed68abb38
1788328396.788663626,EEG Signals,65535,2,1,UD2022081200650D,32,979a6aeb6db75c95f2d1c3d669ab238aa5c607e0a2ceec809be1c6a284b6e04b
1788328396.792653561,EEG Signals,65535,2,1,UD2022081200650D,32,0a997e21b48b461df86618d9fa71dce95d7cb783abd6c941548338a0dbf0889f
1788328396.795643806,EEG Signals,65535,2,1,UD2022081200650D,32,a2923d582b32c35c03bb908606c2513bb0a1594046b604a9327a5351d4da7b11
1788328396.799663305,EEG Signals,65535,2,1,UD2022081200650D,32,24376ed52f4f21ef1c8f5389f5e662a14ed51db875960d6b2dbeebf26615690b
1788328396.803638697,EEG Signals,65535,2,1,UD2022081200650D,32,55d3a9783f2f506575aec476b3a50f117727573cf8cfc5e85a05b0d46ba4e7c2
1788328396.807713747,EEG Signals,65535,2,1,UD2022081200650D,32,e13268156d01f23501d7a80700b081c87f76937d234edc4947ae2b29af66a8a4
1788328396.810681105,EEG Signals,65535,2,1,UD2022081200650D,32,bb891fd980c56075c2f6a07462fc479b83716ebeab9f8c21c455cfc14b76e5d8
1788328396.814669371,EEG Signals,65535,2,1,UD2022081200650D,32,a1655e126b240e4cd4e8fd0b38ae6928f3505b47d3a5f62d7d978c28747fa9e9
1788328396.819672346,EEG Signals,65535,2,1,UD2022081200650D,32,f1dda27a5eecad29a88c8ad405d34fc50327418cc79125415e59522f75cd1218
1788328396.822667599,EEG Signals,65535,2,1,UD2022081200650D,32,b892246bff70142f56bac5e6d316a07c9b1ead7d4fd153d15286453b0a403363
1788328396.826668262,EEG Signals,65535,2,1,UD2022081200650D,32,65abc379c5b51551ac0d364080da6c3babf7e6937c306543fa1d22707b9a5a4a
1788328396.832668304,EEG Signals,65535,2,1,UD2022081200650D,32,879fa56af8e982a89444e2e9e8184aef551cb0f951dc78ec8bfa128aba0a2aec
1788328396.834657192,EEG Signals,65535,2,1,UD2022081200650D,32,42dd08e504dec4a235c08b8e1733072c42926e29987699b5dfa4e391f4a65031
1788328396.838660240,EEG Signals,65535,2,1,UD2022081200650D,32,663d8c52c4c0f27cf8725ec35ca0ffc584692ba7b16c228ca32f2e9c93fb65f8
1788328396.842671871,EEG Signals,65535,2,1,UD2022081200650D,32,4dd27486f13bd385750f20e6a239b24584e73a8ad926c7a2c003df9b3feee094
1788328396.846647739,EEG Signals,65535,2,1,UD2022081200650D,32,94989bf2b975bd2f7a562267ba2dcba3edaaf5bd4737b4ed7675a69964d9b106
1788328396.849665880,EEG Signals,65535,2,1,UD2022081200650D,32,a3c4d2355f19b24a44a07ffc93fc0e2da9157848756d08c805eaf5305e6aa5af
1788328396.853673220,EEG Signals,65535,2,1,UD2022081200650D,32,37d53a4edcea6f54a12ee8b8d19d894fee7b5f09df2b59c7312ac83193e9bb86
1788328396.858767509,EEG Signals,65535,2,1,UD2022081200650D,32,cc76ccfc657617e29e70bd159a3b471979985523a869db80f4ce6a691dd9c009
1788328396.861659288,EEG Signals,65535,2,1,UD2022081200650D,32,af7ede18200226af2aff23213a24c66e65ffbb09977247335d9bc24b09013c59
1788328396.865696907,EEG Signals,65535,2,1,UD2022081200650D,32,99ef809cd0dedb1209fd681ba4b902f78a3da11c0328ab88d23099d1cb020f81
1788328396.869679689,EEG Signals,65535,2,1,UD2022081200650D,32,1df7a4bdfdd786e8ddb0ddba5cd9057953853edf687cce739c6f86b11c8cf74f
1788328396.873689413,EEG Signals,65535,2,1,UD2022081200650D,32,9b202568a963e9637a053e7a13b64be50cd367ab60f66d25cd0b33799f73a3b2
1788328396.877676725,EEG Signals,65535,2,1,UD2022081200650D,32,3bdf628f8b7767228cd50826966d89034874c2072bb16df47443e8ccb94b4096
1788328396.881684065,EEG Signals,65535,2,1,UD2022081200650D,32,15b31668017fca78bf1666977454f817be4427dcea371eff84a8021ea7515693
1788328396.885682106,EEG Signals,65535,2,1,UD2022081200650D,32,273c097a11a77b69bf0a3e47efc75f8db537449ab47e9081f6061c30bfdbadd1
1788328396.889672518,EEG Signals,65535,2,1,UD2022081200650D,32,19c8720f13e322e06c53882ae448a8c9423e26626be75c61806bc5b3e9de3afa
1788328396.892668962,EEG Signals,65535,2,1,UD2022081200650D,32,d781e997de946d703471f882a958d5fbb346872548274a7781c9581ae65afb56
1788328396.897686005,EEG Signals,65535,2,1,UD2022081200650D,32,ab597f76cffc6931fdd5fdad4517d95beaa1ba575251c2db1ba74630765bc7d2
1788328396.900667429,EEG Signals,65535,2,1,UD2022081200650D,32,ee55bbd6ae85296ea657926c3199461a0ad68be2fb1cad1650bbc578655bbcef
1788328396.904700994,EEG Signals,65535,2,1,UD2022081200650D,32,348510371f455aa29ba93380147b372e0de3a618f06100ff1e48acc1406ae56f
1788328396.908677578,EEG Signals,65535,2,1,UD2022081200650D,32,9dc8b8af3eabdd08044c422294fe4725b0f706efca48779709f2bbe019d72f05
1788328396.912658453,EEG Signals,65535,2,1,UD2022081200650D,32,d1f85e4ff3649880f32749722e31d301ccd738190dbe6a487bbf8d13113c394e
1788328396.916669369,EEG Signals,65535,2,1,UD2022081200650D,32,2378f4166e47656a56ea04397b3936ce2181a4a95bcebc052f06b714398c76cd
1788328396.920647383,EEG Signals,65535,2,1,UD2022081200650D,32,193684338a22b10cf789d16ce14d32409f34f5f770afba4a5c0d10fe54f89711
1788328396.924667120,EEG Signals,65535,2,1,UD2022081200650D,32,e2464db3b886ba760bf7729d78d96c1ddebc643d7b73c5c9c801c8bcdd3eb3b6
1788328396.928662062,EEG Signals,65535,2,1,UD2022081200650D,32,99d85df7a1d6ab8156b985486d599927f7a97ff77e169e5ceffb253645e236d1
1788328396.932689428,EEG Signals,65535,2,1,UD2022081200650D,32,1f608b1194600948c5599a416c7a36ce60e5987341bc7ebd825c3405d8b3d500
1788328396.936660528,EEG Signals,65535,2,1,UD2022081200650D,32,2cd91409b791a82f2794a4560bd11f8f2b99425cb1fdca2365af8358e8d6d91c
1788328396.939682722,EEG Signals,65535,2,1,UD2022081200650D,32,d4a4d7c4452e0634e4bd40ccac148a15f29f4bb2d33674c6ac3cf04d7e31236a
1788328396.944702148,EEG Signals,65535,2,1,UD2022081200650D,32,2a1249642c8b89f0fb4532ceb8c3abd561bbc8b9dd4d005b119e08e1f9f3f000
1788328396.947699308,EEG Signals,65535,2,1,UD2022081200650D,32,cd7baf21095a008a7e0375b8d997a8422e56c02642134b70eebb5e783f1b4fc5
1788328396.951661110,EEG Signals,65535,2,1,UD2022081200650D,32,3ade257d9c81d9bca6b0a94e134488ed3061efded8a06f21db3ab80bf482a063
1788328396.955671310,EEG Signals,65535,2,1,UD2022081200650D,32,b749dd7114f7332608ed42cf427725d341519b030bd6938cad1e7fa8fa0275f9
1788328396.959694147,EEG Signals,65535,2,1,UD2022081200650D,32,401b48a63f105c8e188abd2df2201497734e05c2e1eb3cfe379e4352525558d3
1788328396.963678837,EEG Signals,65535,2,1,UD2022081200650D,32,026b82948094eb05fa400345abf44eb2eb931cb4f219b63cebaa7cffcf153bf3
1788328396.967686415,EEG Signals,65535,2,1,UD2022081200650D,32,bd2d88d12c16a4fcd96491621c8a64a7ac3e002d12d83f56bde63e2862dcbf56
1788328396.970684767,EEG Signals,65535,2,1,UD2022081200650D,32,7bc4923c28f70edc9cf9dc66d2f0f846e443584ee079e6ffe1085ffa8991fa08
1788328396.976674795,EEG Signals,65535,2,1,UD2022081200650D,32,a1646971fa9cf04e444babbcff897c79066511e73607b22e913a4a11eedc4569
1788328396.979671240,EEG Signals,65535,2,1,UD2022081200650D,32,fb58a9cd008294be7c1e6ef8174bc579c3f8d7a5744f8a21f1c229c306b65fec
1788328396.982671022,EEG Signals,65535,2,1,UD2022081200650D,32,271f83361692c08f9215c6b14a286283bd5ad1dbf6fd913730d13c75030c744e
1788328396.986673117,EEG Signals,65535,2,1,UD2022081200650D,32,7213af8b1b3a7157c251fed25d8330dbf2edc9ffa92d658c15ab620e33eb76b6
1788328396.990734100,EEG Signals,65535,2,1,UD2022081200650D,32,2efbbc30edcd6285de0450345708a8bc8fa7db93a15c015e35cf79f662dc58c7
1788328396.994676590,EEG Signals,65535,2,1,UD2022081200650D,32,53fe050d8917b00b43c7a3bed7bde3c8d83a5c0b621892067041a13f566a53b1
1788328396.998672962,EEG Signals,65535,2,1,UD2022081200650D,32,a014a2c4729dbc7070627211f2e9b54204c01defb3aff430e417b7c82e63c5b2
1788328397.002674580,EEG Signals,65535,2,1,UD2022081200650D,32,9e5882bea8cc1893c1fb042d53ed9b7d55aa6d49da76e4c285f8dc8fb67c346c
1788328397.006669283,EEG Signals,65535,2,1,UD2022081200650D,32,88ae48ef4a1452072333a077436ab35be521dbb76cfaf91ca2141235f7bb1391
1788328397.009679794,EEG Signals,65535,2,1,UD2022081200650D,32,1eac139ca79f1772a902c4146b89ba09700c3a8ad84cede6b8951a4e40c82ab3
1788328397.015686512,EEG Signals,65535,2,1,UD2022081200650D,32,629ca906a65e68c84fcc3cedc54f30dab46e72dfa636633d8ba155541a7c62b8
1788328397.017671585,EEG Signals,65535,2,1,UD2022081200650D,32,14f2dae7be2e1c43ca2c928fe57c2388cce4da5f360d39dd84fd4ab2ebac50db
1788328397.021689653,EEG Signals,65535,2,1,UD2022081200650D,32,528d82a53eac80354bc0e7ffda623e26e6694d83808dc17d9d21e62c8ee62a49
1788328397.025685549,EEG Signals,65535,2,1,UD2022081200650D,32,dbb42a79b820202cf3804bcceac1721d1ad585ccd5deba3ca201ac6ae019118c
1788328397.029686213,EEG Signals,65535,2,1,UD2022081200650D,32,246317c6355111a3acab6befb900c3e1581c8ac10125a052ce838fe2b9fc1a33
1788328397.033681154,EEG Signals,65535,2,1,UD2022081200650D,32,125a6b24a914db47801eacba35f317dd0a277ce70b37ef8aca743f433faf50b3
1788328397.037670851,EEG Signals,65535,2,1,UD2022081200650D,32,131289a68c137b824254b41a57969c2c904d2474a14ad8f660e09f5cb3578e32
1788328397.041694403,EEG Signals,65535,2,1,UD2022081200650D,32,0b21d1828464fb708769a6f88d8ef7ef1f9c8516439e30a547f330d0c8fbed51
1788328397.045683146,EEG Signals,65535,2,1,UD2022081200650D,32,6015235da5440e793d2b4e961d3bfecbe8735f7f78009261bc4e99474082786f
1788328397.049685478,EEG Signals,65535,2,1,UD2022081200650D,32,d7e6a1e9935b6e2b3e5603e71ef754149003563a60fd53f7db2f9cf07ff048bc
1788328397.054681063,EEG Signals,65535,2,1,UD2022081200650D,32,f8fbd58b087e605cf3c9b95a6223de5e6f515b9968ea8540a040379a639c0f5d
1788328397.056663752,EEG Signals,65535,2,1,UD2022081200650D,32,a2ff2813154fc57a6dd481a448f4df3fac7a5dd2cf62bfad3cca3e1f5860a310
1788328397.060681105,EEG Signals,65535,2,1,UD2022081200650D,32,e7213d098764d9c184c0e3ac4b0af693ff26d0d26c85953bd0a9389cdf3105d6
1788328397.064679146,EEG Signals,65535,2,1,UD2022081200650D,32,d12bc9c298996aff95e0170f9cd30bb13aed8e6b46bf79290fd342a71e858720
1788328397.068673849,EEG Signals,65535,2,1,UD2022081200650D,32,609ba05a3b6cde93a1929ed0f21dcea8d6594d11b774de2ee01c55293011553b
1788328397.072655201,EEG Signals,65535,2,1,UD2022081200650D,32,10bfd18a0a6feb71e3d9b4851c88546e9324f07e65440276179c55dfb442f45c
1788328397.076673269,EEG Signals,65535,2,1,UD2022081200650D,32,65d4d8ac0390b5f6424aec43b18b0d19a64edae84b8d79174139e6140ac71cc6
1788328397.080659389,EEG Signals,65535,2,1,UD2022081200650D,32,7d0d725e5d9d10e1dd4e9e22ddb41024d4ef4791770885299034bf6640fe9bdd
1788328397.084701300,EEG Signals,65535,2,1,UD2022081200650D,32,a89c07c21b91fe57b9c09647f6437418c4546e2e425c3427d72afa0a2fa26e9b
1788328397.088664293,EEG Signals,65535,2,1,UD2022081200650D,32,6a5186367eb5a04b165ffd6ca5e65a3290470150c3d9f70757cfbf3315f03c99
1788328397.093656540,EEG Signals,65535,2,1,UD2022081200650D,32,cd54ad85ec2ee4784494fecd312f720178910ad056b81c15b995dfcd6b0bc193
1788328397.097675323,EEG Signals,65535,2,1,UD2022081200650D,32,87c8d71d550496d8a8af99c84065c216f0b6cd7b8565c2b868dc7f7b6a7d9ecf
1788328397.099648952,EEG Signals,65535,2,1,UD2022081200650D,32,73f4fd709cac8f6e8e1d704f236898efef6212ffb08d8c241d8c3273519bdad0
1788328397.103665590,EEG Signals,65535,2,1,UD2022081200650D,32,e45b2537a347cf0977dc28fcdf698e6895066d96e8b061ea174398a0ad86dd2a
1788328397.107706070,EEG Signals,65535,2,1,UD2022081200650D,32,d7d2587c2bdb99c36e9b3c776d500e9e3c6d13bf21e4ac22cf61578d370b4da9
1788328397.111689329,EEG Signals,65535,2,1,UD2022081200650D,32,0bcca3716aaeb5916f46d21aa7aaaa6ad83e1ec55791d88ae5fe3fbf5bbb394d
1788328397.116680861,EEG Signals,65535,2,1,UD2022081200650D,32,788682f07406e4c4bf8e5569b623f68d9ef2f70f2dc47e620081a4886dbc3540
1788328397.120696545,EEG Signals,65535,2,1,UD2022081200650D,32,293b5d50a6309dad109b81880ab92ba1a173d382db11703981ad88a028b2c3bc
1788328397.124700308,EEG Signals,65535,2,1,UD2022081200650D,32,047573c9f1e51743ff8b28eae5c9f1f45f83a771df3d2dd300e6d84d147e23c7
1788328397.127701521,EEG Signals,65535,2,1,UD2022081200650D,32,90edd79dbe1c7a12880eae13b1b9dd9e8de11434e05afb7e8a65411381cb9c7d
1788328397.131669044,EEG Signals,65535,2,1,UD2022081200650D,32,8ebf5e941c3edda363620ddf440e650b13f4acaf308337d1511ad412d075e668
1788328397.134694338,EEG Signals,65535,2,1,UD2022081200650D,32,898045e9d4264fa47bb1647c450d565ff839f6fbb716b2f6843fb948ea868e08
1788328397.138688564,EEG Signals,65535,2,1,UD2022081200650D,32,e6256fef0e31143191a0e931d72e57149e48afe42c2aab763ee68d999eaf1b45
1788328397.142714024,EEG Signals,65535,2,1,UD2022081200650D,32,d84019c0cde5b2e1d95f8570e0b3084f088e78e05387e66217a3da3da980f0f9
1788328397.146980524,EEG Signals,65535,2,1,UD2022081200650D,32,461f60c04fd72556be8770ed83a174209981933545fef44cef1700640c1161e2
1788328397.150669813,EEG Signals,65535,2,1,UD2022081200650D,32,b52be3c3edcc5f7ac23af2612cfb1ab065c6e0b1dc49ead16a7ffef7e053106f
1788328397.154675722,EEG Signals,65535,2,1,UD2022081200650D,32,9815b2c79959346062b42b14e77b3ac4323eb5932e7a262cbb293e9b182e2b7b
1788328397.159685373,EEG Signals,65535,2,1,UD2022081200650D,32,eb4613b2caee3cdb13896fae5985e0ddcfd89c0b1b3b7e975e29e279e361affa
1788328397.162663221,EEG Signals,65535,2,1,UD2022081200650D,32,e0be4232ff8b4dba6b8ac9396f81fab18a754e23586a671bb215d95a97b52ba6
1788328397.166675091,EEG Signals,65535,2,1,UD2022081200650D,32,2e3101949fa9a5fbcdb1dab940fc2adb966793202d6305dabefa831e19ed46c3
1788328397.170668364,EEG Signals,65535,2,1,UD2022081200650D,32,64caa7030b703dc26a21c45b3248897964f2f710a3117a0cdf16785c83019ef0
1788328397.173748970,EEG Signals,65535,2,1,UD2022081200650D,32,603ebab5ef63b5bc531a1e19863570d9065669553d84f045b789b7a56d6db46a
1788328397.177659273,EEG Signals,65535,2,1,UD2022081200650D,32,46f3b6c02413960ed686b6c47c68440d47e6d2a78b2987f23fa8d6d83257780e
1788328397.181666851,EEG Signals,65535,2,1,UD2022081200650D,32,786e77706f1f06ff438aa4cef3b9e3a7c0a37e78edd47c5a0875a611c8592e86
1788328397.185655594,EEG Signals,65535,2,1,UD2022081200650D,32,d2bea83ee9cb610308669b0815e20f442e20df8515ac18f3a0c1fbc79a17bf8d
1788328397.189677238,EEG Signals,65535,2,1,UD2022081200650D,32,ebc056674de894701b1f4d0f20ae47ca2f64b31bc22d06b4fd66535493d4c251
1788328397.193669319,EEG Signals,65535,2,1,UD2022081200650D,32,9c4a3aa3fb13a49f47ef05df5044478ba2054bf212930cb4334789afd7d5a2c1
1788328397.198688745,EEG Signals,65535,2,1,UD2022081200650D,32,bf555fefc78596c71c4e668e495930457d5a1a10be7c0de474123284024eaf90
1788328397.201678991,EEG Signals,65535,2,1,UD2022081200650D,32,daa62dccb84d95476490eef559758669034bddbe499752510eed71757601a6a3
1788328397.206662893,EEG Signals,65535,2,1,UD2022081200650D,32,edcbdf0f040005b89ca4ba5f8d310210be53d5ec9703ca9edd719a3abc90ef83
1788328397.209685326,EEG Signals,65535,2,1,UD2022081200650D,32,c6fc148f5b5cc074d99f50517897ebe11c65e8d57bfa759db5beb3b682b73c63
1788328397.213678598,EEG Signals,65535,2,1,UD2022081200650D,32,48e2d462efa201d319b9a187f12eadb1065b300b5eafc6e5e29de6bb37802d04
1788328397.216675758,EEG Signals,65535,2,1,UD2022081200650D,32,8f2f17b519f479dcf9fd8c5702424001d5f22e897f64573ac9908a45ca9f26e8
1788328397.220683813,EEG Signals,65535,2,1,UD2022081200650D,32,74013c2d3887dde68e70a101ff4d83fddfa7fe99f5b187e9ed4435a1c8a18aca
1788328397.224677324,EEG Signals,65535,2,1,UD2022081200650D,32,4970f53eaea0063047e9f8cfe573046d8e6d80bcb78ebcba474f01f24b7d812e
1788328397.228675604,EEG Signals,65535,2,1,UD2022081200650D,32,78fa4b0621b537769ad910400cad44d14c320f4aaf27e16e48a642bf89d179bf
1788328397.232668877,EEG Signals,65535,2,1,UD2022081200650D,32,3408e9a0f64f17f029c4ed08b3e452ebb41c8adcc024c223ece46c8a9dc42965
1788328397.237671137,EEG Signals,65535,2,1,UD2022081200650D,32,f49cfa169f3a2e704dea5ed4915fae493eedfbe36fb2eeb72a48998d64f8e41f
1788328397.241680861,EEG Signals,65535,2,1,UD2022081200650D,32,a42d2eb5cd3de88c9c2500fb21402d8522c55cc4b1db90bc9b34effb5b9c8fc7
1788328397.244675636,EEG Signals,65535,2,1,UD2022081200650D,32,ae2ccb4314b04fe9bf2f4601248d83c32affb5fc269449853af3108543628882
1788328397.248683214,EEG Signals,65535,2,1,UD2022081200650D,32,25b080ecaea89c4f8e790b60f10b324377d62129979fd009f43e9073f37039b5
1788328397.252671480,EEG Signals,65535,2,1,UD2022081200650D,32,448a73132bfd892e570cad0c1e7549d9342eb4ac87b0ef4e8b1327537bd5a60e
1788328397.256673098,EEG Signals,65535,2,1,UD2022081200650D,32,e642a465e604bb451da0820363814db33ba3eb98b0359a020444eb3de3550a93
1788328397.259691238,EEG Signals,65535,2,1,UD2022081200650D,32,ac2487b2d9eaabe479fe35d161cefc8844d53c18fe339f0fa0be454d471b870a
1788328397.263664722,EEG Signals,65535,2,1,UD2022081200650D,32,e90c5aaa1461aa138d53173ec9fc8dc339f3e024dbff5504cb28e5edf1d58332
1788328397.268663883,EEG Signals,65535,2,1,UD2022081200650D,32,e1af788abee495c6b04e9e97d73a51c6843cc8f6059ccc87aac6a88d559dcfef
1788328397.271677256,EEG Signals,65535,2,1,UD2022081200650D,32,e9e68d98d1b12bffbc3550d6f86e99398947a5cdf4b4944c89f683bc839c826d
1788328397.277698994,EEG Signals,65535,2,1,UD2022081200650D,32,805418487d2dee0ba1fdb4aab850a57c9c1e9d999e6e15ab151df9f2df447ae2
1788328397.279677868,EEG Signals,65535,2,1,UD2022081200650D,32,b19464dd488ec9102156b6cc8e6b7457c6923002af6021bc3a142add322e83fd
1788328397.283668041,EEG Signals,65535,2,1,UD2022081200650D,32,ae3f2dd1b39f3e38559f09d57a53ccd767fbfcac1ee9eab30f8efd1440bfcc16
1788328397.287678719,EEG Signals,65535,2,1,UD2022081200650D,32,db821134f7ad9a2817655340c2a047b139f7f6ebb1fe9d0b3279ca102aa635ff
1788328397.291689873,EEG Signals,65535,2,1,UD2022081200650D,32,c5761022544ee71864cea0403c37fccedc695f184e297544d86b590fa309a66d
1788328397.295676470,EEG Signals,65535,2,1,UD2022081200650D,32,6efef370a20660137807f6d13a76d008f378362c6c1695d52de1853a036c2feb
1788328397.298663616,EEG Signals,65535,2,1,UD2022081200650D,32,06b5354df34796539874f1211edf9825b77f27f07a67ce2be8285a23c3e1a1d9
1788328397.302676916,EEG Signals,65535,2,1,UD2022081200650D,32,85fd597e2af6b35deb1ebd08580dcbc4d1282b0bd5484bc114c7aea42962eaee
1788328397.306674957,EEG Signals,65535,2,1,UD2022081200650D,32,ee1752f1faf8f59e88c5c23752e9c91ee6b6e235ce13aae2316a23d47e6053b2
1788328397.311680555,EEG Signals,65535,2,1,UD2022081200650D,32,ba59fecd67601b4b0dc038069a37de05b8c10ea256271657366443c124a4fc7f
1788328397.315679550,EEG Signals,65535,2,1,UD2022081200650D,32,849c08f5a4baccaabf9f6b440114a7a20b9df7ca6ae8e21eae7d8de9388968e0
1788328397.318677425,EEG Signals,65535,2,1,UD2022081200650D,32,ff9332e28537c94151afb42eefcac4062f1882b08c67b9eff92ac6fb26b6b78d
1788328397.322664738,EEG Signals,65535,2,1,UD2022081200650D,32,fce07bff498fd90bdda291c8be11e265ff228b4692d042a3d86ad7c4e2c76845
1788328397.326668739,EEG Signals,65535,2,1,UD2022081200650D,32,95e369945c610819537528d89facecb315dd47b3a3b4774e237f3ed9476e0fa7
1788328397.330683470,EEG Signals,65535,2,1,UD2022081200650D,32,ead11e82aac02f44b00d2cbabbab668585666063c75286270cca423704088b0c
1788328397.334735394,EEG Signals,65535,2,1,UD2022081200650D,32,0d64a5818f783e3290045c71ebfdf9276f0d3e24f074bba6af513638b35a2927
1788328397.337666988,EEG Signals,65535,2,1,UD2022081200650D,32,30cf22c890f5a0284581af1598187bae1bcb1ccacffeea83e452376f5e485fc6
1788328397.342679024,EEG Signals,65535,2,1,UD2022081200650D,32,ff3be1cbd4639ceebaf36703ebdab07e5ea13dd894417484fdc1486c9f9aae8e
1788328397.345672131,EEG Signals,65535,2,1,UD2022081200650D,32,739ebc824aa11556323da6b6899fe50ca33dc37818538f6fa19e8a5a5bbf6eda
1788328397.349675417,EEG Signals,65535,2,1,UD2022081200650D,32,3604c4d5ebef82475fd29ef0f7c72eaee476f528a1a9c889c34c7f8f7f9b08f5
1788328397.355679035,EEG Signals,65535,2,1,UD2022081200650D,32,bb2d4376a0734d0c6c546f153650e3aa19e9ea9d85d0c789889e1b3a0ebfb3e3
1788328397.357668161,EEG Signals,65535,2,1,UD2022081200650D,32,00511b0111acc8a07664b099b6c512dcd8e2c20a1392937f9c027a1132368a4a
1788328397.361677647,EEG Signals,65535,2,1,UD2022081200650D,32,a93e5deac6f2f7e36e31d4f3f3275afd00a5b9bf7b700ce087f2120521b34407
1788328397.365674973,EEG Signals,65535,2,1,UD2022081200650D,32,fec3190d7c29b8780dc04062287fcf716e63091c38d91d3421d55eb83f495102
1788328397.369655371,EEG Signals,65535,2,1,UD2022081200650D,32,da5c6a71fcd351dece345aa3c94ab5a8ac0432c534211de301afff137928b71c
1788328397.373677731,EEG Signals,65535,2,1,UD2022081200650D,32,3118a2e692b30c37b4074d85c1b4c4ad6ab62db4fd0ef0453ecd975856bf76f4
1788328397.377678633,EEG Signals,65535,2,1,UD2022081200650D,32,491442444d8b5c7ff150107f2455965e1114da270d783b31640b8d616adce017
1788328397.381671906,EEG Signals,65535,2,1,UD2022081200650D,32,c10c59a3a714646dd1652dbd9d2eb1cc8634e63d73025f9531bf3f2912b9725f
1788328397.384656429,EEG Signals,65535,2,1,UD2022081200650D,32,e95055e53c803bbf8aa46edf3849cabde5a9c083ce185bbc1a873736f61d6a87
1788328397.388668060,EEG Signals,65535,2,1,UD2022081200650D,32,6d136e6ee943866ba6f992451fbd6a3fa4ca11ba5862924b9cd08602d00f5926
1788328397.394691467,EEG Signals,65535,2,1,UD2022081200650D,32,9e3708b5330c71f699905b2c98ae4eae6505c92f4af17dfe9f6ca4669a770a43
1788328397.396676779,EEG Signals,65535,2,1,UD2022081200650D,32,b7f096c830836208a80365177d0cb3f9245b7ec7c1c116b747ffc12f7d057e18
1788328397.400658131,EEG Signals,65535,2,1,UD2022081200650D,32,94903977d87e0992fbe751e376c8215888093c15c9e7be434d767998cf8fd913
1788328397.404659986,EEG Signals,65535,2,1,UD2022081200650D,32,09e8bc77763209b5efebe6295eeb2466ff8146fc1052ee3b55391c6e1e7761af
1788328397.408667803,EEG Signals,65535,2,1,UD2022081200650D,32,5404a8b9aba3264aba58b243297416a74986fd69553649041b30760339f4b93e
1788328397.412680387,EEG Signals,65535,2,1,UD2022081200650D,32,0949688a3fd30e6d29ebeb96572986b8883f44d455b8119be2e8a1eb71f5b608
1788328397.416657448,EEG Signals,65535,2,1,UD2022081200650D,32,f1b4e0f3e79bc5dd9491fffb0b988f55a5f25e44091bfa63a6e53255b64d2245
1788328397.420681238,EEG Signals,65535,2,1,UD2022081200650D,32,b7b78a401639f1f77014a6eaf52b8f794b64c6c4b16e18e5f5a4962f9933b458
1788328397.423672438,EEG Signals,65535,2,1,UD2022081200650D,32,a9cdcc7f7b4beb3579bef6914b41da90d03ce726d42fbe67d9ec435e56269cfa
1788328397.427680969,EEG Signals,65535,2,1,UD2022081200650D,32,7a2bae3f5888e2c834cc74bd7814fc67592319eb242665e34d5b9d4291036b5e
1788328397.431673527,EEG Signals,65535,2,1,UD2022081200650D,32,318cf793d56e259b40ccd050bbd1318b3662f5684853ea85ca937b9799078b22
1788328397.435696125,EEG Signals,65535,2,1,UD2022081200650D,32,62a14f6c5d18e26e11e7321fd72b39844f9e0598407c9b57faad9df3f1004cb3
1788328397.439688206,EEG Signals,65535,2,1,UD2022081200650D,32,ab90d60eddfb7a7e1efbd4514c5ae14636c6479e49169f057a9b77a131db27d5
1788328397.443718672,EEG Signals,65535,2,1,UD2022081200650D,32,36aa83def7be75c2e5ed2f6121d29b0e9449ae358b6f0114a4b04c6484c3c634
1788328397.447676897,EEG Signals,65535,2,1,UD2022081200650D,32,ab7383b1536ea1c6643702a0d325e68d3b1fd6d8ae2e68369fe098be2819eac9
1788328397.451669216,EEG Signals,65535,2,1,UD2022081200650D,32,1136a0e9558327fa2baf58f2252d6a4e239003ac588a105b1aab3e8a22240729
1788328397.455676079,EEG Signals,65535,2,1,UD2022081200650D,32,c99731194b39db68d4531a4b30d7fe4a7e089c0d958711defbcaa3b61780c878
1788328397.459692717,EEG Signals,65535,2,1,UD2022081200650D,32,4de9413c65fb338dcc7fbc3e2cc58f083c1d84ef58b736fa10fc50ae2ece1de2
1788328397.462674856,EEG Signals,65535,2,1,UD2022081200650D,32,fd06e1a703047454bf0393e37497cbd6c662b45019363a8de1a83ac9f25b6510
1788328397.468684435,EEG Signals,65535,2,1,UD2022081200650D,32,6ef58241a266a76837e11c56ea3f22202d71f8239b2296e9acf6fb1bf09ecfbf
1788328397.470675230,EEG Signals,65535,2,1,UD2022081200650D,32,f5a783a3a940c9e8c0adff543de7c32116b0905ff000d9fb8a392d9957f6058a
1788328397.474678993,EEG Signals,65535,2,1,UD2022081200650D,32,d42e8127b30f262a10887370550d5874ffce08466e36daee75b52a2ad4c747e4
1788328397.478677034,EEG Signals,65535,2,1,UD2022081200650D,32,1e032de03a5e95c500dba44e9205e942191d7995815929202f949284db1e0b29
1788328397.482661963,EEG Signals,65535,2,1,UD2022081200650D,32,a774561b03417a1dfd4529718dee4acac51bb319291860edb5f57d077759c675
1788328397.486671209,EEG Signals,65535,2,1,UD2022081200650D,32,28e70fc582151fc9b6a5b42cab526f7d37eecd3366193c8ae0259a3b20425b4d
1788328397.490683317,EEG Signals,65535,2,1,UD2022081200650D,32,43b37cdd49e1888c81ba530410907ab8d49e2daaa5be01f68cc0cb89311f39bd
1788328397.494689226,EEG Signals,65535,2,1,UD2022081200650D,32,e02bd7e1219806e5e16c891ee0f5e762a658a6e95e783cf53a8e903462e50e2d
1788328397.499693394,EEG Signals,65535,2,1,UD2022081200650D,32,4c42a2659573d4a2a179d0ec6c129a7f9c07b6403934770be83cc05f10ac154f
1788328397.502683401,EEG Signals,65535,2,1,UD2022081200650D,32,7682402e056d66a38172b40a1291572377446c703319caadc54a3a4752931ec0
1788328397.505684376,EEG Signals,65535,2,1,UD2022081200650D,32,7dd0e9a088fa31e4f2c9eba3450a4c6ad5038fdaf0056d07d979e36d869a0c43
1788328397.509701967,EEG Signals,65535,2,1,UD2022081200650D,32,912a85a2b75f4fa69c3b8c15540b1c2d826254309d19ef0b7b65cc9e7a8f8de2
1788328397.513692379,EEG Signals,65535,2,1,UD2022081200650D,32,3bd6a237ccce06b467cc592d07b4d2b7152e9fb000731a289bd9e3191700de0b
1788328397.517676115,EEG Signals,65535,2,1,UD2022081200650D,32,7c73df7e6336c96cf8f35c95a96b2529eaedcc50d5f65275a8e0831a01777a36
1788328397.521667004,EEG Signals,65535,2,1,UD2022081200650D,32,4c0f7f4ea8024fd2db2b81299bfd7ee22b867b2d9a21ad0886685a5f04fdc47d
1788328397.525679827,EEG Signals,65535,2,1,UD2022081200650D,32,49991db703851718e451118046602057a01b9a4f24a3854fd7d68a92d1371124
1788328397.529683828,EEG Signals,65535,2,1,UD2022081200650D,32,5114ef6ee4acf41a6ee77c2bf65f50481547ab15bdc29a368f91ebb1823b0141
1788328397.533697844,EEG Signals,65535,2,1,UD2022081200650D,32,abb9d6c5834522cbad25d6d7b7ffd488003a2f96012c1444267a78f6c7ae36e0
1788328397.538674593,EEG Signals,65535,2,1,UD2022081200650D,32,b759eb7cda13f3726c0972d0b2d1cc25856dd7a8b82dc56f4540eb4e831c8394
1788328397.540696383,EEG Signals,65535,2,1,UD2022081200650D,32,a3b8e1c2f03ae617c27f1a6d526d88671a1288387551ce7a6b82811229084066
1788328397.544679403,EEG Signals,65535,2,1,UD2022081200650D,32,f3870bcb954c737b400f7dcaab166dbb3af66c342bef54f71b84b5215a038564
1788328397.548666477,EEG Signals,65535,2,1,UD2022081200650D,32,d32180d8b1a41777e1dd520ce09b1ec13425786c62f0e5da008fa056c2c91c69
1788328397.552679777,EEG Signals,65535,2,1,UD2022081200650D,32,21f7aec36e943b285a4909c05b5a70665f32f114a3692e667c798e0aa6aaf90e
1788328397.556671381,EEG Signals,65535,2,1,UD2022081200650D,32,cb8b5652040e56335044c2ed39f0d9cda75a1493f29f675f369dfd5e4d8041b2
1788328397.561686754,EEG Signals,65535,2,1,UD2022081200650D,32,cf74751193310ec9a0dbb7a46deaefe3788e34c52ac328f663ee9a631885e531
1788328397.564678907,EEG Signals,65535,2,1,UD2022081200650D,32,fe38181cdb93f8b6489d9657bacf0e3b46b48542bdee8c2e5cf07c49a6069d19
1788328397.569708824,EEG Signals,65535,2,1,UD2022081200650D,32,b0c38bf7c2c57cf7378fb737dec0c5758a2937b4c88ffb44dc5d23ece84408d5
1788328397.572701931,EEG Signals,65535,2,1,UD2022081200650D,32,d533bdcba941b47c30fdc4f86f0e2719b77b59de38685f7c416e0e974f959ee6
1788328397.577690125,EEG Signals,65535,2,1,UD2022081200650D,32,34e63a3f09e00a98c23a819de32647c3e7a7507d750c5b5899d1a84bbc17fc3e
1788328397.580674887,EEG Signals,65535,2,1,UD2022081200650D,32,f9312aa46604e31b11a7fdfd5fb2c8eee694bde942fe210c830b31c1a4118659
1788328397.583680630,EEG Signals,65535,2,1,UD2022081200650D,32,a2a701345bc8800b922a29e9d57de1848ebb262e263a4fb2caa54de4e6ad1fe0
1788328397.587697506,EEG Signals,65535,2,1,UD2022081200650D,32,4f097ba1e96724c8be453acdc874007f71764c7ecbadcf727e67de080c72d6c7
1788328397.591719627,EEG Signals,65535,2,1,UD2022081200650D,32,2680d5c12c6a671f194e1673f4f7c04d28fecfbb3db6da0c11be5be2df6ec5f2
1788328397.595685005,EEG Signals,65535,2,1,UD2022081200650D,32,c529c16df667730364f33d71547810ebcd2a27119bcd5cb99782b90260410882
1788328397.599687099,EEG Signals,65535,2,1,UD2022081200650D,32,ed2e59ed5e79a102e487adcb26abb5eebfb7f62a41126cfb0663dfa9706f980c
1788328397.603677511,EEG Signals,65535,2,1,UD2022081200650D,32,a2b76169e2731cebc2fc277de467153e6ba8d293c09729585285c7294681d11a
1788328397.607691050,EEG Signals,65535,2,1,UD2022081200650D,32,31a965fbf0c7e5530031c3324aa1036f8d0902f430ca4c37f293208b32c75280
1788328397.611673832,EEG Signals,65535,2,1,UD2022081200650D,32,c93c17f169687f894ed0aa79d6776a9d8282f7ad3c1f8a90db5205bbf1093cf2
1788328397.616684437,EEG Signals,65535,2,1,UD2022081200650D,32,e5155436f1277c1404b931a657ff9895566c93e42174975d740f55c1caa6b92d
1788328397.619667530,EEG Signals,65535,2,1,UD2022081200650D,32,53086176430bbbe13445bcad366934f3d3a42358d23ac98fccd1daad1c502f38
1788328397.622675419,EEG Signals,65535,2,1,UD2022081200650D,32,c6b517c7f855bd67318590955d5371a0a1998b940a699af1d702170828ce9a29
1788328397.626665831,EEG Signals,65535,2,1,UD2022081200650D,32,6336653998a41a961cfd9eacd1c2a9242a4a4fc1d19e769f45382509e2f2105b
1788328397.630683422,EEG Signals,65535,2,1,UD2022081200650D,32,a97aa1963c40d039e1bf172055a0dc56db50633f9cf52b72bfd27f102eebe46b
1788328397.634667635,EEG Signals,65535,2,1,UD2022081200650D,32,84866ba5c07f4b4c4ec9847db470b605dd712695a5df6c5b34d2de5f5c3c0fab
1788328397.638676643,EEG Signals,65535,2,1,UD2022081200650D,32,47739960f8b68cb407f7c3d0a6fa872e0f42253651414501773042b9f61deb5a
1788328397.643697262,EEG Signals,65535,2,1,UD2022081200650D,32,2e2dd875397007f3d0ab0f6b4af3a0a909793704a2fa6b4536c05c1545c717fe
1788328397.646686554,EEG Signals,65535,2,1,UD2022081200650D,32,e88d4f8b3ab2b087cd388a3be37d25162c2c171c598af4fbd7e3b4223cb3539b
1788328397.650672436,EEG Signals,65535,2,1,UD2022081200650D,32,42180a22802cda19733eaef52028e0b2de1b7be57c92573b022ea2713179fc6d
1788328397.656671524,EEG Signals,65535,2,1,UD2022081200650D,32,54479be36966ed27445ee054e9e2df45d8e9040647b3a2d878cc5956f0ce094f
1788328397.658682823,EEG Signals,65535,2,1,UD2022081200650D,32,db0dbc133c2c1a804b0108b0c585e9df2498a7ec918d01930165fc63ff93bccc
1788328397.662673235,EEG Signals,65535,2,1,UD2022081200650D,32,10512441c3c2d4bcc9a618d881496cbefd2f479236d2a54dde21d9d6f6012864
1788328397.665697336,EEG Signals,65535,2,1,UD2022081200650D,32,d443c14b4f475fcc59ee8ca4b1f46771db540ddf329da3faa2ac87d19b876e16
1788328397.669672251,EEG Signals,65535,2,1,UD2022081200650D,32,9b7172d546719d98d3928f0dd94574f398f9b367779ffea042ccd79766e2d9a1
1788328397.673669100,EEG Signals,65535,2,1,UD2022081200650D,32,1d4c4da8505f645eda6c6fa5adc365d8f32e34dabcae41410d545a58398e872d
1788328397.677752256,EEG Signals,65535,2,1,UD2022081200650D,32,7485c7bb35d7638ac700b205c3a3cfccf66b56d5ca18fce3292f18c1abae3a6c
1788328397.682670355,EEG Signals,65535,2,1,UD2022081200650D,32,d23c1f421da40d6b69f4d73394f03c268ba110abfe57698270ad9a83175e47d2
1788328397.685669899,EEG Signals,65535,2,1,UD2022081200650D,32,640f496cf73809b2aa740683663c2a2af44301f6d3bf6b45b6917aea195ecc6f
1788328397.689681292,EEG Signals,65535,2,1,UD2022081200650D,32,e8778361f7f62c39e1ad011d8237864f4508cad0ce0f113d5435dc88e434d8e7
1788328397.693662405,EEG Signals,65535,2,1,UD2022081200650D,32,9eafa1a77fef46e92e1a23a419637e87aaa9c9b83d01552b91f74e25a5a399f7
1788328397.697692633,EEG Signals,65535,2,1,UD2022081200650D,32,2e4db6cf52e9458cfdafc6ef255a2e00f4dc3a28965c2e5c7cad966230a6710d
1788328397.701675415,EEG Signals,65535,2,1,UD2022081200650D,32,7d7aae240b9ef43564fa535fbc6264c1ebe2e65f3c67efb60de52197c35402f7
1788328397.706684589,EEG Signals,65535,2,1,UD2022081200650D,32,74276c8aad5c8c3fe8c19850bff35e30330f90507db2df20266a9e0c9a862706
1788328397.708664894,EEG Signals,65535,2,1,UD2022081200650D,32,6334c559225d04e0213aafa5c779a3bbcc00110e617f5176a848a332d84f8061
1788328397.712674141,EEG Signals,65535,2,1,UD2022081200650D,32,c843e006abaac33c26aaaa5463753b8d1e24f1f206aaa9dae3ee57f92e4ec5ba
1788328397.716667414,EEG Signals,65535,2,1,UD2022081200650D,32,9e6cce55ded264191823cb288e822bec1a9ab86e86beb45afbc43cd42178c5ca
1788328397.721669912,EEG Signals,65535,2,1,UD2022081200650D,32,e3f7f4636a3fb77086faca93089a30fe215d763f4e14d04da0820517d65cee0f
1788328397.724672079,EEG Signals,65535,2,1,UD2022081200650D,32,33fcadfe84f97659e7d3b1482b8f69a31adbd319135eddf750bc069ab4241686
1788328397.729720831,EEG Signals,65535,2,1,UD2022081200650D,32,fd2a6351d9b3eebf4e1b77afb51f63a24082230500dd36b66b42514aa57bb8ad
1788328397.732689619,EEG Signals,65535,2,1,UD2022081200650D,32,d5b79423a72f2cfa8884576707414a0adab7b235a9c5651dfc323635d11fe54c
1788328397.736690283,EEG Signals,65535,2,1,UD2022081200650D,32,6036a07523989d0abe0e659a46fff728e62b8b347bbf29ddd5c12ea583965bc4
1788328397.741742134,EEG Signals,65535,2,1,UD2022081200650D,32,4f50c98086ca36a957b0200f60f238400534d8b5ca535dd96f1c2e26e78ca83d
1788328397.743686914,EEG Signals,65535,2,1,UD2022081200650D,32,ca47353098ca38a7689568f719d915768ace9883a30676aba4add19d2867c34b
1788328397.747690916,EEG Signals,65535,2,1,UD2022081200650D,32,80f36370d3ef28be25a344d308af7808c43274c99f4437f7685affea73fd6538
1788328397.751683474,EEG Signals,65535,2,1,UD2022081200650D,32,327dc936529db8a217e70d4b7f5e7b37829b46508dab3db9d43ce5df784c04ce
1788328397.755695343,EEG Signals,65535,2,1,UD2022081200650D,32,04c6a6e8f2936d1dcf140389b7467be58b9b69f3b2aec4900b36bbd577c87606
1788328397.760692596,EEG Signals,65535,2,1,UD2022081200650D,32,11b7f441d25cacb490b0e3e4e3a3d85d8f57311f6cda67b9fcdb4825c3650fb5
1788328397.764700890,EEG Signals,65535,2,1,UD2022081200650D,32,17ad7ed2da88671ee14106f49e7eb3231e63324c5cc6002153d7d1d471e6c1e9
1788328397.767680168,EEG Signals,65535,2,1,UD2022081200650D,32,7704b4a769151c47965a0f3d35225d0ddc7678c3925c252ec0a38170bce11413
1788328397.771675825,EEG Signals,65535,2,1,UD2022081200650D,32,6a1d9885ee98f9d271ebc85f22d2b315fc5912b923d9b489cd84d62c8e40c6bd
1788328397.775679350,EEG Signals,65535,2,1,UD2022081200650D,32,3da07c0659733342d0cfe4d0a61675b5c96e7b16bfacaa60727a185bfa303d95
1788328397.779687405,EEG Signals,65535,2,1,UD2022081200650D,32,8e68374476e4688c1318d75462f29e328450f22826af6eda945a43e71a36e6b8
1788328397.783689976,EEG Signals,65535,2,1,UD2022081200650D,32,6841900b713ce52ff64085a31bf708a360fc5e7c7935f53c3af4f0d5eaae85d4
1788328397.787705660,EEG Signals,65535,2,1,UD2022081200650D,32,55b09b3a27a8d091db48e18c69b8fa402a569dcb986161e88e47c5c9edabafdc
1788328397.790687561,EEG Signals,65535,2,1,UD2022081200650D,32,596fcf3a8f999c208a3562e3de65495ca04522019229d95460363a556e733293
1788328397.795694590,EEG Signals,65535,2,1,UD2022081200650D,32,41c91650a96b0bc0b47ddc6e1b8a8a2ad09a2cbbc1c0c0b0e95c59801ae67d18
1788328397.800707579,EEG Signals,65535,2,1,UD2022081200650D,32,df4016180193900da85fd14a64659684e54034f1366a46ff4d3592ce355b51c5
1788328397.802721500,EEG Signals,65535,2,1,UD2022081200650D,32,a52861050974d1fee02150a887ea0f0da2d954acab6535f46167a1a318c6ffa3
1788328397.806667566,EEG Signals,65535,2,1,UD2022081200650D,32,1e55cef21749ce1bb4c35818c1f174d44f3e4a479e91537646d0e6cd40b51667
1788328397.810681581,EEG Signals,65535,2,1,UD2022081200650D,32,35f03d032c18f8024860b95736390e2b39b4470ddfcc42b3dc3d018ccce3ed1f
1788328397.814691544,EEG Signals,65535,2,1,UD2022081200650D,32,a88d5629f5fc00648939e2e8231a51be784b67a68ecef0e9aad46defda00ddf5
1788328397.818686962,EEG Signals,65535,2,1,UD2022081200650D,32,12d8841d90af14d13cff393f70b42a05c0e88d00798ab9c16a4ad9cdd8c87ff7
1788328397.822697163,EEG Signals,65535,2,1,UD2022081200650D,32,41908db71c048b33d83e9ef2456d2701a009d3d87bf6074997e2fbeca9f065bc
1788328397.826696634,EEG Signals,65535,2,1,UD2022081200650D,32,556384bace8fceeabb2d52fdbdf9a82a738d2f8ba2f3642b295f30cabca59aed
1788328397.829690695,EEG Signals,65535,2,1,UD2022081200650D,32,ca3f2bd462a5ec77f10107577a0407410b4dc8aaec635b633ad0fb1d3eb95eb3
1788328397.834701777,EEG Signals,65535,2,1,UD2022081200650D,32,5cc183851fe46ffba9c8a91f4d4cc7191cd78a3c63323c16b58b7f4a64608bb1
1788328397.839684248,EEG Signals,65535,2,1,UD2022081200650D,32,f0dd4aa677576fe346eeeb6a2e52dda314b148b0efe3b3c8c092082a04781842
1788328397.841678381,EEG Signals,65535,2,1,UD2022081200650D,32,b6e05c12b3248ec4614b74408c8053beb47e5190f0574365598c6608cb60a1ed
1788328397.845706463,EEG Signals,65535,2,1,UD2022081200650D,32,b52c0005a1377172cfa670c18c803b30fa9af830ea8f0c77d232d9a307307561
1788328397.849672079,EEG Signals,65535,2,1,UD2022081200650D,32,953821c56ae438d11ab1cb80f8d36e23b86806a65662e7f175c6f9c56558744f
1788328397.854677916,EEG Signals,65535,2,1,UD2022081200650D,32,0017abc14790ce513ecf40824dcc68f8d5e730ffcc1e2169096454b60b918fe8
1788328397.857670307,EEG Signals,65535,2,1,UD2022081200650D,32,3cdb5bdc304539b157e61a7a1057dc838dfe386bab5c35a8d87636f6c81fe5c8
1788328397.861679316,EEG Signals,65535,2,1,UD2022081200650D,32,64925796db0e16c29f3f7e95a6e9b874d7e3536afb676835a9890971fd12a4eb
1788328397.865677834,EEG Signals,65535,2,1,UD2022081200650D,32,82bb0d5f7258a55a87de9a84cdf3387e739b7f017ccff862666b4e74a6c1c642
1788328397.869690657,EEG Signals,65535,2,1,UD2022081200650D,32,d3362a14ac14f97e14804d32e1f9d3634fd0d8ed3bc67b0de18cad39972e6fd9
1788328397.872677803,EEG Signals,65535,2,1,UD2022081200650D,32,44f619ba18acdba98f211491699ccf0b72a81469151af240b2dd8ba6e1f0784b
1788328397.878706694,EEG Signals,65535,2,1,UD2022081200650D,32,c3ac85165d76f11e4fd71d4272348257a088f334e3840cf5530bcfddc0ec7ddb
1788328397.880678177,EEG Signals,65535,2,1,UD2022081200650D,32,6d55ce3812e2d539c0d9636bd249f155a330a3d6fc7974c77c05018b7e6de838
1788328397.884697437,EEG Signals,65535,2,1,UD2022081200650D,32,d0e213bce9f3fdf56f61eec509a67a96e596d04676a907d805556d780872f34f
1788328397.888681650,EEG Signals,65535,2,1,UD2022081200650D,32,95deb0d752510f8773cf080824cad9c3bdbdadf1e98548e17e69bd58a37402f8
1788328397.892698526,EEG Signals,65535,2,1,UD2022081200650D,32,3cf3eed7ac5a5ed4bb244c60a2051ddf58621600fa4c8ca12c42f97183e85a0c
1788328397.896674395,EEG Signals,65535,2,1,UD2022081200650D,32,153bece4408e8dff2dad6cf09088056ef32fefaf8db87b61eb12a3e5fa32d794
1788328397.900675535,EEG Signals,65535,2,1,UD2022081200650D,32,31e7b0f116fd1b79ba4331d2a445531393b9013b4d10763bec9fc2d19516ce45
1788328397.904697180,EEG Signals,65535,2,1,UD2022081200650D,32,033199199695a050141b60e378d98db3d2b818b4241ff2d7a425fadf68b8355c
1788328397.907673359,EEG Signals,65535,2,1,UD2022081200650D,32,6562ec4d8443f420622f5fca81f202391b9665b550401386dc30f3dbc4d78521
1788328397.911692381,EEG Signals,65535,2,1,UD2022081200650D,32,58f380bae2dbfb59d5035de24bedf541f4c0f84b01787077a4b4b155dad37713
1788328397.917680979,EEG Signals,65535,2,1,UD2022081200650D,32,21076b777ce990a1c6582641ef9039fb603a91180aa38bb5d2f4b38088528abc
1788328397.919668913,EEG Signals,65535,2,1,UD2022081200650D,32,0f8a899fde95232f17d50ff95f03ecd3fe22ded7c18315e36ee1a987977d5f9f
1788328397.923678398,EEG Signals,65535,2,1,UD2022081200650D,32,5d1ce2ddaa6e31fd4177d507f9b2f99d1465c1e4ea097721d2cccd8074fe57cb
1788328397.927687645,EEG Signals,65535,2,1,UD2022081200650D,32,72295581ebc4f09b2aaf17b64aceef2a1a83834d4d6300baa43f08d32795732e
1788328397.932681322,EEG Signals,65535,2,1,UD2022081200650D,32,9439d0b26ac8e9883b7275fd841957b92381fc63c3e0fe37db881616a7fe6f1f
1788328397.935684204,EEG Signals,65535,2,1,UD2022081200650D,32,5fa2963dcf12236a743c248aa17b5dbd4eb9f52b623390c7c56386d56e87c83c
1788328397.939680815,EEG Signals,65535,2,1,UD2022081200650D,32,bee820b95118013be77dda84a0c4aa9636501ac76443f530cd0b8a6f4a1b680b
1788328397.943677664,EEG Signals,65535,2,1,UD2022081200650D,32,9b0174497c3545879d86d57d459940a8b2b610659ed9f2ecacb80cd31a7b9080
1788328397.947704554,EEG Signals,65535,2,1,UD2022081200650D,32,04bb389adb2c023bf899ec1e7b97d31c7d4d38fe61b20bdaa2b8204bfc2c5a32
1788328397.950692415,EEG Signals,65535,2,1,UD2022081200650D,32,8ba6f7f8b5e96a675a77eb88e8ae069808861edf4f1a2328cdaf47b39b145957
1788328397.954690218,EEG Signals,65535,2,1,UD2022081200650D,32,f2adddbca2919e7278911d5fc52b449e561335df1c73f74f92d2cb9ff43732ac
1788328397.958677769,EEG Signals,65535,2,1,UD2022081200650D,32,401337e4270cd77ea3ed9b0715975a1c1960c857b63070929e7b35988d2032eb
1788328397.962700605,EEG Signals,65535,2,1,UD2022081200650D,32,377651c90dddaa8dbd9cc4727d6e50865125f5404ab0d89ae37ebde861bebef5
1788328397.966676712,EEG Signals,65535,2,1,UD2022081200650D,32,3e5a00686a592aa481a40287b20f5f262bfce60b076bc9906901edeb39a24f3b
1788328397.970681667,EEG Signals,65535,2,1,UD2022081200650D,32,7f018463321064b38dc8500497ac6e468e6ad2a0d431b4d7c1d52ca22ff9ec61
1788328397.974677324,EEG Signals,65535,2,1,UD2022081200650D,32,84a968d0bded15f417acb94952e526b882b34e09670cd0b3e722c83a83ac5af5
1788328397.978683949,EEG Signals,65535,2,1,UD2022081200650D,32,dc932edff16683cd97d4112265c532129be77ca42e81b0188bd6348afcda490c
1788328397.983683825,EEG Signals,65535,2,1,UD2022081200650D,32,76bc309b2aad35b3da2efe23adcc4c27a4c6d9e95eb1b3c765e48041593472ed
1788328397.986678600,EEG Signals,65535,2,1,UD2022081200650D,32,d583e9b73020807c62e39ead32204d74fe1f75b05037d0129aa377ff8caa8cf2
1788328397.991682768,EEG Signals,65535,2,1,UD2022081200650D,32,d6e419c531d340f3bb25fda1c80708ff3e5cc80c4afed34e2c5aa8f1d870e04e
1788328397.993690252,EEG Signals,65535,2,1,UD2022081200650D,32,c2f4087a72d46e711a769b7e1c465d31309c1832e6244ef816c7c535189bd1d8
1788328397.997685432,EEG Signals,65535,2,1,UD2022081200650D,32,4290067d8d2816f2f8623a988fdc91256f53042a7a178a900599d45b4c5de9d1
1788328398.001674652,EEG Signals,65535,2,1,UD2022081200650D,32,83a9de731585b000afb5d04962bc02aebf8e8d2c2c1c2659e446c8a452d38e8f
1788328398.005669117,EEG Signals,65535,2,1,UD2022081200650D,32,cc02e789f91684e4eaeb0d6b9399036788b185209e595ed773df3b7d7d2cfd96
1788328398.010712624,EEG Signals,65535,2,1,UD2022081200650D,32,63a76760002adfacfc9d18f3c5c622b57d7f8c930dd54519a0406200b5b8cccd
1788328398.013694286,EEG Signals,65535,2,1,UD2022081200650D,32,eedb94cb35e89e004b3cce702c88ba643e70ec1b4cf7333a14887b09ae6ce4ad
1788328398.017689705,EEG Signals,65535,2,1,UD2022081200650D,32,e724ab824868aaa600eb30044372438bc326a802d61c7cea77893356958adb8e
1788328398.022696495,EEG Signals,65535,2,1,UD2022081200650D,32,7819b40705b81da6468a9d3ad44eda638a00e9740d5507e905fcd857792e7868
1788328398.026745558,EEG Signals,65535,2,1,UD2022081200650D,32,82fe610ff10a2679b79cff3011858a81011fa707bf7990701b22d737afbfaa4f
1788328398.029717445,EEG Signals,65535,2,1,UD2022081200650D,32,96b235594ee9edbd05288af9dce81c8830ee18ac92dc8295661b316a44f02df2
1788328398.032708168,EEG Signals,65535,2,1,UD2022081200650D,32,e67f1078a169e7393d78af6b98406d45c15a5aa67663741c687b2a045b609268
1788328398.036691427,EEG Signals,65535,2,1,UD2022081200650D,32,fd544c25b986965431628106d09a00b59f0660d63459780711c917eafddab306
1788328398.040693045,EEG Signals,65535,2,1,UD2022081200650D,32,d6e42ff59ac9bfdbe5abc8cff5f46f4fafd5feb9062bc379f3af61a169aec185
1788328398.044721365,EEG Signals,65535,2,1,UD2022081200650D,32,204b8cd63cbc83c72150a24071a4ebb07c1f04b0d4cc88d17c72f008fd3588f5
1788328398.048697233,EEG Signals,65535,2,1,UD2022081200650D,32,d36b1211dacd59b3d2c32fc8fbc1fa0da417c13a6ddf99616f672ec5fc694931
1788328398.052687168,EEG Signals,65535,2,1,UD2022081200650D,32,6cbe1c6e5362683b508826853b8b53a2ec4fb25512da631b42d2e21b1d3cb046
1788328398.056691647,EEG Signals,65535,2,1,UD2022081200650D,32,ef086bd56baafb4603b7f55b6cda6e8dd73304e0066fdb64094e97746be6a5bb
1788328398.062691927,EEG Signals,65535,2,1,UD2022081200650D,32,6ac1b748dbea3f5e934598b47b37235713f4ac07f632632aadc07532454e52d0
1788328398.064686537,EEG Signals,65535,2,1,UD2022081200650D,32,268bfc623f648c32f515f4d0064ac8752276b00e732724662195c11812d8df94
1788328398.068686962,EEG Signals,65535,2,1,UD2022081200650D,32,1b3343104a4eb239ddf30dec0d6b44b0fab8480c7946f4a3c5ba6b6babceea27
1788328398.071676970,EEG Signals,65535,2,1,UD2022081200650D,32,56b0630295e484dcf5767605be05fd9ae240adb4794f2b0bb139c4c2166d4240
1788328398.075680017,EEG Signals,65535,2,1,UD2022081200650D,32,c83a894fbe77cca87ed40a94bfb87dc87d9332a02fa06f467a307312b4fddabd
1788328398.079695463,EEG Signals,65535,2,1,UD2022081200650D,32,ea9fad06e4e2d5c3822d546e5dfad2496a93015727004a05cba61481b2d40480
1788328398.083678722,EEG Signals,65535,2,1,UD2022081200650D,32,1acc7748abaa9cbd542953b293ca5a14dca81de7a7d8fd28bee2ddc162805967
1788328398.087703228,EEG Signals,65535,2,1,UD2022081200650D,32,8170a5bbe744d7759e13bb7e5b255c5d42c36f67ae212419a9b414abf4e166f3
1788328398.091695547,EEG Signals,65535,2,1,UD2022081200650D,32,483e779895834d39faaa2576d94ffb465649f3d32e15fe6c1f79ccb6eed0bbca
1788328398.095706940,EEG Signals,65535,2,1,UD2022081200650D,32,56717faa2482d07a85b69c0f79dfd0efceb13aa7c771544d2ea63260d07b371c
1788328398.100724459,EEG Signals,65535,2,1,UD2022081200650D,32,0f16fb2b38ead650f7c9a0243471a37851cdb7287a6310e77309fb74c8dc6e8a
1788328398.103696346,EEG Signals,65535,2,1,UD2022081200650D,32,d2a1c866b49252abee4ae4e602f6f8cd81786c24146728e4348fee8008002483
1788328398.107688665,EEG Signals,65535,2,1,UD2022081200650D,32,2b97eee3f9b7b46902608fadc2fb2e1ba241c3dae0ff281644236d80069828a4
1788328398.110699892,EEG Signals,65535,2,1,UD2022081200650D,32,24d4d9794c9d4e868338d55dcf3ebe2c3c701e88c4de9ad912cd917a8d2bcd61
1788328398.114717007,EEG Signals,65535,2,1,UD2022081200650D,32,bc065d2137236e6571c1ac289b5892e2e86c726d4bda8efe7c9c4e0951bc2246
1788328398.118704796,EEG Signals,65535,2,1,UD2022081200650D,32,2430fee468330b27c316a2c33081f40eaa7a2bb95fe5bb985582769ef76e2947
1788328398.122700214,EEG Signals,65535,2,1,UD2022081200650D,32,3aa493434cf5fbbf5d6988fb3ebd4f36ad090456770138fe53c14b30786e034e
1788328398.126702547,EEG Signals,65535,2,1,UD2022081200650D,32,931d8c752e96acd7782f8f5153acbfa0bd3cfb015b0db16f3677a335e928a3d3
1788328398.130697727,EEG Signals,65535,2,1,UD2022081200650D,32,48bec6c9bf587ecc838ae6d4a270a7e00e9eb792b3a842bbada03baec372bd11
1788328398.134703636,EEG Signals,65535,2,1,UD2022081200650D,32,d4eded9c2fb5f31e623f83ae008bcf49567a53c53f1e8c2f45d241779221ec8c
1788328398.139694929,EEG Signals,65535,2,1,UD2022081200650D,32,898b6d5a40722dedd58619aaf36df7b49a10d062310bde6707dc08edf620131f
1788328398.142693043,EEG Signals,65535,2,1,UD2022081200650D,32,e8e66370f53e42e3f1a2ccd4d1780b5dabe67db71a3c4290fd39cae56c588291
1788328398.146710634,EEG Signals,65535,2,1,UD2022081200650D,32,29d3ad449e8d9e2c3fca9a85eabe067fa3c03a649c041d2a7937291c2d757411
1788328398.150701284,EEG Signals,65535,2,1,UD2022081200650D,32,bdde328f69d1ed22b7b9427d8a736d4d916be0180291039b11fa40f930d874e8
1788328398.153700829,EEG Signals,65535,2,1,UD2022081200650D,32,6bbc544660a651898d010bee33c96c6fe1b43001afc8f5805950cc57abd2d15d
1788328398.158752918,EEG Signals,65535,2,1,UD2022081200650D,32,f4e0e4840dac620c6ee2ff3120a2e1c5f87cba718acd3b8409ef49f47b48bb48
1788328398.161707401,EEG Signals,65535,2,1,UD2022081200650D,32,023eab8095e6625ae09298d722c2674419c7ac33deb80ed385a9f2face9a4da0
1788328398.166694880,EEG Signals,65535,2,1,UD2022081200650D,32,0c5e268c2f41a23515f44e9367ccc452c879412f9e9fb3f4408efdf0d26ba1eb
1788328398.169703722,EEG Signals,65535,2,1,UD2022081200650D,32,03299df99f083c3f7eba41a7957c691ef516350ed339b6e9888c2ff02f8fa6e9
1788328398.173691034,EEG Signals,65535,2,1,UD2022081200650D,32,6358b1662728bdee06c42820d189901ebb54d2d9b463803ab96c075964f0457d
1788328398.179723740,EEG Signals,65535,2,1,UD2022081200650D,32,57255a2cc0e86172bc26f90411a9c5343c46c4e1fe6bcbc19c91d9ed678257eb
1788328398.181687832,EEG Signals,65535,2,1,UD2022081200650D,32,487b6503040ea49487ef77603b18f0c0cce42ac02d72aeb1c3eec091cb1323c6
1788328398.185705185,EEG Signals,65535,2,1,UD2022081200650D,32,9ac5651750030355e7afd24402566f62281f357f49190aa950f4499b3c3561e8
1788328398.189698219,EEG Signals,65535,2,1,UD2022081200650D,32,64c50969f3ca661ba014aa2cdbebbab031fd420e7119df3486a4da1a49196cb2
1788328398.192702532,EEG Signals,65535,2,1,UD2022081200650D,32,a724b97de3c6c60f4127115a945af3fb7ac301e5ee34f5cbc81938d91eee3af6
1788328398.197697878,EEG Signals,65535,2,1,UD2022081200650D,32,b6065dc196834d636d52d5cad35675d284309864943924ffc8677735e2cace1c
1788328398.200685263,EEG Signals,65535,2,1,UD2022081200650D,32,f263b196cfece15c79b00b02e47cc4a8c0a3a220e7f952a97e54f3471d002c31
1788328398.205695391,EEG Signals,65535,2,1,UD2022081200650D,32,18ef8794fffee00bae0081027743971fedd3beb2cbf290a2c438480adb491125
1788328398.208682060,EEG Signals,65535,2,1,UD2022081200650D,32,48e411057dd5f650fc74a1bd6c9af8c2cda84dcad76cda11631604fb719b530b
1788328398.212702513,EEG Signals,65535,2,1,UD2022081200650D,32,dafd37381d9aac574a2ad89a8ec0f09da8ccc5a9c5654fe397cbb1cb149fa0c3
1788328398.216695309,EEG Signals,65535,2,1,UD2022081200650D,32,56d15d1cbe608125491bf1864d99c02514573b7a116fa249993b94208718350c
1788328398.220703602,EEG Signals,65535,2,1,UD2022081200650D,32,9fc0b80eabdb7bde47d423f7ecefacc3d4b0820fd80f04efb671beff239b106d
1788328398.224703550,EEG Signals,65535,2,1,UD2022081200650D,32,aa05872319d1b87c1cc17ca14c3af3caa81ba1f5dbf6a24caa90f19d67c48a5b
1788328398.228688240,EEG Signals,65535,2,1,UD2022081200650D,32,99a321bd0f0f16570ae737b56d0b9048cd03bcca8ecf53b85bfa87e1de5491a0
1788328398.232703209,EEG Signals,65535,2,1,UD2022081200650D,32,32172da68ec6dcf920f399657ec43292e8413ef2c6e2ee24a4719e8bedde9cc9
1788328398.235693932,EEG Signals,65535,2,1,UD2022081200650D,32,fbfc6d7769ba493d1ee647ebf71f3651afb4e39ce62ebd53b52585c906229341
1788328398.239695549,EEG Signals,65535,2,1,UD2022081200650D,32,1a6339899155f805ab880db3afa9da499b3e287672b6e8eb079537ee9040461f
1788328398.244725227,EEG Signals,65535,2,1,UD2022081200650D,32,f650038c94236aa9a41dee44e18f8b9372dae7e47abf146e08c543a1e954ecf2
1788328398.247703314,EEG Signals,65535,2,1,UD2022081200650D,32,15f110b2533594781aca1d2ac67436f9dce93013d5c3e0a18e38bcae15d0eec9
1788328398.252709627,EEG Signals,65535,2,1,UD2022081200650D,32,61702eb88419ea6db182e5844e1bdb792a48637d39ecc5b5d0827618958bd71e
1788328398.255701780,EEG Signals,65535,2,1,UD2022081200650D,32,63471c74232f2555548663309e3b5aa1be2b7fd12463732607243c95e123930b
1788328398.259700060,EEG Signals,65535,2,1,UD2022081200650D,32,ed85f873d90af54667a5dd562eeeae69961964c6e1eda2f5ffca218b89ba8be1
1788328398.263706684,EEG Signals,65535,2,1,UD2022081200650D,32,3d94a2af0fc18122e73fed0096a848eb7ca0729df5baf82d1fa7c7e5ba12870d
1788328398.267703772,EEG Signals,65535,2,1,UD2022081200650D,32,0772c154faa2eb3662b9578b71e098e506115f3227f49e2c555da40377e0bed7
1788328398.271672249,EEG Signals,65535,2,1,UD2022081200650D,32,895d714c6b0af3b224ceba19127625c4d623ce26e56ed56956ff01ae722cbce6
1788328398.274681091,EEG Signals,65535,2,1,UD2022081200650D,32,9663a8425e2d5c5ee3e1cd11eb6bae6dacff27252a1e357cce186243ab46a84a
1788328398.278688192,EEG Signals,65535,2,1,UD2022081200650D,32,b7a74aa08989914fb0eaa57ad99d37b294cdaff6d87bcb10b06bcefe47fe44ae
1788328398.283671141,EEG Signals,65535,2,1,UD2022081200650D,32,5071dec2fcad7dd9eff76c050fc5663cdb1f1bb308cc9cce83dbb77c0cd2254e
1788328398.287691593,EEG Signals,65535,2,1,UD2022081200650D,32,604fe8e1e348e120ff99fd2fa7d7b01f465374f18ad60a0597e16feb67696184
1788328398.290687084,EEG Signals,65535,2,1,UD2022081200650D,32,38e7aa4fa37f96d976af9d8abad13ebacaf359d4ee8681ebd476dd2a7e06e779
1788328398.294686556,EEG Signals,65535,2,1,UD2022081200650D,32,af8b67c103fcad7935e07ba2ac04328b6f6ea26d98bb7f75c7a1f42167f88810
1788328398.298693895,EEG Signals,65535,2,1,UD2022081200650D,32,e278ffb4de6964a2d6b663887b5b924d8278c3256f36176c3d51a95160e895ab
1788328398.302689552,EEG Signals,65535,2,1,UD2022081200650D,32,3e106687a2c7b2428b105503718d28a734a302ecfcff8dc696a0f1863a4428a8
1788328398.306688786,EEG Signals,65535,2,1,UD2022081200650D,32,7ba186838fe7be5a99525346a2520d8ca86bed1c786f09bf723e7a5f7cda4950
1788328398.310692549,EEG Signals,65535,2,1,UD2022081200650D,32,ed0319ce52faa17529d5398589bcb3c85e503fc4d484f54028f9826132a514da
1788328398.314695597,EEG Signals,65535,2,1,UD2022081200650D,32,57756d6a17e43f1cea2e2ffc00213fe0a23f1b6cf575124d7dbf146061f419b9
1788328398.317673445,EEG Signals,65535,2,1,UD2022081200650D,32,b6f5e1a10f5425db0eed70e10574076239c6005b3cef616554eecab2509863ff
1788328398.323690414,EEG Signals,65535,2,1,UD2022081200650D,32,6a92ec256250c8e7a021e83b99d3ba10edd8d676156c50b8f23129a69b5517f6
1788328398.325736523,EEG Signals,65535,2,1,UD2022081200650D,32,779b2a23e314c1843fa93525416a52c33c24b658c28b8f19517850bd1bf934df
1788328398.329706430,EEG Signals,65535,2,1,UD2022081200650D,32,c32ff00e66aa24212261390e830c223f6a8396654ac4d161664c270a939d4feb
1788328398.333706379,EEG Signals,65535,2,1,UD2022081200650D,32,e6af26f258da5240b968beb84525bb5e83cedc15cdd4104c2dcd44fa05a37bc4
1788328398.337718248,EEG Signals,65535,2,1,UD2022081200650D,32,4b921b37094327552879dc179179f40897899aef8822e36483bdc717b56c6c78
1788328398.341696262,EEG Signals,65535,2,1,UD2022081200650D,32,42d805047d512b9b5def6b250b60848137b1b4f5ba39073e766f049ad3c095cb
1788328398.345702410,EEG Signals,65535,2,1,UD2022081200650D,32,42d9427c19c53f2d02e69cc42167e0d3348ad28c1c8af5530c63d0d832400e5d
1788328398.349695683,EEG Signals,65535,2,1,UD2022081200650D,32,43110709b7ca1276841b03a37628cd23f84e58055f6f2f1d619d363ff94b4e0c
1788328398.353693724,EEG Signals,65535,2,1,UD2022081200650D,32,6aace12d28adf0013be30d39fd7434aa3ecc810d027259d7f73a139a548f5620
1788328398.357689619,EEG Signals,65535,2,1,UD2022081200650D,32,cf44332609c4164f7d6f68a8d61904316dd2d33d09fc54e0d2fd4136b69b5e74
1788328398.362713099,EEG Signals,65535,2,1,UD2022081200650D,32,e8f7d4dad4eeb311a8ab76eaba470bb7af1e49f0ccfa836441bf00578bd2dc14
1788328398.364705801,EEG Signals,65535,2,1,UD2022081200650D,32,7bd9ac8507d65bfb4911723bc2d2499ac3a1388d6ef35306ee349504f1d44cf2
1788328398.368711472,EEG Signals,65535,2,1,UD2022081200650D,32,b3402ad01a297cc67c37238cbcbf8deaf37cdee610ca3cf566d6af7585463a54
1788328398.372710943,EEG Signals,65535,2,1,UD2022081200650D,32,11a732b3697660178110c2053b42b080fb1c219e7c4aac7036520252c194e81a
1788328398.376701593,EEG Signals,65535,2,1,UD2022081200650D,32,2b4493bf8e3142ea62d247dd1352b2225f9edd2b9b724583650d36678fb9197a
1788328398.380708456,EEG Signals,65535,2,1,UD2022081200650D,32,75599712ed9d2e272f77a17a3910056802ccc974044057f779fad6bab3e4af33
1788328398.384711981,EEG Signals,65535,2,1,UD2022081200650D,32,5b53c1f4f45ef54efb9af9679c745dacac4685ec780a44dacdf546c047ee4d23
1788328398.388691664,EEG Signals,65535,2,1,UD2022081200650D,32,9e7c35225e75c9e25688477be5d76b8c75f13f70fd5be913f8ce3504e17efb9f
1788328398.392696619,EEG Signals,65535,2,1,UD2022081200650D,32,4c6b8b020e94b580a0101fbe5ff8c2b12cd6a50786d64123bcbf759098249239
1788328398.396705866,EEG Signals,65535,2,1,UD2022081200650D,32,7d20177d8a73bc1c7f6a6630fa921e07cf09fefb9a47e9103a9fed4e29955cfe
1788328398.401693344,EEG Signals,65535,2,1,UD2022081200650D,32,8c2783a9716e594003840aa053287774ba978b98f026d9bb4026730c8a638608
1788328398.403698921,EEG Signals,65535,2,1,UD2022081200650D,32,5c104380f7ae8e5d77e044c41f6740830c740507dbdc778384221d354920ea49
1788328398.407704830,EEG Signals,65535,2,1,UD2022081200650D,32,f8cc1fac94a0301fbde7c75c71690e1f78ea6a591e35ccd424b61e6420497602
1788328398.411713839,EEG Signals,65535,2,1,UD2022081200650D,32,eb93d572f40016eadc6086bcc2b9df44c94e97f45bb63489a53385f19e8eb460
1788328398.415697336,EEG Signals,65535,2,1,UD2022081200650D,32,24aec6863e5d6fa87b8e20e44e558d92f753de93dad35d5a4e1d82802f491b2e
1788328398.419695616,EEG Signals,65535,2,1,UD2022081200650D,32,aac3a36063ef207d4c1b61c76adc964c05c4b9a4f6ba71b9f98db1b7bbdd000c
1788328398.423706532,EEG Signals,65535,2,1,UD2022081200650D,32,c8c0291fc75bb31193d6202082bf8c8518316a0ed724640741a2d2a84cab34a1
1788328398.427703619,EEG Signals,65535,2,1,UD2022081200650D,32,29b64b8de42427e0ea3ad4b097a647366cbc25c11d82c7ac973246b21055a023
1788328398.431709290,EEG Signals,65535,2,1,UD2022081200650D,32,c8be17c983295f9e291cf6daaaad9b52fcc9bc5399ba157e16642d98e9b44535
1788328398.435709953,EEG Signals,65535,2,1,UD2022081200650D,32,6a5c0eff0afede5a03ea7d965571625633214d7b809e28dbf581a16c83262dbe
1788328398.440699339,EEG Signals,65535,2,1,UD2022081200650D,32,137de18cbd067ca3448c08aba781b5f9ae77e6129b0e73bc44e6e0e1bf3666c9
1788328398.442707300,EEG Signals,65535,2,1,UD2022081200650D,32,757ebf27e45276062f11b1e124436ae152822fc7fe313a6bfe34efb02fcb99e7
1788328398.446708441,EEG Signals,65535,2,1,UD2022081200650D,32,ab6e5fbc2f96b5af47990b7644f5c10c71c11a5becdf86bc7d8165eeeddf79da
1788328398.451700211,EEG Signals,65535,2,1,UD2022081200650D,32,eac3dc50664b68023dbc6a7f38aa289689806026055a07633c05078558878186
1788328398.454706669,EEG Signals,65535,2,1,UD2022081200650D,32,c2eb99700328210d9157700b3cb2da47cc6581e8c9340d2e3787115273068f6f
1788328398.458688021,EEG Signals,65535,2,1,UD2022081200650D,32,5e0189e3a04844921d3602cab40cd39dcc6635dba5145a6eeffc0c89ef14ff7b
1788328398.462728977,EEG Signals,65535,2,1,UD2022081200650D,32,59f7d3759eaf845f00c6cc39aef95a76feaaed99611e77e881b1dfb33d35cd85
1788328398.467689276,EEG Signals,65535,2,1,UD2022081200650D,32,d9c22e86f3a5e89a9c07c709229c5baa0172b16a496fa76255bb49028c5c3e3b
1788328398.470699549,EEG Signals,65535,2,1,UD2022081200650D,32,e16a27ecf36413ccb78af45c3a376b4db28f046fa4058a67fa94af495699c17b
1788328398.474799633,EEG Signals,65535,2,1,UD2022081200650D,32,2513e103bc372e37b2636f341555f000fb24ba70ca5d053d8940e42d1a34f225
1788328398.477709770,EEG Signals,65535,2,1,UD2022081200650D,32,338257b01b2c51122a59abdf5232b0f4d4d002fae26b137a715f32e3a5cc7062
1788328398.481687784,EEG Signals,65535,2,1,UD2022081200650D,32,1c8ad3a205b8e543f34f27e62396eadd703ad4fcf1dda9f5222ed46cf73a7ddd
1788328398.485702753,EEG Signals,65535,2,1,UD2022081200650D,32,8244a14da49a499a39bdc80b2c47fd96a7d9148745ae30e3dcf8efa7e4430df3
1788328398.489699841,EEG Signals,65535,2,1,UD2022081200650D,32,702f7b107e6dd029125b405802ddd49a009c7b2ec979f5dad518e782c4b32c40
1788328398.493709803,EEG Signals,65535,2,1,UD2022081200650D,32,cb4804e27df4d9c20ce891011476f0ba9c6a6ed0e37c09f26fe82623a88aa689
1788328398.497695923,EEG Signals,65535,2,1,UD2022081200650D,32,1899de42d0b74bd2f1367c7ee1758bda87d8945b90b4d448b7f728cba1f0c654
1788328398.501711607,EEG Signals,65535,2,1,UD2022081200650D,32,085524720d6b480a04b1f7320a176893304b3c12d4715f7eafe0c66fa8211401
1788328398.506710768,EEG Signals,65535,2,1,UD2022081200650D,32,d9f7ba0a00b23914b0bf8ecf7e731b94c3c3abe2a3a2f291586c7a83ca9e740e
1788328398.509709358,EEG Signals,65535,2,1,UD2022081200650D,32,247a31de1ecd44cd0dc64a87bda2e1737ae16719d9e27ffc416b2152a6059395
1788328398.514706850,EEG Signals,65535,2,1,UD2022081200650D,32,70fade172010922cc8398730f6ea574ee1ea780728747c7473abc20f20dbeb4b
1788328398.517701864,EEG Signals,65535,2,1,UD2022081200650D,32,c069e54b5db60cd337aab5b53b08deeb59b9075724f791aacb3861231a14650b
1788328398.520694256,EEG Signals,65535,2,1,UD2022081200650D,32,93d101a3a1910151d36cf48bd929cd933923ba7478d410494bc3ce2e68e086fd
1788328398.524696112,EEG Signals,65535,2,1,UD2022081200650D,32,4d215414033ac65ae77cae3a8f3e725cafbe8560800f49c73f521c4af45915e1
1788328398.528706789,EEG Signals,65535,2,1,UD2022081200650D,32,cade56730e8eef5f39c427ac92bb5849924cb0bcfd90ca1362a1083a8530cbdd
1788328398.532698154,EEG Signals,65535,2,1,UD2022081200650D,32,4c43e31ea1fd56b781d57faabdf117ba4cea95e060153c1051823d922a6c4c9a
1788328398.536712408,EEG Signals,65535,2,1,UD2022081200650D,32,28d8c338d9ef9d3a7e2df296ebe9428bd6308c25b383c606b575d9151b67f40d
1788328398.540703297,EEG Signals,65535,2,1,UD2022081200650D,32,70fc116d9b1809ab7312c613c35a096fd436ccc3f05eb29d1dc8733781ac4871
1788328398.545723677,EEG Signals,65535,2,1,UD2022081200650D,32,cfce65cd603d892410186c746acea291b08f1a0391d98445ef02dae3e315cdf5
1788328398.549707890,EEG Signals,65535,2,1,UD2022081200650D,32,4cd4bb9a33d66707d33060b6108e5530c02fb0deedc7dc24435a114d46e8c1ba
1788328398.552700520,EEG Signals,65535,2,1,UD2022081200650D,32,b46cc1bfd1d75c1dbca1f6e0fea843906aecfe86ff2f026ca704c57b1865e8d4
1788328398.556688070,EEG Signals,65535,2,1,UD2022081200650D,32,48023d37ade874a87b82b15856ec0e83e03f5f1d0274564f8d574f406c13051c
1788328398.559710503,EEG Signals,65535,2,1,UD2022081200650D,32,c2443fe512a819fb4947f0796465fb7f8d48df58478919268953ef48b93170a2
1788328398.563714266,EEG Signals,65535,2,1,UD2022081200650D,32,4885b0615a3e7e02bb94cee56b81dbc21b5b3de9e1c44b4c41c68c5216c6ae7d
1788328398.567711592,EEG Signals,65535,2,1,UD2022081200650D,32,e9528465420639a38902ec001bb77f004022db20b4fb55cc78a69b200af0e443
1788328398.571697712,EEG Signals,65535,2,1,UD2022081200650D,32,7f0f9c33b50541b043bad23dd0c2932de021758aef2b65640ff37564b675d8e1
1788328398.575794935,EEG Signals,65535,2,1,UD2022081200650D,32,730a162fa1535597ad42e368f042386941aba499b9fc6189eaa5012bb7a63d9b
1788328398.579706192,EEG Signals,65535,2,1,UD2022081200650D,32,af67de9c210dd6c5fc079e7c31ae533faead22991b7c48ef280d41a6f3aa3c97
1788328398.584691286,EEG Signals,65535,2,1,UD2022081200650D,32,8137a22b9412b2b7fde1e31c37bb3d640b8348a98ff1bc3ef94f23275c1bfedd
1788328398.587689400,EEG Signals,65535,2,1,UD2022081200650D,32,9185e3749600b9353e65ffa94f6e9d6d00604d63f7d1a98f1f79287b8134b90f
1788328398.591698170,EEG Signals,65535,2,1,UD2022081200650D,32,6dbd856a5d78fd51c48b5fc3e16077698d6555978e198607f3c8d7e8f7665184
1788328398.596697330,EEG Signals,65535,2,1,UD2022081200650D,32,9d4359b618b002fa6066e00699d753b53ae16ee840c0ddba25fdc6363ab8636c
1788328398.599692345,EEG Signals,65535,2,1,UD2022081200650D,32,8a77c6eea1b7fdcc88546ea65423be19b189f9845d2ac2427a9bff6acef5fad6
1788328398.602690220,EEG Signals,65535,2,1,UD2022081200650D,32,806e5683ca063cb10cd9a58c1ca790352e0b486717d03ef2dd20e9a362e00f4f
1788328398.606696606,EEG Signals,65535,2,1,UD2022081200650D,32,ba05ebeef005375569bdf176f7d1268c29ea72dc6bfa0c20dd5786c95bd259ad
1788328398.610688925,EEG Signals,65535,2,1,UD2022081200650D,32,2d0368e516bf1de33848e451b62d61c551f5aaa4a9fc26678fe62499e60edc21
1788328398.614687443,EEG Signals,65535,2,1,UD2022081200650D,32,a5b30b7787118dbb4d6d139bedca7e89b2ecc8a36406611b11233c025f5aff4a
1788328398.618690491,EEG Signals,65535,2,1,UD2022081200650D,32,10bbe410b031fe3165bc61009dd67120a188864b5ee7a2e0c4f8641e6ae65054
1788328398.623689413,EEG Signals,65535,2,1,UD2022081200650D,32,29cf4ad7e5677a3b21dc21eef34259121798c14f8d60e20145e5c383e29c1925
1788328398.626688957,EEG Signals,65535,2,1,UD2022081200650D,32,8faf7aac3537b326f90dd4f22b445f44b2992f44430302cebc49dfaebebb2277
1788328398.630698204,EEG Signals,65535,2,1,UD2022081200650D,32,071cc9a23c37978de2b474817150799d856728add9598c12fa52faa73dd69e5f
1788328398.634684086,EEG Signals,65535,2,1,UD2022081200650D,32,850b145a52207777da28526042dfc38efb03dea50ca7fd2b445c686da5949ae3
1788328398.638714075,EEG Signals,65535,2,1,UD2022081200650D,32,e74bbb0d4c030f9c9450bbb04e6b009095db3cfefc03ea90e8270405a8a13617
1788328398.641718626,EEG Signals,65535,2,1,UD2022081200650D,32,bb4683851f79d3fe696e34398818e0c7588132f9bc5d71378b737adf92ed127c
1788328398.645709515,EEG Signals,65535,2,1,UD2022081200650D,32,a15cbdc9549238381de73cd094284e4169058f7693b71e9b5e519463ff93d68b
1788328398.649720907,EEG Signals,65535,2,1,UD2022081200650D,32,06ccfb8570eaa9a9687ec41c213679b71628aa86f3547b5ec5a24ffb1d10c4c2
1788328398.653718472,EEG Signals,65535,2,1,UD2022081200650D,32,d43bfcbd7f3eeee60834bff0c2af0452144b61b89bc637a07ed24894440eb921
1788328398.657717943,EEG Signals,65535,2,1,UD2022081200650D,32,47e03783ea7059c3de19c5620d7099de36acd849350cbcd68ab0da9a5ece2f0c
1788328398.663722038,EEG Signals,65535,2,1,UD2022081200650D,32,6b137afdf905319ff84b72baeb54a5d16ef29a5f28237569c0b6efc827a5268d
1788328398.665718555,EEG Signals,65535,2,1,UD2022081200650D,32,f41425d0e6ac6542f4d91cf6d49e0b9a01efd5e93c19b54a18d3e67cf5f13081
1788328398.669712067,EEG Signals,65535,2,1,UD2022081200650D,32,ec121d58942b9d0a27c3da594095767fc42cc4704259f1ab1d75e7c4a77fa78a
1788328398.673720837,EEG Signals,65535,2,1,UD2022081200650D,32,5eec6cbd61bfa9d8b85daa779887ef7dd493acf4337e7d4d907a3da5f48ab223
1788328398.677715063,EEG Signals,65535,2,1,UD2022081200650D,32,5c97cdda4c3cb77bc70720b986ce06738e7a4ed2375f694c332474d10d8b29c6
1788328398.680699825,EEG Signals,65535,2,1,UD2022081200650D,32,1cf49f3b027b9147f7d9d3051cdccd4656d3f87919bfee7367243786377302b7
1788328398.684698343,EEG Signals,65535,2,1,UD2022081200650D,32,2a7aeb5d4dcedbed9eb20efdfaef782cd7cd8a30a1784c5d5dc0f44a1ace59ee
1788328398.689703465,EEG Signals,65535,2,1,UD2022081200650D,32,8f69d0ce862029669eaa9abfa91b3558d0153cf3a3b8ff7e2b87c9f4e41e7774
1788328398.692692280,EEG Signals,65535,2,1,UD2022081200650D,32,49911a53ed733a9955c2523befa99f4fc821b5599847a669ad2e9d3278bf3bf8
1788328398.696711063,EEG Signals,65535,2,1,UD2022081200650D,32,103083ff21804ae7221be45320e517c52489a1964d29b8cd1b95031ae37aa743
1788328398.702708483,EEG Signals,65535,2,1,UD2022081200650D,32,3bf6d8216d3fef0272b4f68e395264af42e26be69e29693da15f81b0729f98ca
1788328398.704701900,EEG Signals,65535,2,1,UD2022081200650D,32,d71de1d87797dff55e544d2d8c0e02e1d8cda582742102033a3c903ed100f5ec
1788328398.708688736,EEG Signals,65535,2,1,UD2022081200650D,32,8f2ca01da34f407649d6a7c9d412aa8084a562003724e5f16595dbc3be1f3d1b
1788328398.712723017,EEG Signals,65535,2,1,UD2022081200650D,32,03e51912eb884f5a8e72209fada2d357071c8c1b78bfed5768b699af49ab2d4f
1788328398.716730118,EEG Signals,65535,2,1,UD2022081200650D,32,b4515bec035d43f907bb1cb5f320093ada1a7bc5ba3d8ad5bef77cdda96f60d2
1788328398.720704079,EEG Signals,65535,2,1,UD2022081200650D,32,fafde82d2e4e4ac614c951de66433304f64bf206f4d7fa50d66d1f1dc7c89350
1788328398.723698378,EEG Signals,65535,2,1,UD2022081200650D,32,d86027aa61533f321cf11b01ceff67b237adbcb0458231336f97738afa37631d
1788328398.728714705,EEG Signals,65535,2,1,UD2022081200650D,32,39baa086ac6c94197a6598bbb29df7ee491ed23503677ac2aef63ba43762ea72
1788328398.731704950,EEG Signals,65535,2,1,UD2022081200650D,32,b2520f7a28dae31b34d7d0089a886a3592ccdf29d80761d9124d4f487c202a38
1788328398.735705614,EEG Signals,65535,2,1,UD2022081200650D,32,639f17afdbbd95bc0a9c456f650f64ff38959d8eefbbaa53803e9ce8f871eaf2
1788328398.741701603,EEG Signals,65535,2,1,UD2022081200650D,32,43e4655876506994c3482f7865b938ebda29f0a8ce87308ecf8c7dc5200bf28e
1788328398.744706869,EEG Signals,65535,2,1,UD2022081200650D,32,870a1c14e21316f0d21728e0bcad009e587cbe700249620468a7f264c7548bd6
1788328398.747702360,EEG Signals,65535,2,1,UD2022081200650D,32,4eae98c21fb5e3b485954b3437ddbde9e9823ebbbb5553c2c85cec1ecb0b07e6
1788328398.751698256,EEG Signals,65535,2,1,UD2022081200650D,32,ded37b470777db139ec9e2ba18beac47be13ff6506f5713cd81131ae56b914fd
1788328398.755707026,EEG Signals,65535,2,1,UD2022081200650D,32,6ba34622ff4ca1d4ea800013e0dc254b6f7eea1106e48752fe48e70cae4adf50
1788328398.759734631,EEG Signals,65535,2,1,UD2022081200650D,32,b1fe97053fddec20536067369df88f17b04d698fb95eebe989ae7eacb0e5bb83
1788328398.762717962,EEG Signals,65535,2,1,UD2022081200650D,32,4bd1d59fd3629330478409c6a211ea5f0ece0b9d81e4a5c638e67ccf1b6cad0a
1788328398.768708706,EEG Signals,65535,2,1,UD2022081200650D,32,a1211747942c2b1eb385d7d226b1aa3a99225a5e4257e6dddf5b382581f509dc
1788328398.770701170,EEG Signals,65535,2,1,UD2022081200650D,32,ae80ff5ada9f5b9ba37fef7a8629b86f4009bd36171f7a6871a9497e180c37e7
1788328398.775709391,EEG Signals,65535,2,1,UD2022081200650D,32,8380854bcc91a46157d257993db0c3a4147e555f86e0ca04fc79236687bfc17d
1788328398.778713226,EEG Signals,65535,2,1,UD2022081200650D,32,e0d4a8c76ba2e8014a6b1aad8fc06bfad3558d7fe651e00cd06c10436e6c749d
1788328398.782722473,EEG Signals,65535,2,1,UD2022081200650D,32,cea1c62ba1e98f947821eee44cea5a579e80dd8b1f93dcc24e10b30a39169a64
1788328398.786722898,EEG Signals,65535,2,1,UD2022081200650D,32,643dd25d279623277b5d374a28d97a5c05218f4b6e89a7eaa2c599fe0057b3f6
1788328398.790715218,EEG Signals,65535,2,1,UD2022081200650D,32,830d2c745fba0f21c468a8a00e543e675023f0151a5c37b19e550729a6edae64
1788328398.794722080,EEG Signals,65535,2,1,UD2022081200650D,32,a5594a0491fb81174ef41392f7542b6754d5f15b44715755a990b5cfcbac46cb
1788328398.798714399,EEG Signals,65535,2,1,UD2022081200650D,32,e00924f42ccaea54cdb21e28a33d02e54e4e45d916d686ca5c975a4261e7fefc
1788328398.802724600,EEG Signals,65535,2,1,UD2022081200650D,32,2e87b5900e8384f67265b5b4a59a92909275f6953624f54857c56b828e76c77d
1788328398.806717634,EEG Signals,65535,2,1,UD2022081200650D,32,37b1efbce1e983e0d49cf9145678ba9c863be00f1b7bf7a8ad8f69e69e12f6f1
1788328398.810718775,EEG Signals,65535,2,1,UD2022081200650D,32,3436660ea28c519f42998d038f87eded44c082c004b235cd1cec872266811dbd
1788328398.813716412,EEG Signals,65535,2,1,UD2022081200650D,32,0a8d3ce0eadfac75305cb51e7a1ffc81ef3eab0918d77e9ce12ca36415fd8131
1788328398.817712307,EEG Signals,65535,2,1,UD2022081200650D,32,b5f65333a99df22f66e820f8be92379eb167decc157afd7e5083a224df2dadaf
1788328398.821712017,EEG Signals,65535,2,1,UD2022081200650D,32,a41370756a908a7993388de292d01c135342eac639d362e8c2ce3394c4fdd5cc
1788328398.825718164,EEG Signals,65535,2,1,UD2022081200650D,32,f4a0da76764a737017953ffc7b8fbed7868dd501dcf44d13c799bfec99c35ef3
1788328398.829710484,EEG Signals,65535,2,1,UD2022081200650D,32,d343e8e1e4b16fe23a1f6d4eb5dbbd97d87773f8c343e60f8e7c1bd2f31a5938
1788328398.833698273,EEG Signals,65535,2,1,UD2022081200650D,32,9512202ebe933047e429ae74e1e4e7338fc912f695a3339c3b379c2c4ceef74f
1788328398.837699652,EEG Signals,65535,2,1,UD2022081200650D,32,053501b4e6da4f07d5646ec0d8b702873abdf1a9d1f5f3eb852bcdac13f0fc2e
1788328398.841799259,EEG Signals,65535,2,1,UD2022081200650D,32,75f5a3b9b4902762be32709804e124b2960cb615cd71a04493a968886d42f26a
1788328398.846746206,EEG Signals,65535,2,1,UD2022081200650D,32,0a14401af18c2ddfa6c3aa04d1311a0985214cb49f31b8e48f336e2ea9eec880
1788328398.848718405,EEG Signals,65535,2,1,UD2022081200650D,32,c5728edc83074212f887dc137e742b457a9ad0724c4849198c6feb75d188c403
1788328398.852702141,EEG Signals,65535,2,1,UD2022081200650D,32,8445c5a1e539e2e845962e3bb4753083cb8d21f89995ac56632c9a7cc43993d9
1788328398.856717110,EEG Signals,65535,2,1,UD2022081200650D,32,667df025672025d116b9a09fe174f27ce880718b2e51b077e0ea73d7fe51a9b6
1788328398.860724449,EEG Signals,65535,2,1,UD2022081200650D,32,2900979266ab7b7ea71d2d985f4998270872b5dddffef2e44a5e6e1b10b799a5
1788328398.864718199,EEG Signals,65535,2,1,UD2022081200650D,32,8a1d7ff30e1b6f203f43b3cca975f120825687dddef8114abeebaf260bdff33e
1788328398.868717670,EEG Signals,65535,2,1,UD2022081200650D,32,92b714cc750aa908e213d8d58d13bfd65c6b612a391486f9f1baa9759e256bfd
1788328398.872714520,EEG Signals,65535,2,1,UD2022081200650D,32,f2930c12c4879bd8bd9d008b2d6c076ad7648eb63a49b2d738bba674fcab2c32
1788328398.876706600,EEG Signals,65535,2,1,UD2022081200650D,32,a10202f5339b89b1bd1a455d07a6a7c4a64b7bdc9335e446c331d4d14e33e4ad
1788328398.880719900,EEG Signals,65535,2,1,UD2022081200650D,32,615032f5f1ee334905032841e25848356edda07da0aa359a8401e69e1155c2d7
1788328398.885690212,EEG Signals,65535,2,1,UD2022081200650D,32,cbfdbb25caeff18da827d6034f17867362360aa22250114756c4d7d0adea3555
1788328398.887691021,EEG Signals,65535,2,1,UD2022081200650D,32,55246b8266d0ae899933c37adff60b903831178a631a010c25cc47e72a219cce
1788328398.891687155,EEG Signals,65535,2,1,UD2022081200650D,32,93265fff231b7dd8c80989f39ea96bb01689277ffd88a3a5a958479c84620819
1788328398.896695614,EEG Signals,65535,2,1,UD2022081200650D,32,33f8e24d3fcf789661bd9e07084c82af6c7a0f0416da433215113372cad7aa6c
1788328398.899691343,EEG Signals,65535,2,1,UD2022081200650D,32,b5ea8faec73cebb7c544edff52fefdd365eae5e44629e92fa54cc2ceac4db73f
1788328398.903700829,EEG Signals,65535,2,1,UD2022081200650D,32,45c3912b543498b11116caab2613629cac9f51f353d2ec58b2810f4693571666
1788328398.907688618,EEG Signals,65535,2,1,UD2022081200650D,32,b81aa3395568d98beb9629fea643e7d90a4c543f9e11c30d3727704945cbc7f2
1788328398.911693573,EEG Signals,65535,2,1,UD2022081200650D,32,0353f37d55ea6a738bbf1ad8984eb148c144d316e01b15faabc5edefeceefcfb
1788328398.915700674,EEG Signals,65535,2,1,UD2022081200650D,32,c2c5a32a27f7c1d6fd10fef3b8b767de88931c2274721eb1c322be7a695d6769
1788328398.919704437,EEG Signals,65535,2,1,UD2022081200650D,32,f787de7edab44a1abd063e90a59facbd49dc8b54182fa8225b556b46a925df5a
1788328398.924710035,EEG Signals,65535,2,1,UD2022081200650D,32,c97e0c27f335fbed6a657c5cdc3d3ad8e64f716ea28f8849b8b871f3c7111704
1788328398.926712990,EEG Signals,65535,2,1,UD2022081200650D,32,3e6ab402bab7d9c87f7700a6b30fea06600c6c72ff342d99bc44b3db75ef1fef
1788328398.930692911,EEG Signals,65535,2,1,UD2022081200650D,32,4f806f020c9ec0e594683921a4b5d369c1c8f19fba16b24d3cddaf7e4a236615
1788328398.934705257,EEG Signals,65535,2,1,UD2022081200650D,32,0a1e4833eea6302d64906ab1899e87b568cd0f2405ec4fca0f77ebc26ff6429c
1788328398.938730001,EEG Signals,65535,2,1,UD2022081200650D,32,fa099b819321bb0bf6ee2aa3501f319b3599bdf7162afa13cd7cc95e0f7a3f39
1788328398.942723036,EEG Signals,65535,2,1,UD2022081200650D,32,5f1764c42359e1873334a493c569068c11b251a69a0da26ead19bcd6f3be5c22
1788328398.946707487,EEG Signals,65535,2,1,UD2022081200650D,32,914a64eb0547180082b64ad13596d0ab6f4ed98cef4ce254b9e5cd9e0a16aad9
1788328398.950709105,EEG Signals,65535,2,1,UD2022081200650D,32,a3bd81aa9e8e4469e07d08fb8222f4fe2c5eaf804f1f31464ba3b0b1c3fee75c
1788328398.954724550,EEG Signals,65535,2,1,UD2022081200650D,32,d612097d5e4938b5464457031060ade26598a218dc489b7119b9d9bfdc8e75a7
1788328398.958694458,EEG Signals,65535,2,1,UD2022081200650D,32,98ff8a744809154f11447422c519b830be72c6e9aab51588713f4229aa4e7b3e
1788328398.963710785,EEG Signals,65535,2,1,UD2022081200650D,32,cef26a06da87e49ae4cf864fc5a9985f7192472a3be76aa0b77b356f8a5cf4b6
1788328398.966703653,EEG Signals,65535,2,1,UD2022081200650D,32,349b2ded9096abc60d436e5c6c6187c91cc652af8f3c3e25c15342ce65340145
1788328398.969689369,EEG Signals,65535,2,1,UD2022081200650D,32,41875fcbab346d8c2d378b5fd087714aff3b280fa00d8b9cb9869a73b97b992a
1788328398.973696947,EEG Signals,65535,2,1,UD2022081200650D,32,fa80dd1b7569b7af08f7e8befd0e9a2baebad60a176f42ea9af4239deaf2c628
1788328398.977716923,EEG Signals,65535,2,1,UD2022081200650D,32,969d9d2703844055400fa982247470ae56c60bc5d9d5da84a61bf237dbf0ed23
1788328398.981716633,EEG Signals,65535,2,1,UD2022081200650D,32,ec5ab5cf01f95ac2c4d7ba3f68d08b75c632829147c2c1a405176a8a5e4fdec2
1788328398.985716343,EEG Signals,65535,2,1,UD2022081200650D,32,d7374f0ba51beee16bc2c675f208c3b3ae79ad38f6d13d4020b3551d08fa0008
1788328398.989709139,EEG Signals,65535,2,1,UD2022081200650D,32,957a7a93da3d108a3b4ac41b1eaab17e5e2d2ff6e6a51332ab2fc7d9c966643b
1788328398.993791580,EEG Signals,65535,2,1,UD2022081200650D,32,09ac53023f257144941dbc46d45ad74c43086d2523b47333783add81826b9e9c
1788328398.997717619,EEG Signals,65535,2,1,UD2022081200650D,32,52c027e88a7deb365d3851a332583a03fa335802116547f3a864d39920b6904f
1788328399.003721237,EEG Signals,65535,2,1,UD2022081200650D,32,fe340468881fa2c4202e2fcbc41c1b984d0683e44ab2f1de210ce09dfb0f1c1c
1788328399.005713224,EEG Signals,65535,2,1,UD2022081200650D,32,cc969bae4b62efde5b36dbc96b00b718167d4252e62c68dcf6f36cd65629f0c3
1788328399.008711576,EEG Signals,65535,2,1,UD2022081200650D,32,b4ec9e809a167bc895411eaaade0f4cd429188a337b2dda3b08cfdeaddfaeae8
1788328399.012719154,EEG Signals,65535,2,1,UD2022081200650D,32,37da2e36a8c2fc39d158a8f59933acf4d678e08441d96700186e7056202751f5
1788328399.016718626,EEG Signals,65535,2,1,UD2022081200650D,32,5af76544482f6b82dbd065bcc5d97ae7ca3f29d48ea4dc49d9b6122265371a0e
1788328399.020716906,EEG Signals,65535,2,1,UD2022081200650D,32,5339c70ffe04d6a9d94aca7283eb3e05326af014ed2d2ea694bc29c1875ea70d
1788328399.024708509,EEG Signals,65535,2,1,UD2022081200650D,32,d6ce36eab4d27d8ff97583cc32f38dce22949b488b8daeb9b7e4a49fb04f71af
1788328399.029722452,EEG Signals,65535,2,1,UD2022081200650D,32,faf0105dc2d4ba28d8f69d71f4d0cbbf1de5584608e51458c6ac5c2ac1ef7051
1788328399.032700300,EEG Signals,65535,2,1,UD2022081200650D,32,feaf961c0d1ea2d4336c29dd76b40455a02f0b580e97cb52fd40c555ff1cad3b
1788328399.037713766,EEG Signals,65535,2,1,UD2022081200650D,32,c54d0e145038d8cf4b52ca69edf704369c955a444d0bcc1191f2d1b5f96864fd
1788328399.040706873,EEG Signals,65535,2,1,UD2022081200650D,32,797ca1e896490e7c21a8d3b7cb14ade1c6cea89204093b717150ed1d8585d169
1788328399.045738935,EEG Signals,65535,2,1,UD2022081200650D,32,105515272a0cf8c57fc94a94e91bb81ce6833e4c05c22edd48b98dad1e15fb40
1788328399.047723770,EEG Signals,65535,2,1,UD2022081200650D,32,0740358fb63296a06a6a1abf7404eb33b754fc8bd0a8e624a163ceee38aede5a
1788328399.051703691,EEG Signals,65535,2,1,UD2022081200650D,32,2cb252f86b4f4ba9bf7b0ebabf538f8b631058b45dcffa94cb3240842dd57fc1
1788328399.055714607,EEG Signals,65535,2,1,UD2022081200650D,32,d7f24ba4636bf063e5b13bd861d8da9d9e891f348f4b64b952bc0ccd28a08ec8
1788328399.059725046,EEG Signals,65535,2,1,UD2022081200650D,32,1c8f85c2b16e85326cd70d60bae57cafe398199be2cf09b2a73d8f47c96bad69
1788328399.063709259,EEG Signals,65535,2,1,UD2022081200650D,32,cd3c0c103813bcb11d06e0d0da514b8cef442848e72acbeca2adbc47902aa8b8
1788328399.069700956,EEG Signals,65535,2,1,UD2022081200650D,32,bf9269dbfa5f16f084d37d54fac733332686793fecbef518556375d40213b409
1788328399.072710514,EEG Signals,65535,2,1,UD2022081200650D,32,73154423c879aa1f531e1e028b188218c55eafb4693f340fcbf8001f22b9dacc
1788328399.075699091,EEG Signals,65535,2,1,UD2022081200650D,32,9233e43c54e4b3e8fb100d62a91210684e13d86e497933b7c26b4a685ea90ed8
1788328399.079709291,EEG Signals,65535,2,1,UD2022081200650D,32,7460a62cfd70a30bf2158b5f3297f8ff25c5ac1690f8c377fc9ac5b5b1d43c42
1788328399.083707094,EEG Signals,65535,2,1,UD2022081200650D,32,a1f4f12a914e39b0f866c547c95967eaa285fa119ef9c1e073dfc2a7d39b947e
1788328399.086705446,EEG Signals,65535,2,1,UD2022081200650D,32,abad794bb1fbea3fb63c5d637ac8535a348bdb1cd087190cb0455c082a571482
1788328399.090694427,EEG Signals,65535,2,1,UD2022081200650D,32,f2516bbf9bf949e3a84122fcabc36c1e1f4e45438372b9f5fef2df0ca59b0ef3
1788328399.094707251,EEG Signals,65535,2,1,UD2022081200650D,32,2df061dc1dfe61aca470d9dfa6026253efcf7df6c6262b2a3ab753829e8330f5
1788328399.098719597,EEG Signals,65535,2,1,UD2022081200650D,32,0703ef5a2d545acae77bf67bb6714ec49b2992eb61df1a6734bd75ac6f632a10
1788328399.102716684,EEG Signals,65535,2,1,UD2022081200650D,32,e0adde9fe4f7c811d5ed5fceecab4f4cbdf2bf394ad2f35610d685cc799e2477
1788328399.107720375,EEG Signals,65535,2,1,UD2022081200650D,32,78b6d3c4e60fd4ec83e10aea9b87973d62642927980751cb420f6486a2e29803
1788328399.110751390,EEG Signals,65535,2,1,UD2022081200650D,32,ef350c6897c446920df7bd9b6a972a4611c5553c4c50981d14e8102e85cc9163
1788328399.114724636,EEG Signals,65535,2,1,UD2022081200650D,32,b44ebc8e180a847c5975c535351ab498c841dbad56c1f9d4571fc979440e75db
1788328399.118725061,EEG Signals,65535,2,1,UD2022081200650D,32,631fe89774f16deb92f9b53e679e8ca88ce2b5dddeb64b5ba3cc0f2a28252836
1788328399.122716665,EEG Signals,65535,2,1,UD2022081200650D,32,61b70a0b9b98a039d340916e2f6927930b37298942eb2059bb39bb0e8de076da
1788328399.126719952,EEG Signals,65535,2,1,UD2022081200650D,32,e47257c87a6b3dab5fc03f7caa614e9e6005837403bf4f34f9ef9f8a40e63aee
1788328399.129711628,EEG Signals,65535,2,1,UD2022081200650D,32,2a4b6a4d39e1cdd0d949b3bb6c728958e1569b8a509048b004c70a9501927e92
1788328399.133712053,EEG Signals,65535,2,1,UD2022081200650D,32,029de73937c6541a160a45e99d313fa7228e556c58fbb16fcc28f34643dd6641
1788328399.137709618,EEG Signals,65535,2,1,UD2022081200650D,32,d79d98262bfcfb174f3e492f64aaf0c3265de3980f402e361aa4ac0639727f46
1788328399.141710997,EEG Signals,65535,2,1,UD2022081200650D,32,00bb739e83e4480d492fab04a7cce5d046acf5af7a4acef31f0756676a392108
1788328399.146737337,EEG Signals,65535,2,1,UD2022081200650D,32,1b29326044484920ca420473d8347d1612b0be70f5cd9573fae7676d22bd4678
1788328399.149705410,EEG Signals,65535,2,1,UD2022081200650D,32,98e1e0ea62493d5b75305c51aa1287259d6501004d2fe3a9201ec672539e539d
1788328399.153700113,EEG Signals,65535,2,1,UD2022081200650D,32,9c42085da12766d299e31b49f87cba3a9f802bb939b10c72f5e7ead39b3cb945
1788328399.157722950,EEG Signals,65535,2,1,UD2022081200650D,32,53732c5aaf041d9c420b83c9df18c97de7fc0b46c0593137544713ca82bb236e
1788328399.161719799,EEG Signals,65535,2,1,UD2022081200650D,32,3b6dabf6b0478ff378787c7ea5bff3b0edc91a4ac20ec2a7b0aa45792f292b76
1788328399.165740967,EEG Signals,65535,2,1,UD2022081200650D,32,727703b666a9323ed4ab5ee2ca341a6c784542ca2db73826f147f294426ed84c
1788328399.169722319,EEG Signals,65535,2,1,UD2022081200650D,32,d0659a90f7fa568f9dc220cc1034a9bd6b2eef3cb4daa09d1e2a595500ce7f60
1788328399.172716379,EEG Signals,65535,2,1,UD2022081200650D,32,2e7e9a21b288813f0f8cded2bd53b36e86bae9736947b9d5b1029836dce034c8
1788328399.176722765,EEG Signals,65535,2,1,UD2022081200650D,32,93cceb43718fbc1c46825778695c4de4a66c8816689109391d20af591f21f46f
1788328399.180715799,EEG Signals,65535,2,1,UD2022081200650D,32,4f625b1ca84a782e7d64a7bd296aab78b4963ddadf2eaa95bee188e1248c39a7
1788328399.186725378,EEG Signals,65535,2,1,UD2022081200650D,32,59402c5b0ce7d87d4065a680f1151fb3801b87edd714933642d1d6082cde1e24
1788328399.189697981,EEG Signals,65535,2,1,UD2022081200650D,32,ee57e3d9843cf50a457cfda885a41a7bfa996528cd53e1b1adf7b6a8a8f4df0b
1788328399.192700624,EEG Signals,65535,2,1,UD2022081200650D,32,28cc3eb51df119379e949b943d65d54b4ee5ad0265be931b0896cd6faf326130
1788328399.196710587,EEG Signals,65535,2,1,UD2022081200650D,32,8461550bd40266ef33ab6e11782af02bf2634fbff946f9528ee5d93b1a407573
1788328399.200713873,EEG Signals,65535,2,1,UD2022081200650D,32,4e7e9aaadf92466f5c61bb001ac83798047e37c70047570a0116a6466d56d4c6
1788328399.204721928,EEG Signals,65535,2,1,UD2022081200650D,32,3f02829fa51c5709b5d99a742ea0e5a90aa1d8959a1621afd34a0cee25b5e347
1788328399.208779812,EEG Signals,65535,2,1,UD2022081200650D,32,7e8d132d667fc6106d66443eba405b7ccdeabb53e2613d775e047c361e6aa3e7
1788328399.212704659,EEG Signals,65535,2,1,UD2022081200650D,32,85277d93b1c45e5ea7bb3af8e9f6221c3cbf8437cf68e5fa6ad53b03355a1ff2
1788328399.215700150,EEG Signals,65535,2,1,UD2022081200650D,32,045a6b4e1116b91fdc1e4320e64d305d2ab6c72c2957927c2a3d91540aacdd82
1788328399.219702005,EEG Signals,65535,2,1,UD2022081200650D,32,0c1cab47ecdd3edab3c89403ed9a876448300c00c6bc0f7c3fb8beb6d1d6b69a
1788328399.225716114,EEG Signals,65535,2,1,UD2022081200650D,32,5a73d9e7d806272f149d685d6973e5d993668fe51ad678533bc3f8ff8c556691
1788328399.227813721,EEG Signals,65535,2,1,UD2022081200650D,32,86883387dd5328c3f6e7e0c0908ea2ae4e45a17905266109280bf415400e2f2f
1788328399.231706381,EEG Signals,65535,2,1,UD2022081200650D,32,ebeb09468207094e00018d85bbf5800e2967c2cf6393e7ba5ed1c40d143ea343
1788328399.235704660,EEG Signals,65535,2,1,UD2022081200650D,32,f8ac32e3b5e9fdcb7abcbf7e0f7ed97ce079981821fad616a83c23b78c9da672
1788328399.239712000,EEG Signals,65535,2,1,UD2022081200650D,32,dcee36d4d7c7ed92603f28b9fbc8b16ff0c1dd00a9385e475af0d7b9490685ff
1788328399.243741989,EEG Signals,65535,2,1,UD2022081200650D,32,dcce1e8cc05497f1ec3ccbca126f577a1251ab9a8419c4491362bb1a74d0930b
1788328399.247729778,EEG Signals,65535,2,1,UD2022081200650D,32,ec576c504420e8c806bec530c15239a664676528dce0b153927c91f4e732ff05
1788328399.251720190,EEG Signals,65535,2,1,UD2022081200650D,32,aa8af44f4a72feffe2f2e8373c7da30ea9f3b7dc576e545e505d27d8b292885c
1788328399.254721165,EEG Signals,65535,2,1,UD2022081200650D,32,26b2c0daceb7fc8baa8520a8ca10b9b0e329b7659eab2c8f0871ef13f1831974
1788328399.258821726,EEG Signals,65535,2,1,UD2022081200650D,32,6b5c24cc8f5334195500f141867b8319651db15088d8db3075b1ba8f3d27a98d
1788328399.264725208,EEG Signals,65535,2,1,UD2022081200650D,32,b1a9cf0b2ba7e49772ff563db9e27db343b5efb4d460e21df1b8f9aeab4b4649
1788328399.266710043,EEG Signals,65535,2,1,UD2022081200650D,32,755791049eadfbbb30a7d83a3d68d47bf296788c768894428f2b4217fb32d120
1788328399.270714045,EEG Signals,65535,2,1,UD2022081200650D,32,b1bd0976499d7a880bef866448b324cb876ec14cefbc90a431fc050cb8545064
1788328399.274713039,EEG Signals,65535,2,1,UD2022081200650D,32,0de379dd111efae03d4694ec9ac255c75dfadb76bc597b3cab69b344fb16a5b1
1788328399.278727770,EEG Signals,65535,2,1,UD2022081200650D,32,1c14d353169aa18d493bc30b0c3cfc4cfcb32e5aed911fde5176864a8ddb6e5b
1788328399.282725096,EEG Signals,65535,2,1,UD2022081200650D,32,e657c5e5a50f42ec268389f9d8b891655359184c37394e02056746eabcecaf5e
1788328399.286715984,EEG Signals,65535,2,1,UD2022081200650D,32,32ae68068a3dc2fd2c21dc8fb3518f200fa504998bc5108ac92b6720d8ca52e4
1788328399.290713549,EEG Signals,65535,2,1,UD2022081200650D,32,fb6569c446740320dc17b6f2672b7b4c5ee0f7c355ca8b40fd114de2fd22f63e
1788328399.293710709,EEG Signals,65535,2,1,UD2022081200650D,32,475f62211b026c9dce85a91dea283e2d8a8b3bd81bca89a1e112fd61c99ab1ba
1788328399.298729897,EEG Signals,65535,2,1,UD2022081200650D,32,26dc84c75c3a21b794cd53aaaaf879f014b2f788efe694e7fb45e40a62ef8cd9
1788328399.301718473,EEG Signals,65535,2,1,UD2022081200650D,32,c8cc7942f6059f00244c558c210df65f02580d76dfc7dbdd909914c4f0ff3a69
1788328399.305716038,EEG Signals,65535,2,1,UD2022081200650D,32,dfb262e2511f86f95a831f9cef111d16bf8195d6ebeb487a72f5ec93a2032414
1788328399.309750557,EEG Signals,65535,2,1,UD2022081200650D,32,2452e4e321d33d2f0e43c6009265b47554c177da8de40ba47554a2f9c01facad
1788328399.313725471,EEG Signals,65535,2,1,UD2022081200650D,32,822b85aff50b7c5b72cf561fa38443026e363872ac235369383bd453b7009c79
1788328399.317713737,EEG Signals,65535,2,1,UD2022081200650D,32,00ef49fb2bb5e36a0d45843e18a6995193c57af99710875057dcccac89265218
1788328399.321725130,EEG Signals,65535,2,1,UD2022081200650D,32,281266a9981d161c26179c1898f7542e483e286eacaee9449a848d10aaaa26b8
1788328399.325704336,EEG Signals,65535,2,1,UD2022081200650D,32,2304814b94473fafbc750d94acdedfed649eab644957bd4ec3f9f5e61c831222
1788328399.329731703,EEG Signals,65535,2,1,UD2022081200650D,32,b6941c377c1fd28e97868d487dd0f82c2b7fae24d88ddbd3b0f90557fbf86837
1788328399.333710432,EEG Signals,65535,2,1,UD2022081200650D,32,e7fc6305e64891b97f23050cc4c1d51ef6cd85fe65cfff89348565c4cf2be6b7
1788328399.336718559,EEG Signals,65535,2,1,UD2022081200650D,32,efe90b338eee52fee638569ef76adb97a0dbf2d5da8a3bb0c897983dc95c9ee1
1788328399.341719389,EEG Signals,65535,2,1,UD2022081200650D,32,88ffa174e3f046dbd7bb4714abf0ce72b622eda782c4fdc36ef36f505e1049d4
1788328399.344719887,EEG Signals,65535,2,1,UD2022081200650D,32,ca28f3bfcdf403dde6c58f9f50b419519b992adcc6df346bb6851615f889e517
1788328399.348715782,EEG Signals,65535,2,1,UD2022081200650D,32,605ac8189765d8ba00a42b2630849cf4a727f28ab1deec9c029fd8225355751b
1788328399.352720499,EEG Signals,65535,2,1,UD2022081200650D,32,f5a24c1a3854f5f23b6e7c8cd8a529364104c0075f34e0566a4f0bd1418bfba6
1788328399.356708765,EEG Signals,65535,2,1,UD2022081200650D,32,80e851610dce5b67c7a62fea56ea8b005d3a62d0ebb1b314118dfbb38535807b
1788328399.360727549,EEG Signals,65535,2,1,UD2022081200650D,32,6bb0838efb0945cda56dcbd311433d3123e68522d5615f029a9dbbe4f5d0cb3a
1788328399.364733219,EEG Signals,65535,2,1,UD2022081200650D,32,d87091f8c1fad80d527ff72374bf05fa04fd419d2d7ec172142105bcb52afe90
1788328399.369735241,EEG Signals,65535,2,1,UD2022081200650D,32,1e1e8e1c49f843d6e873daa92d5174cbdbf539216a433bd796ed6ab92d968c37
1788328399.372722149,EEG Signals,65535,2,1,UD2022081200650D,32,3b03af77a07116b9727238b0184e995000c3477ed388bff451ef12cd705f2934
1788328399.375727177,EEG Signals,65535,2,1,UD2022081200650D,32,28c70df7827d55f27619ee5a9bdf10bb1df6f15cf1f46d73c0e4fa788495ff6b
1788328399.379775763,EEG Signals,65535,2,1,UD2022081200650D,32,6648babea209ee7aa50f7a31cde1e5f2964b895a6ba238bb34bd9753eed94dec
1788328399.383733511,EEG Signals,65535,2,1,UD2022081200650D,32,2910be116bb78f2265ec2e6f59c29966984decb88e752726254b71709eb8e476
1788328399.387716055,EEG Signals,65535,2,1,UD2022081200650D,32,1effa4862f474b75d50395ba207c52162da91e65f9cdb5126847bb5e6762481a
1788328399.391710281,EEG Signals,65535,2,1,UD2022081200650D,32,431e6f8bae135819175eb081e0fe07ff3c92a7639fda38919390b0f5475f0971
1788328399.395740271,EEG Signals,65535,2,1,UD2022081200650D,32,84882b48de642c0a32a29107968415ed744a7d17279a93fc33b1cf3cb522ce96
1788328399.399733067,EEG Signals,65535,2,1,UD2022081200650D,32,3699952d3b9480d590a819d4103d58bfdd221df7ea80f7e1e51b1ec3544f08cd
1788328399.403718472,EEG Signals,65535,2,1,UD2022081200650D,32,ff14f7f194e26056e88b6649597f3f3d916f17e5722e947ad07f5fffdd1388e6
1788328399.408708096,EEG Signals,65535,2,1,UD2022081200650D,32,18b2b7393a7ef945607314b4c675f3999d07800d044f1a91dec7e2b0c079aa03
1788328399.411713839,EEG Signals,65535,2,1,UD2022081200650D,32,da9b4c89bfe1970039e07498d6f115c791b3862748b688dfb3c2c9a1c6f54302
1788328399.414702654,EEG Signals,65535,2,1,UD2022081200650D,32,760cb0b34e8564ae2c7172cebc41865a2ae92f22a38c1816d86b6887a23e8afc
1788328399.418709993,EEG Signals,65535,2,1,UD2022081200650D,32,6bd1b57b6f8230957355c0208cea943ce84f34dd0361422281d434ecb05871c3
1788328399.422700882,EEG Signals,65535,2,1,UD2022081200650D,32,308a90893b22333d11f42c19379a445952a949626da8b8d7818baead6a86e1bc
1788328399.426710606,EEG Signals,65535,2,1,UD2022081200650D,32,0416d759b9861c19f07ac5162c531b4b131edfe0775b1c6729fb54df314f9113
1788328399.430736542,EEG Signals,65535,2,1,UD2022081200650D,32,66baf34d1c17e81770dcbc902d62f1f4754a8a7d3975cc9903ffb430bfc7de48
1788328399.434721470,EEG Signals,65535,2,1,UD2022081200650D,32,8281541b6c40c2f01e4151ede9d38cbbfa7f400c9b07c3d961e113399e6e125c
1788328399.438732386,EEG Signals,65535,2,1,UD2022081200650D,32,41e189180d68291d19efd5fe6fdb2890f4de55e1ec2323a48952e96d4c7d76af
1788328399.442717552,EEG Signals,65535,2,1,UD2022081200650D,32,a3436cb67fbf0e2bc38b666089b233d6cb173618df6e4d53be7bc8f7398de4dc
1788328399.447728395,EEG Signals,65535,2,1,UD2022081200650D,32,eb9c83c0e5c65f0fbf9da219640b988460166f13bd13bc09107cde466f9ce2a1
1788328399.450706959,EEG Signals,65535,2,1,UD2022081200650D,32,876efa0adc53a163dd7e37cfa40c6320d428ab63c64ff7e1b5400ac2e8d179dc
1788328399.454730034,EEG Signals,65535,2,1,UD2022081200650D,32,916a3541371e07f03cad12d9f738b06469875213f4dccf2ad2dc0e06edb0e987
1788328399.457732201,EEG Signals,65535,2,1,UD2022081200650D,32,8a9f699f47cad5db81733de777ee822021bd8ccb7e44309e840cc6e14433774d
1788328399.461752176,EEG Signals,65535,2,1,UD2022081200650D,32,3478e9280d7854e5442193fb76bb60aebd6d60c137ab1d929649050c037ce690
1788328399.465719461,EEG Signals,65535,2,1,UD2022081200650D,32,13f849b3c4710370316a786d273f597034b79867e613fb476d1c402f4986e81c
1788328399.469734907,EEG Signals,65535,2,1,UD2022081200650D,32,a3cb1c30a9c715e81cce474b69efbec66c8bfe2c1c5c8809fc5c4b4fba12b68d
1788328399.473721504,EEG Signals,65535,2,1,UD2022081200650D,32,313952ac213f39f4cc83273c68bb5aec5da6bbadfd9857753a67fc7989f95819
1788328399.478724241,EEG Signals,65535,2,1,UD2022081200650D,32,7a081d2853617e71db02f2db490540845d38b77c8df176322f8721d3c7ad6535
1788328399.481715679,EEG Signals,65535,2,1,UD2022081200650D,32,2684fe49821a99aacfa241a5619f576035bc3e25ef91489503a9ceb970607b54
1788328399.486718416,EEG Signals,65535,2,1,UD2022081200650D,32,c2b2bb322546f85ac3eb12e9f793bec4d6cf4b217fa0f99a86cfd5a51a774ad4
1788328399.489727974,EEG Signals,65535,2,1,UD2022081200650D,32,a05c332cd259bc79cbed48bd5a8f0bbba47772a6ad40c3fe4d80c4419bb8af05
1788328399.493717432,EEG Signals,65535,2,1,UD2022081200650D,32,e704636f97e71d5df01def39ab39fc2326891c1469fb3641588f69b445b48b7d
1788328399.496722698,EEG Signals,65535,2,1,UD2022081200650D,32,81220e202d07f67185067545bd7dced3b6e1fde34985f1ea7ebe34d9640b5d1e
1788328399.500724316,EEG Signals,65535,2,1,UD2022081200650D,32,a3e3f8e127b8f9e4eb0969b0bb2dddc534fa51d1be94406049ff3022667f009d
1788328399.504710436,EEG Signals,65535,2,1,UD2022081200650D,32,47068f2cd07d471fdfeb7c50eeab565d8df6f5f9d3fe20c12c2f6a8abda9098a
1788328399.508724213,EEG Signals,65535,2,1,UD2022081200650D,32,bfb3222741039e5260e9901a56f921f0c014c35f2f02586f29355f85971b8073
1788328399.512727022,EEG Signals,65535,2,1,UD2022081200650D,32,0d60f1b5709d151220e8a3c2bab53bf8886ec6eefe72674758fd4272d20429b5
1788328399.516714811,EEG Signals,65535,2,1,UD2022081200650D,32,85f0a4f4ce867f9304f0a0a63ddbb2731f79e8c5491b39de94b22f783b417dda
1788328399.520727396,EEG Signals,65535,2,1,UD2022081200650D,32,6d107b0c9c3d54ad741db3019700f85271d76b82b8208ddb3427344d4ec06448
1788328399.526717663,EEG Signals,65535,2,1,UD2022081200650D,32,ad5bb86a827eb7a8733f5bf34c365bf68db08368c5710f2b58d19aafae889ae8
1788328399.529711008,EEG Signals,65535,2,1,UD2022081200650D,32,56e8aadf405dfa756903da547ab31cbe54f5c53e82c288113af03d079c500db2
1788328399.532701254,EEG Signals,65535,2,1,UD2022081200650D,32,d780633bf8f0a2183ff8b1abc23d752969b8b299050d4cc5631d3e9f611d153a
1788328399.536725283,EEG Signals,65535,2,1,UD2022081200650D,32,0cc562f0df3ad3f3da8f0367e240e02423949b86b53d833dccceacf915fba6b0
1788328399.539707422,EEG Signals,65535,2,1,UD2022081200650D,32,0e093c30b9888c29c226733c62f5732e479bfc1858b227854d612462723d22bf
1788328399.543731689,EEG Signals,65535,2,1,UD2022081200650D,32,16bed05e1dc665bc3f7490e5e56c91765aaf4063725d6ed006b75b8131a9f408
1788328399.547717333,EEG Signals,65535,2,1,UD2022081200650D,32,ce883b301efba674707c89f8763b03c0f8ac280c76f62375280831197a51fbcf
1788328399.552737236,EEG Signals,65535,2,1,UD2022081200650D,32,31c48afc78dac03476d6208375f568c41246f118f88aa702fad85f69efb9fdbc
1788328399.555728912,EEG Signals,65535,2,1,UD2022081200650D,32,525835c5b37634af6b3065c16ac500afd63cb3c60f2f0ebc844280d25a54ae77
1788328399.560725212,EEG Signals,65535,2,1,UD2022081200650D,32,77160e1e9bf29236383fc6fb61af5ed6837501a3983ada4e66892a374ee73b01
1788328399.564737082,EEG Signals,65535,2,1,UD2022081200650D,32,d0f135834f2d1d68067cef569f0081885342bcbb3b80cbea497d6ed4ffbd512d
1788328399.567719460,EEG Signals,65535,2,1,UD2022081200650D,32,c87de9812778169c8b31134b7bf323390274fddd94589700b1a0d605a894cffb
1788328399.572732925,EEG Signals,65535,2,1,UD2022081200650D,32,bf45bb3f194b5ffdf533b045649d6bf1eb1db01552d8a53ef1445958cdfcf7fa
1788328399.575753927,EEG Signals,65535,2,1,UD2022081200650D,32,62f47b155af2f5938fc4545f1c27a4b8874d9bc6b84dd21901c9c20208d75403
1788328399.578727484,EEG Signals,65535,2,1,UD2022081200650D,32,8e25328d2e6b1cb397651b1104e0d4e07246799a79f0a8e130feacd48f02a34e
1788328399.582727671,EEG Signals,65535,2,1,UD2022081200650D,32,0a5f428cb75116a66eae9ce58c574219798bdee23edd7347aef5296c6af34d18
1788328399.586720467,EEG Signals,65535,2,1,UD2022081200650D,32,edcc4ad2a5ce5cb9cfc097a52529a9d0c6c0d8f15c432ceeb8e711cfcbca7044
1788328399.591736794,EEG Signals,65535,2,1,UD2022081200650D,32,2ba3566ef3caddfd1999241aa6648a6455e868b2066508d17e736d7a2f87857e
1788328399.595745802,EEG Signals,65535,2,1,UD2022081200650D,32,a22508da17f6bcb55a24f0f87b92e852bcf16ffb8c1349424d6c317aaade1773
1788328399.598723650,EEG Signals,65535,2,1,UD2022081200650D,32,c6146c352f20b0c932bd740132360e4598652035602a187711fdd770ccc5d775
1788328399.602707624,EEG Signals,65535,2,1,UD2022081200650D,32,11b4387a88cca3241e695bc1dad388b3661605707ec4fdc80de35759865fc26b
1788328399.606725216,EEG Signals,65535,2,1,UD2022081200650D,32,5d30d960b9ad335397aa24ec1ac0391fd7cea82df78417783def0b9d20bf056e
1788328399.610724926,EEG Signals,65535,2,1,UD2022081200650D,32,4114c6f40b42241921b1a8922ced517598b85f08db805470cc12dd0cc80bae29
1788328399.614739418,EEG Signals,65535,2,1,UD2022081200650D,32,3711b1391086769d08d6221586964827ab301698e77c46369941cccf41508e0b
1788328399.617731810,EEG Signals,65535,2,1,UD2022081200650D,32,35eadc4b8bb7fd132926f0916a2998228a23b6d84f55c580cdd2c8fb44550449
1788328399.621741295,EEG Signals,65535,2,1,UD2022081200650D,32,e489232f985de6ec84e680124d7bb8b8fbcb3936e16c37ce3d30176aabe9c836
1788328399.625821590,EEG Signals,65535,2,1,UD2022081200650D,32,f8f153bfa954d8b2de8d0d9dfdf94259642a3ce466231132a1a24d1e82a7456c
1788328399.630749702,EEG Signals,65535,2,1,UD2022081200650D,32,8856de01c5bac4507f9ff1521d50849397101ba2fcaa8799d484d0e77b57ab70
1788328399.633723974,EEG Signals,65535,2,1,UD2022081200650D,32,974f97a3a80a66acd44d6248d7b438e2ef2e5d5b9453b13c4c86812965e043f4
1788328399.638729334,EEG Signals,65535,2,1,UD2022081200650D,32,8e3f26b4d36f8bcee439b77e4a08fce073689d818a6f9b64de7e8c87b93997e8
1788328399.641726971,EEG Signals,65535,2,1,UD2022081200650D,32,62f24b8c0c85541c5b87d335a9f6a76e0d329c644ae30f70854a5bbdf7034f4a
1788328399.645753860,EEG Signals,65535,2,1,UD2022081200650D,32,7a2a6f42ad9a1caa3c2fc8edab5d550a9fa6abd48048bcbe3a8f45bbc7d0daf5
1788328399.649727821,EEG Signals,65535,2,1,UD2022081200650D,32,c5749f896bcc9f34fd4038f5a2ba3deb943826c31507bffbe75e59f0cd29f12a
1788328399.653725147,EEG Signals,65535,2,1,UD2022081200650D,32,d8d9fc6d0b4383e2711f3e26f48f858f4c4590847c0d767b676cd9ffa17bfa1a
1788328399.657723665,EEG Signals,65535,2,1,UD2022081200650D,32,c54a7460eb79d66cc37439f6002b4f25822390e7b4725aa620a3a6130550ccd1
1788328399.660728693,EEG Signals,65535,2,1,UD2022081200650D,32,b8e684517e813bb773cd5e73dc72705d390c12d393a1069766988fca3e9ef412
1788328399.664719105,EEG Signals,65535,2,1,UD2022081200650D,32,79484158312bd0b908478bcc7d5095248d3789e6bb34accd9736480a3f94bd30
1788328399.669722557,EEG Signals,65535,2,1,UD2022081200650D,32,a0a23dbeb79e600fa3cebc2d4c185c00185f496f68bf848e3551b1965f2a308b
1788328399.672720194,EEG Signals,65535,2,1,UD2022081200650D,32,ec226727db1663533586c8ba2120e0eb0d3f3739c0e26e537b4a37b040f1e422
1788328399.676750660,EEG Signals,65535,2,1,UD2022081200650D,32,1d659868e14337f24558e05dcd569ff91ac480dc03f6c659e0832839eea83572
1788328399.680734634,EEG Signals,65535,2,1,UD2022081200650D,32,e031c5242ba4a3a956cd8f10c543c112fea2c9f3dfaad00eb3b022ed89eeff0e
1788328399.684719086,EEG Signals,65535,2,1,UD2022081200650D,32,413bab27ab49ff6c1e6581d9d4f88c4b1f480defd0c8f7972f15a48fdde78f03
1788328399.688720226,EEG Signals,65535,2,1,UD2022081200650D,32,022c7cc7fb596ef28a916dab4aca41438936090685f0a15b661e2fae0ea71a12
1788328399.692719698,EEG Signals,65535,2,1,UD2022081200650D,32,be587977261fc7a6e6ebbf8d5e8d0e7daecb2c8f74ee2f6258fee9e5539c6e4c
1788328399.696730852,EEG Signals,65535,2,1,UD2022081200650D,32,6f57b9b7ccc38786ce69841bbc0cb65b841eedb56e0a59653289ecb001630c9a
1788328399.700726032,EEG Signals,65535,2,1,UD2022081200650D,32,8f96b9d5ecf56ae3dbb318c2c5c9d61823c061af343ea6c929b4bbf6b44f4d1c
1788328399.703707218,EEG Signals,65535,2,1,UD2022081200650D,32,8c21767d89bd37d4c4519dc4c52f5a0e6b39742e9c7281a89b158613486f4869
1788328399.709734440,EEG Signals,65535,2,1,UD2022081200650D,32,be0782a404ff030f49e5df1866ab8d3362966574cb590d80423fc78f76ae3141
1788328399.711734056,EEG Signals,65535,2,1,UD2022081200650D,32,5e28bda75c05e890533269e3b5dc52f8fe99e567a6f0d9daa352baeaf4231fe7
1788328399.715740204,EEG Signals,65535,2,1,UD2022081200650D,32,60c79abcbc63fb147c7f74827272af970e421dcd03d0d79afcc0ec54457e7d22
1788328399.719725370,EEG Signals,65535,2,1,UD2022081200650D,32,f750661b264015bfc3fe3202e33a96c34117c783330103ab6e19910bbad4f5b8
1788328399.724714994,EEG Signals,65535,2,1,UD2022081200650D,32,f9fc0428729290288d57cf3a1669ae4fe350f7337dbf1f28f2dadad60550749f
1788328399.727720737,EEG Signals,65535,2,1,UD2022081200650D,32,1d74c7fe70d98587fc6316b71c2d6f6f9a97c723c215dabcf145d10bab3696d8
1788328399.731730223,EEG Signals,65535,2,1,UD2022081200650D,32,c4d8bb76337868cdc4e4cbe6b32138aef40b01ca7056bc4fe54d8a5329b77b88
1788328399.735743046,EEG Signals,65535,2,1,UD2022081200650D,32,a66bc87996931904af14ead87ec6204479709804de312b549fe44f63eca06740
1788328399.739729881,EEG Signals,65535,2,1,UD2022081200650D,32,102599af1c3fb088b0beead2141f7b894afda0d98a0ff1ef17bfddad995c4a06
1788328399.742748499,EEG Signals,65535,2,1,UD2022081200650D,32,e2984f57311ed615b61027bac3d2e34783eddf528007c21bd5ab646fb557eea4
1788328399.748742342,EEG Signals,65535,2,1,UD2022081200650D,32,8764244c919d955755c92bcb62418abd56fdd837253b466d41f7c88439d97115
1788328399.750728607,EEG Signals,65535,2,1,UD2022081200650D,32,ee155cddf466322b0317dc0bd5c89f391e4094873ad930684dada3854a533efb
1788328399.754725456,EEG Signals,65535,2,1,UD2022081200650D,32,0acf6ceef83bcfcb1d8d77c0a15407aa42b370ce09cdbcfb6fa6a9eb7bc7da44
1788328399.758726835,EEG Signals,65535,2,1,UD2022081200650D,32,28354aea2193a3cb227c0ca12ce2dcd9b115396768c6932b3d94891517622918
1788328399.762736797,EEG Signals,65535,2,1,UD2022081200650D,32,2fa74a3fadf18dd315ed5ac36d43ec0f7aaccd1096d83ef93f8b6de9450c67d5
1788328399.766754866,EEG Signals,65535,2,1,UD2022081200650D,32,c3ac0251154621ad1961ebe58e4a07515b804a8b66a66cc4d43550a470e4817b
1788328399.770743608,EEG Signals,65535,2,1,UD2022081200650D,32,d65d0b0ea7b07f17dc2494a90a72c7c404913e197331ad77ed594b23e90a0b72
1788328399.774763584,EEG Signals,65535,2,1,UD2022081200650D,32,012f39a9bff0427c3d01fa0d289469015638e57e76c23976de86e5e1dec19fde
1788328399.778775215,EEG Signals,65535,2,1,UD2022081200650D,32,dd25fbb11d53d370023950f40b765568ab4aae3cac3b82e75538090e4ba51b9c
1788328399.782725573,EEG Signals,65535,2,1,UD2022081200650D,32,78e94a43b7f2211b557a7cea8b928f6efad280993810ed8340b3704feaf86db9
1788328399.787717104,EEG Signals,65535,2,1,UD2022081200650D,32,232b1699f1eedb0d304e19abdb4f906a61faa3085707ff7082d923216be269c1
1788328399.789710045,EEG Signals,65535,2,1,UD2022081200650D,32,33f36c9bd221a2a3794def332d6544b6f86eb02de31123cedea785638c1e5195
1788328399.793736458,EEG Signals,65535,2,1,UD2022081200650D,32,c39c5a1093806b3a238b3c76f0c9aab33bd4b72f6406dc7b83e37c887ba09b77
1788328399.797732115,EEG Signals,65535,2,1,UD2022081200650D,32,72d9cf95b3e9913fb87ee1745669ccd0d99d97a6986b8c8e95211e46097bce8e
1788328399.801716805,EEG Signals,65535,2,1,UD2022081200650D,32,54be9ca2316e3e7f1902e73068e5704f0ed39735a2ba30f633ec1d6a0840d659
1788328399.805715799,EEG Signals,65535,2,1,UD2022081200650D,32,6de1496a573af86920bc03ce6165ddf258cdbfe3930663b58d262be34f706e73
1788328399.809715033,EEG Signals,65535,2,1,UD2022081200650D,32,d849ecb54252c05464e4d58a90e7fcbd304385f429f9833ec1b188eac2354bfd
1788328399.813771248,EEG Signals,65535,2,1,UD2022081200650D,32,3299940ae848000ded9fbbdc2cd3aaecf6664cc2c07bd60038be1070c72f1904
1788328399.817727089,EEG Signals,65535,2,1,UD2022081200650D,32,29e19de169f8f8f5c9698edd2135bd789dc7146e64ab96d69a0d4a007cdd92d6
1788328399.821727514,EEG Signals,65535,2,1,UD2022081200650D,32,67f2a59ce237f73e9ed1c4c5da875aba8bbe432c36d192767c005ff259bfc8e6
1788328399.825726986,EEG Signals,65535,2,1,UD2022081200650D,32,29308059604d9288cb0fdd5c976472c559f0bb2948aea2afe2df72324b51efc8
1788328399.828716993,EEG Signals,65535,2,1,UD2022081200650D,32,e121f31fc7ff5d812d6c661d09cf2ee55a46f080543d4cfa074651abf4d3a1b0
1788328399.832737207,EEG Signals,65535,2,1,UD2022081200650D,32,a80498b764d98830285cf0b7bb0f1a113a8eafa94d78f4e32171e70c86c24b54
1788328399.836731911,EEG Signals,65535,2,1,UD2022081200650D,32,6c263c8c2da00449aa79f0ab2e6142da16a715b75817fee9dc6034a7b090b6c4
1788328399.840724468,EEG Signals,65535,2,1,UD2022081200650D,32,9fafcf02232001f4b15534150d6edcaf3a5929d8d8b76cfb4bab9fb87b248d8a
1788328399.844728947,EEG Signals,65535,2,1,UD2022081200650D,32,4c66ba6b1021c189170491a9f172ec21692b6be0b50507318a258fd41c813c2c
1788328399.848720312,EEG Signals,65535,2,1,UD2022081200650D,32,6ee92b3f5ae36b39552b6cf5388f4c434e71e7390aa547f04f0b7516821256fb
1788328399.852721930,EEG Signals,65535,2,1,UD2022081200650D,32,cf551cbfabf2625d2091a6df5354587a5284af1b17c43c1fb4e7ecbb2a46ffa1
1788328399.856720924,EEG Signals,65535,2,1,UD2022081200650D,32,2a2b48847b0f05f26edbfdbf284396b4f20fe4f6b797c8faaaf1fe149e83c96d
1788328399.860738277,EEG Signals,65535,2,1,UD2022081200650D,32,806cfe409d870283ac3e1e97aa87e308d90970cef37f04c9ac723b0cc22459bd
1788328399.864771366,EEG Signals,65535,2,1,UD2022081200650D,32,83faf32d7d4dd6b5ece6405969594f18843fab313597e45c5fc928dc8ad1531a
1788328399.867739201,EEG Signals,65535,2,1,UD2022081200650D,32,fa64a54cfed62d7a36eb823535e2ae7618518c97153a5288dcb84b347b4f68e2
1788328399.871739149,EEG Signals,65535,2,1,UD2022081200650D,32,35fdf7aed2cdbbc7bc57382a1bfa3a1d251820cb20fa0fde826fcaa9127b7e3c
1788328399.875746012,EEG Signals,65535,2,1,UD2022081200650D,32,2bbedfeb289ff4fff4fd7e54b681e7518ed2dc58f07483a9c46020dc259af67d
1788328399.879755974,EEG Signals,65535,2,1,UD2022081200650D,32,0dfb9f2af004188dccd5a275654c192d094ff68173939e8a29be80894f0a6939
1788328399.883774757,EEG Signals,65535,2,1,UD2022081200650D,32,dfe1e6a2ea405d170655dcfe95631d6abf144e7ab2ca6739296243ebde946612
1788328399.887762785,EEG Signals,65535,2,1,UD2022081200650D,32,de6da17b1ca4868a3a4ed01025852970946106b1b0ad9e52a78af6bab1661932
1788328399.892749310,EEG Signals,65535,2,1,UD2022081200650D,32,de4368ba91d0a068fc8265bf70b4dc688deba5dc64eb304ea7f3511a9f996d66
1788328399.895747662,EEG Signals,65535,2,1,UD2022081200650D,32,3fa4f436e88118778d12e559814e1e5dfb4c2fc00d8ec3729dc984172830ea28
1788328399.899741173,EEG Signals,65535,2,1,UD2022081200650D,32,e5a13d399752d31db0bb83d4138971c99fbb848d9aa27a1426ed888fbe5f3759
1788328399.902734995,EEG Signals,65535,2,1,UD2022081200650D,32,a10e7b2d7b3bd4a470718aedaaacb9520d1e32abb3f1884ab4bf15e8b54164ad
1788328399.906742334,EEG Signals,65535,2,1,UD2022081200650D,32,7b5a448c5adba35fff2864cff0404fdc9a1d3803c50061c25e238aa1e997158d
1788328399.910734653,EEG Signals,65535,2,1,UD2022081200650D,32,dedc0f66de81f3ad9d98447355754f38e2ce8be5c331d710ac21bd10485170a8
1788328399.914734125,EEG Signals,65535,2,1,UD2022081200650D,32,bfa0d62e0e99e5428c3bce1d61a12eef96315bf21fa74de568b7518ac68e8894
1788328399.918720961,EEG Signals,65535,2,1,UD2022081200650D,32,64195cdb5df951cc0b9077de1070f65b4d04b497f9675b12c158809787928c48
1788328399.923743725,EEG Signals,65535,2,1,UD2022081200650D,32,ed2bde2a8f0cd7def4819eafea29c84d306c37ffffd8ca0eecd7587c80666b9e
1788328399.926736355,EEG Signals,65535,2,1,UD2022081200650D,32,4eadfd1133834af9f4c4ef82d430e15379eea1a9b41fdae3363043de27259adc
1788328399.931765795,EEG Signals,65535,2,1,UD2022081200650D,32,21d57610b5a6ca0515b9cde7b56067fdbd2c362787488d84d99e66ad012418b3
1788328399.934738874,EEG Signals,65535,2,1,UD2022081200650D,32,cd9b57db9e4ab1b3fd51ac2d57cabc4f2d628d1840cfc7c8426a84b3a0b2bf55
1788328399.938739538,EEG Signals,65535,2,1,UD2022081200650D,32,3acbf49a0e0d358870e0427960076f08fca80179fa2e39e87a1ae86666d7e59e
1788328399.942725897,EEG Signals,65535,2,1,UD2022081200650D,32,dadf70ec6c0b3d6ff3ba532d19da229a569f0aada9fc77c0227e7c40168f9e1b
1788328399.945744276,EEG Signals,65535,2,1,UD2022081200650D,32,031aefe6e531279df2166fb9821f10f484fc9c7b25b3636174ff7aa517037216
1788328399.949744225,EEG Signals,65535,2,1,UD2022081200650D,32,1f8088fbb6c73a0300b9c856abf92bf07bab0dfdfa03d2ff05f7768efdc68ac0
1788328399.953727007,EEG Signals,65535,2,1,UD2022081200650D,32,e27ed286e442af6f163e8f09a02e7ffa506e249c6d2543051cbe0a3e29cf7030
1788328399.957734108,EEG Signals,65535,2,1,UD2022081200650D,32,1a6f281cc47e34b6093250687846a8f85b38ebc3fe4d4096c1138e4a11760ae1
1788328399.961741924,EEG Signals,65535,2,1,UD2022081200650D,32,ab9869bcd15831db79f73253a5b4b7c7b77c6fbbb1a5ed3caf55786698402ef4
1788328399.965746403,EEG Signals,65535,2,1,UD2022081200650D,32,a35c61df507df056bc3675d4f0ccfc0a71a1572f29d61a46e165f578038e0cf5
1788328399.970749378,EEG Signals,65535,2,1,UD2022081200650D,32,1725a67ab6017afc412a36380e808581726bd73c3ffefdd56a55b3144e78ca5a
1788328399.973730087,EEG Signals,65535,2,1,UD2022081200650D,32,8da1b890067c57fddf52f143d3a3f8b5f7cd19626df2ff81d2ced5cca878f234
1788328399.977736712,EEG Signals,65535,2,1,UD2022081200650D,32,b28d672b2eeff1810c06aeda90e1918ba0b8fbe6c4e982b8e7a6e4c6edf50756
1788328399.981734037,EEG Signals,65535,2,1,UD2022081200650D,32,316406c07efc1e76d21cfe180bc63af48803326684de8191b24cfbeee5cd0672
1788328399.984738588,EEG Signals,65535,2,1,UD2022081200650D,32,b130eda6128d13ba0d15eae08a4aee40e26baf27ed07e8b10a3705d9d04b3b2d
1788328399.988748789,EEG Signals,65535,2,1,UD2022081200650D,32,8103f1aa03a759f2ccd5d2479bfcd45375b80442d0edb31d69d81de821755a12
1788328399.992806673,EEG Signals,65535,2,1,UD2022081200650D,32,c16597271feaa5b60c7ba3d9dc051b7d44f253142c2142f26e123a3a11f25402
1788328399.997765064,EEG Signals,65535,2,1,UD2022081200650D,32,e1db22ee555250dfd1f14ff5df0b323620341d199e0d31e35afaef1a00bc9caa
1788328400.000762701,EEG Signals,65535,2,1,UD2022081200650D,32,d612ed178201240c8fbcd3873dfb1594f4b8e3074a380b20cb2b405a2dfee948
1788328400.004748821,EEG Signals,65535,2,1,UD2022081200650D,32,9c7a8bc5bcff499962bd62e051fa61ab26ef89477ad249d79771bcf2c2e35ede
1788328400.009746075,EEG Signals,65535,2,1,UD2022081200650D,32,9ddb70f8c4d25bdf653043107cdbf611471874f9b48119921b5bd701013889c9
1788328400.012744904,EEG Signals,65535,2,1,UD2022081200650D,32,69d01bd66c426b346ebbca2d32899d2f2d29ab17492907aa628dc9126f52d9af
1788328400.016731977,EEG Signals,65535,2,1,UD2022081200650D,32,850c78b2512ee82901cb61e6552cc8bb1f3460d624b2e9d6d30b2f29bc7e9984
1788328400.020749807,EEG Signals,65535,2,1,UD2022081200650D,32,85cf7aa4a80ebd6b6d9d56e4570493c707adb579856a6a02790a5e7998a620cc
1788328400.024731874,EEG Signals,65535,2,1,UD2022081200650D,32,a51929046ba2547517fe785f1302a966857b7f3f657a2eff513c04d501ae14ea
1788328400.027734280,EEG Signals,65535,2,1,UD2022081200650D,32,735582b476f0e73b6621aa8930aba2ceac7a1d6c534bff3ae443b73148867968
1788328400.031733751,EEG Signals,65535,2,1,UD2022081200650D,32,d898aeaa8fd7145a2be4503459cfef86a8ce0d04cb195277170908421b841729
1788328400.036736965,EEG Signals,65535,2,1,UD2022081200650D,32,b708152f9578cb5ead8149d7e97563abfb16c179dd3a6d80038e00ec02a22f42
1788328400.039743662,EEG Signals,65535,2,1,UD2022081200650D,32,818f8092f5d3f83cf2e27e8f0a76a2cebf6cb8a65903dfc4e55a05c13bf5d166
1788328400.043732882,EEG Signals,65535,2,1,UD2022081200650D,32,ed5fcf42ad018f57d92badd76d3db06ec1b7ff3f6b6de2ed9248e818e4cc9680
1788328400.049768209,EEG Signals,65535,2,1,UD2022081200650D,32,cd0e70dda2aeb08d39865f628efba76f3d8c2619ca1926ab77d865a3d894e06c
1788328400.051742554,EEG Signals,65535,2,1,UD2022081200650D,32,420b12ef96637f62557afec01974fa68512a2c43909194db81b8820abe963940
1788328400.055728197,EEG Signals,65535,2,1,UD2022081200650D,32,d207e87b5f716770def5013e83aacea3ed49e0d9387f14de5590e378ca68fb5e
1788328400.059736729,EEG Signals,65535,2,1,UD2022081200650D,32,56ab2c11bb9a2cfc35188283768a56f8a103ae280c0aed65e25d4d70bcbb242b
1788328400.063734770,EEG Signals,65535,2,1,UD2022081200650D,32,7af4160bd7bbd69106d9f35cbaefd0e7d7cdc482c5d3692377922813005bcd22
1788328400.066733599,EEG Signals,65535,2,1,UD2022081200650D,32,0ad4b1c7add63ffa49518f607c07e77b9668376c56e9de00552b8c99916339cf
1788328400.070752621,EEG Signals,65535,2,1,UD2022081200650D,32,a28f67e4a986b6afa1e90c8592d940f3341a09e73e9b2ab37a2b72f885f3072c
1788328400.075741529,EEG Signals,65535,2,1,UD2022081200650D,32,360c2bea23660ebc4452999a6208e348babc0f05ef904e2824091cdaf1c8f42a
1788328400.078737736,EEG Signals,65535,2,1,UD2022081200650D,32,3ca4b96bbbb299101ca6aa74e460c827475d684657c884612eff4112900c7259
1788328400.083737850,EEG Signals,65535,2,1,UD2022081200650D,32,e4f681a6effd946ee7a0bbaa938c1e2cfe6e2ccdda2f103489944b6a0ce1e340
1788328400.086734533,EEG Signals,65535,2,1,UD2022081200650D,32,cf577687e28fba2cb5e4fc3f93522a06b7fd20b9db87051ab372f761cc6db1d7
1788328400.090736389,EEG Signals,65535,2,1,UD2022081200650D,32,682917a6757b16e276aad75a6d6310c96487b97321c0a76ad06689b8863ecd7e
1788328400.094752789,EEG Signals,65535,2,1,UD2022081200650D,32,d581e4f1279794ddad1fbb75f84d5d1dcf557b610f39b54857a2ce519ef78f23
1788328400.098723650,EEG Signals,65535,2,1,UD2022081200650D,32,fa31d8a4072cbe51d4139688a214bb1cc8bab207a28356b858be39e154fca99d
1788328400.102732182,EEG Signals,65535,2,1,UD2022081200650D,32,63f9da4f5842e9b39872636691f53e08ab07ef53bce078fc317af615a4f895ae
1788328400.106723070,EEG Signals,65535,2,1,UD2022081200650D,32,95f161ce45bf2d0cb2554b58b1ae512bbfd0ac19731e7a2fb2c9cf140b244d35
1788328400.109733582,EEG Signals,65535,2,1,UD2022081200650D,32,f1fa350f85f7e799233275741fd5f1ac316a6ebbda15f42e6d6f069afb02e11e
1788328400.114739656,EEG Signals,65535,2,1,UD2022081200650D,32,1ae3ea3fc320e276efef7e2bc26e16a034807ea98650867743e0af7a8795e64f
1788328400.118769646,EEG Signals,65535,2,1,UD2022081200650D,32,dddae539b5e1ccabd209e53d30883dc12ffd2cf0cf8d48616e7a318bcfed0a4e
1788328400.121761084,EEG Signals,65535,2,1,UD2022081200650D,32,ed4b216850b1672930c32483a8b5bdf234ea5c247737d4b4decca4df94e748c6
1788328400.125749826,EEG Signals,65535,2,1,UD2022081200650D,32,54f152c851550743162362906bed6ffa49776bd853b0051a3c2f54a2ec3326c0
1788328400.129754782,EEG Signals,65535,2,1,UD2022081200650D,32,8c92921f43b95daf0a4f5758a01a6c390ebeac705fb146cfd7861f10c41d451d
1788328400.133751631,EEG Signals,65535,2,1,UD2022081200650D,32,1dab3e1d72b154a9aae55b617d269bce80b04f677a01f09ea878e3e4dcb6d76f
1788328400.138752222,EEG Signals,65535,2,1,UD2022081200650D,32,b3e6da5f79e0a9e98c84e3a79fdbd6037b5ffd18bd3af6714febb8e4932e39ab
1788328400.141730070,EEG Signals,65535,2,1,UD2022081200650D,32,dcc9533dccbeb7e7ba0cfa24d5b21d0f4ea6811158cafb119a0b143af7811764
1788328400.145749092,EEG Signals,65535,2,1,UD2022081200650D,32,a9cffddf81a201f3d853ba93e73c746d4a7846c96dec2db579f6977ec3de0440
1788328400.148741722,EEG Signals,65535,2,1,UD2022081200650D,32,89fe433be52989e9eba4ae72f7a7bace03aa128b18e9c4b6e5e77d51937a6fbc
1788328400.153746128,EEG Signals,65535,2,1,UD2022081200650D,32,aeec1d220521febf270c1a023662b3524485b2e6288916dcbe870aa58922921c
1788328400.156738997,EEG Signals,65535,2,1,UD2022081200650D,32,f74b9993090b32b7e693ae1e5aff39b88eb3c9411b0c4f002bc8e985fc7f34b2
1788328400.160736799,EEG Signals,65535,2,1,UD2022081200650D,32,013d26a96c6f1c19e384298b824b15593f40bd30c52ca784df7a5344e0dea16a
1788328400.164741278,EEG Signals,65535,2,1,UD2022081200650D,32,c8e6c417c504361fcbb13342cb8831c8ad72b57d30438d929d4c986ba93c72e1
1788328400.168750525,EEG Signals,65535,2,1,UD2022081200650D,32,1e521219312d03bb5787aae4148b07b0d1626340ad02864b6f260c81a1c007c7
1788328400.172737598,EEG Signals,65535,2,1,UD2022081200650D,32,07ed5679686f3f925a5bc5b2829c68b4d9bd55336e5e6edae46735c05d4dd384
1788328400.176735163,EEG Signals,65535,2,1,UD2022081200650D,32,673a8ab1a352ead973e003e13f4d347d3e1c97a9dcd6f517b19ad442f9ab4ea5
1788328400.180764437,EEG Signals,65535,2,1,UD2022081200650D,32,9f684990cf1f1278568f007300c2d02a6979b13ad774224b5a419049eaf659f5
1788328400.184742928,EEG Signals,65535,2,1,UD2022081200650D,32,fd4fd87399284320dc9c4e59e9d714dd3b9142bdf61d645eb2b5fa2c0e7f6567
1788328400.188736916,EEG Signals,65535,2,1,UD2022081200650D,32,0169e998eb943cdd3123eead7a9b622df080bf241759881b68915edfe239a70d
1788328400.193749905,EEG Signals,65535,2,1,UD2022081200650D,32,a4781866ab9f940c9dfeae6e11533228df4eeae1d62348879a7adcd34b5f1d27
1788328400.195758104,EEG Signals,65535,2,1,UD2022081200650D,32,522b55391ec0690eead739b4ffa390a0899f0aaf6fa7ac892ce74c5007b256da
1788328400.199745655,EEG Signals,65535,2,1,UD2022081200650D,32,19cf0f1ede1aee5f53503c358b7d0d7f9c76708ff2a69308b087fac568462d8e
1788328400.203739643,EEG Signals,65535,2,1,UD2022081200650D,32,fa83a0c027546f6d4f8e5356bb3ca13a86a436efbc4ae2027942af915b71089b
1788328400.207762480,EEG Signals,65535,2,1,UD2022081200650D,32,3471f504eeff229090a0512f713a423d8c9ea980cb312380ead57ccb7d06ba5c
1788328400.211758375,EEG Signals,65535,2,1,UD2022081200650D,32,2756bd9f6c00c5223cd4e13e95a5ccbc63293791a8025db36a5a994e93e0976f
1788328400.215741396,EEG Signals,65535,2,1,UD2022081200650D,32,8cf1208dec05edeac0d15663f8355ed42a6ff3107fbbb9f2b35cfaff2ba1d672
1788328400.219739437,EEG Signals,65535,2,1,UD2022081200650D,32,62aec5ad8ab6bb78eb9361ae2bbf3bd186d4de446b0275b5f649261a53da724f
1788328400.224729061,EEG Signals,65535,2,1,UD2022081200650D,32,c94647dbf3a34be199382c295334ae7fc77b09669d7ed873e39376ec36771988
1788328400.227744818,EEG Signals,65535,2,1,UD2022081200650D,32,684971f5608044a80f6358093b8eaa6d9413a9c01a063b80b63b1afff070d5cc
1788328400.232761145,EEG Signals,65535,2,1,UD2022081200650D,32,589fe85926836167c4436bb1c87d311e17b3ee39d3018e36881543a6b2796b11
1788328400.234736204,EEG Signals,65535,2,1,UD2022081200650D,32,07b9dfbb84a871686c62c5153658ceb170ec4f4cdc961f08083271d98c606dff
1788328400.238753796,EEG Signals,65535,2,1,UD2022081200650D,32,ed81d9069e5d3302114ddfe8fb0f5aee12a427df246590957cd1725494be3831
1788328400.242743969,EEG Signals,65535,2,1,UD2022081200650D,32,e6139ca2c31cfb9f7881dcf3ca463a22a12357adf2c1b58aedb0fa3b10358c31
1788328400.246775866,EEG Signals,65535,2,1,UD2022081200650D,32,cb8d0d28fddd908d6a8ae4a788bba8bc4f4b762bb41548af2c5961f3f73c5825
1788328400.250748634,EEG Signals,65535,2,1,UD2022081200650D,32,4c7f97e1a17cb8efc9d7d89f5806dcd7562f897e613a6beed708dcadb859c87b
1788328400.254746914,EEG Signals,65535,2,1,UD2022081200650D,32,25b2c4868197dc86763c600527a0c1369a47e25c1d8df08ae7fb8220f4f36c26
1788328400.258756876,EEG Signals,65535,2,1,UD2022081200650D,32,f159fff01dcb7b563bfeb55d98d710361debc36d927b6fbffebfe499b40f2791
1788328400.262753963,EEG Signals,65535,2,1,UD2022081200650D,32,a66db42d860b8dccf9ac01b783139e8cfbb0c248c0469ad67a6050ea589248a6
1788328400.266751528,EEG Signals,65535,2,1,UD2022081200650D,32,e7b26b9f07b5023f95f0b9dca12afe5002fedd563bbf512195f363accf1ceeee
1788328400.271749020,EEG Signals,65535,2,1,UD2022081200650D,32,b6d1e84d0496e5124cc345bf80cbdeeb11e25f93e48b89339b823d6da47e75b6
1788328400.273747206,EEG Signals,65535,2,1,UD2022081200650D,32,2249de27190e0b71d472dfd646c68936f56e8200f46facd620dcbc9cf6cc79bf
1788328400.277773619,EEG Signals,65535,2,1,UD2022081200650D,32,79518b918c2e02854a4512178ba66f9a9f198846c9f70a026f5cb9b337cf0ff2
1788328400.281742096,EEG Signals,65535,2,1,UD2022081200650D,32,773b90863c86278c181dd062475e0a22a7f7b363cdbb745e56c9de9cd7c49b84
1788328400.285750389,EEG Signals,65535,2,1,UD2022081200650D,32,36de57c9d96ddd7fc84a68a3f2ec41d20167c903d940251ad73261ab1ab4bc51
1788328400.289752245,EEG Signals,65535,2,1,UD2022081200650D,32,aaa22a07c3f7ebbafd88831497a5ecc19b42cc0d4f808fbf914a299a8411752a
1788328400.293775082,EEG Signals,65535,2,1,UD2022081200650D,32,5487ebcfb654f709df28c105d98271eab7fa55fae10ef176e25a2b02b2568926
1788328400.297754526,EEG Signals,65535,2,1,UD2022081200650D,32,249acc5937042d64a4a79211f1de49f5bc3abb59c7f56a6d3bd3163efa970a95
1788328400.301750422,EEG Signals,65535,2,1,UD2022081200650D,32,de73ac4840950347b599d51f1a82d4cc0259a1538bd02f302f3b973c739bf9dd
1788328400.305736303,EEG Signals,65535,2,1,UD2022081200650D,32,fa1e5babdefb798ba2dabce6e96562f5e6d65e7e4ba771c9aa9564202ae36f07
1788328400.310767651,EEG Signals,65535,2,1,UD2022081200650D,32,539de63493946e0277011bcc06534d5ae5942be2308fec15b0fc15429e2b1bd1
1788328400.312741280,EEG Signals,65535,2,1,UD2022081200650D,32,bed36195d66c9ceb2331fd91cbb283178910801e211c978928c0dea6b77e2deb
1788328400.316738129,EEG Signals,65535,2,1,UD2022081200650D,32,98045b6dc7a41759705405f56d020c35a9dea5d1c3646ea23be0cdc27c73c4aa
1788328400.320743322,EEG Signals,65535,2,1,UD2022081200650D,32,6c32064f401c13a51475dc8ed6b734ffa1403baec96e6365c1fffe4a084dc416
1788328400.324739218,EEG Signals,65535,2,1,UD2022081200650D,32,d9595a9a179383223f0d7b848b070626cda9e28006904ec28bc9f85985a03399
1788328400.328772068,EEG Signals,65535,2,1,UD2022081200650D,32,163474a806798e55c07a0d660ffc3b2c3408215ea8f69c8410c19e486e080d55
1788328400.332761526,EEG Signals,65535,2,1,UD2022081200650D,32,86fc9b20672da42d758fc13a6cbdf90cd122a35c1a898f664ef1f097cc5f2b4a
1788328400.336729527,EEG Signals,65535,2,1,UD2022081200650D,32,8c5a04073368aa6ffdd4bb01f9431a20b8af00d1cc95c7e518022af6c78aa190
1788328400.340740442,EEG Signals,65535,2,1,UD2022081200650D,32,3239d9e924bcb0cb5856fcd4eba54e209724d54c7a7afa035d45bd5014ba8891
1788328400.345741749,EEG Signals,65535,2,1,UD2022081200650D,32,4183906cd69cc869b63d747689443a88ccb87fcea3d4e3fe36aa5c3e73ad79e1
1788328400.349747896,EEG Signals,65535,2,1,UD2022081200650D,32,48cfbd358d7dcffc013f07057a44bad4d31e3305f1c6c49176a3c8ba94130429
1788328400.351735353,EEG Signals,65535,2,1,UD2022081200650D,32,32f7ac6841bea124fa644af698ca425701f69b2990fde8d12358843b41c8a64a
1788328400.355735064,EEG Signals,65535,2,1,UD2022081200650D,32,8e29fc5aed7d7f380539bc9c9b8e37401b01f44387de5c335e663bdf943f6955
1788328400.359779835,EEG Signals,65535,2,1,UD2022081200650D,32,e04deed7d58d14f811237419956fb2bfaa00d291693b8d19187d2a42ad4aa478
1788328400.363749027,EEG Signals,65535,2,1,UD2022081200650D,32,cd00330c2b07d79f5ace2514cf70b58eb61c17783ae15f685bd420a5950a4e86
1788328400.368764162,EEG Signals,65535,2,1,UD2022081200650D,32,262cbd146d08f420a7efdf7e44007d3ee47730b6d9562b533204aaa5d9dde729
1788328400.371738911,EEG Signals,65535,2,1,UD2022081200650D,32,41a8cd72856be2509c16fd27a83fb8f8a256f1cc1ce6104956fbc4361208c8e7
1788328400.376758337,EEG Signals,65535,2,1,UD2022081200650D,32,360a0b6011e20b42553e8e82aed3eb13b8f003c524016d42f6cc81916c7ea89e
1788328400.379751921,EEG Signals,65535,2,1,UD2022081200650D,32,9adf27539c6125c7b155d7b57e08e5fe2671081570259394ab2b07289c906853
1788328400.383761406,EEG Signals,65535,2,1,UD2022081200650D,32,398b3f512b7c8337d29fa880de329230cc3bdbab41154ea916658d526b8888bd
1788328400.387754917,EEG Signals,65535,2,1,UD2022081200650D,32,290d7697f06127be257a5057788fa3b096f7f4ca3b7fd12ff4bc19dff096b788
1788328400.390743256,EEG Signals,65535,2,1,UD2022081200650D,32,e86cc4983e7c1143be5a0eb108b5f7e0ea334cae1aa16242e2728ebbcd9bd58c
1788328400.394772768,EEG Signals,65535,2,1,UD2022081200650D,32,71b0bd7d8575f9992448bb800b3312b41f1acbb5d23479c64ba0fa7d9320e92a
1788328400.398756027,EEG Signals,65535,2,1,UD2022081200650D,32,4a664a84ad732834be4f306864e9de7aab23927f09df2181697207f09ee7cce8
1788328400.402736425,EEG Signals,65535,2,1,UD2022081200650D,32,4fcd2f392c49ff9d45102f1730c569fc362803059be6843ebf229010ca817872
1788328400.406735897,EEG Signals,65535,2,1,UD2022081200650D,32,9a0bb839a75c14286b40d0f6d5a7d5cd1ac907c130da0cd6158e08e124cc0983
1788328400.410724401,EEG Signals,65535,2,1,UD2022081200650D,32,941dd393f0636092e204228d47ee5e5be04ce101223aa86749cb222aa591f03a
1788328400.415744066,EEG Signals,65535,2,1,UD2022081200650D,32,40fe891e9c8b020bec8e4802d3875df6cf776bd4ce48cd0ba8573ca0451003d2
1788328400.418730974,EEG Signals,65535,2,1,UD2022081200650D,32,9243360fe1b6a81f293b83c7bb674552bcbade32c94b104ca3ac997473df4cdb
1788328400.422747374,EEG Signals,65535,2,1,UD2022081200650D,32,f1de8def70379f727c8739e9bda5fc6160f28209d33edc87124885fb9371eb9c
1788328400.426742792,EEG Signals,65535,2,1,UD2022081200650D,32,71697809475afa6d2ead21398866e3afc1a2e234a2b093b24f8b0aeed197fb8b
1788328400.430758238,EEG Signals,65535,2,1,UD2022081200650D,32,ff853e7d78d514dd934e0e64bd2520cb1ce27f3f807be89091de64578d14959c
1788328400.434730768,EEG Signals,65535,2,1,UD2022081200650D,32,fcdc2f0aab2282ac7bce75ab6efe1182a35141b0799f41518d9502c51d182742
1788328400.437731504,EEG Signals,65535,2,1,UD2022081200650D,32,fd29a109193249faca78c9167ce0e9b6753448965aab47199e7f19de5f04b651
1788328400.441746473,EEG Signals,65535,2,1,UD2022081200650D,32,adc815bee81ae4481573d5044a0e675b59d58d80423bd766ec8a6f1ff14d7912
1788328400.445760727,EEG Signals,65535,2,1,UD2022081200650D,32,4e488d4089a6f8bc97d41c6e11a8af8fa95090b4cfc734fbb9c73786ff4e95e1
1788328400.449746609,EEG Signals,65535,2,1,UD2022081200650D,32,90a13429e1f798f41b4ab5b3d92c0f9ae9e4bc3cf05dab60cb3c199e8d2305ba
1788328400.454751015,EEG Signals,65535,2,1,UD2022081200650D,32,7588f94a9f9a024444759545fbd2d6b2928ef150ef34876877ea346750072ec7
1788328400.457741737,EEG Signals,65535,2,1,UD2022081200650D,32,ac82f7555955a9b24e5e3a86e839e189eac1a8835914b2280ce94fc86c21d884
1788328400.461747885,EEG Signals,65535,2,1,UD2022081200650D,32,e76bf1077cce3b4bce0807c358a84bbb6c8c8934207cb2a114d3cfdb2125f431
1788328400.465771198,EEG Signals,65535,2,1,UD2022081200650D,32,0f0a17da5a33772337463e2a0fdeac5c26b308f51cd06e42ff24606ead03ef64
1788328400.469768286,EEG Signals,65535,2,1,UD2022081200650D,32,3789e195873a3baaab96948f702f906bf754f95142648a653e1015218796d094
1788328400.472757101,EEG Signals,65535,2,1,UD2022081200650D,32,dd42bbcaaacc34ba926cc2ec86adbe84ce7fa6686eb55d26e98f7af933137337
1788328400.476736784,EEG Signals,65535,2,1,UD2022081200650D,32,469679969ee689fae6ab53096a2e16b70b62edcdf57e185c41cdd997cd5a5ebb
1788328400.480747938,EEG Signals,65535,2,1,UD2022081200650D,32,cdccd56d66b89bf947e6d865c901eb5ed020188f2f999e93206026619a2ee8b2
1788328400.484761715,EEG Signals,65535,2,1,UD2022081200650D,32,24c01395d5163c4e3445e133be16ca9b0a0f03f564a73dcde7c6325c9a390722
1788328400.488760948,EEG Signals,65535,2,1,UD2022081200650D,32,3cc9da909b910ebb83c9128502f8efe6c8e7cea96b1dc1e46a8043e4ea2e3950
1788328400.493757010,EEG Signals,65535,2,1,UD2022081200650D,32,441ee71408ec2783b2120ccca29c56fa3f992a66ecd3739e2ded6cac44eb03b0
1788328400.496747732,EEG Signals,65535,2,1,UD2022081200650D,32,7b2f0e2f8d95110385965fe11b49d526ff123ec1b112ceaac618f09799bed95e
1788328400.500740051,EEG Signals,65535,2,1,UD2022081200650D,32,e15bf26fe75c6d54235059aacb72cda3dab6c8ba1201c2fcaa469d5d32c5fc7f
1788328400.504742861,EEG Signals,65535,2,1,UD2022081200650D,32,6378aed4cb0f0388e2f233b5e9699259c44bee5d71e9fd5a220f2a7b2db05814
1788328400.508747101,EEG Signals,65535,2,1,UD2022081200650D,32,44a506191fb9201b34ae4189feb1e7eac1862c9b6f930a9fb57343e417273c2b
1788328400.512753248,EEG Signals,65535,2,1,UD2022081200650D,32,bc2cd781753b5b2f663c47b340502024aa0a200f2b848cfd0acc90a8fd005168
1788328400.516759634,EEG Signals,65535,2,1,UD2022081200650D,32,320fd0b52b68410b8588685558427dfbd213cf16ef3a565165f5d65daf21fd9e
1788328400.520755291,EEG Signals,65535,2,1,UD2022081200650D,32,bfd92e32e89cd17c7cbe4f607767314a9c9967e680eb98ba31e5d83af27a15f4
1788328400.524748325,EEG Signals,65535,2,1,UD2022081200650D,32,6526a9e1ac31375b88199071fb32d7e02021aab5c0330befe4edad1813ac53b0
1788328400.527759075,EEG Signals,65535,2,1,UD2022081200650D,32,a75fef86390e6961bdeba6bb760e971447fe63a29a36f876663d261b9f8ce46b
1788328400.533778667,EEG Signals,65535,2,1,UD2022081200650D,32,ecb0778b93a097d6321ec5f404a1d372d22d7b6e28a8c73b39d8c193de108f25
1788328400.535744905,EEG Signals,65535,2,1,UD2022081200650D,32,ebbf085ece9d3a385884a772f8858e083b972a647209deaa6ed8920e1c9ac1fa
1788328400.539748192,EEG Signals,65535,2,1,UD2022081200650D,32,9f93207a8cd078b0fed7009109f8f88a43d2b66f61d551d14b4a75d1889d1565
1788328400.543740988,EEG Signals,65535,2,1,UD2022081200650D,32,130e4aa684cf364bdeb5f2a911d4655c294f351f4d999511be8c50c135832c45
1788328400.547769547,EEG Signals,65535,2,1,UD2022081200650D,32,3872215b316bf0d17e2aae49b0c61aaa44a8f2d9f1a3af29005e40a37a7a3f8f
1788328400.551752090,EEG Signals,65535,2,1,UD2022081200650D,32,7860d36bed5ecd68b01bef81bcfbe4d3a905d53f2c33294b3aefcd5bca6ee82d
1788328400.554758072,EEG Signals,65535,2,1,UD2022081200650D,32,8fe71ea7f3e7f1ca57d756dd8507e1ecbb42f4877eae1cb21c59091d75f61245
1788328400.559758663,EEG Signals,65535,2,1,UD2022081200650D,32,d4aea9611edebfab384cfb0ed0686f8435c3e200a04ee2f13a1b56b16aec2281
1788328400.562763453,EEG Signals,65535,2,1,UD2022081200650D,32,52e6490b6e8371473140b9458322f406da79cfc22c51fac352519a16ecdfac5d
1788328400.566750288,EEG Signals,65535,2,1,UD2022081200650D,32,03c62810e76c722b8df5c18173f11f773fb18036431e9b892280cd99c564babd
1788328400.572774887,EEG Signals,65535,2,1,UD2022081200650D,32,dd411a90edfd1e5f56069ea01db42621e4b5acfc77cf3682ccd56dc29b5b6a9d
1788328400.574751377,EEG Signals,65535,2,1,UD2022081200650D,32,13f3bab047edc35f4b139ff09e04df532660bd674ce1d65d6056a203a7c96655
1788328400.578758955,EEG Signals,65535,2,1,UD2022081200650D,32,5edfef3f56da8d4bbf83d1d86bdcf75ac29a4d1ea4f684be1bba14bfef92ac7a
1788328400.582750559,EEG Signals,65535,2,1,UD2022081200650D,32,434fe13bf0d03a172bd361e762f9568ef890d212432668d598ae65981bf36f46
1788328400.586744070,EEG Signals,65535,2,1,UD2022081200650D,32,b325bf6bd129d6887bf5438fc08c27ad9c40b0d33ab8bc4b3740dfb44a005bd4
1788328400.590744972,EEG Signals,65535,2,1,UD2022081200650D,32,75fdbd79ea5f2e70e164f1f233e24b71f76cbbac330d339d049a32b32410714e
1788328400.594746590,EEG Signals,65535,2,1,UD2022081200650D,32,d702b46124c1bef936dadf76a8d36d0cf300746b3ad893d5db166982d062b12d
1788328400.598759413,EEG Signals,65535,2,1,UD2022081200650D,32,aee43b8a0cacc5fbace1cec85203920217fc0e80c079f296972c646ab5713f9b
1788328400.601750851,EEG Signals,65535,2,1,UD2022081200650D,32,d2cd512effe367a8a8bdcd5b23a0855e03bd83b94cd7d4c6931753d5b84ddd1e
1788328400.606759310,EEG Signals,65535,2,1,UD2022081200650D,32,35b555be2e3e7c9b0dac8007bcd193c9cbaef624bcade43a2aa0a4ebf3b667df
1788328400.611753225,EEG Signals,65535,2,1,UD2022081200650D,32,24181e5d28460910dcb5256065067c13cc34a2f5b07d4a94062e938d2118dd22
1788328400.613738775,EEG Signals,65535,2,1,UD2022081200650D,32,fe803070c90f1a4fa0f8aab7ae2043cee70ab16548f78898cfc9ec4afb5e90c8
1788328400.617750168,EEG Signals,65535,2,1,UD2022081200650D,32,30f79bc21ae414f9633cb7895bbf00bd595856776efb54d229e5a985ae7da7f0
1788328400.621748686,EEG Signals,65535,2,1,UD2022081200650D,32,ddbb97b44795de2b007d6dd64fc21e60af7f155953d0c78b8377d45eb5df4dcf
1788328400.625742197,EEG Signals,65535,2,1,UD2022081200650D,32,5ff7fd216e85beba5d6790ac3eecc8e6e539aebfeb671742404daa6644d731d1
1788328400.629758835,EEG Signals,65535,2,1,UD2022081200650D,32,df58177648c1807bd340719c22abdc3ae35df4d9d5fd58725ae02901d5f18c2e
1788328400.633748531,EEG Signals,65535,2,1,UD2022081200650D,32,24c4e77688a080296450399fb3ab221e74dfb3ea51ff52aa333abb4b39561867
1788328400.637742996,EEG Signals,65535,2,1,UD2022081200650D,32,645392586137528bfbeca370c6ec23486a832b67652eeb51b53c6f5aa2229d79
1788328400.641750574,EEG Signals,65535,2,1,UD2022081200650D,32,26dbc2ef6ac86224a466ae7ca68702d0975edec7b8a153c3b1f48d88ac9a020b
1788328400.644761801,EEG Signals,65535,2,1,UD2022081200650D,32,158d118cb18268c23feb003fb87bcac6283faff355845c3a177d47dd1d3d985d
1788328400.648762226,EEG Signals,65535,2,1,UD2022081200650D,32,5bc61ce677597d5865371f7f7d3dcc3ba25d0ad6ab8b144d2eaf53b6d0d4e3d9
1788328400.652755737,EEG Signals,65535,2,1,UD2022081200650D,32,8ea6d885ec3e65f00a3315dcf92ed98eba10b764d5387105babfa29aac0882b7
1788328400.656754971,EEG Signals,65535,2,1,UD2022081200650D,32,b45a6d08edc1c7511ff1f22332ae5e517425eddf03b9b8e70f2e087913de9ac3
1788328400.660770893,EEG Signals,65535,2,1,UD2022081200650D,32,95bcb40d1a0930723a72df907d99aa5affc6ddd6b9591a508b6191b14864ece1
1788328400.664770365,EEG Signals,65535,2,1,UD2022081200650D,32,e2152d8b267073eba7279be62d3f7a0ca9fd5d869b4259a993a2bca7ffc2bcc2
1788328400.669764280,EEG Signals,65535,2,1,UD2022081200650D,32,f2a1353a98b13ea1ba154c34c8b40a2cee5eb2dd9a4cfd489dd29ba0fd05b0b6
1788328400.672753572,EEG Signals,65535,2,1,UD2022081200650D,32,39021bd84976292b2398d937c613eeb828a6c7c5421a803b083dbb5a4150bfc9
1788328400.677750826,EEG Signals,65535,2,1,UD2022081200650D,32,aaed15d55b33be96424496fa7c0516929a2df175ad341e8320db6a60c6d48df2
1788328400.679740906,EEG Signals,65535,2,1,UD2022081200650D,32,18eb4fd0b3debf7a0a24abfd4774854c07dfb15b951c1ede09c95bc9563aaa4f
1788328400.683759689,EEG Signals,65535,2,1,UD2022081200650D,32,4ba8fe73e5587f75607a90f49e21a57ab492c3c0c2508ea5dd1783d8093de96a
1788328400.687741041,EEG Signals,65535,2,1,UD2022081200650D,32,69c5b0b9c776e17c3e957d2e6143006e13c0c8d1ef03ea9be8348427dad4a50a
1788328400.691743135,EEG Signals,65535,2,1,UD2022081200650D,32,2335baa54a4d6debe11069aae9e88322dc172609589381cd8fa2d71b0beb6701
1788328400.695787668,EEG Signals,65535,2,1,UD2022081200650D,32,fd74f55d0d770d8f1ffb586cad908074148b6fea5728dfa747be3091d49fc018
1788328400.699744701,EEG Signals,65535,2,1,UD2022081200650D,32,6d1734c76c43ef2d0c9e08b82f5d9d4eebe36eda1c89d715163277f97d5d7c25
1788328400.703739405,EEG Signals,65535,2,1,UD2022081200650D,32,643523537028b010e113f259ccd088ccd6023da18a6372206c2ae00530f4a86b
1788328400.707756996,EEG Signals,65535,2,1,UD2022081200650D,32,7324e7fd5f0fc9c528f78babca5ead327dbfd4066b7633cf16076dc3b9672f05
1788328400.711920977,EEG Signals,65535,2,1,UD2022081200650D,32,cc8dd3e386c6c240e6328384b20851bfa2fcdef23f1613ac13c112622a5fe345
1788328400.716748476,EEG Signals,65535,2,1,UD2022081200650D,32,7802ff6a2c02bdceea2daa8173ecd6ce3c38c328e53770b1037d664ee682d91e
1788328400.719765186,EEG Signals,65535,2,1,UD2022081200650D,32,cb9298430c4804eec586c846fe24c47cbe587887e65eb25384091004028e5449
1788328400.722741842,EEG Signals,65535,2,1,UD2022081200650D,32,1cb4f06e447b16b1fc9b429f1841bcb7f67d2edb5efa7a0fff50d250c93f1e23
1788328400.726869106,EEG Signals,65535,2,1,UD2022081200650D,32,0087a2678ded06cc8f753534e10b01661f57ec187f334832244f95a62d687763
1788328400.730752945,EEG Signals,65535,2,1,UD2022081200650D,32,1fc8f56d3e272c30f762538c08fd069b56fd7b3caea88c2edb2faa20c60f6a56
1788328400.734743118,EEG Signals,65535,2,1,UD2022081200650D,32,b42652e0874d3d5ef301d046c0895cd0c31a78429d6b0cc5c9d7d1f73f556d71
1788328400.738737822,EEG Signals,65535,2,1,UD2022081200650D,32,76610c112145511e38a3498d5e274fbfe3b5204fe21490076e4c93b28f7f879e
1788328400.742747545,EEG Signals,65535,2,1,UD2022081200650D,32,f0b36df7d4bc1ca289c96211d510a711426d11023372901172cef22fc0a5605d
1788328400.746736288,EEG Signals,65535,2,1,UD2022081200650D,32,d4e0fa775649698fdcdd95b74abd830c79dc975e466950ea09f0c88e038f8a0f
1788328400.750737429,EEG Signals,65535,2,1,UD2022081200650D,32,7984e24a31324ae39c2e4771d5d0e30adeaa2e04b797543a09aef3072126819a
1788328400.755750895,EEG Signals,65535,2,1,UD2022081200650D,32,26ee60dd0fcf4d481a75e9dfa0e799ddfb36943ac9abc002fc7726fa6e11c61f
1788328400.757757425,EEG Signals,65535,2,1,UD2022081200650D,32,3eee07cd1e1d1cddbd2cce461818191980414e1fd27bd53a8510923b00cb49aa
1788328400.761756659,EEG Signals,65535,2,1,UD2022081200650D,32,a59ad940932e20f08ea63a02f13e1cc277776e4f219ade18e8c40d5e3af36460
1788328400.765758991,EEG Signals,65535,2,1,UD2022081200650D,32,733b347c95d2f182f613ba08cea44a0227c9502db0d112386a481b0f5847b90a
1788328400.769746542,EEG Signals,65535,2,1,UD2022081200650D,32,de96cb3c030b3ef96b3bb79c77671658af4a57392ac6309127c12888834f4515
1788328400.773748398,EEG Signals,65535,2,1,UD2022081200650D,32,0a0c7ba2da30040d59ab3a4155f778582f8fa505f62dd06908c3b1fc8dd71e78
1788328400.777819872,EEG Signals,65535,2,1,UD2022081200650D,32,ced7dd3df8ef0a4afae86e91599d2f1e59ec821718801861b0315dad2514b88a
1788328400.781766415,EEG Signals,65535,2,1,UD2022081200650D,32,cc0378bf907eadef2953c0f4f712338ef1952b91de411b51838781e9876ccfed
1788328400.785748959,EEG Signals,65535,2,1,UD2022081200650D,32,fdbd0b7ffb46caa23b3f983430a3110581e8982e255efa307a59418d107601cc
1788328400.789756775,EEG Signals,65535,2,1,UD2022081200650D,32,86b25415a85cee0b640a762c25c5291c80e35ed626bce9462e4d8fc78e9ada55
1788328400.794766665,EEG Signals,65535,2,1,UD2022081200650D,32,f376fd92f982253f399ac4b891b8dea920bbb6e8045c236b114bb22ea9622a90
1788328400.796755791,EEG Signals,65535,2,1,UD2022081200650D,32,834ebe1cb836e5e723f566bf1d81bd73d98e69a54d978d9740b52089ba2aa415
1788328400.800747871,EEG Signals,65535,2,1,UD2022081200650D,32,ce3284417aa4f7ae7af976e043bffa12ec371b9ed3bfc6995d2f8459b2cc09ff
1788328400.804751158,EEG Signals,65535,2,1,UD2022081200650D,32,eb10c8e6cda7bb24b7a9556ca568c219b7ae2f01bddeaa96a9717b5be1de3492
1788328400.808763504,EEG Signals,65535,2,1,UD2022081200650D,32,c1a417959a84f0586aed60b786ebd41ea3bd6e974d81c92f7b2112d160f13940
1788328400.813778400,EEG Signals,65535,2,1,UD2022081200650D,32,2eed382546372841100a290114cc6b42de6fb0ac5364b0cafafef4330881a0ad
1788328400.816763639,EEG Signals,65535,2,1,UD2022081200650D,32,560d6b9b987b7b4ab207023ee693d076fd3a8a25f37182b968cbb50cd1f9053d
1788328400.821757793,EEG Signals,65535,2,1,UD2022081200650D,32,411fc56086b51b7e58e370714608dd8bbfc1a8a5e35df9e026ecff1cdf99d5e0
1788328400.824762344,EEG Signals,65535,2,1,UD2022081200650D,32,7a6c996ff8e3e228e5699d6abaa0ffed2972b3d8f7f581b904283d435d049976
1788328400.828748703,EEG Signals,65535,2,1,UD2022081200650D,32,07ab7511f96d6d218165b0aff4afba013bd96e435c8d9d9707c897752e4cf43e
1788328400.833752394,EEG Signals,65535,2,1,UD2022081200650D,32,3c7867d6d5df3aa487bd072718570f66d038ed7af160b8be3dc6b61d20972565
1788328400.836746454,EEG Signals,65535,2,1,UD2022081200650D,32,ff1825e484c5420414dfc2388dbe4969acd18796c732dc4adf51b155be4810f5
1788328400.839756250,EEG Signals,65535,2,1,UD2022081200650D,32,76bb8caa4161f927f0439a5b3276974a1efe87ff196273516b6c827cf5db6f11
1788328400.843758583,EEG Signals,65535,2,1,UD2022081200650D,32,c7aab9b0bef12e19b4afeb40518a21186eed2cef2f58ca8f78ed012f1a32ee64
1788328400.847773790,EEG Signals,65535,2,1,UD2022081200650D,32,eef22f02f69921fe88257383a02548e7125a97e3df1ab6694d2a9549b82009b1
1788328400.851759672,EEG Signals,65535,2,1,UD2022081200650D,32,2cb04a329314a18d5dd969e22a23faf1899b29978d22c02ed35eacd6457bd0b2
1788328400.855762720,EEG Signals,65535,2,1,UD2022081200650D,32,f26e8b637818a9563a9daef5ceaced7cfc0802bb31042e357af2e27ec73a31c6
1788328400.859747171,EEG Signals,65535,2,1,UD2022081200650D,32,b3560ffbe44026152132cfce4f7bf092e2abb89d83f4cee730c6828421d674b3
1788328400.863777876,EEG Signals,65535,2,1,UD2022081200650D,32,8c9048d098a4d856eff729fecf3aece4ce0b636d13bb332f0d7394d90839e711
1788328400.868764639,EEG Signals,65535,2,1,UD2022081200650D,32,26c646f5ec09ffbb88e62dc371646a42963520e1f3bf58a7511729c859f5e1fc
1788328400.873772621,EEG Signals,65535,2,1,UD2022081200650D,32,7aa29a9f792f62010a638ec5f34129aef672316ea77f30670caa06afcebcb345
1788328400.875761271,EEG Signals,65535,2,1,UD2022081200650D,32,4cb86ef9087b8320feec1bfb4dc9bcb1f9334fbe023130115a8c5043397c92a6
1788328400.879767179,EEG Signals,65535,2,1,UD2022081200650D,32,8a9058c8e8a45ac595f114229508b6b79f84e164be99bbd7584faabb75788dc5
1788328400.882750750,EEG Signals,65535,2,1,UD2022081200650D,32,b132c60bfc00a5895e09f0e61a4b18cc208ced97af5e5f534d06c0adfe4459dc
1788328400.886753321,EEG Signals,65535,2,1,UD2022081200650D,32,4f58abab2c04a9ff13f40cb8859a2cf300d986bea878ed94c1e69eeef17495bf
1788328400.890745640,EEG Signals,65535,2,1,UD2022081200650D,32,3a914c0e699ed1820bdc1c469ccf572744a6aae50417b288dd0aa0fe0e51cbd4
1788328400.894756794,EEG Signals,65535,2,1,UD2022081200650D,32,d3df06564c15750d6cffb671e5b052ef23d50003707b191b2362fcf5b8451d64
1788328400.899771214,EEG Signals,65535,2,1,UD2022081200650D,32,9cf5c6ceab4c4c91276a0a46aac166074d031a93a5417e38bf8bc04a9d770f50
1788328400.903754473,EEG Signals,65535,2,1,UD2022081200650D,32,42d99bc8cc1750fa0df68fa47511c0f40cf3492d52c24698285e2c2553cada73
1788328400.906757355,EEG Signals,65535,2,1,UD2022081200650D,32,bb9830f82d070b4aff51acec87eb69bae0381d6fedd414139a0065fc9ab88545
1788328400.910765171,EEG Signals,65535,2,1,UD2022081200650D,32,77f6b8d8f8117df924c610f3d10a27cdbf1d55b8ec7765a11971e4b82cb31996
1788328400.914797068,EEG Signals,65535,2,1,UD2022081200650D,32,8ee1045be5033f61b250c0ff7c95591b5e5e2a51874b64aceee6353a95165564
1788328400.918787479,EEG Signals,65535,2,1,UD2022081200650D,32,d5d93d40d317ddf1adbb45796d147551f4430eb2aa5d751a93d60e875695d09d
1788328400.921772242,EEG Signals,65535,2,1,UD2022081200650D,32,cc2a645f26d1fde9ccf2ddf689f2a5a4084e45c37de33c39f6adf4c2e3bbd244
1788328400.925760508,EEG Signals,65535,2,1,UD2022081200650D,32,cdf6fb4610c24cd79e46e1b64f6af20db5dcc634f623a23822bd222d53b93ae7
1788328400.929774046,EEG Signals,65535,2,1,UD2022081200650D,32,b99b7919bd0c01fbba8af8ec1694ab96418b83fc288f9dccf15cca7ff7c0f585
1788328400.933773279,EEG Signals,65535,2,1,UD2022081200650D,32,d3c5873319e1f9d98d986ffba550b2daea8befe8cd1fa8117134800c6756728f
1788328400.939784288,EEG Signals,65535,2,1,UD2022081200650D,32,12c6a2f373dfab0bd4785a53276bb38ab53b5851fba22c626a924394f3951479
1788328400.941758394,EEG Signals,65535,2,1,UD2022081200650D,32,ba1383c8d8f84963d198310dddfc8a95c113ee9c7906cbc30dd12d55a57654dd
1788328400.945786953,EEG Signals,65535,2,1,UD2022081200650D,32,ae63584aac40726fb12f381a16831864c0e912f0e0a1e9711180f9bf50a4318b
1788328400.949771404,EEG Signals,65535,2,1,UD2022081200650D,32,fecae55aa7ae6d69f5e41a0ab657d2df3dcf807fc44ec927b5c0e915d375f9d0
1788328400.953765869,EEG Signals,65535,2,1,UD2022081200650D,32,57ce4ec5bdf377d68c7a80013b73f184766023c290cc1b1cd841e29d46c9b7f1
1788328400.957764149,EEG Signals,65535,2,1,UD2022081200650D,32,847ecf34a6766b2766a39784a5e1320f8757940c3711413c067ddfd0f90b048f
1788328400.960766554,EEG Signals,65535,2,1,UD2022081200650D,32,9865252fc62b3989c1187783d07531b8c6ba40ceab9fc7dbd2f1680d9f4b8cdd
1788328400.965759754,EEG Signals,65535,2,1,UD2022081200650D,32,10433efd02c37f78f594434f019aea1a3ae385ff96597b45fab62f5311d88b80
1788328400.968756914,EEG Signals,65535,2,1,UD2022081200650D,32,d503d9e11924e1454ab3618ef6e3f81c333875044a67262df26d4a028f4c86c6
1788328400.972760439,EEG Signals,65535,2,1,UD2022081200650D,32,4e3389130616651cca4664f1cc31784bd3ff6fa138560c32760ff058d91266ca
1788328400.977805853,EEG Signals,65535,2,1,UD2022081200650D,32,624c36010261c4615094951bf170956878030df216c871ecd56082024aedfbda
1788328400.980761766,EEG Signals,65535,2,1,UD2022081200650D,32,38de1954e4d2257a0724fdbb4ff1c34913c0766517e90edeca2a1a2b78c4db80
1788328400.984763384,EEG Signals,65535,2,1,UD2022081200650D,32,e988a055099ee83f84e8c035e834746dac86ba6f282cac7b848740dd87478a4d
1788328400.988765478,EEG Signals,65535,2,1,UD2022081200650D,32,d877fe946255123897b0c7780c5bfc9a474511287a83f420ae57127b0368e89b
1788328400.992752790,EEG Signals,65535,2,1,UD2022081200650D,32,9d0a967833f8cd880b96bda0eefcf3bca4a9e17898f17c2dc624d093296ba8f3
1788328400.996771574,EEG Signals,65535,2,1,UD2022081200650D,32,935d169901a3cd5b068c0ef77127775782f9c065d543b191378dd6ec45ded4a3
1788328401.000769854,EEG Signals,65535,2,1,UD2022081200650D,32,5f61cbd2db988fadcf47f10e11ea667136110e12e299e99b5172313e119d811d
1788328401.003756762,EEG Signals,65535,2,1,UD2022081200650D,32,64b3787baa5cde8d1b36a1f90ef602216ef053f61938d012e2e99174e6524b65
1788328401.007771492,EEG Signals,65535,2,1,UD2022081200650D,32,055e3ecd4d08d223a9786e78368e1c7b5655d1f1eda0c0661f43df3ff51aa9df
1788328401.011762381,EEG Signals,65535,2,1,UD2022081200650D,32,23b2881fbac3e1f54d9bcffb52bbf0cd8007a2b14462c9cd02bf8d2be44dc1e1
